# Blender 5.0.1
# www.blender.org
mtllib bench.mtl
o polySurface38
v -0.027943 -0.000432 -0.093914
v -0.028017 -0.000493 -0.094376
v -0.027762 -0.000286 -0.093723
v -0.027943 -0.000432 -0.099072
v -0.027762 -0.000286 -0.099264
v -0.028017 -0.000493 -0.098610
v -0.027072 0.000272 -0.093914
v -0.027252 0.000126 -0.093723
v -0.026997 0.000333 -0.094376
v -0.027072 0.000272 -0.099072
v -0.026997 0.000333 -0.098610
v -0.027252 0.000126 -0.099264
v 0.026771 -0.002111 -0.093914
v 0.026577 -0.002111 -0.093723
v 0.026577 -0.001879 -0.093914
v 0.026577 -0.001783 -0.094376
v 0.026771 -0.001879 -0.094376
v 0.026852 -0.002111 -0.094376
v 0.026771 -0.002111 -0.099072
v 0.026852 -0.002111 -0.098610
v 0.026771 -0.001879 -0.098610
v 0.026577 -0.001783 -0.098610
v 0.026577 -0.001879 -0.099072
v 0.026577 -0.002111 -0.099264
v 0.026577 -0.002999 -0.093914
v 0.026577 -0.002767 -0.093723
v 0.026771 -0.002767 -0.093914
v 0.026852 -0.002767 -0.094376
v 0.026771 -0.002999 -0.094376
v 0.026577 -0.003095 -0.094376
v 0.026577 -0.002999 -0.099072
v 0.026577 -0.003095 -0.098610
v 0.026771 -0.002999 -0.098610
v 0.026852 -0.002767 -0.098610
v 0.026771 -0.002767 -0.099072
v 0.026577 -0.002767 -0.099264
v 0.026736 -0.001921 -0.093999
v 0.026736 -0.001921 -0.098987
v 0.026736 -0.002956 -0.093999
v 0.026736 -0.002956 -0.098987
v -0.023176 -0.002971 -0.093914
v -0.023156 -0.002740 -0.093723
v -0.023098 -0.002087 -0.093723
v -0.023077 -0.001856 -0.093914
v -0.023069 -0.001760 -0.094376
v -0.023069 -0.001760 -0.098610
v -0.023077 -0.001856 -0.099072
v -0.023098 -0.002087 -0.099264
v -0.023156 -0.002740 -0.099264
v -0.023176 -0.002971 -0.099072
v -0.023185 -0.003067 -0.098610
v -0.023185 -0.003067 -0.094376
v -0.025817 -0.002186 -0.093914
v -0.025708 -0.001981 -0.093723
v -0.025400 -0.001402 -0.093723
v -0.025291 -0.001198 -0.093914
v -0.025246 -0.001113 -0.094376
v -0.025246 -0.001113 -0.098610
v -0.025291 -0.001198 -0.099072
v -0.025400 -0.001402 -0.099264
v -0.025708 -0.001981 -0.099264
v -0.025817 -0.002186 -0.099072
v -0.025863 -0.002271 -0.098610
v -0.025863 -0.002271 -0.094376
v -0.024050 -0.001925 -0.093723
v -0.024212 -0.002560 -0.093723
v -0.024269 -0.002785 -0.093914
v -0.024293 -0.002878 -0.094376
v -0.024293 -0.002878 -0.098610
v -0.024269 -0.002785 -0.099072
v -0.024212 -0.002560 -0.099264
v -0.024050 -0.001925 -0.099264
v -0.023993 -0.001700 -0.099072
v -0.023969 -0.001607 -0.098610
v -0.023969 -0.001607 -0.094376
v -0.023993 -0.001700 -0.093914
v -0.026968 -0.001416 -0.093914
v -0.026821 -0.001237 -0.093723
v -0.026403 -0.000731 -0.093723
v -0.026255 -0.000552 -0.093914
v -0.026194 -0.000478 -0.094376
v -0.026194 -0.000478 -0.098610
v -0.026255 -0.000552 -0.099072
v -0.026403 -0.000731 -0.099264
v -0.026821 -0.001237 -0.099264
v -0.026968 -0.001416 -0.099072
v -0.027029 -0.001490 -0.098610
v -0.027029 -0.001490 -0.094376
v -0.041319 0.048306 -0.094376
v -0.041463 0.048113 -0.094376
v -0.041463 0.048113 -0.098610
v -0.041319 0.048306 -0.098610
v -0.041437 0.047925 -0.094376
v -0.041437 0.047925 -0.098610
v -0.041182 0.048131 -0.093723
v -0.041280 0.048254 -0.093914
v -0.040760 0.048655 -0.093914
v -0.040673 0.048544 -0.093723
v -0.040796 0.048702 -0.094376
v -0.041280 0.048254 -0.099072
v -0.040760 0.048655 -0.099072
v -0.040796 0.048702 -0.098610
v -0.041182 0.048131 -0.099264
v -0.040673 0.048544 -0.099264
v -0.040418 0.048750 -0.094376
v -0.040577 0.048797 -0.094376
v -0.040577 0.048797 -0.098610
v -0.040418 0.048750 -0.098610
v -0.041363 0.047986 -0.093914
v -0.041411 0.048115 -0.093999
v -0.041363 0.047986 -0.099072
v -0.041411 0.048115 -0.098987
v -0.040492 0.048690 -0.093914
v -0.040595 0.048751 -0.093999
v -0.040492 0.048690 -0.099072
v -0.040595 0.048751 -0.098987
v -0.027943 -0.000432 0.093914
v -0.028017 -0.000493 0.094376
v -0.027762 -0.000286 0.093723
v -0.027943 -0.000432 0.099072
v -0.027762 -0.000286 0.099264
v -0.028017 -0.000493 0.098610
v -0.027072 0.000272 0.093914
v -0.027252 0.000126 0.093723
v -0.026997 0.000333 0.094376
v -0.027072 0.000272 0.099072
v -0.026997 0.000333 0.098610
v -0.027252 0.000126 0.099264
v 0.026771 -0.002111 0.093914
v 0.026577 -0.002111 0.093723
v 0.026577 -0.001879 0.093914
v 0.026577 -0.001783 0.094376
v 0.026771 -0.001879 0.094376
v 0.026852 -0.002111 0.094376
v 0.026771 -0.002111 0.099072
v 0.026852 -0.002111 0.098610
v 0.026771 -0.001879 0.098610
v 0.026577 -0.001783 0.098610
v 0.026577 -0.001879 0.099072
v 0.026577 -0.002111 0.099264
v 0.026577 -0.002999 0.093914
v 0.026577 -0.002767 0.093723
v 0.026771 -0.002767 0.093914
v 0.026852 -0.002767 0.094376
v 0.026771 -0.002999 0.094376
v 0.026577 -0.003095 0.094376
v 0.026577 -0.002999 0.099072
v 0.026577 -0.003095 0.098610
v 0.026771 -0.002999 0.098610
v 0.026852 -0.002767 0.098610
v 0.026771 -0.002767 0.099072
v 0.026577 -0.002767 0.099264
v 0.026736 -0.001921 0.093999
v 0.026736 -0.001921 0.098987
v 0.026736 -0.002956 0.093999
v 0.026736 -0.002956 0.098987
v -0.023176 -0.002971 0.093914
v -0.023156 -0.002740 0.093723
v -0.023098 -0.002087 0.093723
v -0.023077 -0.001856 0.093914
v -0.023069 -0.001760 0.094376
v -0.023069 -0.001760 0.098610
v -0.023077 -0.001856 0.099072
v -0.023098 -0.002087 0.099264
v -0.023156 -0.002740 0.099264
v -0.023176 -0.002971 0.099072
v -0.023185 -0.003067 0.098610
v -0.023185 -0.003067 0.094376
v -0.025817 -0.002186 0.093914
v -0.025708 -0.001981 0.093723
v -0.025400 -0.001402 0.093723
v -0.025291 -0.001198 0.093914
v -0.025246 -0.001113 0.094376
v -0.025246 -0.001113 0.098610
v -0.025291 -0.001198 0.099072
v -0.025400 -0.001402 0.099264
v -0.025708 -0.001981 0.099264
v -0.025817 -0.002186 0.099072
v -0.025863 -0.002271 0.098610
v -0.025863 -0.002271 0.094376
v -0.024050 -0.001925 0.093723
v -0.024212 -0.002560 0.093723
v -0.024269 -0.002785 0.093914
v -0.024293 -0.002878 0.094376
v -0.024293 -0.002878 0.098610
v -0.024269 -0.002785 0.099072
v -0.024212 -0.002560 0.099264
v -0.024050 -0.001925 0.099264
v -0.023993 -0.001700 0.099072
v -0.023969 -0.001607 0.098610
v -0.023969 -0.001607 0.094376
v -0.023993 -0.001700 0.093914
v -0.026968 -0.001416 0.093914
v -0.026821 -0.001237 0.093723
v -0.026403 -0.000731 0.093723
v -0.026255 -0.000552 0.093914
v -0.026194 -0.000478 0.094376
v -0.026194 -0.000478 0.098610
v -0.026255 -0.000552 0.099072
v -0.026403 -0.000731 0.099264
v -0.026821 -0.001237 0.099264
v -0.026968 -0.001416 0.099072
v -0.027029 -0.001490 0.098610
v -0.027029 -0.001490 0.094376
v -0.041319 0.048306 0.094376
v -0.041463 0.048113 0.094376
v -0.041463 0.048113 0.098610
v -0.041319 0.048306 0.098610
v -0.041437 0.047925 0.094376
v -0.041437 0.047925 0.098610
v -0.041182 0.048131 0.093723
v -0.041280 0.048254 0.093914
v -0.040760 0.048655 0.093914
v -0.040673 0.048544 0.093723
v -0.040796 0.048702 0.094376
v -0.041280 0.048254 0.099072
v -0.040760 0.048655 0.099072
v -0.040796 0.048702 0.098610
v -0.041182 0.048131 0.099264
v -0.040673 0.048544 0.099264
v -0.040418 0.048750 0.094376
v -0.040577 0.048797 0.094376
v -0.040577 0.048797 0.098610
v -0.040418 0.048750 0.098610
v -0.041363 0.047986 0.093914
v -0.041411 0.048115 0.093999
v -0.041363 0.047986 0.099072
v -0.041411 0.048115 0.098987
v -0.040492 0.048690 0.093914
v -0.040595 0.048751 0.093999
v -0.040492 0.048690 0.099072
v -0.040595 0.048751 0.098987
v 0.019315 -0.002013 0.098704
v 0.020149 -0.002359 0.098704
v 0.020149 -0.002013 0.099538
v 0.020149 -0.001179 0.099883
v 0.019315 -0.001179 0.099538
v 0.018970 -0.001179 0.098704
v 0.028143 -0.002696 0.098704
v 0.028646 -0.001954 0.098704
v 0.028321 -0.001881 0.099538
v 0.027534 -0.001720 0.099883
v 0.027378 -0.002540 0.099538
v 0.027314 -0.002879 0.098704
v 0.019315 0.002013 0.098704
v 0.018970 0.001179 0.098704
v 0.019315 0.001179 0.099538
v 0.020149 0.001179 0.099883
v 0.020149 0.002013 0.099538
v 0.020149 0.002359 0.098704
v 0.029001 0.001238 0.098704
v 0.028197 0.001755 0.098704
v 0.028132 0.001416 0.099538
v 0.027976 0.000597 0.099883
v 0.028823 0.000424 0.099538
v 0.029173 0.000346 0.098704
v 0.019315 0.001179 -0.099538
v 0.018970 0.001179 -0.098704
v 0.019315 0.002013 -0.098704
v 0.020149 0.002359 -0.098704
v 0.020149 0.002013 -0.099538
v 0.020149 0.001179 -0.099883
v 0.028823 0.000424 -0.099538
v 0.027976 0.000597 -0.099883
v 0.028132 0.001416 -0.099538
v 0.028197 0.001755 -0.098704
v 0.029001 0.001238 -0.098704
v 0.029173 0.000346 -0.098704
v 0.019315 -0.002013 -0.098704
v 0.018970 -0.001179 -0.098704
v 0.019315 -0.001179 -0.099538
v 0.020149 -0.001179 -0.099883
v 0.020149 -0.002013 -0.099538
v 0.020149 -0.002359 -0.098704
v 0.028143 -0.002696 -0.098704
v 0.027314 -0.002879 -0.098704
v 0.027378 -0.002540 -0.099538
v 0.027534 -0.001721 -0.099883
v 0.028321 -0.001881 -0.099538
v 0.028646 -0.001954 -0.098704
v 0.019468 -0.001860 0.099385
v 0.028035 -0.002516 0.099385
v 0.019468 0.001860 0.099385
v 0.028809 0.001123 0.099385
v 0.019468 0.001860 -0.099385
v 0.028809 0.001123 -0.099385
v 0.019468 -0.001860 -0.099385
v 0.028035 -0.002516 -0.099385
v 0.025966 -0.002306 0.099538
v 0.025918 -0.002648 0.098704
v 0.025918 -0.002648 -0.098704
v 0.025966 -0.002306 -0.099538
v 0.026083 -0.001480 -0.099883
v 0.026412 0.000856 -0.099883
v 0.026529 0.001681 -0.099538
v 0.026577 0.002023 -0.098704
v 0.026577 0.002023 0.098704
v 0.026529 0.001681 0.099538
v 0.026412 0.000856 0.099883
v 0.026083 -0.001480 0.099883
v 0.024829 -0.002167 0.099538
v 0.024794 -0.002511 0.098704
v 0.024794 -0.002511 -0.098704
v 0.024829 -0.002167 -0.099538
v 0.024914 -0.001338 -0.099883
v 0.025154 0.001009 -0.099883
v 0.025238 0.001838 -0.099538
v 0.025273 0.002182 -0.098704
v 0.025273 0.002182 0.098704
v 0.025238 0.001838 0.099538
v 0.025154 0.001009 0.099883
v 0.024914 -0.001338 0.099883
v 0.007143 -0.002013 0.098704
v 0.007977 -0.002359 0.098704
v 0.007977 -0.002013 0.099538
v 0.007977 -0.001179 0.099883
v 0.007143 -0.001179 0.099538
v 0.006798 -0.001179 0.098704
v 0.016452 -0.002013 0.098704
v 0.016798 -0.001179 0.098704
v 0.016452 -0.001179 0.099538
v 0.015619 -0.001179 0.099883
v 0.015619 -0.002013 0.099538
v 0.015619 -0.002359 0.098704
v 0.007143 0.002013 0.098704
v 0.006798 0.001179 0.098704
v 0.007143 0.001179 0.099538
v 0.007977 0.001179 0.099883
v 0.007977 0.002013 0.099538
v 0.007977 0.002359 0.098704
v 0.016452 0.002013 0.098704
v 0.015619 0.002359 0.098704
v 0.015619 0.002013 0.099538
v 0.015619 0.001179 0.099883
v 0.016452 0.001179 0.099538
v 0.016798 0.001179 0.098704
v 0.007143 0.001179 -0.099538
v 0.006798 0.001179 -0.098704
v 0.007143 0.002013 -0.098704
v 0.007977 0.002359 -0.098704
v 0.007977 0.002013 -0.099538
v 0.007977 0.001179 -0.099883
v 0.016452 0.001179 -0.099538
v 0.015619 0.001179 -0.099883
v 0.015619 0.002013 -0.099538
v 0.015619 0.002359 -0.098704
v 0.016452 0.002013 -0.098704
v 0.016798 0.001179 -0.098704
v 0.007143 -0.002013 -0.098704
v 0.006798 -0.001179 -0.098704
v 0.007143 -0.001179 -0.099538
v 0.007977 -0.001179 -0.099883
v 0.007977 -0.002013 -0.099538
v 0.007977 -0.002359 -0.098704
v 0.016452 -0.002013 -0.098704
v 0.015619 -0.002359 -0.098704
v 0.015619 -0.002013 -0.099538
v 0.015619 -0.001179 -0.099883
v 0.016452 -0.001179 -0.099538
v 0.016798 -0.001179 -0.098704
v 0.007296 -0.001860 0.099385
v 0.016299 -0.001860 0.099385
v 0.007296 0.001860 0.099385
v 0.016299 0.001860 0.099385
v 0.007296 0.001860 -0.099385
v 0.016299 0.001860 -0.099385
v 0.007296 -0.001860 -0.099385
v 0.016299 -0.001860 -0.099385
v 0.022823 -0.005521 0.096197
v 0.021793 -0.008917 0.096197
v 0.020121 -0.012046 0.096197
v 0.017870 -0.014789 0.096197
v 0.015127 -0.017040 0.096197
v 0.011997 -0.018713 0.096197
v 0.008602 -0.019743 0.096197
v 0.001539 -0.019743 0.096197
v -0.001856 -0.018713 0.096197
v -0.004986 -0.017040 0.096197
v -0.007729 -0.014789 0.096197
v -0.009980 -0.012046 0.096197
v -0.011652 -0.008917 0.096197
v -0.012682 -0.005521 0.096197
v -0.013030 -0.001990 0.096197
v -0.012682 0.001541 0.096197
v -0.011652 0.004937 0.096197
v -0.009980 0.008066 0.096197
v -0.007729 0.010809 0.096197
v -0.004986 0.013060 0.096197
v -0.001856 0.014733 0.096197
v 0.001539 0.015763 0.096197
v 0.005071 0.016111 0.096197
v 0.008602 0.015763 0.096197
v 0.011997 0.014733 0.096197
v 0.015127 0.013060 0.096197
v 0.017870 0.010809 0.096197
v 0.020121 0.008066 0.096197
v 0.021793 0.004937 0.096197
v 0.022823 0.001541 0.096197
v 0.023171 -0.001990 0.096197
v 0.024317 -0.005818 0.094102
v 0.023200 -0.009500 0.094102
v 0.021387 -0.012892 0.094102
v 0.018946 -0.015866 0.094102
v 0.015973 -0.018306 0.094102
v 0.012580 -0.020120 0.094102
v 0.008899 -0.021236 0.094102
v 0.001242 -0.021236 0.094102
v -0.002439 -0.020120 0.094102
v -0.005832 -0.018306 0.094102
v -0.008805 -0.015866 0.094102
v -0.011246 -0.012892 0.094102
v -0.013059 -0.009500 0.094102
v -0.014176 -0.005818 0.094102
v -0.014553 -0.001990 0.094102
v -0.014176 0.001838 0.094102
v -0.013059 0.005519 0.094102
v -0.011246 0.008912 0.094102
v -0.008805 0.011886 0.094102
v -0.005832 0.014326 0.094102
v -0.002439 0.016140 0.094102
v 0.001242 0.017256 0.094102
v 0.005071 0.017633 0.094102
v 0.008899 0.017256 0.094102
v 0.012580 0.016140 0.094102
v 0.015973 0.014326 0.094102
v 0.018946 0.011886 0.094102
v 0.021387 0.008912 0.094102
v 0.023200 0.005519 0.094102
v 0.024317 0.001838 0.094102
v 0.024694 -0.001990 0.094102
v 0.026733 -0.006299 0.094902
v 0.025476 -0.010442 0.094902
v 0.023435 -0.014261 0.094902
v 0.020688 -0.017608 0.094902
v 0.017341 -0.020355 0.094902
v 0.013523 -0.022396 0.094902
v 0.009379 -0.023653 0.094902
v 0.000762 -0.023653 0.094902
v -0.003382 -0.022396 0.094902
v -0.007200 -0.020355 0.094902
v -0.010547 -0.017608 0.094902
v -0.013294 -0.014261 0.094902
v -0.015335 -0.010442 0.094902
v -0.016592 -0.006299 0.094902
v -0.017016 -0.001990 0.094902
v -0.016592 0.002319 0.094902
v -0.015335 0.006462 0.094902
v -0.013294 0.010281 0.094902
v -0.010547 0.013628 0.094902
v -0.007200 0.016375 0.094902
v -0.003382 0.018416 0.094902
v 0.000762 0.019672 0.094902
v 0.005071 0.020097 0.094902
v 0.009379 0.019672 0.094902
v 0.013523 0.018416 0.094902
v 0.017341 0.016375 0.094902
v 0.020688 0.013628 0.094902
v 0.023435 0.010281 0.094902
v 0.025476 0.006462 0.094902
v 0.026733 0.002319 0.094902
v 0.027157 -0.001990 0.094902
v 0.026733 -0.006299 0.097493
v 0.025476 -0.010442 0.097493
v 0.023435 -0.014261 0.097493
v 0.020688 -0.017608 0.097493
v 0.017341 -0.020355 0.097493
v 0.013523 -0.022396 0.097493
v 0.009379 -0.023653 0.097493
v 0.000762 -0.023653 0.097493
v -0.003382 -0.022396 0.097493
v -0.007200 -0.020355 0.097493
v -0.010547 -0.017608 0.097493
v -0.013294 -0.014261 0.097493
v -0.015335 -0.010442 0.097493
v -0.016592 -0.006299 0.097493
v -0.017016 -0.001990 0.097493
v -0.016592 0.002319 0.097493
v -0.015335 0.006462 0.097493
v -0.013294 0.010281 0.097493
v -0.010547 0.013628 0.097493
v -0.007200 0.016375 0.097493
v -0.003382 0.018416 0.097493
v 0.000762 0.019672 0.097493
v 0.005071 0.020097 0.097493
v 0.009379 0.019672 0.097493
v 0.013523 0.018416 0.097493
v 0.017341 0.016375 0.097493
v 0.020688 0.013628 0.097493
v 0.023435 0.010281 0.097493
v 0.025476 0.006462 0.097493
v 0.026733 0.002319 0.097493
v 0.027157 -0.001990 0.097493
v 0.024317 -0.005818 0.098293
v 0.023200 -0.009500 0.098293
v 0.021387 -0.012892 0.098293
v 0.018946 -0.015866 0.098293
v 0.015973 -0.018306 0.098293
v 0.012580 -0.020120 0.098293
v 0.008899 -0.021236 0.098293
v 0.001242 -0.021236 0.098293
v -0.002439 -0.020120 0.098293
v -0.005832 -0.018306 0.098293
v -0.008805 -0.015866 0.098293
v -0.011246 -0.012892 0.098293
v -0.013059 -0.009500 0.098293
v -0.014176 -0.005818 0.098293
v -0.014553 -0.001990 0.098293
v -0.014176 0.001838 0.098293
v -0.013059 0.005519 0.098293
v -0.011246 0.008912 0.098293
v -0.008805 0.011886 0.098293
v -0.005832 0.014326 0.098293
v -0.002439 0.016140 0.098293
v 0.001242 0.017256 0.098293
v 0.005071 0.017633 0.098293
v 0.008899 0.017256 0.098293
v 0.012580 0.016140 0.098293
v 0.015973 0.014326 0.098293
v 0.018946 0.011886 0.098293
v 0.021387 0.008912 0.098293
v 0.023200 0.005519 0.098293
v 0.024317 0.001838 0.098293
v 0.024694 -0.001990 0.098293
v -0.013030 -0.044882 0.096197
v -0.012682 -0.041351 0.096197
v -0.011652 -0.037955 0.096197
v -0.009980 -0.034826 0.096197
v -0.007729 -0.032083 0.096197
v -0.004986 -0.029832 0.096197
v -0.001856 -0.028159 0.096197
v 0.001539 -0.027129 0.096197
v 0.008602 -0.027129 0.096197
v 0.011997 -0.028159 0.096197
v 0.015127 -0.029832 0.096197
v 0.017870 -0.032083 0.096197
v 0.020121 -0.034826 0.096197
v 0.021793 -0.037955 0.096197
v 0.022823 -0.041351 0.096197
v 0.023171 -0.044882 0.096197
v -0.014553 -0.044882 0.094102
v -0.014176 -0.041054 0.094102
v -0.013059 -0.037372 0.094102
v -0.011246 -0.033980 0.094102
v -0.008805 -0.031006 0.094102
v -0.005832 -0.028566 0.094102
v -0.002439 -0.026752 0.094102
v 0.001242 -0.025636 0.094102
v 0.008899 -0.025636 0.094102
v 0.012580 -0.026752 0.094102
v 0.015973 -0.028566 0.094102
v 0.018946 -0.031006 0.094102
v 0.021387 -0.033980 0.094102
v 0.023200 -0.037372 0.094102
v 0.024317 -0.041054 0.094102
v 0.024694 -0.044882 0.094102
v -0.017016 -0.044882 0.094902
v -0.016592 -0.040573 0.094902
v -0.015335 -0.036430 0.094902
v -0.013294 -0.032611 0.094902
v -0.010547 -0.029264 0.094902
v -0.007200 -0.026517 0.094902
v -0.003382 -0.024476 0.094902
v 0.000762 -0.023219 0.094902
v 0.009379 -0.023219 0.094902
v 0.013523 -0.024476 0.094902
v 0.017341 -0.026517 0.094902
v 0.020688 -0.029264 0.094902
v 0.023435 -0.032611 0.094902
v 0.025476 -0.036430 0.094902
v 0.026733 -0.040573 0.094902
v 0.027157 -0.044882 0.094902
v -0.017016 -0.044882 0.097493
v -0.016592 -0.040573 0.097493
v -0.015335 -0.036430 0.097493
v -0.013294 -0.032611 0.097493
v -0.010547 -0.029264 0.097493
v -0.007200 -0.026517 0.097493
v -0.003382 -0.024476 0.097493
v 0.000762 -0.023219 0.097493
v 0.009379 -0.023219 0.097493
v 0.013523 -0.024476 0.097493
v 0.017341 -0.026517 0.097493
v 0.020688 -0.029264 0.097493
v 0.023435 -0.032611 0.097493
v 0.025476 -0.036430 0.097493
v 0.026733 -0.040573 0.097493
v 0.027157 -0.044882 0.097493
v -0.014553 -0.044882 0.098293
v -0.014176 -0.041054 0.098293
v -0.013059 -0.037372 0.098293
v -0.011246 -0.033980 0.098293
v -0.008805 -0.031006 0.098293
v -0.005832 -0.028566 0.098293
v -0.002439 -0.026752 0.098293
v 0.001242 -0.025636 0.098293
v 0.008899 -0.025636 0.098293
v 0.012580 -0.026752 0.098293
v 0.015973 -0.028566 0.098293
v 0.018946 -0.031006 0.098293
v 0.021387 -0.033980 0.098293
v 0.023200 -0.037372 0.098293
v 0.024317 -0.041054 0.098293
v 0.024694 -0.044882 0.098293
v 0.022823 -0.005521 0.000000
v 0.021793 -0.008917 0.000000
v 0.020121 -0.012046 0.000000
v 0.017870 -0.014789 0.000000
v 0.015127 -0.017040 0.000000
v 0.011997 -0.018713 0.000000
v 0.008602 -0.019743 0.000000
v 0.001539 -0.019743 0.000000
v -0.001856 -0.018713 0.000000
v -0.004986 -0.017040 0.000000
v -0.007729 -0.014789 0.000000
v -0.009980 -0.012046 0.000000
v -0.011652 -0.008917 0.000000
v -0.012682 -0.005521 0.000000
v -0.013030 -0.001990 0.000000
v 0.023171 -0.001990 0.000000
v 0.024317 -0.005818 -0.002096
v 0.023200 -0.009500 -0.002096
v 0.021387 -0.012892 -0.002096
v 0.018946 -0.015866 -0.002096
v 0.015973 -0.018306 -0.002096
v 0.012580 -0.020120 -0.002096
v 0.008899 -0.021236 -0.002096
v 0.001242 -0.021236 -0.002096
v -0.002439 -0.020120 -0.002096
v -0.005832 -0.018306 -0.002096
v -0.008805 -0.015866 -0.002096
v -0.011246 -0.012892 -0.002096
v -0.013059 -0.009500 -0.002096
v -0.014176 -0.005818 -0.002096
v -0.014553 -0.001990 -0.002096
v 0.024694 -0.001990 -0.002096
v 0.026733 -0.006299 -0.001295
v 0.025476 -0.010442 -0.001295
v 0.023435 -0.014261 -0.001295
v 0.020688 -0.017608 -0.001295
v 0.017341 -0.020355 -0.001295
v 0.013523 -0.022396 -0.001295
v 0.009379 -0.023653 -0.001295
v 0.000762 -0.023653 -0.001295
v -0.003382 -0.022396 -0.001295
v -0.007200 -0.020355 -0.001295
v -0.010547 -0.017608 -0.001295
v -0.013294 -0.014261 -0.001295
v -0.015335 -0.010442 -0.001295
v -0.016592 -0.006299 -0.001295
v -0.017016 -0.001990 -0.001295
v 0.027157 -0.001990 -0.001295
v 0.026733 -0.006299 0.001295
v 0.025476 -0.010442 0.001295
v 0.023435 -0.014261 0.001295
v 0.020688 -0.017608 0.001295
v 0.017341 -0.020355 0.001295
v 0.013523 -0.022396 0.001295
v 0.009379 -0.023653 0.001295
v 0.000762 -0.023653 0.001295
v -0.003382 -0.022396 0.001295
v -0.007200 -0.020355 0.001295
v -0.010547 -0.017608 0.001295
v -0.013294 -0.014261 0.001295
v -0.015335 -0.010442 0.001295
v -0.016592 -0.006299 0.001295
v -0.017016 -0.001990 0.001295
v 0.027157 -0.001990 0.001295
v 0.024317 -0.005818 0.002096
v 0.023200 -0.009500 0.002096
v 0.021387 -0.012892 0.002096
v 0.018946 -0.015866 0.002096
v 0.015973 -0.018306 0.002096
v 0.012580 -0.020120 0.002096
v 0.008899 -0.021236 0.002096
v 0.001242 -0.021236 0.002096
v -0.002439 -0.020120 0.002096
v -0.005832 -0.018306 0.002096
v -0.008805 -0.015866 0.002096
v -0.011246 -0.012892 0.002096
v -0.013059 -0.009500 0.002096
v -0.014176 -0.005818 0.002096
v -0.014553 -0.001990 0.002096
v 0.024694 -0.001990 0.002096
v -0.013030 -0.044882 0.000000
v -0.012682 -0.041351 0.000000
v -0.011652 -0.037955 0.000000
v -0.009980 -0.034826 0.000000
v -0.007729 -0.032083 0.000000
v -0.004986 -0.029832 0.000000
v -0.001856 -0.028159 0.000000
v 0.001539 -0.027129 0.000000
v 0.008602 -0.027129 0.000000
v 0.011997 -0.028159 0.000000
v 0.015127 -0.029832 0.000000
v 0.017870 -0.032083 0.000000
v 0.020121 -0.034826 0.000000
v 0.021793 -0.037955 0.000000
v 0.022823 -0.041351 0.000000
v 0.023171 -0.044882 0.000000
v -0.014553 -0.044882 -0.002096
v -0.014176 -0.041054 -0.002096
v -0.013059 -0.037372 -0.002096
v -0.011246 -0.033980 -0.002096
v -0.008805 -0.031006 -0.002096
v -0.005832 -0.028566 -0.002096
v -0.002439 -0.026752 -0.002096
v 0.001242 -0.025636 -0.002096
v 0.008899 -0.025636 -0.002096
v 0.012580 -0.026752 -0.002096
v 0.015973 -0.028566 -0.002096
v 0.018946 -0.031006 -0.002096
v 0.021387 -0.033980 -0.002096
v 0.023200 -0.037372 -0.002096
v 0.024317 -0.041054 -0.002096
v 0.024694 -0.044882 -0.002096
v -0.017016 -0.044882 -0.001295
v -0.016592 -0.040573 -0.001295
v -0.015335 -0.036430 -0.001295
v -0.013294 -0.032611 -0.001295
v -0.010547 -0.029264 -0.001295
v -0.007200 -0.026517 -0.001295
v -0.003382 -0.024476 -0.001295
v 0.000762 -0.023219 -0.001295
v 0.009379 -0.023219 -0.001295
v 0.013523 -0.024476 -0.001295
v 0.017341 -0.026517 -0.001295
v 0.020688 -0.029264 -0.001295
v 0.023435 -0.032611 -0.001295
v 0.025476 -0.036430 -0.001295
v 0.026733 -0.040573 -0.001295
v 0.027157 -0.044882 -0.001295
v -0.017016 -0.044882 0.001295
v -0.016592 -0.040573 0.001295
v -0.015335 -0.036430 0.001295
v -0.013294 -0.032611 0.001295
v -0.010547 -0.029264 0.001295
v -0.007200 -0.026517 0.001295
v -0.003382 -0.024476 0.001295
v 0.000762 -0.023219 0.001295
v 0.009379 -0.023219 0.001295
v 0.013523 -0.024476 0.001295
v 0.017341 -0.026517 0.001295
v 0.020688 -0.029264 0.001295
v 0.023435 -0.032611 0.001295
v 0.025476 -0.036430 0.001295
v 0.026733 -0.040573 0.001295
v 0.027157 -0.044882 0.001295
v -0.014553 -0.044882 0.002096
v -0.014176 -0.041054 0.002096
v -0.013059 -0.037372 0.002096
v -0.011246 -0.033980 0.002096
v -0.008805 -0.031006 0.002096
v -0.005832 -0.028566 0.002096
v -0.002439 -0.026752 0.002096
v 0.001242 -0.025636 0.002096
v 0.008899 -0.025636 0.002096
v 0.012580 -0.026752 0.002096
v 0.015973 -0.028566 0.002096
v 0.018946 -0.031006 0.002096
v 0.021387 -0.033980 0.002096
v 0.023200 -0.037372 0.002096
v 0.024317 -0.041054 0.002096
v 0.024694 -0.044882 0.002096
v -0.013030 -0.044882 -0.096197
v -0.012682 -0.041351 -0.096197
v -0.011652 -0.037955 -0.096197
v -0.009980 -0.034826 -0.096197
v -0.007729 -0.032083 -0.096197
v -0.004986 -0.029832 -0.096197
v -0.001856 -0.028159 -0.096197
v 0.001539 -0.027129 -0.096197
v 0.008602 -0.027129 -0.096197
v 0.011997 -0.028159 -0.096197
v 0.015127 -0.029832 -0.096197
v 0.017870 -0.032083 -0.096197
v 0.020121 -0.034826 -0.096197
v 0.021793 -0.037955 -0.096197
v 0.022823 -0.041351 -0.096197
v 0.023171 -0.044882 -0.096197
v -0.014553 -0.044882 -0.094102
v -0.014176 -0.041054 -0.094102
v -0.013059 -0.037372 -0.094102
v -0.011246 -0.033980 -0.094102
v -0.008805 -0.031006 -0.094102
v -0.005832 -0.028566 -0.094102
v -0.002439 -0.026752 -0.094102
v 0.001242 -0.025636 -0.094102
v 0.008899 -0.025636 -0.094102
v 0.012580 -0.026752 -0.094102
v 0.015973 -0.028566 -0.094102
v 0.018946 -0.031006 -0.094102
v 0.021387 -0.033980 -0.094102
v 0.023200 -0.037372 -0.094102
v 0.024317 -0.041054 -0.094102
v 0.024694 -0.044882 -0.094102
v -0.017016 -0.044882 -0.094902
v -0.016592 -0.040573 -0.094902
v -0.015335 -0.036430 -0.094902
v -0.013294 -0.032611 -0.094902
v -0.010547 -0.029264 -0.094902
v -0.007200 -0.026517 -0.094902
v -0.003382 -0.024476 -0.094902
v 0.000762 -0.023219 -0.094902
v 0.009379 -0.023219 -0.094902
v 0.013523 -0.024476 -0.094902
v 0.017341 -0.026517 -0.094902
v 0.020688 -0.029264 -0.094902
v 0.023435 -0.032611 -0.094902
v 0.025476 -0.036430 -0.094902
v 0.026733 -0.040573 -0.094902
v 0.027157 -0.044882 -0.094902
v -0.017016 -0.044882 -0.097493
v -0.016592 -0.040573 -0.097493
v -0.015335 -0.036430 -0.097493
v -0.013294 -0.032611 -0.097493
v -0.010547 -0.029264 -0.097493
v -0.007200 -0.026517 -0.097493
v -0.003382 -0.024476 -0.097493
v 0.000762 -0.023219 -0.097493
v 0.009379 -0.023219 -0.097493
v 0.013523 -0.024476 -0.097493
v 0.017341 -0.026517 -0.097493
v 0.020688 -0.029264 -0.097493
v 0.023435 -0.032611 -0.097493
v 0.025476 -0.036430 -0.097493
v 0.026733 -0.040573 -0.097493
v 0.027157 -0.044882 -0.097493
v -0.014553 -0.044882 -0.098293
v -0.014176 -0.041054 -0.098293
v -0.013059 -0.037372 -0.098293
v -0.011246 -0.033980 -0.098293
v -0.008805 -0.031006 -0.098293
v -0.005832 -0.028566 -0.098293
v -0.002439 -0.026752 -0.098293
v 0.001242 -0.025636 -0.098293
v 0.008899 -0.025636 -0.098293
v 0.012580 -0.026752 -0.098293
v 0.015973 -0.028566 -0.098293
v 0.018946 -0.031006 -0.098293
v 0.021387 -0.033980 -0.098293
v 0.023200 -0.037372 -0.098293
v 0.024317 -0.041054 -0.098293
v 0.024694 -0.044882 -0.098293
v 0.022823 -0.005521 -0.096197
v 0.021793 -0.008917 -0.096197
v 0.020121 -0.012046 -0.096197
v 0.017870 -0.014789 -0.096197
v 0.015127 -0.017040 -0.096197
v 0.011997 -0.018713 -0.096197
v 0.008602 -0.019743 -0.096197
v 0.001539 -0.019743 -0.096197
v -0.001856 -0.018713 -0.096197
v -0.004986 -0.017040 -0.096197
v -0.007729 -0.014789 -0.096197
v -0.009980 -0.012046 -0.096197
v -0.011652 -0.008917 -0.096197
v -0.012682 -0.005521 -0.096197
v -0.013030 -0.001990 -0.096197
v -0.012682 0.001541 -0.096197
v -0.011652 0.004937 -0.096197
v -0.009980 0.008066 -0.096197
v -0.007729 0.010809 -0.096197
v -0.004986 0.013060 -0.096197
v -0.001856 0.014733 -0.096197
v 0.001539 0.015763 -0.096197
v 0.005071 0.016111 -0.096197
v 0.008602 0.015763 -0.096197
v 0.011997 0.014733 -0.096197
v 0.015127 0.013060 -0.096197
v 0.017870 0.010809 -0.096197
v 0.020121 0.008066 -0.096197
v 0.021793 0.004937 -0.096197
v 0.022823 0.001541 -0.096197
v 0.023171 -0.001990 -0.096197
v 0.024317 -0.005818 -0.094102
v 0.023200 -0.009500 -0.094102
v 0.021387 -0.012892 -0.094102
v 0.018946 -0.015866 -0.094102
v 0.015973 -0.018306 -0.094102
v 0.012580 -0.020120 -0.094102
v 0.008899 -0.021236 -0.094102
v 0.001242 -0.021236 -0.094102
v -0.002439 -0.020120 -0.094102
v -0.005832 -0.018306 -0.094102
v -0.008805 -0.015866 -0.094102
v -0.011246 -0.012892 -0.094102
v -0.013059 -0.009500 -0.094102
v -0.014176 -0.005818 -0.094102
v -0.014553 -0.001990 -0.094102
v -0.014176 0.001838 -0.094102
v -0.013059 0.005519 -0.094102
v -0.011246 0.008912 -0.094102
v -0.008805 0.011886 -0.094102
v -0.005832 0.014326 -0.094102
v -0.002439 0.016140 -0.094102
v 0.001242 0.017256 -0.094102
v 0.005071 0.017633 -0.094102
v 0.008899 0.017256 -0.094102
v 0.012580 0.016140 -0.094102
v 0.015973 0.014326 -0.094102
v 0.018946 0.011886 -0.094102
v 0.021387 0.008912 -0.094102
v 0.023200 0.005519 -0.094102
v 0.024317 0.001838 -0.094102
v 0.024694 -0.001990 -0.094102
v 0.026733 -0.006299 -0.094902
v 0.025476 -0.010442 -0.094902
v 0.023435 -0.014261 -0.094902
v 0.020688 -0.017608 -0.094902
v 0.017341 -0.020355 -0.094902
v 0.013523 -0.022396 -0.094902
v 0.009379 -0.023653 -0.094902
v 0.000762 -0.023653 -0.094902
v -0.003382 -0.022396 -0.094902
v -0.007200 -0.020355 -0.094902
v -0.010547 -0.017608 -0.094902
v -0.013294 -0.014261 -0.094902
v -0.015335 -0.010442 -0.094902
v -0.016592 -0.006299 -0.094902
v -0.017016 -0.001990 -0.094902
v -0.016592 0.002319 -0.094902
v -0.015335 0.006462 -0.094902
v -0.013294 0.010281 -0.094902
v -0.010547 0.013628 -0.094902
v -0.007200 0.016375 -0.094902
v -0.003382 0.018416 -0.094902
v 0.000762 0.019672 -0.094902
v 0.005071 0.020097 -0.094902
v 0.009379 0.019672 -0.094902
v 0.013523 0.018416 -0.094902
v 0.017341 0.016375 -0.094902
v 0.020688 0.013628 -0.094902
v 0.023435 0.010281 -0.094902
v 0.025476 0.006462 -0.094902
v 0.026733 0.002319 -0.094902
v 0.027157 -0.001990 -0.094902
v 0.026733 -0.006299 -0.097493
v 0.025476 -0.010442 -0.097493
v 0.023435 -0.014261 -0.097493
v 0.020688 -0.017608 -0.097493
v 0.017341 -0.020355 -0.097493
v 0.013523 -0.022396 -0.097493
v 0.009379 -0.023653 -0.097493
v 0.000762 -0.023653 -0.097493
v -0.003382 -0.022396 -0.097493
v -0.007200 -0.020355 -0.097493
v -0.010547 -0.017608 -0.097493
v -0.013294 -0.014261 -0.097493
v -0.015335 -0.010442 -0.097493
v -0.016592 -0.006299 -0.097493
v -0.017016 -0.001990 -0.097493
v -0.016592 0.002319 -0.097493
v -0.015335 0.006462 -0.097493
v -0.013294 0.010281 -0.097493
v -0.010547 0.013628 -0.097493
v -0.007200 0.016375 -0.097493
v -0.003382 0.018416 -0.097493
v 0.000762 0.019672 -0.097493
v 0.005071 0.020097 -0.097493
v 0.009379 0.019672 -0.097493
v 0.013523 0.018416 -0.097493
v 0.017341 0.016375 -0.097493
v 0.020688 0.013628 -0.097493
v 0.023435 0.010281 -0.097493
v 0.025476 0.006462 -0.097493
v 0.026733 0.002319 -0.097493
v 0.027157 -0.001990 -0.097493
v 0.024317 -0.005818 -0.098293
v 0.023200 -0.009500 -0.098293
v 0.021387 -0.012892 -0.098293
v 0.018946 -0.015866 -0.098293
v 0.015973 -0.018306 -0.098293
v 0.012580 -0.020120 -0.098293
v 0.008899 -0.021236 -0.098293
v 0.001242 -0.021236 -0.098293
v -0.002439 -0.020120 -0.098293
v -0.005832 -0.018306 -0.098293
v -0.008805 -0.015866 -0.098293
v -0.011246 -0.012892 -0.098293
v -0.013059 -0.009500 -0.098293
v -0.014176 -0.005818 -0.098293
v -0.014553 -0.001990 -0.098293
v -0.014176 0.001838 -0.098293
v -0.013059 0.005519 -0.098293
v -0.011246 0.008912 -0.098293
v -0.008805 0.011886 -0.098293
v -0.005832 0.014326 -0.098293
v -0.002439 0.016140 -0.098293
v 0.001242 0.017256 -0.098293
v 0.005071 0.017633 -0.098293
v 0.008899 0.017256 -0.098293
v 0.012580 0.016140 -0.098293
v 0.015973 0.014326 -0.098293
v 0.018946 0.011886 -0.098293
v 0.021387 0.008912 -0.098293
v 0.023200 0.005519 -0.098293
v 0.024317 0.001838 -0.098293
v 0.024694 -0.001990 -0.098293
v -0.004655 -0.002013 0.098704
v -0.003821 -0.002359 0.098704
v -0.003821 -0.002013 0.099538
v -0.003821 -0.001179 0.099883
v -0.004655 -0.001179 0.099538
v -0.005000 -0.001179 0.098704
v 0.004655 -0.002013 0.098704
v 0.005000 -0.001179 0.098704
v 0.004655 -0.001179 0.099538
v 0.003821 -0.001179 0.099883
v 0.003821 -0.002013 0.099538
v 0.003821 -0.002359 0.098704
v -0.004655 0.002013 0.098704
v -0.005000 0.001179 0.098704
v -0.004655 0.001179 0.099538
v -0.003821 0.001179 0.099883
v -0.003821 0.002013 0.099538
v -0.003821 0.002359 0.098704
v 0.004655 0.002013 0.098704
v 0.003821 0.002359 0.098704
v 0.003821 0.002013 0.099538
v 0.003821 0.001179 0.099883
v 0.004655 0.001179 0.099538
v 0.005000 0.001179 0.098704
v -0.004655 0.001179 -0.099538
v -0.005000 0.001179 -0.098704
v -0.004655 0.002013 -0.098704
v -0.003821 0.002359 -0.098704
v -0.003821 0.002013 -0.099538
v -0.003821 0.001179 -0.099883
v 0.004655 0.001179 -0.099538
v 0.003821 0.001179 -0.099883
v 0.003821 0.002013 -0.099538
v 0.003821 0.002359 -0.098704
v 0.004655 0.002013 -0.098704
v 0.005000 0.001179 -0.098704
v -0.004655 -0.002013 -0.098704
v -0.005000 -0.001179 -0.098704
v -0.004655 -0.001179 -0.099538
v -0.003821 -0.001179 -0.099883
v -0.003821 -0.002013 -0.099538
v -0.003821 -0.002359 -0.098704
v 0.004655 -0.002013 -0.098704
v 0.003821 -0.002359 -0.098704
v 0.003821 -0.002013 -0.099538
v 0.003821 -0.001179 -0.099883
v 0.004655 -0.001179 -0.099538
v 0.005000 -0.001179 -0.098704
v -0.004501 -0.001860 0.099385
v 0.004501 -0.001860 0.099385
v -0.004501 0.001860 0.099385
v 0.004501 0.001860 0.099385
v -0.004501 0.001860 -0.099385
v 0.004501 0.001860 -0.099385
v -0.004501 -0.001860 -0.099385
v 0.004501 -0.001860 -0.099385
v -0.038308 0.041106 -0.098704
v -0.038857 0.041822 -0.098704
v -0.038523 0.041911 -0.099538
v -0.037718 0.042127 -0.099883
v -0.037502 0.041321 -0.099538
v -0.037413 0.040988 -0.098704
v -0.041252 0.049457 -0.098704
v -0.040665 0.050134 -0.098704
v -0.040511 0.049839 -0.099538
v -0.040152 0.049121 -0.099883
v -0.040903 0.048758 -0.099538
v -0.041214 0.048608 -0.098704
v -0.034418 0.042148 -0.098704
v -0.035134 0.041598 -0.098704
v -0.035224 0.041932 -0.099538
v -0.035440 0.042737 -0.099883
v -0.034634 0.042953 -0.099538
v -0.034301 0.043043 -0.098704
v -0.037674 0.051303 -0.098704
v -0.036966 0.050660 -0.098704
v -0.037277 0.050510 -0.099538
v -0.038028 0.050147 -0.099883
v -0.038415 0.050920 -0.099538
v -0.038581 0.051238 -0.098704
v -0.035224 0.041932 0.099538
v -0.035134 0.041598 0.098704
v -0.034418 0.042148 0.098704
v -0.034301 0.043043 0.098704
v -0.034634 0.042953 0.099538
v -0.035440 0.042737 0.099883
v -0.038415 0.050920 0.099538
v -0.038028 0.050147 0.099883
v -0.037277 0.050510 0.099538
v -0.036966 0.050660 0.098704
v -0.037674 0.051303 0.098704
v -0.038581 0.051238 0.098704
v -0.038308 0.041106 0.098704
v -0.037413 0.040988 0.098704
v -0.037502 0.041321 0.099538
v -0.037718 0.042127 0.099883
v -0.038523 0.041911 0.099538
v -0.038857 0.041822 0.098704
v -0.041252 0.049457 0.098704
v -0.041214 0.048608 0.098704
v -0.040903 0.048758 0.099538
v -0.040152 0.049121 0.099883
v -0.040511 0.049839 0.099538
v -0.040665 0.050134 0.098704
v -0.038199 0.041293 -0.099385
v -0.041050 0.049398 -0.099385
v -0.034606 0.042256 -0.099385
v -0.037736 0.051088 -0.099385
v -0.034606 0.042256 0.099385
v -0.037736 0.051088 0.099385
v -0.038199 0.041293 0.099385
v -0.041050 0.049398 0.099385
v -0.040311 0.047454 -0.099538
v -0.040629 0.047319 -0.098704
v -0.040629 0.047319 0.098704
v -0.040311 0.047454 0.099538
v -0.039544 0.047781 0.099883
v -0.037373 0.048704 0.099883
v -0.036606 0.049030 0.099538
v -0.036288 0.049165 0.098704
v -0.036288 0.049165 -0.098704
v -0.036606 0.049030 -0.099538
v -0.037373 0.048704 -0.099883
v -0.039544 0.047781 -0.099883
v -0.039884 0.046392 -0.099538
v -0.040207 0.046269 -0.098704
v -0.040207 0.046269 0.098704
v -0.039884 0.046392 0.099538
v -0.039104 0.046689 0.099883
v -0.036900 0.047527 0.099883
v -0.036120 0.047824 0.099538
v -0.035798 0.047947 0.098704
v -0.035798 0.047947 -0.098704
v -0.036120 0.047824 -0.099538
v -0.036900 0.047527 -0.099883
v -0.039104 0.046689 -0.099883
v -0.028864 0.005862 -0.098704
v -0.029414 0.006579 -0.098704
v -0.029080 0.006668 -0.099538
v -0.028275 0.006884 -0.099883
v -0.028059 0.006078 -0.099538
v -0.027970 0.005745 -0.098704
v -0.031274 0.014855 -0.098704
v -0.030558 0.015404 -0.098704
v -0.030468 0.015070 -0.099538
v -0.030253 0.014265 -0.099883
v -0.031058 0.014049 -0.099538
v -0.031392 0.013960 -0.098704
v -0.024975 0.006905 -0.098704
v -0.025691 0.006355 -0.098704
v -0.025780 0.006689 -0.099538
v -0.025996 0.007494 -0.099883
v -0.025191 0.007710 -0.099538
v -0.024857 0.007799 -0.098704
v -0.027384 0.015897 -0.098704
v -0.026835 0.015181 -0.098704
v -0.027169 0.015091 -0.099538
v -0.027974 0.014875 -0.099883
v -0.028190 0.015681 -0.099538
v -0.028279 0.016014 -0.098704
v -0.025780 0.006689 0.099538
v -0.025691 0.006355 0.098704
v -0.024975 0.006905 0.098704
v -0.024857 0.007799 0.098704
v -0.025191 0.007710 0.099538
v -0.025996 0.007494 0.099883
v -0.028190 0.015681 0.099538
v -0.027974 0.014875 0.099883
v -0.027169 0.015091 0.099538
v -0.026835 0.015181 0.098704
v -0.027384 0.015897 0.098704
v -0.028279 0.016014 0.098704
v -0.028864 0.005863 0.098704
v -0.027970 0.005745 0.098704
v -0.028059 0.006078 0.099538
v -0.028275 0.006884 0.099883
v -0.029080 0.006668 0.099538
v -0.029414 0.006579 0.098704
v -0.031274 0.014855 0.098704
v -0.031392 0.013960 0.098704
v -0.031058 0.014049 0.099538
v -0.030253 0.014265 0.099883
v -0.030468 0.015070 0.099538
v -0.030558 0.015404 0.098704
v -0.028756 0.006050 -0.099385
v -0.031086 0.014746 -0.099385
v -0.025163 0.007013 -0.099385
v -0.027493 0.015709 -0.099385
v -0.025163 0.007013 0.099385
v -0.027493 0.015709 0.099385
v -0.028756 0.006050 0.099385
v -0.031086 0.014746 0.099385
v -0.035157 0.029348 -0.098704
v -0.035707 0.030064 -0.098704
v -0.035373 0.030154 -0.099538
v -0.034568 0.030370 -0.099883
v -0.034352 0.029564 -0.099538
v -0.034263 0.029231 -0.098704
v -0.037567 0.038340 -0.098704
v -0.036851 0.038890 -0.098704
v -0.036761 0.038556 -0.099538
v -0.036546 0.037751 -0.099883
v -0.037351 0.037535 -0.099538
v -0.037685 0.037446 -0.098704
v -0.031268 0.030391 -0.098704
v -0.031984 0.029841 -0.098704
v -0.032073 0.030175 -0.099538
v -0.032289 0.030980 -0.099883
v -0.031484 0.031196 -0.099538
v -0.031150 0.031285 -0.098704
v -0.033677 0.039383 -0.098704
v -0.033128 0.038667 -0.098704
v -0.033462 0.038577 -0.099538
v -0.034267 0.038361 -0.099883
v -0.034483 0.039167 -0.099538
v -0.034572 0.039500 -0.098704
v -0.032073 0.030175 0.099538
v -0.031984 0.029841 0.098704
v -0.031268 0.030391 0.098704
v -0.031150 0.031285 0.098704
v -0.031484 0.031196 0.099538
v -0.032289 0.030980 0.099883
v -0.034483 0.039167 0.099538
v -0.034267 0.038361 0.099883
v -0.033462 0.038577 0.099538
v -0.033128 0.038667 0.098704
v -0.033677 0.039383 0.098704
v -0.034572 0.039500 0.098704
v -0.035157 0.029348 0.098704
v -0.034263 0.029231 0.098704
v -0.034352 0.029564 0.099538
v -0.034568 0.030370 0.099883
v -0.035373 0.030154 0.099538
v -0.035707 0.030064 0.098704
v -0.037567 0.038340 0.098704
v -0.037685 0.037446 0.098704
v -0.037351 0.037535 0.099538
v -0.036546 0.037751 0.099883
v -0.036761 0.038556 0.099538
v -0.036851 0.038890 0.098704
v -0.035049 0.029536 -0.099385
v -0.037379 0.038232 -0.099385
v -0.031456 0.030499 -0.099385
v -0.033786 0.039195 -0.099385
v -0.031456 0.030499 0.099385
v -0.033786 0.039195 0.099385
v -0.035049 0.029536 0.099385
v -0.037379 0.038232 0.099385
v -0.032104 0.017953 -0.098704
v -0.032653 0.018669 -0.098704
v -0.032320 0.018758 -0.099538
v -0.031514 0.018974 -0.099883
v -0.031298 0.018169 -0.099538
v -0.031209 0.017835 -0.098704
v -0.034513 0.026945 -0.098704
v -0.033797 0.027494 -0.098704
v -0.033708 0.027161 -0.099538
v -0.033492 0.026355 -0.099883
v -0.034297 0.026139 -0.099538
v -0.034631 0.026050 -0.098704
v -0.028215 0.018995 -0.098704
v -0.028931 0.018445 -0.098704
v -0.029020 0.018779 -0.099538
v -0.029236 0.019584 -0.099883
v -0.028430 0.019800 -0.099538
v -0.028097 0.019890 -0.098704
v -0.030624 0.027987 -0.098704
v -0.030075 0.027271 -0.098704
v -0.030408 0.027181 -0.099538
v -0.031214 0.026966 -0.099883
v -0.031429 0.027771 -0.099538
v -0.031519 0.028105 -0.098704
v -0.029020 0.018779 0.099538
v -0.028931 0.018445 0.098704
v -0.028215 0.018995 0.098704
v -0.028097 0.019890 0.098704
v -0.028430 0.019800 0.099538
v -0.029236 0.019584 0.099883
v -0.031429 0.027771 0.099538
v -0.031214 0.026966 0.099883
v -0.030408 0.027181 0.099538
v -0.030075 0.027271 0.098704
v -0.030624 0.027987 0.098704
v -0.031519 0.028105 0.098704
v -0.032104 0.017953 0.098704
v -0.031209 0.017835 0.098704
v -0.031298 0.018169 0.099538
v -0.031514 0.018974 0.099883
v -0.032320 0.018758 0.099538
v -0.032653 0.018669 0.098704
v -0.034513 0.026945 0.098704
v -0.034631 0.026050 0.098704
v -0.034297 0.026139 0.099538
v -0.033492 0.026355 0.099883
v -0.033708 0.027161 0.099538
v -0.033797 0.027494 0.098704
v -0.031996 0.018140 -0.099385
v -0.034326 0.026836 -0.099385
v -0.028402 0.019103 -0.099385
v -0.030732 0.027799 -0.099385
v -0.028402 0.019103 0.099385
v -0.030732 0.027799 0.099385
v -0.031996 0.018140 0.099385
v -0.034326 0.026836 0.099385
v -0.027943 -0.000432 -0.002579
v -0.028017 -0.000493 -0.002117
v -0.027762 -0.000286 -0.002770
v -0.027943 -0.000432 0.002579
v -0.027762 -0.000286 0.002770
v -0.028017 -0.000493 0.002117
v -0.027072 0.000272 -0.002579
v -0.027252 0.000126 -0.002770
v -0.026997 0.000333 -0.002117
v -0.027072 0.000272 0.002579
v -0.026997 0.000333 0.002117
v -0.027252 0.000126 0.002770
v 0.026771 -0.002111 -0.002579
v 0.026577 -0.002111 -0.002770
v 0.026577 -0.001879 -0.002579
v 0.026577 -0.001783 -0.002117
v 0.026771 -0.001879 -0.002117
v 0.026852 -0.002111 -0.002117
v 0.026771 -0.002111 0.002579
v 0.026852 -0.002111 0.002117
v 0.026771 -0.001879 0.002117
v 0.026577 -0.001783 0.002117
v 0.026577 -0.001879 0.002579
v 0.026577 -0.002111 0.002770
v 0.026577 -0.002999 -0.002579
v 0.026577 -0.002767 -0.002770
v 0.026771 -0.002767 -0.002579
v 0.026852 -0.002767 -0.002117
v 0.026771 -0.002999 -0.002117
v 0.026577 -0.003095 -0.002117
v 0.026577 -0.002999 0.002579
v 0.026577 -0.003095 0.002117
v 0.026771 -0.002999 0.002117
v 0.026852 -0.002767 0.002117
v 0.026771 -0.002767 0.002579
v 0.026577 -0.002767 0.002770
v 0.026736 -0.001921 -0.002494
v 0.026736 -0.001921 0.002494
v 0.026736 -0.002956 -0.002494
v 0.026736 -0.002956 0.002494
v -0.023176 -0.002971 -0.002579
v -0.023156 -0.002740 -0.002770
v -0.023098 -0.002087 -0.002770
v -0.023077 -0.001856 -0.002579
v -0.023069 -0.001760 -0.002117
v -0.023069 -0.001760 0.002117
v -0.023077 -0.001856 0.002579
v -0.023098 -0.002087 0.002770
v -0.023156 -0.002740 0.002770
v -0.023176 -0.002971 0.002579
v -0.023185 -0.003067 0.002117
v -0.023185 -0.003067 -0.002117
v -0.025817 -0.002186 -0.002579
v -0.025708 -0.001981 -0.002770
v -0.025400 -0.001402 -0.002770
v -0.025291 -0.001198 -0.002579
v -0.025246 -0.001113 -0.002117
v -0.025246 -0.001113 0.002117
v -0.025291 -0.001198 0.002579
v -0.025400 -0.001402 0.002770
v -0.025708 -0.001981 0.002770
v -0.025817 -0.002186 0.002579
v -0.025863 -0.002271 0.002117
v -0.025863 -0.002271 -0.002117
v -0.024050 -0.001925 -0.002770
v -0.024212 -0.002560 -0.002770
v -0.024269 -0.002785 -0.002579
v -0.024293 -0.002878 -0.002117
v -0.024293 -0.002878 0.002117
v -0.024269 -0.002785 0.002579
v -0.024212 -0.002560 0.002770
v -0.024050 -0.001925 0.002770
v -0.023993 -0.001700 0.002579
v -0.023969 -0.001607 0.002117
v -0.023969 -0.001607 -0.002117
v -0.023993 -0.001700 -0.002579
v -0.026968 -0.001416 -0.002579
v -0.026821 -0.001237 -0.002770
v -0.026403 -0.000731 -0.002770
v -0.026255 -0.000552 -0.002579
v -0.026194 -0.000478 -0.002117
v -0.026194 -0.000478 0.002117
v -0.026255 -0.000552 0.002579
v -0.026403 -0.000731 0.002770
v -0.026821 -0.001237 0.002770
v -0.026968 -0.001416 0.002579
v -0.027029 -0.001490 0.002117
v -0.027029 -0.001490 -0.002117
v -0.041319 0.048306 -0.002117
v -0.041463 0.048113 -0.002117
v -0.041463 0.048113 0.002117
v -0.041319 0.048306 0.002117
v -0.041437 0.047925 -0.002117
v -0.041437 0.047925 0.002117
v -0.041182 0.048131 -0.002770
v -0.041280 0.048254 -0.002579
v -0.040760 0.048655 -0.002579
v -0.040673 0.048544 -0.002770
v -0.040796 0.048702 -0.002117
v -0.041280 0.048254 0.002579
v -0.040760 0.048655 0.002579
v -0.040796 0.048702 0.002117
v -0.041182 0.048131 0.002770
v -0.040673 0.048544 0.002770
v -0.040418 0.048750 -0.002117
v -0.040577 0.048797 -0.002117
v -0.040577 0.048797 0.002117
v -0.040418 0.048750 0.002117
v -0.041363 0.047986 -0.002579
v -0.041411 0.048115 -0.002494
v -0.041363 0.047986 0.002579
v -0.041411 0.048115 0.002494
v -0.040492 0.048690 -0.002579
v -0.040595 0.048751 -0.002494
v -0.040492 0.048690 0.002579
v -0.040595 0.048751 0.002494
v -0.017171 -0.002013 0.098704
v -0.016337 -0.002359 0.098704
v -0.016337 -0.002013 0.099538
v -0.016337 -0.001179 0.099883
v -0.017171 -0.001179 0.099538
v -0.017517 -0.001179 0.098704
v -0.007862 -0.002013 0.098704
v -0.007517 -0.001179 0.098704
v -0.007862 -0.001179 0.099538
v -0.008696 -0.001179 0.099883
v -0.008696 -0.002013 0.099538
v -0.008696 -0.002359 0.098704
v -0.017171 0.002013 0.098704
v -0.017517 0.001179 0.098704
v -0.017171 0.001179 0.099538
v -0.016337 0.001179 0.099883
v -0.016337 0.002013 0.099538
v -0.016337 0.002359 0.098704
v -0.007862 0.002013 0.098704
v -0.008696 0.002359 0.098704
v -0.008696 0.002013 0.099538
v -0.008696 0.001179 0.099883
v -0.007862 0.001179 0.099538
v -0.007517 0.001179 0.098704
v -0.017171 0.001179 -0.099538
v -0.017517 0.001179 -0.098704
v -0.017171 0.002013 -0.098704
v -0.016337 0.002359 -0.098704
v -0.016337 0.002013 -0.099538
v -0.016337 0.001179 -0.099883
v -0.007862 0.001179 -0.099538
v -0.008696 0.001179 -0.099883
v -0.008696 0.002013 -0.099538
v -0.008696 0.002359 -0.098704
v -0.007862 0.002013 -0.098704
v -0.007517 0.001179 -0.098704
v -0.017171 -0.002013 -0.098704
v -0.017517 -0.001179 -0.098704
v -0.017171 -0.001179 -0.099538
v -0.016337 -0.001179 -0.099883
v -0.016337 -0.002013 -0.099538
v -0.016337 -0.002359 -0.098704
v -0.007862 -0.002013 -0.098704
v -0.008696 -0.002359 -0.098704
v -0.008696 -0.002013 -0.099538
v -0.008696 -0.001179 -0.099883
v -0.007862 -0.001179 -0.099538
v -0.007517 -0.001179 -0.098704
v -0.017018 -0.001860 0.099385
v -0.008015 -0.001860 0.099385
v -0.017018 0.001860 0.099385
v -0.008015 0.001860 0.099385
v -0.017018 0.001860 -0.099385
v -0.008015 0.001860 -0.099385
v -0.017018 -0.001860 -0.099385
v -0.008015 -0.001860 -0.099385
vn 0.2891 -0.9495 -0.1221
vn -0.0038 -0.9792 0.2030
vn -0.0041 -0.9998 0.0199
vn -0.0115 -0.6308 0.7758
vn -0.0014 -0.2289 0.9735
vn -0.0027 -0.6375 0.7704
vn -0.6615 0.7400 -0.1214
vn -0.8083 0.5888 0.0017
vn -0.6625 0.7490 0.0110
vn -0.9933 -0.1155 -0.0000
vn -0.9917 -0.1282 0.0062
vn -0.9933 -0.1156 0.0003
vn -0.4365 0.6760 0.5937
vn -0.5691 0.5262 0.6318
vn -0.5593 0.5557 0.6152
vn -0.5809 0.8028 0.1342
vn -0.6285 0.7649 0.1411
vn -0.0008 -0.2297 -0.9733
vn -0.0115 -0.6308 -0.7758
vn -0.0027 -0.6375 -0.7704
vn -0.0037 -0.9792 -0.2030
vn 0.0058 -0.9998 -0.0177
vn -0.0040 -0.9998 -0.0199
vn -0.4996 0.8662 0.0093
vn -0.6261 0.7674 -0.1381
vn -0.4078 0.6800 -0.6094
vn -0.5554 0.5650 -0.6102
vn -0.5630 0.5271 -0.6366
vn 0.4609 -0.0307 0.8869
vn 0.0025 0.6375 0.7704
vn 0.0013 0.1992 0.9800
vn -0.0209 0.9769 0.2125
vn 0.0039 0.9998 0.0210
vn 0.0035 0.9792 0.2030
vn 0.2686 0.9633 -0.0048
vn 0.2558 0.9667 -0.0009
vn 0.2686 0.9632 0.0049
vn -0.3867 0.9222 -0.0004
vn -0.4638 0.8796 0.1057
vn -0.3867 0.9222 0.0005
vn 0.0058 0.9998 -0.0214
vn -0.0209 0.9769 -0.2125
vn 0.0035 0.9792 -0.2030
vn 0.0025 0.6375 -0.7704
vn 0.0091 0.2180 -0.9759
vn 0.0012 0.1989 -0.9800
vn 0.5648 -0.0309 0.8247
vn 0.6850 0.1223 0.7182
vn 0.9836 -0.0380 0.1761
vn 0.9958 0.0910 0.0136
vn 0.9836 0.0380 0.1761
vn 0.9854 0.0919 -0.1430
vn 0.9398 0.3418 0.0010
vn 0.4607 0.8876 -0.0005
vn 0.4142 0.8943 0.1691
vn 0.4606 0.8876 0.0007
vn 0.9850 -0.1721 0.0155
vn 0.9836 0.0380 -0.1761
vn 0.6850 -0.1223 -0.7182
vn 0.6848 0.1235 -0.7182
vn 0.4607 -0.8876 0.0005
vn 0.9398 -0.3418 -0.0010
vn 0.9642 -0.2233 0.1430
vn 0.9398 -0.3418 0.0012
vn 0.4626 0.0300 -0.8861
vn -0.7389 0.2281 0.6341
vn -0.9608 -0.2151 0.1747
vn -0.9538 -0.2365 0.1850
vn -0.7702 0.6249 0.1274
vn -0.9608 -0.2151 -0.1747
vn -0.9917 -0.1282 -0.0062
vn -0.7388 0.2281 -0.6341
vn -0.7703 0.6249 -0.1274
vn 0.3663 0.9146 0.1714
vn -0.1037 0.7952 0.5974
vn -0.4032 0.6870 0.6045
vn -0.4343 0.8934 0.1149
vn -0.1036 0.7952 -0.5974
vn -0.4460 0.6745 -0.5883
vn 0.3663 0.9146 -0.1714
vn 0.3860 0.9046 -0.1807
vn -0.4342 0.8934 -0.1149
vn 0.9491 0.2746 0.1545
vn -0.0062 0.6306 0.7761
vn 0.3717 0.9110 0.1788
vn -0.0063 0.6306 -0.7761
vn 0.9491 0.2746 -0.1545
vn 0.3717 0.9110 -0.1788
vn 0.1254 0.9474 -0.2945
vn 0.3716 -0.9110 0.1788
vn 0.6848 -0.1235 0.7182
vn 0.9491 -0.2746 0.1545
vn 0.3717 -0.9110 -0.1788
vn -0.0209 -0.9769 -0.2124
vn 0.9491 -0.2746 -0.1545
vn -0.1810 -0.6106 0.7710
vn -0.1096 -0.2161 0.9702
vn -0.2883 -0.5675 0.7712
vn 0.2440 0.1872 0.9515
vn 0.0271 -0.3569 0.9337
vn 0.0525 0.1774 0.9827
vn 0.1821 0.6103 0.7710
vn 0.2877 0.5679 0.7712
vn 0.2787 0.9386 0.2034
vn 0.4523 0.8916 0.0208
vn 0.4431 0.8731 0.2035
vn 0.3456 0.9335 0.0955
vn 0.4523 0.8916 -0.0213
vn 0.2788 0.9386 -0.2034
vn 0.4431 0.8731 -0.2035
vn 0.1820 0.6103 -0.7710
vn 0.0842 0.1656 -0.9826
vn 0.2877 0.5679 -0.7712
vn -0.0687 -0.2303 -0.9707
vn -0.1100 -0.2150 -0.9704
vn -0.2883 -0.5676 -0.7712
vn -0.2794 -0.9384 -0.2034
vn -0.4523 -0.8917 -0.0197
vn -0.4428 -0.8732 -0.2035
vn -0.4255 -0.9045 0.0292
vn -0.1845 -0.9794 -0.0820
vn -0.2850 -0.9583 0.0199
vn -0.2794 -0.9384 0.2034
vn -0.4428 -0.8732 0.2035
vn -0.4051 -0.4909 0.7713
vn -0.1518 -0.1840 0.9711
vn 0.2711 0.1272 0.9541
vn 0.4051 0.4909 0.7713
vn 0.6364 0.7711 0.0207
vn 0.6232 0.7551 0.2035
vn 0.6364 0.7711 -0.0201
vn 0.6232 0.7551 -0.2035
vn 0.4051 0.4909 -0.7713
vn 0.1186 0.1437 -0.9825
vn -0.1519 -0.1840 -0.9711
vn -0.4051 -0.4909 -0.7713
vn -0.6364 -0.7711 -0.0197
vn -0.6232 -0.7551 -0.2035
vn -0.6161 -0.7873 0.0238
vn -0.6232 -0.7551 0.2035
vn -0.1810 -0.6106 -0.7710
vn 0.0889 0.4356 -0.8957
vn 0.2435 0.9520 -0.1855
vn -0.2971 -0.0869 0.9509
vn -0.6395 -0.1879 0.7455
vn 0.6403 0.1865 0.7452
vn 0.1587 0.0482 0.9862
vn 0.9574 0.2877 0.0234
vn 0.9434 0.2732 0.1882
vn 0.9593 0.2817 -0.0212
vn 0.9434 0.2732 -0.1882
vn 0.6403 0.1865 -0.7452
vn 0.1587 0.0482 -0.9862
vn -0.2971 -0.0869 -0.9509
vn -0.6395 -0.1879 -0.7455
vn -0.9610 -0.2760 -0.0166
vn -0.9438 -0.2719 -0.1881
vn -0.9604 -0.2780 0.0173
vn -0.9438 -0.2719 0.1881
vn -0.9637 -0.2671 -0.0000
vn -0.0000 -0.0000 1.0000
vn -0.0000 -0.0000 -1.0000
vn 0.9637 0.2671 -0.0000
vn -0.6446 -0.1787 0.7433
vn -0.9466 -0.2624 0.1873
vn -0.9466 -0.2624 -0.1873
vn -0.6446 -0.1787 -0.7433
vn 0.9466 0.2624 0.1873
vn 0.6446 0.1787 0.7433
vn 0.6446 0.1787 -0.7433
vn 0.9466 0.2624 -0.1873
vn -0.0038 -0.9792 -0.2030
vn 0.0056 -0.9998 -0.0176
vn -0.0041 -0.9998 -0.0199
vn -0.0007 -0.2290 -0.9734
vn -0.8083 0.5888 -0.0017
vn -0.6618 0.7496 0.0128
vn -0.6625 0.7490 -0.0110
vn -0.9933 -0.1156 -0.0003
vn -0.5691 0.5262 -0.6318
vn -0.4365 0.6760 -0.5937
vn -0.5593 0.5557 -0.6152
vn -0.5809 0.8028 -0.1342
vn -0.6285 0.7649 -0.1411
vn -0.1600 -0.3313 0.9299
vn 0.0115 -0.2192 0.9756
vn -0.0037 -0.9792 0.2030
vn 0.0057 -0.9998 0.0179
vn -0.0209 -0.9770 0.2124
vn -0.6261 0.7674 0.1381
vn -0.5509 0.8345 0.0099
vn -0.5691 0.5263 0.6318
vn 0.0119 0.2188 -0.9757
vn 0.0013 0.1992 -0.9800
vn 0.0047 0.9998 -0.0202
vn 0.2558 0.9667 0.0009
vn 0.2686 0.9633 0.0048
vn 0.2686 0.9632 -0.0049
vn -0.4662 0.8780 -0.1083
vn -0.3867 0.9222 0.0004
vn -0.3867 0.9222 -0.0005
vn 0.0026 0.9834 0.1813
vn 0.0078 0.9998 0.0180
vn 0.0091 0.2179 0.9759
vn -0.0063 0.6306 0.7761
vn 0.6850 0.1223 -0.7182
vn 0.6010 -0.4269 -0.6757
vn 0.9956 0.0661 -0.0664
vn 0.9836 -0.0380 -0.1761
vn 0.9836 0.0381 -0.1761
vn 0.9398 0.3418 -0.0010
vn 0.9957 0.0918 0.0143
vn 0.4097 0.8944 -0.1795
vn 0.4607 0.8876 0.0005
vn 0.4606 0.8876 -0.0007
vn 0.9958 -0.0911 0.0136
vn 0.6850 -0.1223 0.7182
vn 0.6848 0.1235 0.7182
vn 0.4607 -0.8876 -0.0005
vn 0.9645 -0.2194 -0.1467
vn 0.9398 -0.3418 0.0010
vn 0.9398 -0.3418 -0.0012
vn -0.0004 0.1992 0.9800
vn -0.7389 0.2281 -0.6341
vn -0.6760 0.2087 -0.7068
vn -0.9538 -0.2365 -0.1851
vn -0.7702 0.6249 -0.1274
vn -0.9917 -0.1282 0.0063
vn -0.7388 0.2281 0.6341
vn -0.6759 0.2087 0.7068
vn -0.7703 0.6249 0.1274
vn 0.3664 0.9145 -0.1714
vn -0.1037 0.7952 -0.5974
vn -0.4032 0.6870 -0.6045
vn -0.0977 0.7497 -0.6545
vn -0.4343 0.8934 -0.1149
vn -0.1036 0.7952 0.5974
vn -0.0977 0.7497 0.6545
vn 0.3860 0.9046 0.1807
vn -0.0062 0.6306 -0.7761
vn 0.5134 0.4300 -0.7427
vn 0.3717 0.9110 -0.1787
vn 0.5134 0.4300 0.7426
vn 0.3716 0.9110 0.1788
vn 0.3716 -0.9110 -0.1788
vn 0.6848 -0.1235 -0.7182
vn 0.5134 -0.4300 -0.7426
vn 0.9491 -0.2747 -0.1545
vn 0.5134 -0.4300 0.7426
vn 0.3717 -0.9110 0.1788
vn -0.0920 -0.2276 -0.9694
vn -0.2883 -0.5675 -0.7712
vn -0.0015 -0.4194 -0.9078
vn 0.0517 0.1776 -0.9827
vn 0.4763 0.8790 -0.0220
vn 0.2787 0.9386 -0.2034
vn 0.3864 0.9183 0.0862
vn 0.3425 0.9313 -0.1237
vn 0.2788 0.9386 0.2034
vn 0.1844 0.9795 0.0817
vn 0.1082 0.1554 0.9819
vn -0.0687 -0.2303 0.9707
vn 0.2133 0.2573 0.9425
vn -0.2883 -0.5676 0.7712
vn -0.0629 -0.3854 0.9206
vn -0.4325 -0.9013 0.0255
vn -0.2137 -0.9621 0.1695
vn -0.4523 -0.8917 -0.0196
vn -0.2850 -0.9583 -0.0199
vn -0.2795 -0.9384 -0.2034
vn 0.6599 0.7508 -0.0268
vn 0.5708 0.8172 0.0804
vn 0.0809 0.1916 0.9781
vn -0.1373 -0.3600 0.9228
vn -0.6157 -0.7876 0.0240
vn -0.1839 -0.9819 0.0454
vn 0.9574 0.2877 -0.0234
vn 0.9593 0.2817 0.0212
vn 0.6402 0.1865 0.7452
vn -0.9610 -0.2760 0.0166
vn -0.9604 -0.2780 -0.0173
vn -0.4005 -0.9160 -0.0223
vn -0.0902 -0.9959 -0.0014
vn -0.0902 -0.9959 0.0014
vn -0.9941 -0.1082 0.0012
vn -0.9160 -0.4005 0.0223
vn -0.9161 -0.4004 -0.0213
vn -0.0553 -0.3787 0.9239
vn 0.1189 -0.1162 0.9861
vn -0.0146 -0.0998 0.9949
vn -0.0411 -0.9988 0.0273
vn -0.0784 -0.9185 0.3876
vn -0.1335 -0.9142 0.3827
vn -0.9186 -0.0490 0.3922
vn -0.9943 0.1069 0.0003
vn -0.0947 -0.0572 0.9939
vn -0.3922 0.0490 0.9186
vn -0.3921 -0.0494 0.9186
vn 0.8167 -0.5767 -0.0228
vn 0.9469 -0.3215 0.0019
vn 0.9470 -0.3212 -0.0023
vn 0.0321 -0.9351 0.3528
vn 0.2355 -0.9716 0.0227
vn 0.2353 -0.9717 -0.0217
vn 0.3891 -0.0268 0.9208
vn 0.1441 0.0746 0.9867
vn 0.8890 -0.2454 0.3866
vn 0.9939 -0.1101 0.0029
vn 0.9049 -0.1440 0.4005
vn -0.9160 0.4005 -0.0223
vn -0.9942 0.1074 -0.0015
vn -0.0287 0.9996 0.0006
vn -0.4005 0.9160 0.0223
vn -0.4004 0.9161 -0.0213
vn -0.0283 0.9949 0.0968
vn 0.2300 0.8920 0.3890
vn 0.3076 0.9515 0.0013
vn 0.0552 0.3787 0.9239
vn 0.1389 0.3699 0.9186
vn 0.5559 0.8310 -0.0221
vn 0.3077 0.9515 -0.0019
vn 0.9780 0.2076 0.0218
vn 0.9780 0.2075 -0.0207
vn -0.9186 0.0490 -0.3922
vn -0.9022 -0.2576 -0.3459
vn -0.0865 0.0670 -0.9940
vn -0.3922 -0.0490 -0.9186
vn -0.3921 0.0494 -0.9186
vn 0.0553 0.3787 -0.9239
vn 0.1442 0.0746 -0.9867
vn 0.0163 0.1117 -0.9936
vn 0.2355 0.9716 -0.0243
vn 0.2300 0.8920 -0.3890
vn 0.1335 0.9142 -0.3827
vn 0.3891 -0.0268 -0.9208
vn 0.1190 -0.1162 -0.9861
vn 0.9437 0.1251 -0.3061
vn 0.8890 -0.2454 -0.3866
vn 0.9049 -0.1440 -0.4005
vn -0.3060 -0.9474 -0.0934
vn -0.0784 -0.9185 -0.3876
vn 0.0592 -0.9355 -0.3482
vn -0.0553 -0.3787 -0.9239
vn 0.0134 -0.3968 -0.9178
vn -0.0572 0.2049 0.9771
vn -0.0967 -0.1293 -0.9869
vn -0.8879 -0.3253 0.3253
vn -0.3253 -0.8879 0.3253
vn -0.3253 -0.3253 0.8879
vn -0.0285 -0.3959 0.9178
vn 0.1613 -0.9315 0.3260
vn 0.8085 -0.4977 0.3142
vn 0.2670 -0.3857 0.8832
vn 0.3825 -0.1300 0.9148
vn -0.3253 0.8879 0.3253
vn 0.0135 0.9180 0.3963
vn -0.8879 0.3253 0.3253
vn -0.1334 0.0423 0.9902
vn -0.3253 0.3253 0.8879
vn 0.9312 0.1410 0.3360
vn 0.4807 0.8148 0.3241
vn 0.3718 0.2564 0.8922
vn -0.3253 0.3253 -0.8879
vn -0.0034 0.3968 -0.9179
vn -0.8879 0.3253 -0.3253
vn -0.1808 0.9825 0.0451
vn -0.3253 0.8879 -0.3253
vn 0.9312 0.1410 -0.3360
vn 0.3718 0.2564 -0.8922
vn 0.4807 0.8148 -0.3241
vn -0.3253 -0.8879 -0.3253
vn -0.0444 -0.9173 -0.3956
vn -0.8879 -0.3253 -0.3253
vn -0.1432 -0.0335 -0.9891
vn -0.3253 -0.3253 -0.8879
vn 0.8085 -0.4977 -0.3142
vn 0.1613 -0.9315 -0.3260
vn 0.2670 -0.3857 -0.8832
vn 0.0628 -0.9963 0.0586
vn -0.0465 -0.9229 0.3823
vn -0.2701 -0.9490 -0.1628
vn -0.0465 -0.9230 -0.3821
vn 0.0484 -0.1229 -0.9912
vn -0.0192 -0.3825 -0.9238
vn 0.0200 0.3825 -0.9238
vn 0.0995 0.1913 -0.9765
vn 0.1646 0.9862 -0.0197
vn 0.0479 0.9228 -0.3824
vn -0.1202 0.9689 0.2161
vn 0.0479 0.9228 0.3824
vn 0.0200 0.3825 0.9238
vn -0.0911 -0.1378 0.9863
vn -0.0687 0.2069 0.9759
vn -0.0444 -0.9173 0.3956
vn -0.0285 -0.3959 -0.9178
vn 0.0135 0.9180 -0.3963
vn -0.0034 0.3968 0.9179
vn -0.0192 -0.3825 0.9238
vn -0.0405 -0.9992 -0.0015
vn -0.0403 -0.9992 0.0012
vn -0.0027 -0.3978 0.9175
vn 0.0363 -0.1041 0.9939
vn -0.0361 -0.1040 0.9939
vn 0.0027 -0.9175 0.3978
vn -0.0035 -0.9175 0.3977
vn 0.9160 -0.4005 -0.0223
vn 0.9942 -0.1074 -0.0015
vn 0.9943 -0.1069 0.0003
vn 0.2952 -0.8857 0.3582
vn 0.4005 -0.9160 0.0223
vn 0.4004 -0.9161 -0.0213
vn 0.3922 -0.0490 0.9186
vn 0.0361 0.1040 0.9939
vn 0.9186 0.0490 0.3922
vn 0.9186 -0.0494 0.3921
vn -0.0413 0.9991 0.0008
vn -0.0027 0.9175 0.3978
vn 0.0403 0.9992 0.0012
vn -0.3298 0.2218 0.9176
vn 0.0027 0.3978 0.9175
vn -0.0035 0.3977 0.9175
vn 0.4005 0.9160 -0.0223
vn 0.0405 0.9992 -0.0015
vn 0.9056 0.2311 0.3557
vn 0.9160 0.4005 0.0223
vn 0.9161 0.4004 -0.0213
vn -0.9022 -0.2577 -0.3459
vn -0.0735 0.0572 -0.9957
vn -0.0027 0.3978 -0.9175
vn 0.0363 0.1041 -0.9939
vn -0.3402 0.8846 -0.3189
vn 0.0027 0.9175 -0.3978
vn -0.0035 0.9175 -0.3977
vn 0.3922 0.0490 -0.9186
vn 0.0361 -0.1040 -0.9939
vn 0.8996 0.3144 -0.3031
vn 0.9186 -0.0490 -0.3922
vn 0.9186 0.0494 -0.3921
vn -0.0027 -0.9175 -0.3978
vn 0.3215 -0.8846 -0.3378
vn -0.3298 -0.2218 -0.9176
vn 0.0027 -0.3978 -0.9175
vn -0.0035 -0.3977 -0.9175
vn 0.3253 -0.8879 0.3253
vn 0.8879 -0.3253 0.3253
vn 0.3253 -0.3253 0.8879
vn 0.8879 0.3253 0.3253
vn 0.3253 0.8879 0.3253
vn 0.3253 0.3253 0.8879
vn 0.8879 0.3253 -0.3253
vn 0.3253 0.3253 -0.8879
vn 0.3253 0.8879 -0.3253
vn 0.8879 -0.3253 -0.3253
vn 0.3253 -0.8879 -0.3253
vn 0.3253 -0.3253 -0.8879
vn -0.7935 0.1578 -0.5878
vn -0.7474 0.3096 -0.5878
vn -0.6727 0.4495 -0.5878
vn -0.5721 0.5721 -0.5878
vn -0.4495 0.6727 -0.5878
vn -0.3096 0.7474 -0.5878
vn -0.0778 0.8067 -0.5858
vn -0.0817 0.8062 -0.5860
vn 0.0779 0.8067 -0.5859
vn 0.0815 0.8062 -0.5860
vn 0.3096 0.7474 -0.5878
vn 0.4495 0.6727 -0.5878
vn 0.5721 0.5721 -0.5878
vn 0.6727 0.4495 -0.5878
vn 0.7474 0.3096 -0.5878
vn 0.7935 0.1578 -0.5878
vn 0.8090 -0.0000 -0.5878
vn 0.7935 -0.1578 -0.5878
vn 0.7474 -0.3096 -0.5878
vn 0.6727 -0.4495 -0.5878
vn 0.5721 -0.5721 -0.5878
vn 0.4495 -0.6727 -0.5878
vn 0.3096 -0.7474 -0.5878
vn 0.1578 -0.7935 -0.5878
vn -0.0000 -0.8090 -0.5878
vn -0.1578 -0.7935 -0.5878
vn -0.3096 -0.7474 -0.5878
vn -0.4495 -0.6727 -0.5878
vn -0.5721 -0.5721 -0.5878
vn -0.6727 -0.4495 -0.5878
vn -0.7474 -0.3096 -0.5878
vn -0.7935 -0.1578 -0.5878
vn -0.8090 -0.0000 -0.5878
vn 0.2855 -0.1183 -0.9511
vn 0.3031 -0.0603 -0.9511
vn 0.2569 -0.1717 -0.9511
vn 0.2185 -0.2185 -0.9511
vn 0.1717 -0.2569 -0.9511
vn 0.1183 -0.2855 -0.9511
vn 0.0293 -0.3091 -0.9506
vn 0.0317 -0.3086 -0.9507
vn -0.0293 -0.3091 -0.9506
vn -0.0317 -0.3086 -0.9507
vn -0.1183 -0.2855 -0.9511
vn -0.1717 -0.2569 -0.9511
vn -0.2185 -0.2185 -0.9511
vn -0.2569 -0.1717 -0.9511
vn -0.2855 -0.1183 -0.9511
vn -0.3031 -0.0603 -0.9511
vn -0.3090 -0.0000 -0.9511
vn -0.3031 0.0603 -0.9511
vn -0.2855 0.1183 -0.9511
vn -0.2569 0.1717 -0.9511
vn -0.2185 0.2185 -0.9511
vn -0.1717 0.2569 -0.9511
vn -0.1183 0.2855 -0.9511
vn -0.0603 0.3031 -0.9511
vn -0.0000 0.3090 -0.9511
vn 0.0603 0.3031 -0.9511
vn 0.1183 0.2855 -0.9511
vn 0.1717 0.2569 -0.9511
vn 0.2185 0.2185 -0.9511
vn 0.2569 0.1717 -0.9511
vn 0.2855 0.1183 -0.9511
vn 0.3031 0.0603 -0.9511
vn 0.3090 -0.0000 -0.9511
vn 0.9808 -0.1951 -0.0000
vn 0.9239 -0.3827 -0.0000
vn 0.8315 -0.5556 -0.0000
vn 0.7071 -0.7071 -0.0000
vn 0.5556 -0.8315 -0.0000
vn 0.3827 -0.9239 -0.0000
vn 0.0976 -0.9952 -0.0000
vn 0.0981 -0.9952 -0.0000
vn -0.0976 -0.9952 -0.0000
vn -0.0981 -0.9952 -0.0000
vn -0.3827 -0.9239 -0.0000
vn -0.5556 -0.8315 -0.0000
vn -0.7071 -0.7071 -0.0000
vn -0.8315 -0.5556 -0.0000
vn -0.9239 -0.3827 -0.0000
vn -0.9808 -0.1951 -0.0000
vn -1.0000 -0.0000 -0.0000
vn -0.9808 0.1951 -0.0000
vn -0.9239 0.3827 -0.0000
vn -0.8315 0.5556 -0.0000
vn -0.7071 0.7071 -0.0000
vn -0.5556 0.8315 -0.0000
vn -0.3827 0.9239 -0.0000
vn -0.1951 0.9808 -0.0000
vn -0.0000 1.0000 -0.0000
vn 0.1951 0.9808 -0.0000
vn 0.3827 0.9239 -0.0000
vn 0.5556 0.8315 -0.0000
vn 0.7071 0.7071 -0.0000
vn 0.8315 0.5556 -0.0000
vn 0.9239 0.3827 -0.0000
vn 0.9808 0.1951 -0.0000
vn 1.0000 -0.0000 -0.0000
vn 0.3031 -0.0603 0.9511
vn 0.2855 -0.1183 0.9511
vn 0.2569 -0.1717 0.9511
vn 0.2185 -0.2185 0.9511
vn 0.1717 -0.2569 0.9511
vn 0.1183 -0.2855 0.9511
vn 0.0293 -0.3091 0.9506
vn 0.0317 -0.3086 0.9507
vn -0.0293 -0.3091 0.9506
vn -0.0317 -0.3086 0.9507
vn -0.1183 -0.2855 0.9511
vn -0.1717 -0.2569 0.9511
vn -0.2185 -0.2185 0.9511
vn -0.2569 -0.1717 0.9511
vn -0.2855 -0.1183 0.9511
vn -0.3031 -0.0603 0.9511
vn -0.3090 -0.0000 0.9511
vn -0.3031 0.0603 0.9511
vn -0.2855 0.1183 0.9511
vn -0.2569 0.1717 0.9511
vn -0.2185 0.2185 0.9511
vn -0.1717 0.2569 0.9511
vn -0.1183 0.2855 0.9511
vn -0.0603 0.3031 0.9511
vn -0.0000 0.3090 0.9511
vn 0.0603 0.3031 0.9511
vn 0.1183 0.2855 0.9511
vn 0.1717 0.2569 0.9511
vn 0.2185 0.2185 0.9511
vn 0.2569 0.1717 0.9511
vn 0.2855 0.1183 0.9511
vn 0.3031 0.0603 0.9511
vn 0.3090 -0.0000 0.9511
vn -0.7474 0.3096 0.5878
vn -0.7935 0.1578 0.5878
vn -0.6727 0.4495 0.5878
vn -0.5721 0.5721 0.5878
vn -0.4495 0.6727 0.5878
vn -0.3096 0.7474 0.5878
vn -0.0778 0.8067 0.5859
vn -0.0817 0.8062 0.5860
vn 0.0779 0.8067 0.5859
vn 0.3096 0.7474 0.5878
vn 0.4495 0.6727 0.5878
vn 0.5721 0.5721 0.5878
vn 0.6727 0.4495 0.5878
vn 0.7474 0.3096 0.5878
vn 0.7935 0.1578 0.5878
vn 0.8090 -0.0000 0.5878
vn 0.7935 -0.1578 0.5878
vn 0.7474 -0.3096 0.5878
vn 0.6727 -0.4495 0.5878
vn 0.5721 -0.5721 0.5878
vn 0.4495 -0.6727 0.5878
vn 0.3096 -0.7474 0.5878
vn 0.1578 -0.7935 0.5878
vn -0.0000 -0.8090 0.5878
vn -0.1578 -0.7935 0.5878
vn -0.3096 -0.7474 0.5878
vn -0.4495 -0.6727 0.5878
vn -0.5721 -0.5721 0.5878
vn -0.6727 -0.4495 0.5878
vn -0.7474 -0.3096 0.5878
vn -0.7935 -0.1578 0.5878
vn -0.8090 -0.0000 0.5878
vn 0.8065 -0.0794 -0.5859
vn 0.0778 -0.8067 -0.5858
vn 0.0817 -0.8062 -0.5860
vn -0.0779 -0.8067 -0.5859
vn -0.0816 -0.8062 -0.5860
vn -0.8065 -0.0794 -0.5859
vn -0.3089 0.0304 -0.9506
vn -0.0317 0.3086 -0.9507
vn -0.0293 0.3091 -0.9506
vn 0.0293 0.3091 -0.9506
vn 0.0317 0.3086 -0.9507
vn 0.3089 0.0304 -0.9506
vn -0.9952 0.0980 -0.0000
vn -0.0976 0.9952 -0.0000
vn -0.0981 0.9952 -0.0000
vn 0.0976 0.9952 -0.0000
vn 0.0981 0.9952 -0.0000
vn 0.9952 0.0980 -0.0000
vn -0.3089 0.0304 0.9506
vn -0.0293 0.3091 0.9506
vn -0.0317 0.3086 0.9507
vn 0.0317 0.3086 0.9507
vn 0.0293 0.3091 0.9506
vn 0.3089 0.0304 0.9506
vn 0.8065 -0.0794 0.5859
vn 0.0778 -0.8067 0.5859
vn 0.0817 -0.8062 0.5860
vn -0.0779 -0.8067 0.5859
vn -0.0816 -0.8062 0.5860
vn -0.8065 -0.0794 0.5859
vn 0.8065 0.0794 -0.5859
vn -0.8065 0.0794 -0.5859
vn -0.3089 -0.0304 -0.9506
vn 0.3089 -0.0304 -0.9506
vn -0.9952 -0.0980 -0.0000
vn 0.9952 -0.0980 -0.0000
vn -0.3089 -0.0304 0.9506
vn 0.3089 -0.0304 0.9506
vn 0.8065 0.0794 0.5859
vn -0.8065 0.0794 0.5859
vn 0.0776 -0.8067 -0.5858
vn 0.0778 -0.8067 0.5858
vn -0.0815 -0.8062 -0.5860
vn 0.0816 0.8062 0.5860
vn 0.0816 0.8062 -0.5860
vn -0.7812 -0.6239 0.0223
vn -0.9386 -0.3449 0.0015
vn -0.9387 -0.3448 -0.0013
vn 0.1528 -0.9883 -0.0012
vn -0.1497 -0.9885 -0.0223
vn -0.1496 -0.9885 0.0213
vn -0.1009 -0.1277 -0.9867
vn -0.3867 -0.0900 -0.9178
vn -0.1422 0.0872 -0.9860
vn -0.9543 -0.2976 -0.0262
vn -0.8669 -0.3134 -0.3876
vn -0.8485 -0.3656 -0.3827
vn 0.1905 -0.9000 -0.3922
vn 0.3606 -0.9327 -0.0003
vn 0.0542 -0.3915 -0.9186
vn 0.1169 -0.0211 -0.9929
vn 0.1492 -0.3660 -0.9186
vn -0.7684 0.6396 0.0228
vn -0.5556 0.8315 -0.0019
vn -0.5553 0.8316 0.0023
vn -0.9115 -0.2110 -0.3530
vn -0.9995 -0.0240 -0.0227
vn -0.9995 -0.0242 0.0217
vn -0.2192 0.3352 -0.9163
vn 0.0326 0.1594 -0.9867
vn -0.4671 0.7952 -0.3866
vn -0.3636 0.9315 -0.0029
vn -0.3733 0.8368 -0.4005
vn 0.6239 -0.7812 0.0223
vn 0.3611 -0.9325 0.0015
vn 0.9730 0.2310 -0.0006
vn 0.9885 -0.1497 -0.0223
vn 0.9885 -0.1496 0.0213
vn 0.9683 0.2303 -0.0968
vn 0.8021 0.4531 -0.3890
vn 0.8395 0.5434 -0.0013
vn 0.0968 0.0869 -0.9915
vn 0.3215 0.2297 -0.9186
vn 0.3514 0.1515 -0.9239
vn 0.6588 0.7520 0.0221
vn 0.8394 0.5435 0.0019
vn -0.0526 0.9984 -0.0218
vn -0.0527 0.9984 0.0207
vn 0.2850 -0.8746 0.3922
vn -0.0154 -0.9381 0.3459
vn 0.0870 -0.0662 0.9940
vn 0.0542 -0.3915 0.9186
vn 0.1492 -0.3660 0.9186
vn 0.1749 -0.0080 0.9845
vn 0.3214 0.2297 0.9186
vn 0.0326 0.1594 0.9867
vn 0.8775 0.4789 0.0243
vn 0.8021 0.4531 0.3890
vn 0.8485 0.3655 0.3827
vn -0.2192 0.3352 0.9163
vn -0.1422 0.0872 0.9860
vn -0.1234 0.9440 0.3061
vn -0.4671 0.7952 0.3866
vn -0.3733 0.8368 0.4005
vn -0.8367 -0.5395 0.0943
vn -0.8669 -0.3134 0.3876
vn -0.9190 -0.1851 0.3480
vn -0.1240 -0.0013 0.9923
vn -0.3867 -0.0900 0.9178
vn -0.3514 -0.1514 0.9239
vn -0.0844 -0.9419 -0.3253
vn -0.7735 -0.5440 -0.3253
vn -0.0498 -0.3494 -0.9356
vn -0.2300 -0.3984 -0.8879
vn -0.3751 -0.1300 -0.9178
vn -0.9415 -0.0853 -0.3260
vn -0.6900 0.6521 -0.3142
vn -0.4416 0.1581 -0.8832
vn 0.9418 -0.0844 -0.3253
vn 0.8832 0.2507 -0.3963
vn 0.5440 -0.7735 -0.3253
vn 0.3984 -0.2300 -0.8879
vn -0.1048 0.9360 -0.3360
vn 0.6626 0.6752 -0.3241
vn 0.1515 0.4255 -0.8922
vn 0.3984 -0.2300 0.8879
vn 0.3841 0.0994 0.9179
vn 0.5440 -0.7735 0.3253
vn 0.9958 0.0796 -0.0451
vn 0.9418 -0.0844 0.3253
vn -0.1048 0.9360 0.3360
vn 0.1515 0.4255 0.8922
vn -0.1284 0.3648 0.9222
vn 0.6626 0.6752 0.3241
vn -0.7735 -0.5440 0.3253
vn -0.8746 -0.2803 0.3956
vn -0.0844 -0.9419 0.3253
vn 0.0047 -0.1470 0.9891
vn -0.2300 -0.3984 0.8879
vn -0.6900 0.6521 0.3142
vn -0.9415 -0.0853 0.3260
vn -0.4416 0.1581 0.8832
vn -0.8794 -0.2838 -0.3823
vn -0.8476 -0.5049 0.1632
vn -0.8474 -0.5049 -0.1643
vn -0.8795 -0.2838 0.3821
vn -0.1312 0.0150 0.9912
vn -0.3645 -0.1175 0.9238
vn 0.1072 0.0862 0.9905
vn 0.3514 0.1514 0.9239
vn 0.9100 0.4142 0.0197
vn 0.8789 0.2851 0.3824
vn 0.9670 0.1347 -0.2162
vn 0.8485 0.3656 -0.3827
vn 0.1072 0.0862 -0.9905
vn 0.3643 0.1183 -0.9238
vn -0.1096 -0.1236 -0.9863
vn -0.3645 -0.1175 -0.9238
vn -0.8746 -0.2803 -0.3956
vn -0.3751 -0.1300 0.9178
vn 0.8832 0.2507 0.3963
vn 0.8789 0.2851 -0.3824
vn 0.3841 0.0994 -0.9179
vn -0.9547 -0.2976 0.0013
vn -0.9547 -0.2976 -0.0012
vn 0.1530 -0.9882 -0.0006
vn 0.0357 -0.2424 -0.9695
vn -0.3849 -0.1004 -0.9175
vn -0.1096 0.0077 -0.9939
vn -0.8869 -0.2349 -0.3978
vn -0.8853 -0.2409 -0.3977
vn 0.2850 -0.8746 -0.3922
vn 0.3609 -0.9326 -0.0011
vn 0.1488 -0.3662 -0.9186
vn 0.0538 -0.3916 -0.9186
vn -0.6239 0.7812 0.0223
vn -0.3608 0.9326 0.0009
vn -0.3606 0.9327 -0.0003
vn -0.9320 0.0559 -0.3582
vn -0.9885 0.1497 -0.0223
vn -0.9885 0.1496 0.0213
vn -0.0542 0.3915 -0.9186
vn 0.0913 0.0623 -0.9939
vn -0.1905 0.9000 -0.3922
vn -0.2855 0.8745 -0.3921
vn 0.3608 -0.9326 0.0009
vn 0.9758 0.2187 -0.0008
vn 0.8869 0.2349 -0.3978
vn 0.9547 0.2976 -0.0012
vn 0.3849 0.1004 -0.9175
vn 0.3832 0.1063 -0.9175
vn 0.7812 0.6239 0.0223
vn 0.9547 0.2976 0.0013
vn -0.0112 0.9345 -0.3557
vn 0.1497 0.9885 -0.0223
vn 0.1496 0.9885 0.0213
vn 0.1905 -0.9000 0.3922
vn -0.0150 -0.9384 0.3453
vn 0.1488 -0.3662 0.9186
vn -0.0911 -0.0616 0.9939
vn 0.0538 -0.3915 0.9186
vn 0.3849 0.1004 0.9175
vn 0.0912 0.0620 0.9939
vn 0.3147 -0.2496 0.9158
vn 0.8869 0.2349 0.3978
vn 0.8853 0.2409 0.3977
vn -0.0542 0.3915 0.9186
vn -0.1098 0.0079 0.9939
vn -0.1905 0.9000 0.3922
vn -0.2855 0.8745 0.3921
vn -0.8869 -0.2349 0.3978
vn -0.9377 0.0816 0.3377
vn -0.3849 -0.1004 0.9175
vn -0.3832 -0.1063 0.9175
vn 0.3391 -0.0177 -0.9406
vn 0.9152 0.2431 0.3215
vn -0.0844 -0.9418 -0.3253
vn 0.1900 -0.9001 -0.3921
vn -0.3832 -0.1063 -0.9175
vn -0.9418 0.0844 -0.3253
vn -0.5440 0.7735 -0.3253
vn -0.3984 0.2300 -0.8879
vn -0.1492 0.3660 -0.9186
vn 0.0844 0.9418 -0.3253
vn 0.7735 0.5440 -0.3253
vn 0.2300 0.3984 -0.8879
vn 0.2855 -0.8745 0.3921
vn -0.0162 0.9999 -0.0041
vn 0.0844 0.9419 0.3253
vn 0.2300 0.3984 0.8879
vn 0.7735 0.5440 0.3253
vn -0.8853 -0.2409 0.3977
vn -0.0844 -0.9418 0.3253
vn -0.5440 0.7735 0.3253
vn -0.9418 0.0844 0.3253
vn -0.3984 0.2300 0.8879
vn 0.0359 -0.2424 -0.9695
vn -0.3850 -0.1004 -0.9175
vn -0.1103 0.0084 -0.9939
vn 0.0538 -0.3915 -0.9186
vn -0.3611 0.9325 0.0015
vn -0.1488 0.3661 -0.9186
vn 0.0911 0.0615 -0.9939
vn -0.2854 0.8745 -0.3921
vn 0.2994 -0.2609 -0.9178
vn 0.3835 0.1056 -0.9175
vn 0.3851 0.0995 -0.9175
vn 0.1488 -0.3661 0.9186
vn 0.0911 0.0615 0.9939
vn -0.1488 0.3661 0.9186
vn -0.1103 0.0084 0.9939
vn 0.0708 0.9503 0.3031
vn -0.2850 0.8746 0.3922
vn -0.1900 0.9001 0.3921
vn -0.8869 -0.2348 0.3978
vn 0.0844 0.9418 0.3253
vn -0.0538 0.3915 0.9186
vn 0.0355 -0.2423 -0.9695
vn 0.1098 -0.0079 -0.9939
vn -0.1488 0.3662 -0.9186
vn 0.0911 0.0616 -0.9939
vn 0.0743 -0.0562 0.9957
vn -0.1488 0.3662 0.9186
vn -0.9377 0.0816 0.3378
vn -0.1288 -0.3760 0.9176
vn -0.0026 -0.6375 -0.7704
vn 0.0116 -0.2192 0.9756
vn 0.0092 0.2179 0.9759
vn 0.6009 -0.4269 -0.6757
vn -0.6759 0.2087 -0.7068
vn 0.3664 0.9146 -0.1714
vn 0.3664 0.9145 0.1714
vn 0.5134 0.4300 -0.7426
vn 0.3716 0.9110 -0.1788
vn 0.3717 -0.9110 -0.1787
vn -0.0688 -0.2308 -0.9706
vn 0.1821 0.6102 -0.7710
vn 0.4762 0.8791 -0.0225
vn 0.3426 0.9313 -0.1237
vn 0.1843 0.9795 0.0817
vn 0.1083 0.1554 0.9819
vn 0.1820 0.6103 0.7710
vn -0.0629 -0.3854 -0.9206
vn 0.5670 0.8174 -0.1018
vn 0.1586 0.0482 -0.9862
vn 0.1586 0.0482 0.9862
vn -0.8083 0.5888 -0.0018
vn -0.5838 0.8012 -0.1312
vn 0.2559 0.9667 0.0007
vn 0.9398 0.3418 -0.0012
vn 0.9836 -0.0381 -0.1761
vn 0.4606 -0.8876 -0.0007
vn -0.6760 0.2087 0.7068
vn -0.9538 -0.2366 -0.1850
vn 0.5134 0.4300 0.7427
vn -0.0209 -0.9770 -0.2124
vn -0.8083 0.5888 0.0018
vn -0.5838 0.8012 0.1312
vn -0.5592 0.5557 0.6152
vn 0.2559 0.9667 -0.0007
vn 0.9398 0.3418 0.0012
vn 0.9836 -0.0381 0.1761
vn 0.4606 -0.8876 0.0007
vn -0.9538 -0.2366 0.1851
vn 0.3861 0.9046 -0.1807
vn -0.1518 -0.1840 -0.9711
vn -0.4004 -0.9161 0.0213
vn 0.0134 -0.3968 0.9178
vn -0.9186 0.0494 0.3921
vn 0.8167 -0.5766 0.0219
vn -0.9161 0.4004 0.0213
vn 0.1335 0.9142 0.3827
vn 0.5558 0.8311 0.0211
vn -0.9186 -0.0494 -0.3921
vn 0.1389 0.3699 -0.9186
vn 0.3825 -0.1300 -0.9148
vn -0.1335 -0.9142 -0.3827
vn 0.0035 -0.3977 0.9175
vn 0.9161 -0.4004 0.0213
vn 0.3921 0.0494 0.9186
vn 0.0035 0.9175 0.3977
vn 0.4004 0.9161 0.0213
vn 0.0035 0.3977 -0.9175
vn 0.3921 -0.0494 -0.9186
vn 0.0035 -0.9175 -0.3977
vn 0.0815 0.8062 0.5860
vn -0.0815 -0.8062 0.5860
vn -0.7813 -0.6238 -0.0213
vn -0.3515 -0.1514 -0.9239
vn 0.2855 -0.8745 -0.3921
vn -0.7684 0.6397 -0.0219
vn -0.1284 0.3648 -0.9222
vn 0.6238 -0.7813 -0.0213
vn 0.6589 0.7519 -0.0211
vn 0.1900 -0.9001 0.3921
vn -0.8485 -0.3656 0.3827
vn 0.3643 0.1183 0.9237
vn -0.6238 0.7813 -0.0213
vn 0.8853 0.2409 -0.3977
vn 0.7813 0.6238 -0.0213
vn 0.3832 0.1063 0.9175
vn -0.1492 0.3660 0.9186
vn -0.0538 0.3916 -0.9186
vn -0.0538 0.3915 -0.9186
vn -0.0026 -0.6375 0.7704
vt 0.248154 0.390464
vt 0.232354 0.545077
vt 0.233821 0.545223
vt 0.000374 0.110608
vt 0.115201 0.006153
vt 0.114617 0.005417
vt 0.291759 0.058662
vt 0.278497 0.056699
vt 0.278475 0.057455
vt 0.230673 0.720710
vt 0.217555 0.718890
vt 0.217497 0.719479
vt 0.276361 0.059454
vt 0.277051 0.057430
vt 0.276349 0.057440
vt 0.276994 0.059532
vt 0.461179 0.035083
vt 0.556438 0.157644
vt 0.461881 0.034458
vt 0.248469 0.546556
vt 0.261315 0.391697
vt 0.247001 0.546431
vt 0.291498 0.060724
vt 0.293144 0.058892
vt 0.292846 0.060978
vt 0.293825 0.059023
vt 0.002464 0.112736
vt 0.117046 0.008505
vt 0.116462 0.007768
vt 0.247137 0.385551
vt 0.262851 0.231229
vt 0.261384 0.231088
vt 0.291390 0.061971
vt 0.278290 0.060256
vt 0.278239 0.060764
vt 0.291431 0.061463
vt 0.278353 0.059516
vt 0.276027 0.232429
vt 0.263226 0.387054
vt 0.277496 0.232557
vt 0.458957 0.037082
vt 0.554020 0.159388
vt 0.459659 0.036458
vt 0.001074 0.111233
vt 0.001920 0.113364
vt 0.246811 0.388993
vt 0.248476 0.387022
vt 0.247038 0.386804
vt 0.261634 0.388254
vt 0.248557 0.386270
vt 0.261697 0.387499
vt 0.248610 0.385604
vt 0.261449 0.390279
vt 0.263112 0.388309
vt 0.556217 0.158734
vt 0.554429 0.160079
vt 0.248226 0.389802
vt 0.261368 0.391031
vt 0.248289 0.389047
vt 0.555639 0.158136
vt 0.276510 0.056552
vt 0.216311 0.719333
vt 0.216080 0.718877
vt 0.277166 0.056794
vt 0.231865 0.720786
vt 0.230726 0.720120
vt 0.293815 0.058120
vt 0.293141 0.058246
vt 0.277083 0.060205
vt 0.276476 0.060436
vt 0.293209 0.061953
vt 0.293494 0.061004
vt 0.292636 0.061626
vt 0.292849 0.062087
vt 0.247378 0.386162
vt 0.003025 0.113487
vt 0.553335 0.160030
vt 0.262883 0.387613
vt 0.261769 0.386837
vt 0.247039 0.389689
vt 0.000422 0.111702
vt 0.262547 0.391139
vt 0.262788 0.391751
vt 0.117460 0.003473
vt 0.122460 0.002214
vt 0.122159 0.001325
vt 0.123116 0.004155
vt 0.117934 0.004284
vt 0.118977 0.006046
vt 0.119451 0.006857
vt 0.123417 0.005045
vt 0.261644 0.228261
vt 0.263505 0.224124
vt 0.262037 0.223994
vt 0.263113 0.228383
vt 0.276669 0.225313
vt 0.277754 0.229724
vt 0.278137 0.225448
vt 0.456871 0.035058
vt 0.453712 0.031783
vt 0.453266 0.032610
vt 0.458799 0.032773
vt 0.454678 0.029978
vt 0.455123 0.029151
vt 0.248144 0.550069
vt 0.246196 0.555157
vt 0.247664 0.555294
vt 0.233011 0.553934
vt 0.246678 0.549923
vt 0.233500 0.548709
vt 0.232032 0.548584
vt 0.231543 0.553799
vt 0.126339 0.000301
vt 0.126484 0.001230
vt 0.126809 0.003251
vt 0.126952 0.004179
vt 0.263828 0.220570
vt 0.262362 0.220455
vt 0.276988 0.221752
vt 0.278453 0.221900
vt 0.449925 0.031166
vt 0.450221 0.030276
vt 0.450872 0.028343
vt 0.451169 0.027452
vt 0.245794 0.559519
vt 0.247262 0.559671
vt 0.232601 0.558291
vt 0.231131 0.558169
vt 0.459402 0.032053
vt 0.457475 0.034338
vt 0.276287 0.229579
vt 0.130576 0.000942
vt 0.130616 -0.000000
vt 0.130597 0.003928
vt 0.130634 0.002983
vt 0.264133 0.217015
vt 0.262662 0.216962
vt 0.277327 0.218185
vt 0.278783 0.218394
vt 0.446372 0.030320
vt 0.446492 0.029382
vt 0.446885 0.027379
vt 0.447003 0.026442
vt 0.245370 0.563878
vt 0.246824 0.564095
vt 0.232211 0.562639
vt 0.230741 0.562583
vt 0.276783 0.060616
vt 0.232354 0.545077
vt 0.248154 0.390464
vt 0.233821 0.545223
vt 0.115201 0.006153
vt 0.000374 0.110608
vt 0.114617 0.005417
vt 0.278497 0.056699
vt 0.291759 0.058662
vt 0.278475 0.057455
vt 0.217555 0.718890
vt 0.230673 0.720709
vt 0.217497 0.719478
vt 0.277051 0.057430
vt 0.276361 0.059454
vt 0.276349 0.057440
vt 0.276994 0.059532
vt 0.461179 0.035083
vt 0.556437 0.157644
vt 0.555639 0.158136
vt 0.248469 0.546556
vt 0.261315 0.391697
vt 0.262788 0.391751
vt 0.293144 0.058892
vt 0.291498 0.060725
vt 0.293494 0.061004
vt 0.292846 0.060978
vt 0.117046 0.008505
vt 0.002464 0.112736
vt 0.116462 0.007768
vt 0.262851 0.231229
vt 0.247137 0.385551
vt 0.261384 0.231088
vt 0.278290 0.060256
vt 0.291390 0.061971
vt 0.278239 0.060764
vt 0.278353 0.059516
vt 0.291431 0.061463
vt 0.276027 0.232429
vt 0.263226 0.387054
vt 0.261769 0.386837
vt 0.458957 0.037083
vt 0.554020 0.159388
vt 0.553335 0.160030
vt 0.001920 0.113364
vt 0.001074 0.111234
vt 0.248475 0.387022
vt 0.246811 0.388993
vt 0.247038 0.386804
vt 0.248557 0.386270
vt 0.261634 0.388254
vt 0.248610 0.385604
vt 0.261697 0.387499
vt 0.263112 0.388309
vt 0.261449 0.390279
vt 0.556217 0.158734
vt 0.554429 0.160079
vt 0.248226 0.389802
vt 0.248289 0.389047
vt 0.261368 0.391031
vt 0.459659 0.036458
vt 0.276510 0.056552
vt 0.277166 0.056794
vt 0.216311 0.719333
vt 0.216080 0.718877
vt 0.230726 0.720120
vt 0.231865 0.720786
vt 0.293815 0.058120
vt 0.293141 0.058246
vt 0.277083 0.060205
vt 0.276475 0.060436
vt 0.293209 0.061953
vt 0.292636 0.061626
vt 0.292849 0.062087
vt 0.247378 0.386162
vt 0.003025 0.113488
vt 0.002483 0.113825
vt 0.553806 0.160447
vt 0.262883 0.387613
vt 0.247039 0.389689
vt 0.000422 0.111702
vt -0.000000 0.111114
vt 0.556726 0.158214
vt 0.262547 0.391139
vt 0.122460 0.002215
vt 0.117460 0.003473
vt 0.122159 0.001325
vt 0.117934 0.004284
vt 0.123116 0.004155
vt 0.118977 0.006046
vt 0.119451 0.006858
vt 0.263505 0.224124
vt 0.261644 0.228261
vt 0.262037 0.223994
vt 0.276669 0.225313
vt 0.263113 0.228383
vt 0.277754 0.229724
vt 0.276287 0.229580
vt 0.453712 0.031784
vt 0.456871 0.035058
vt 0.453266 0.032610
vt 0.458799 0.032773
vt 0.457475 0.034338
vt 0.455123 0.029151
vt 0.454677 0.029978
vt 0.246196 0.555157
vt 0.248144 0.550069
vt 0.247664 0.555294
vt 0.246678 0.549923
vt 0.233011 0.553934
vt 0.233500 0.548709
vt 0.232032 0.548584
vt 0.126339 0.000302
vt 0.126809 0.003251
vt 0.126952 0.004180
vt 0.263828 0.220570
vt 0.262362 0.220455
vt 0.276988 0.221752
vt 0.278453 0.221900
vt 0.449925 0.031166
vt 0.450221 0.030276
vt 0.451169 0.027452
vt 0.450872 0.028343
vt 0.245793 0.559519
vt 0.247262 0.559671
vt 0.232601 0.558290
vt 0.231543 0.553799
vt 0.247000 0.546431
vt 0.459402 0.032053
vt 0.130576 0.000942
vt 0.130616 0.000000
vt 0.130634 0.002983
vt 0.130597 0.003928
vt 0.264133 0.217015
vt 0.262662 0.216962
vt 0.277327 0.218185
vt 0.446372 0.030320
vt 0.446885 0.027379
vt 0.446491 0.029382
vt 0.245370 0.563878
vt 0.246824 0.564095
vt 0.232211 0.562639
vt 0.231131 0.558169
vt 0.293825 0.059023
vt 0.230741 0.562582
vt 0.447003 0.026442
vt 0.276783 0.060616
vt 0.278783 0.218394
vt 0.759245 0.706241
vt 0.760220 0.474266
vt 0.760220 0.706241
vt 0.754071 0.235163
vt 0.522260 0.234198
vt 0.754071 0.234198
vt 0.767352 0.234198
vt 0.769098 0.235163
vt 0.767352 0.235163
vt 0.767352 0.706241
vt 0.769098 0.707173
vt 0.767352 0.707173
vt 0.759245 0.235163
vt 0.754071 0.237975
vt 0.760220 0.235163
vt 0.759245 0.237975
vt 0.767105 0.234198
vt 0.999048 0.235163
vt 0.767105 0.235163
vt 0.769098 0.706241
vt 0.770064 0.474266
vt 0.770064 0.706241
vt 0.770064 0.237975
vt 0.769098 0.237975
vt 0.770064 0.235163
vt 0.767105 0.237975
vt 0.754071 0.238939
vt 0.522260 0.237975
vt 0.760220 0.235471
vt 0.759245 0.467461
vt 0.759245 0.235471
vt 0.767352 0.235471
vt 0.769098 0.238939
vt 0.769098 0.235471
vt 0.767352 0.238939
vt 0.770064 0.235471
vt 0.769098 0.467461
vt 0.999048 0.238939
vt 0.767105 0.238939
vt 0.521341 0.237975
vt 0.522260 0.235163
vt 0.760220 0.469469
vt 0.759245 0.472320
vt 0.759245 0.469469
vt 0.767352 0.468470
vt 0.769098 0.469469
vt 0.767352 0.469469
vt 0.767352 0.467461
vt 0.769098 0.468470
vt 0.770064 0.469469
vt 0.769098 0.472320
vt 0.999048 0.237975
vt 1.000000 0.235163
vt 1.000000 0.237975
vt 0.767352 0.474266
vt 0.769098 0.473302
vt 0.769098 0.474266
vt 0.767352 0.473302
vt 0.767352 0.237975
vt 0.767352 0.472320
vt 0.759245 0.234198
vt 0.759245 0.707173
vt 0.760220 0.234198
vt 0.770064 0.707173
vt 0.770064 0.234198
vt 0.759245 0.238939
vt 0.760220 0.238939
vt 0.760220 0.237975
vt 0.770064 0.238939
vt 0.759245 0.468470
vt 0.760220 0.468470
vt 0.521341 0.238939
vt 0.760220 0.467461
vt 1.000000 0.238939
vt 0.770064 0.468470
vt 0.759245 0.473302
vt 0.760220 0.473302
vt 0.521341 0.234198
vt 0.760220 0.472320
vt 1.000000 0.234198
vt 0.770064 0.473302
vt 0.765937 0.706241
vt 0.765937 0.707173
vt 0.765937 0.474266
vt 0.765937 0.473302
vt 0.765937 0.472320
vt 0.765937 0.468470
vt 0.765937 0.469469
vt 0.765937 0.467461
vt 0.765937 0.235471
vt 0.765937 0.238939
vt 0.765937 0.235163
vt 0.765937 0.237975
vt 0.760220 0.707173
vt 0.765937 0.234198
vt 0.508265 0.710306
vt 0.509287 0.469076
vt 0.509287 0.710306
vt 0.520153 0.230351
vt 0.278754 0.229347
vt 0.520153 0.229347
vt 0.509287 0.229347
vt 0.518777 0.230351
vt 0.509287 0.230351
vt 0.518777 0.711263
vt 0.509287 0.711263
vt 0.508265 0.230351
vt 0.520153 0.233235
vt 0.508265 0.233235
vt 0.533516 0.229347
vt 0.773287 0.230351
vt 0.533516 0.230351
vt 0.518777 0.710306
vt 0.519720 0.469076
vt 0.519719 0.710306
vt 0.519720 0.230351
vt 0.518777 0.233235
vt 0.519719 0.233235
vt 0.520153 0.234198
vt 0.278754 0.233235
vt 0.509287 0.220808
vt 0.508265 0.462017
vt 0.508265 0.220808
vt 0.509287 0.234198
vt 0.518777 0.220808
vt 0.509287 0.233235
vt 0.518777 0.234198
vt 0.519719 0.220808
vt 0.518777 0.462017
vt 0.533516 0.233235
vt 0.773287 0.234198
vt 0.533516 0.234198
vt 0.277780 0.233235
vt 0.278754 0.230351
vt 0.509287 0.464035
vt 0.508265 0.467058
vt 0.508265 0.464035
vt 0.509287 0.463029
vt 0.518777 0.464035
vt 0.509287 0.462017
vt 0.518777 0.463029
vt 0.519720 0.464035
vt 0.518777 0.467058
vt 0.773287 0.233235
vt 0.774204 0.230351
vt 0.774204 0.233235
vt 0.509287 0.468064
vt 0.518777 0.469076
vt 0.509287 0.467058
vt 0.518777 0.468064
vt 0.508265 0.229347
vt 0.508265 0.711263
vt 0.519720 0.711263
vt 0.519719 0.229347
vt 0.508265 0.234198
vt 0.519719 0.234198
vt 0.508265 0.463029
vt 0.277780 0.234198
vt 0.774204 0.234198
vt 0.519720 0.463029
vt 0.508265 0.468064
vt 0.277780 0.229347
vt 0.774204 0.229347
vt 0.519720 0.468064
vt 0.004751 0.794472
vt 0.024639 0.778604
vt 0.025651 0.793349
vt 0.047109 0.778712
vt 0.047524 0.793347
vt 0.069582 0.778906
vt 0.069777 0.793531
vt 0.092010 0.779018
vt 0.092164 0.793653
vt 0.114401 0.779035
vt 0.114632 0.793620
vt 0.137248 0.793218
vt 0.136909 0.778832
vt 0.180439 0.794193
vt 0.180992 0.779396
vt 0.203487 0.779537
vt 0.203304 0.794219
vt 0.225890 0.794148
vt 0.225922 0.779483
vt 0.248332 0.779367
vt 0.248357 0.794031
vt 0.270724 0.779240
vt 0.270771 0.793904
vt 0.293162 0.793777
vt 0.293107 0.779114
vt 0.315485 0.778991
vt 0.315543 0.793653
vt 0.337861 0.778870
vt 0.337920 0.793532
vt 0.360295 0.793412
vt 0.360236 0.778750
vt 0.382670 0.793292
vt 0.382610 0.778630
vt 0.405045 0.793173
vt 0.404985 0.778511
vt 0.427419 0.793054
vt 0.427359 0.778392
vt 0.449793 0.792935
vt 0.449733 0.778273
vt 0.472167 0.792816
vt 0.472107 0.778154
vt 0.494480 0.778035
vt 0.494539 0.792696
vt 0.516853 0.777915
vt 0.516910 0.792576
vt 0.539276 0.792454
vt 0.539223 0.777795
vt 0.561635 0.792330
vt 0.561588 0.777672
vt 0.583978 0.792201
vt 0.583947 0.777548
vt 0.606292 0.777421
vt 0.606289 0.792065
vt 0.628537 0.791924
vt 0.628616 0.777297
vt 0.650909 0.777202
vt 0.650658 0.791801
vt 0.672519 0.791795
vt 0.673159 0.777227
vt 0.695320 0.777682
vt 0.693840 0.792286
vt 0.717030 0.779673
vt 0.714177 0.794354
vt 0.000000 0.763778
vt 0.023956 0.763906
vt 0.046945 0.764226
vt 0.069565 0.764400
vt 0.092012 0.764467
vt 0.114323 0.764505
vt 0.136344 0.764762
vt 0.181688 0.764644
vt 0.203707 0.764906
vt 0.226001 0.764854
vt 0.248354 0.764742
vt 0.270722 0.764620
vt 0.293095 0.764497
vt 0.315469 0.764376
vt 0.337843 0.764256
vt 0.360218 0.764137
vt 0.382592 0.764018
vt 0.404966 0.763899
vt 0.427341 0.763780
vt 0.449715 0.763661
vt 0.472089 0.763542
vt 0.494464 0.763424
vt 0.516838 0.763305
vt 0.539212 0.763187
vt 0.561585 0.763070
vt 0.583960 0.762955
vt 0.606339 0.762847
vt 0.628731 0.762757
vt 0.651166 0.762713
vt 0.673721 0.762789
vt 0.696603 0.763174
vt 0.720248 0.764534
vt 0.024211 0.749295
vt 0.047089 0.749721
vt 0.069637 0.749836
vt 0.092049 0.749843
vt 0.114365 0.749861
vt 0.136409 0.750140
vt 0.181729 0.750007
vt 0.203693 0.750197
vt 0.225936 0.750135
vt 0.248261 0.750030
vt 0.270616 0.749916
vt 0.292982 0.749800
vt 0.315354 0.749682
vt 0.337727 0.749563
vt 0.360101 0.749445
vt 0.382475 0.749326
vt 0.404849 0.749207
vt 0.427224 0.749089
vt 0.449598 0.748970
vt 0.471973 0.748851
vt 0.494348 0.748733
vt 0.516724 0.748616
vt 0.539101 0.748501
vt 0.561481 0.748390
vt 0.583868 0.748287
vt 0.606268 0.748202
vt 0.628697 0.748151
vt 0.651189 0.748167
vt 0.673828 0.748294
vt 0.696825 0.748570
vt 0.720783 0.748652
vt 0.000569 0.747890
vt 0.025529 0.734785
vt 0.047695 0.735276
vt 0.069958 0.735338
vt 0.092278 0.735294
vt 0.114645 0.735283
vt 0.137093 0.735395
vt 0.181111 0.735930
vt 0.203574 0.735601
vt 0.225902 0.735494
vt 0.248242 0.735396
vt 0.270599 0.735292
vt 0.292965 0.735181
vt 0.315336 0.735067
vt 0.337708 0.734950
vt 0.360082 0.734832
vt 0.382456 0.734714
vt 0.404831 0.734595
vt 0.427205 0.734476
vt 0.449580 0.734358
vt 0.471955 0.734240
vt 0.494330 0.734122
vt 0.516707 0.734007
vt 0.539086 0.733894
vt 0.561469 0.733789
vt 0.583861 0.733698
vt 0.606265 0.733633
vt 0.628692 0.733618
vt 0.651149 0.733679
vt 0.673638 0.733820
vt 0.696114 0.733880
vt 0.718327 0.732970
vt 0.006708 0.718074
vt 0.027043 0.720181
vt 0.048378 0.720707
vt 0.070274 0.720738
vt 0.092479 0.720668
vt 0.114919 0.720653
vt 0.137660 0.720873
vt 0.180721 0.721265
vt 0.203330 0.720959
vt 0.225773 0.720818
vt 0.248157 0.720722
vt 0.270530 0.720624
vt 0.292902 0.720516
vt 0.315274 0.720404
vt 0.337648 0.720288
vt 0.360022 0.720170
vt 0.382396 0.720052
vt 0.404771 0.719933
vt 0.427145 0.719815
vt 0.449520 0.719697
vt 0.471895 0.719579
vt 0.494271 0.719462
vt 0.516647 0.719346
vt 0.539026 0.719235
vt 0.561408 0.719133
vt 0.583796 0.719047
vt 0.606190 0.718992
vt 0.628585 0.718990
vt 0.650955 0.719064
vt 0.673206 0.719193
vt 0.695079 0.719140
vt 0.715976 0.717977
vt 0.516960 0.075234
vt 0.493655 0.061472
vt 0.515875 0.060489
vt 0.538358 0.060480
vt 0.538842 0.075115
vt 0.560850 0.060554
vt 0.561103 0.075180
vt 0.583485 0.075195
vt 0.583302 0.060551
vt 0.605907 0.075124
vt 0.605709 0.060471
vt 0.628382 0.074920
vt 0.628086 0.060321
vt 0.650996 0.074366
vt 0.650587 0.059972
vt 0.694189 0.075082
vt 0.694673 0.060277
vt 0.717029 0.074967
vt 0.717159 0.060286
vt 0.739559 0.074753
vt 0.739573 0.060099
vt 0.761940 0.059854
vt 0.761906 0.074490
vt 0.784259 0.059627
vt 0.784075 0.074236
vt 0.806527 0.059523
vt 0.805961 0.074102
vt 0.828703 0.059852
vt 0.827300 0.074472
vt 0.850434 0.061724
vt 0.847658 0.076429
vt 0.491147 0.045788
vt 0.515116 0.045793
vt 0.538120 0.045994
vt 0.560761 0.046049
vt 0.583245 0.045993
vt 0.605638 0.045879
vt 0.627929 0.045766
vt 0.649947 0.045891
vt 0.695301 0.045521
vt 0.717329 0.045665
vt 0.739636 0.045500
vt 0.762016 0.045294
vt 0.784453 0.045123
vt 0.807016 0.045071
vt 0.829909 0.045329
vt 0.853573 0.046558
vt 0.515292 0.031178
vt 0.538184 0.031487
vt 0.560747 0.031485
vt 0.583183 0.031365
vt 0.605563 0.031210
vt 0.627875 0.031095
vt 0.649928 0.031255
vt 0.695271 0.030885
vt 0.717259 0.030972
vt 0.739536 0.030820
vt 0.761925 0.030661
vt 0.784408 0.030558
vt 0.807049 0.030563
vt 0.830054 0.030713
vt 0.854022 0.030664
vt 0.491632 0.029895
vt 0.516531 0.016657
vt 0.538706 0.017036
vt 0.560972 0.016982
vt 0.583288 0.016808
vt 0.605648 0.016620
vt 0.628048 0.016492
vt 0.650522 0.016493
vt 0.694578 0.016814
vt 0.717068 0.016391
vt 0.739438 0.016217
vt 0.761840 0.016100
vt 0.784289 0.016052
vt 0.806780 0.016078
vt 0.829262 0.016018
vt 0.851479 0.014987
vt 0.494805 0.014736
vt 0.517966 0.002040
vt 0.539304 0.002458
vt 0.561190 0.002375
vt 0.583356 0.002173
vt 0.605698 0.001971
vt 0.628213 0.001846
vt 0.650999 0.001960
vt 0.694105 0.002148
vt 0.716738 0.001754
vt 0.739211 0.001555
vt 0.761627 0.001454
vt 0.784006 0.001425
vt 0.806264 0.001443
vt 0.828144 0.001276
vt 0.849044 -0.000002
vt 0.560484 0.227274
vt 0.580293 0.211288
vt 0.581387 0.226034
vt 0.602774 0.211271
vt 0.603270 0.225910
vt 0.625258 0.211339
vt 0.625535 0.225970
vt 0.647697 0.211327
vt 0.647932 0.225967
vt 0.670097 0.211218
vt 0.670408 0.225808
vt 0.693029 0.225278
vt 0.692612 0.210888
vt 0.736228 0.226004
vt 0.736709 0.211201
vt 0.759198 0.211209
vt 0.759071 0.225889
vt 0.781603 0.225673
vt 0.781614 0.211019
vt 0.803952 0.225407
vt 0.803983 0.210770
vt 0.826303 0.210540
vt 0.826121 0.225148
vt 0.848009 0.225011
vt 0.848572 0.210431
vt 0.870749 0.210756
vt 0.869349 0.225377
vt 0.892481 0.212624
vt 0.889708 0.227329
vt 0.002201 0.072902
vt 0.023066 0.058313
vt 0.022222 0.072904
vt 0.555560 0.196592
vt 0.579528 0.196587
vt 0.602529 0.196779
vt 0.625160 0.196827
vt 0.647618 0.196769
vt 0.669939 0.196683
vt 0.691972 0.196817
vt 0.737336 0.196447
vt 0.759367 0.196588
vt 0.781675 0.196420
vt 0.804056 0.196210
vt 0.826495 0.196035
vt 0.849059 0.195978
vt 0.871953 0.196232
vt 0.895617 0.197457
vt 0.001361 0.058311
vt 0.024430 0.043761
vt 0.579702 0.181968
vt 0.602593 0.182267
vt 0.625152 0.182257
vt 0.647574 0.182139
vt 0.669901 0.182033
vt 0.691959 0.182191
vt 0.737306 0.181814
vt 0.759295 0.181896
vt 0.781573 0.181740
vt 0.803963 0.181577
vt 0.826446 0.181469
vt 0.849089 0.181470
vt 0.872094 0.181615
vt 0.896064 0.181562
vt 0.000000 0.043759
vt 0.024431 0.029146
vt 0.556041 0.180694
vt 0.580939 0.167443
vt 0.603118 0.167812
vt 0.625393 0.167750
vt 0.647723 0.167582
vt 0.670102 0.167448
vt 0.692563 0.167438
vt 0.736614 0.167745
vt 0.759103 0.167316
vt 0.781473 0.167137
vt 0.803875 0.167015
vt 0.826325 0.166962
vt 0.848816 0.166984
vt 0.871300 0.166920
vt 0.893518 0.165884
vt 0.001366 0.014591
vt 0.023070 0.014594
vt 0.562016 0.150830
vt 0.582373 0.152825
vt 0.603720 0.153233
vt 0.625627 0.153142
vt 0.647843 0.152949
vt 0.670295 0.152810
vt 0.693049 0.152908
vt 0.736141 0.153080
vt 0.758772 0.152680
vt 0.781244 0.152475
vt 0.803660 0.152369
vt 0.826039 0.152336
vt 0.848298 0.152349
vt 0.870179 0.152177
vt 0.891079 0.150895
vt 0.002209 0.000000
vt 0.022230 0.000002
vt 0.496057 0.076464
vt 0.515875 0.060488
vt 0.516960 0.075232
vt 0.538358 0.060478
vt 0.538841 0.075113
vt 0.560850 0.060553
vt 0.561103 0.075179
vt 0.583485 0.075194
vt 0.583301 0.060550
vt 0.605906 0.075123
vt 0.605709 0.060470
vt 0.628381 0.074919
vt 0.628086 0.060321
vt 0.650586 0.059972
vt 0.650996 0.074365
vt 0.694188 0.075082
vt 0.694673 0.060277
vt 0.717028 0.074967
vt 0.717159 0.060286
vt 0.739558 0.074754
vt 0.739573 0.060099
vt 0.761906 0.074491
vt 0.761940 0.059855
vt 0.784259 0.059628
vt 0.784074 0.074237
vt 0.806527 0.059525
vt 0.805961 0.074104
vt 0.827300 0.074474
vt 0.828703 0.059854
vt 0.850434 0.061726
vt 0.847658 0.076430
vt 0.491147 0.045787
vt 0.515115 0.045791
vt 0.538120 0.045992
vt 0.560761 0.046047
vt 0.583245 0.045992
vt 0.605638 0.045878
vt 0.627929 0.045765
vt 0.649947 0.045891
vt 0.695301 0.045521
vt 0.717329 0.045665
vt 0.739636 0.045501
vt 0.762016 0.045295
vt 0.784453 0.045124
vt 0.807016 0.045072
vt 0.829909 0.045330
vt 0.853572 0.046560
vt 0.515292 0.031176
vt 0.538184 0.031486
vt 0.560747 0.031484
vt 0.583183 0.031364
vt 0.605563 0.031209
vt 0.627876 0.031095
vt 0.649928 0.031254
vt 0.695271 0.030885
vt 0.717259 0.030972
vt 0.739537 0.030821
vt 0.761926 0.030662
vt 0.784408 0.030559
vt 0.807049 0.030565
vt 0.830054 0.030715
vt 0.854022 0.030666
vt 0.491632 0.029893
vt 0.516531 0.016655
vt 0.538706 0.017034
vt 0.560972 0.016981
vt 0.583288 0.016807
vt 0.605649 0.016619
vt 0.628048 0.016492
vt 0.650522 0.016493
vt 0.694578 0.016814
vt 0.717069 0.016391
vt 0.739438 0.016217
vt 0.761840 0.016100
vt 0.784290 0.016053
vt 0.806780 0.016079
vt 0.829262 0.016020
vt 0.851480 0.014988
vt 0.494805 0.014734
vt 0.517967 0.002038
vt 0.539305 0.002456
vt 0.561190 0.002373
vt 0.583356 0.002172
vt 0.605699 0.001970
vt 0.628213 0.001845
vt 0.650999 0.001959
vt 0.694106 0.002148
vt 0.716739 0.001755
vt 0.739212 0.001556
vt 0.761628 0.001455
vt 0.784006 0.001427
vt 0.806265 0.001445
vt 0.828145 0.001278
vt 0.849044 0.000000
vt 0.573316 0.076383
vt 0.550014 0.090150
vt 0.552413 0.075156
vt 0.594716 0.091134
vt 0.595197 0.076498
vt 0.617208 0.091055
vt 0.617458 0.076429
vt 0.639841 0.076410
vt 0.662262 0.076476
vt 0.639660 0.091054
vt 0.684737 0.076676
vt 0.662067 0.091130
vt 0.707352 0.077226
vt 0.684444 0.091275
vt 0.706945 0.091620
vt 0.750544 0.076502
vt 0.751031 0.091306
vt 0.773384 0.076613
vt 0.795915 0.076822
vt 0.773518 0.091293
vt 0.818298 0.091717
vt 0.818262 0.077080
vt 0.840431 0.077331
vt 0.862885 0.092039
vt 0.862317 0.077460
vt 0.885061 0.091706
vt 0.883656 0.077086
vt 0.906792 0.089830
vt 0.904014 0.075126
vt 0.572233 0.091128
vt 0.547508 0.105834
vt 0.571477 0.105825
vt 0.617122 0.105560
vt 0.661999 0.105722
vt 0.684290 0.105830
vt 0.706308 0.105701
vt 0.751662 0.106063
vt 0.795997 0.106075
vt 0.795931 0.091477
vt 0.840618 0.091939
vt 0.818377 0.106277
vt 0.863378 0.106492
vt 0.909934 0.104995
vt 0.571656 0.120440
vt 0.594548 0.120126
vt 0.594481 0.105620
vt 0.617110 0.120124
vt 0.639547 0.120240
vt 0.639606 0.105611
vt 0.661926 0.120390
vt 0.684239 0.120501
vt 0.706292 0.120337
vt 0.751635 0.120698
vt 0.773623 0.120608
vt 0.773691 0.105915
vt 0.795900 0.120755
vt 0.818289 0.120910
vt 0.840772 0.121009
vt 0.840815 0.106444
vt 0.863413 0.120999
vt 0.886418 0.120845
vt 0.886271 0.106230
vt 0.910386 0.120890
vt 0.572898 0.134961
vt 0.547996 0.121727
vt 0.595072 0.134578
vt 0.617338 0.134627
vt 0.639655 0.134797
vt 0.662015 0.134981
vt 0.684415 0.135104
vt 0.706888 0.135099
vt 0.750945 0.134770
vt 0.773435 0.135188
vt 0.795805 0.135359
vt 0.818207 0.135471
vt 0.840656 0.135515
vt 0.863146 0.135485
vt 0.885629 0.135540
vt 0.574336 0.149577
vt 0.551172 0.136885
vt 0.595674 0.149155
vt 0.639726 0.149432
vt 0.662068 0.149630
vt 0.684582 0.149751
vt 0.707368 0.149632
vt 0.750475 0.149436
vt 0.773108 0.149825
vt 0.795581 0.150020
vt 0.840375 0.150141
vt 0.884514 0.150282
vt 0.905414 0.151556
vt 0.907846 0.136568
vt 0.034701 0.809855
vt 0.014810 0.793990
vt 0.035710 0.795109
vt 0.057171 0.809742
vt 0.057583 0.795107
vt 0.079644 0.809545
vt 0.079837 0.794919
vt 0.102072 0.809428
vt 0.102223 0.794793
vt 0.124463 0.809408
vt 0.124692 0.794823
vt 0.147308 0.795220
vt 0.146971 0.809607
vt 0.190499 0.794239
vt 0.191054 0.809036
vt 0.213364 0.794209
vt 0.235950 0.794275
vt 0.213549 0.808890
vt 0.258394 0.809053
vt 0.258416 0.794389
vt 0.280786 0.809177
vt 0.280830 0.794513
vt 0.303221 0.794636
vt 0.325547 0.809418
vt 0.325603 0.794756
vt 0.347923 0.809536
vt 0.347980 0.794874
vt 0.370355 0.794990
vt 0.392730 0.795106
vt 0.370298 0.809652
vt 0.415105 0.795222
vt 0.392673 0.809768
vt 0.437479 0.795337
vt 0.415047 0.809883
vt 0.459853 0.795453
vt 0.437421 0.809999
vt 0.482226 0.795568
vt 0.459795 0.810114
vt 0.504543 0.810345
vt 0.504599 0.795684
vt 0.526915 0.810461
vt 0.526970 0.795801
vt 0.549336 0.795919
vt 0.571695 0.796040
vt 0.549285 0.810578
vt 0.594038 0.796165
vt 0.571651 0.810697
vt 0.616354 0.810941
vt 0.616349 0.796297
vt 0.638597 0.796434
vt 0.660972 0.811153
vt 0.660718 0.796554
vt 0.682579 0.796556
vt 0.705382 0.810666
vt 0.703900 0.796061
vt 0.727092 0.808671
vt 0.724236 0.793990
vt 0.010064 0.824685
vt 0.012488 0.808992
vt 0.034021 0.824552
vt 0.057009 0.824228
vt 0.079629 0.824051
vt 0.102076 0.823980
vt 0.124387 0.823938
vt 0.146408 0.823677
vt 0.191752 0.823787
vt 0.213771 0.823522
vt 0.236065 0.823570
vt 0.235984 0.808941
vt 0.258418 0.823678
vt 0.303159 0.823916
vt 0.303169 0.809299
vt 0.347908 0.824149
vt 0.392656 0.824380
vt 0.415031 0.824496
vt 0.459780 0.824726
vt 0.482154 0.824841
vt 0.482169 0.810230
vt 0.504528 0.824956
vt 0.526902 0.825071
vt 0.571650 0.825300
vt 0.594025 0.825410
vt 0.594009 0.810818
vt 0.616404 0.825515
vt 0.638678 0.811061
vt 0.638796 0.825601
vt 0.683221 0.811123
vt 0.661231 0.825641
vt 0.683786 0.825562
vt 0.730313 0.823810
vt 0.034278 0.839163
vt 0.057156 0.838733
vt 0.079704 0.838614
vt 0.102115 0.838603
vt 0.124432 0.838581
vt 0.146476 0.838299
vt 0.191796 0.838424
vt 0.213760 0.838230
vt 0.236003 0.838289
vt 0.258328 0.838390
vt 0.280683 0.838500
vt 0.280786 0.823797
vt 0.303049 0.838613
vt 0.325420 0.838727
vt 0.325533 0.824033
vt 0.347794 0.838842
vt 0.370167 0.838957
vt 0.370282 0.824265
vt 0.392542 0.839072
vt 0.414916 0.839187
vt 0.437291 0.839303
vt 0.437405 0.824611
vt 0.459665 0.839418
vt 0.482040 0.839532
vt 0.504415 0.839647
vt 0.526791 0.839760
vt 0.549168 0.839872
vt 0.549276 0.825186
vt 0.571548 0.839980
vt 0.593935 0.840079
vt 0.616335 0.840160
vt 0.638764 0.840207
vt 0.661257 0.840188
vt 0.683895 0.840056
vt 0.706892 0.839777
vt 0.706667 0.825173
vt 0.730850 0.839691
vt 0.035598 0.853674
vt 0.010636 0.840572
vt 0.057764 0.853178
vt 0.080028 0.853113
vt 0.102347 0.853153
vt 0.124715 0.853160
vt 0.191180 0.852501
vt 0.213643 0.852827
vt 0.235972 0.852930
vt 0.280668 0.853125
vt 0.303034 0.853232
vt 0.325405 0.853343
vt 0.347778 0.853456
vt 0.392526 0.853685
vt 0.414900 0.853800
vt 0.437275 0.853915
vt 0.459649 0.854030
vt 0.482024 0.854144
vt 0.504400 0.854258
vt 0.526777 0.854370
vt 0.549156 0.854479
vt 0.571539 0.854580
vt 0.593930 0.854668
vt 0.616335 0.854729
vt 0.661219 0.854676
vt 0.683707 0.854531
vt 0.706183 0.854467
vt 0.037115 0.868277
vt 0.013891 0.855710
vt 0.080346 0.867712
vt 0.102551 0.867778
vt 0.147731 0.867566
vt 0.147162 0.853044
vt 0.190793 0.867166
vt 0.213401 0.867468
vt 0.235844 0.867606
vt 0.258229 0.867698
vt 0.258312 0.853024
vt 0.280602 0.867793
vt 0.302973 0.867896
vt 0.325346 0.868006
vt 0.347720 0.868118
vt 0.370094 0.868232
vt 0.370151 0.853570
vt 0.392468 0.868346
vt 0.414842 0.868461
vt 0.437217 0.868576
vt 0.459592 0.868691
vt 0.481967 0.868805
vt 0.504342 0.868919
vt 0.526719 0.869030
vt 0.549098 0.869137
vt 0.571480 0.869236
vt 0.593868 0.869319
vt 0.616262 0.869370
vt 0.638657 0.869368
vt 0.638761 0.854741
vt 0.661027 0.869290
vt 0.683278 0.869158
vt 0.705150 0.869207
vt 0.728397 0.855373
vt 0.508265 0.710306
vt 0.509287 0.469076
vt 0.509287 0.710306
vt 0.520153 0.230351
vt 0.278754 0.229347
vt 0.520153 0.229347
vt 0.509287 0.229347
vt 0.518777 0.230351
vt 0.509287 0.230351
vt 0.518777 0.711263
vt 0.509287 0.711263
vt 0.508264 0.230351
vt 0.520153 0.233235
vt 0.508264 0.233235
vt 0.533516 0.229347
vt 0.773286 0.230351
vt 0.533516 0.230351
vt 0.518777 0.710306
vt 0.519719 0.469076
vt 0.519719 0.710306
vt 0.519719 0.230351
vt 0.518777 0.233235
vt 0.519719 0.233235
vt 0.520153 0.234198
vt 0.278754 0.233235
vt 0.509287 0.220808
vt 0.508265 0.462017
vt 0.508264 0.220808
vt 0.509287 0.234198
vt 0.518777 0.220808
vt 0.509287 0.233235
vt 0.518777 0.234198
vt 0.519719 0.220808
vt 0.518777 0.462017
vt 0.533516 0.233235
vt 0.773286 0.234198
vt 0.533516 0.234198
vt 0.277780 0.233235
vt 0.278754 0.230351
vt 0.509287 0.464035
vt 0.508265 0.467058
vt 0.508265 0.464035
vt 0.509287 0.463029
vt 0.518777 0.464034
vt 0.509287 0.462017
vt 0.518777 0.463029
vt 0.519719 0.464034
vt 0.518777 0.467058
vt 0.773287 0.233235
vt 0.774204 0.230351
vt 0.774204 0.233235
vt 0.509287 0.468064
vt 0.518777 0.469076
vt 0.509287 0.467058
vt 0.518777 0.468064
vt 0.508265 0.229347
vt 0.508265 0.711263
vt 0.519719 0.711263
vt 0.519719 0.229347
vt 0.508264 0.234198
vt 0.519719 0.234198
vt 0.508265 0.463029
vt 0.277780 0.234198
vt 0.519720 0.463029
vt 0.508265 0.468064
vt 0.277780 0.229347
vt 0.774204 0.229347
vt 0.519719 0.468064
vt 0.759245 0.706241
vt 0.760220 0.474266
vt 0.754071 0.235163
vt 0.522260 0.234198
vt 0.754071 0.234198
vt 0.767352 0.235163
vt 0.769098 0.234198
vt 0.769098 0.235163
vt 0.769098 0.707173
vt 0.767352 0.707173
vt 0.759245 0.235163
vt 0.754071 0.237975
vt 0.760220 0.237975
vt 0.759245 0.237975
vt 0.767105 0.234198
vt 0.999048 0.235163
vt 0.767105 0.235163
vt 0.769098 0.706241
vt 0.770064 0.474266
vt 0.770064 0.235163
vt 0.769098 0.237975
vt 0.767105 0.237975
vt 0.770064 0.237975
vt 0.754071 0.238939
vt 0.522260 0.237975
vt 0.760220 0.235471
vt 0.759245 0.467461
vt 0.759245 0.235471
vt 0.767352 0.235471
vt 0.769098 0.238939
vt 0.769098 0.235471
vt 0.767352 0.237975
vt 0.767352 0.238939
vt 0.770064 0.235471
vt 0.769098 0.467461
vt 0.999048 0.238939
vt 0.767105 0.238939
vt 0.521341 0.237975
vt 0.522260 0.235163
vt 0.760220 0.469469
vt 0.759245 0.472320
vt 0.759245 0.469469
vt 0.767352 0.469469
vt 0.769098 0.468470
vt 0.769098 0.469469
vt 0.767352 0.467461
vt 0.767352 0.468470
vt 0.770064 0.472320
vt 0.769098 0.472320
vt 0.999048 0.237975
vt 1.000000 0.235163
vt 1.000000 0.237975
vt 0.767352 0.474266
vt 0.769098 0.473302
vt 0.769098 0.474266
vt 0.767352 0.472320
vt 0.767352 0.473302
vt 0.759245 0.234198
vt 0.759245 0.707173
vt 0.760220 0.235163
vt 0.760220 0.234198
vt 0.770064 0.707173
vt 0.770064 0.234198
vt 0.759245 0.238939
vt 0.760220 0.238939
vt 0.770064 0.238939
vt 0.759245 0.468470
vt 0.760220 0.468470
vt 0.521341 0.238939
vt 0.760220 0.467461
vt 1.000000 0.238939
vt 0.770064 0.468470
vt 0.770064 0.469469
vt 0.759245 0.473302
vt 0.760220 0.473302
vt 0.521341 0.234198
vt 0.760220 0.472320
vt 1.000000 0.234198
vt 0.770064 0.473302
vt 0.765937 0.707173
vt 0.765937 0.474266
vt 0.765937 0.706241
vt 0.765937 0.473302
vt 0.765937 0.472320
vt 0.765937 0.469469
vt 0.765937 0.467461
vt 0.765937 0.468470
vt 0.765937 0.235471
vt 0.765937 0.237975
vt 0.765937 0.238939
vt 0.765937 0.235163
vt 0.765937 0.234198
vt 0.760220 0.707173
vt 0.508265 0.710306
vt 0.509287 0.469076
vt 0.509287 0.710306
vt 0.520153 0.230351
vt 0.278754 0.229347
vt 0.520153 0.229347
vt 0.509287 0.230351
vt 0.518777 0.229347
vt 0.518777 0.230351
vt 0.518777 0.711263
vt 0.509287 0.711263
vt 0.508264 0.233235
vt 0.520153 0.233235
vt 0.508264 0.230351
vt 0.533516 0.229347
vt 0.773286 0.230351
vt 0.533516 0.230351
vt 0.518777 0.710306
vt 0.519719 0.469076
vt 0.519719 0.233235
vt 0.518777 0.233235
vt 0.519719 0.230351
vt 0.520153 0.234198
vt 0.278754 0.233235
vt 0.509287 0.220808
vt 0.508264 0.462017
vt 0.508264 0.220808
vt 0.509287 0.234198
vt 0.518777 0.220808
vt 0.518777 0.234198
vt 0.519719 0.220808
vt 0.518777 0.462017
vt 0.533516 0.233235
vt 0.773286 0.234198
vt 0.533516 0.234198
vt 0.277780 0.230351
vt 0.278754 0.230351
vt 0.508264 0.464035
vt 0.509287 0.467058
vt 0.508264 0.467058
vt 0.509287 0.463029
vt 0.518777 0.464035
vt 0.509287 0.464035
vt 0.518777 0.463029
vt 0.519719 0.464034
vt 0.518777 0.467058
vt 0.774204 0.233235
vt 0.774204 0.230351
vt 0.518777 0.468064
vt 0.518777 0.469076
vt 0.509287 0.468064
vt 0.509287 0.233235
vt 0.509287 0.462017
vt 0.508264 0.229347
vt 0.508264 0.711263
vt 0.509287 0.229347
vt 0.519719 0.711263
vt 0.519719 0.229347
vt 0.508264 0.234198
vt 0.519719 0.234198
vt 0.508264 0.463029
vt 0.277780 0.234198
vt 0.277780 0.233235
vt 0.773286 0.233235
vt 0.774204 0.234198
vt 0.519719 0.463029
vt 0.508264 0.468064
vt 0.277780 0.229347
vt 0.774204 0.229347
vt 0.519719 0.468064
vt 0.508264 0.710306
vt 0.509287 0.469076
vt 0.509287 0.710306
vt 0.520153 0.230351
vt 0.278754 0.229347
vt 0.520153 0.229347
vt 0.509287 0.230351
vt 0.518777 0.229347
vt 0.518777 0.230351
vt 0.518777 0.711263
vt 0.509287 0.711263
vt 0.508265 0.230351
vt 0.520153 0.233235
vt 0.508264 0.233235
vt 0.533516 0.229347
vt 0.773287 0.230351
vt 0.533516 0.230351
vt 0.518777 0.710306
vt 0.519719 0.469076
vt 0.519720 0.710306
vt 0.519719 0.230351
vt 0.518777 0.233235
vt 0.519719 0.233235
vt 0.520153 0.234198
vt 0.278754 0.233235
vt 0.509287 0.220808
vt 0.508265 0.462017
vt 0.508265 0.220808
vt 0.509287 0.234198
vt 0.518777 0.220808
vt 0.509287 0.233235
vt 0.518777 0.234198
vt 0.519719 0.220808
vt 0.518777 0.462017
vt 0.533516 0.233235
vt 0.773287 0.234198
vt 0.533516 0.234198
vt 0.277780 0.230351
vt 0.278754 0.230351
vt 0.508265 0.464034
vt 0.508265 0.467058
vt 0.518777 0.464034
vt 0.509287 0.464034
vt 0.518777 0.463029
vt 0.519719 0.467058
vt 0.518777 0.467058
vt 0.773287 0.233235
vt 0.518777 0.468064
vt 0.518777 0.469076
vt 0.509287 0.468064
vt 0.509287 0.462017
vt 0.508265 0.229347
vt 0.508264 0.711263
vt 0.509287 0.229347
vt 0.519719 0.711263
vt 0.519719 0.229347
vt 0.508265 0.234198
vt 0.519719 0.234198
vt 0.277780 0.234198
vt 0.277780 0.233235
vt 0.774204 0.234198
vt 0.519719 0.463029
vt 0.519719 0.464034
vt 0.508265 0.468064
vt 0.277780 0.229347
vt 0.774204 0.229347
vt 0.508264 0.710306
vt 0.509287 0.469076
vt 0.509287 0.710306
vt 0.520153 0.230351
vt 0.278754 0.229347
vt 0.520153 0.229347
vt 0.509287 0.230351
vt 0.518777 0.229347
vt 0.518777 0.230351
vt 0.518777 0.711263
vt 0.509287 0.711263
vt 0.508264 0.230351
vt 0.520153 0.233235
vt 0.509287 0.233235
vt 0.508264 0.233235
vt 0.533516 0.229347
vt 0.773287 0.230351
vt 0.533516 0.230351
vt 0.518777 0.710306
vt 0.519719 0.469076
vt 0.519719 0.710306
vt 0.519719 0.230351
vt 0.518777 0.233235
vt 0.519719 0.233235
vt 0.520153 0.234198
vt 0.278754 0.233235
vt 0.509287 0.220808
vt 0.508264 0.462017
vt 0.508264 0.220808
vt 0.509287 0.234198
vt 0.518777 0.220808
vt 0.518777 0.234198
vt 0.519719 0.220808
vt 0.518777 0.462017
vt 0.533516 0.233235
vt 0.533516 0.234198
vt 0.278754 0.230351
vt 0.509287 0.464035
vt 0.508264 0.467058
vt 0.508264 0.464035
vt 0.509287 0.463029
vt 0.518777 0.464035
vt 0.518777 0.463029
vt 0.519719 0.467058
vt 0.518777 0.467058
vt 0.774204 0.233235
vt 0.518777 0.468064
vt 0.518777 0.469076
vt 0.509287 0.467058
vt 0.509287 0.468064
vt 0.509287 0.462017
vt 0.508264 0.229347
vt 0.508264 0.711263
vt 0.509287 0.229347
vt 0.519719 0.229347
vt 0.508264 0.234198
vt 0.519719 0.234198
vt 0.508264 0.463029
vt 0.519719 0.463029
vt 0.519719 0.464035
vt 0.508264 0.468064
vt 0.277780 0.229347
vt 0.519719 0.468064
vt 0.232354 0.545077
vt 0.248154 0.390464
vt 0.233821 0.545223
vt 0.115201 0.006153
vt 0.000374 0.110608
vt 0.114617 0.005417
vt 0.278497 0.056699
vt 0.291759 0.058662
vt 0.278475 0.057455
vt 0.217555 0.718890
vt 0.230673 0.720709
vt 0.217497 0.719478
vt 0.277051 0.057430
vt 0.276361 0.059454
vt 0.276349 0.057440
vt 0.276994 0.059532
vt 0.461179 0.035083
vt 0.556437 0.157644
vt 0.555639 0.158136
vt 0.248469 0.546556
vt 0.261315 0.391697
vt 0.293144 0.058892
vt 0.291498 0.060725
vt 0.293494 0.061004
vt 0.292846 0.060978
vt 0.117046 0.008505
vt 0.002464 0.112736
vt 0.116462 0.007768
vt 0.262851 0.231229
vt 0.247137 0.385551
vt 0.261384 0.231088
vt 0.278290 0.060256
vt 0.291390 0.061971
vt 0.278239 0.060764
vt 0.278353 0.059516
vt 0.291431 0.061463
vt 0.276027 0.232429
vt 0.263226 0.387054
vt 0.261769 0.386837
vt 0.458957 0.037083
vt 0.554020 0.159388
vt 0.553335 0.160030
vt 0.001920 0.113364
vt 0.001074 0.111234
vt 0.248475 0.387022
vt 0.246811 0.388993
vt 0.247038 0.386804
vt 0.248557 0.386270
vt 0.261634 0.388254
vt 0.248610 0.385604
vt 0.261697 0.387499
vt 0.556217 0.158734
vt 0.248226 0.389802
vt 0.248289 0.389047
vt 0.261368 0.391031
vt 0.459659 0.036458
vt 0.276510 0.056552
vt 0.277166 0.056794
vt 0.216311 0.719333
vt 0.216080 0.718877
vt 0.230726 0.720120
vt 0.231865 0.720786
vt 0.293141 0.058246
vt 0.277083 0.060206
vt 0.276475 0.060436
vt 0.293209 0.061953
vt 0.292636 0.061626
vt 0.292849 0.062087
vt 0.247378 0.386162
vt 0.003025 0.113488
vt 0.002483 0.113825
vt 0.553806 0.160447
vt 0.262883 0.387613
vt 0.247039 0.389689
vt 0.000422 0.111702
vt 0.000000 0.111114
vt 0.556726 0.158214
vt 0.262547 0.391139
vt 0.122159 0.001325
vt 0.117934 0.004284
vt 0.117460 0.003473
vt 0.123116 0.004155
vt 0.118977 0.006046
vt 0.119451 0.006858
vt 0.263505 0.224124
vt 0.262037 0.223994
vt 0.276669 0.225313
vt 0.263113 0.228383
vt 0.277754 0.229724
vt 0.453712 0.031784
vt 0.456871 0.035058
vt 0.453266 0.032610
vt 0.458799 0.032773
vt 0.455123 0.029151
vt 0.454677 0.029978
vt 0.246196 0.555157
vt 0.248144 0.550069
vt 0.247664 0.555294
vt 0.246678 0.549923
vt 0.233011 0.553934
vt 0.233500 0.548708
vt 0.232032 0.548583
vt 0.126339 0.000302
vt 0.122460 0.002215
vt 0.126809 0.003251
vt 0.126952 0.004180
vt 0.262362 0.220455
vt 0.276988 0.221752
vt 0.263828 0.220570
vt 0.278453 0.221900
vt 0.450221 0.030276
vt 0.451169 0.027452
vt 0.450872 0.028343
vt 0.245793 0.559519
vt 0.247262 0.559671
vt 0.232601 0.558291
vt 0.231543 0.553799
vt 0.247001 0.546431
vt 0.459402 0.032053
vt 0.130576 0.000942
vt 0.130616 0.000000
vt 0.130634 0.002983
vt 0.130597 0.003928
vt 0.264133 0.217015
vt 0.262662 0.216962
vt 0.277327 0.218185
vt 0.446372 0.030320
vt 0.446885 0.027379
vt 0.446492 0.029382
vt 0.245370 0.563878
vt 0.246824 0.564095
vt 0.232211 0.562639
vt 0.231131 0.558169
vt 0.293825 0.059023
vt 0.230741 0.562583
vt 0.447003 0.026442
vt 0.276783 0.060616
vt 0.278783 0.218394
vt 0.509287 0.710305
vt 0.520153 0.230351
vt 0.278754 0.229347
vt 0.509287 0.229347
vt 0.518777 0.230351
vt 0.509287 0.230351
vt 0.518777 0.711263
vt 0.509288 0.711263
vt 0.508264 0.230351
vt 0.508264 0.233235
vt 0.533516 0.229347
vt 0.773287 0.230351
vt 0.533516 0.230351
vt 0.519719 0.469076
vt 0.519719 0.230351
vt 0.518777 0.233235
vt 0.519719 0.233235
vt 0.520153 0.234198
vt 0.278754 0.233235
vt 0.509287 0.220808
vt 0.508265 0.462017
vt 0.508264 0.220808
vt 0.509287 0.234198
vt 0.509287 0.233235
vt 0.518777 0.234198
vt 0.519719 0.220808
vt 0.518777 0.462017
vt 0.533516 0.233235
vt 0.533516 0.234198
vt 0.277780 0.233235
vt 0.278754 0.230351
vt 0.509287 0.464035
vt 0.508265 0.467058
vt 0.508265 0.464035
vt 0.509287 0.463029
vt 0.509287 0.462017
vt 0.518777 0.463029
vt 0.519719 0.464035
vt 0.518777 0.467058
vt 0.773287 0.233235
vt 0.518777 0.469076
vt 0.509287 0.467058
vt 0.508265 0.229347
vt 0.519719 0.711263
vt 0.508264 0.234198
vt 0.519719 0.234198
vt 0.277780 0.234198
vt 0.519719 0.463029
vt 0.277780 0.229347
vt 0.519719 0.468064
vt 0.246696 0.390248
vt 0.291872 0.057918
vt 0.262886 0.390498
vt 0.232176 0.720382
vt 0.002483 0.113825
vt 0.553806 0.160447
vt -0.000000 0.111114
vt 0.556726 0.158214
vt 0.246696 0.390248
vt 0.291872 0.057918
vt 0.461880 0.034458
vt 0.277496 0.232557
vt 0.262886 0.390498
vt 0.232176 0.720382
vt 0.123417 0.005045
vt 0.278136 0.225448
vt 0.126484 0.001231
vt 0.759245 0.474266
vt 0.769098 0.234198
vt 0.999048 0.234198
vt 0.522260 0.238939
vt 0.770064 0.467461
vt 0.521341 0.235163
vt 0.770064 0.472320
vt 0.508265 0.469076
vt 0.518777 0.229347
vt 0.773287 0.229347
vt 0.278754 0.234198
vt 0.519720 0.462017
vt 0.277780 0.230351
vt 0.519720 0.467058
vt 0.002426 0.779471
vt 0.003821 0.732752
vt 0.496058 0.076465
vt 0.497613 0.000038
vt 0.558074 0.212279
vt 0.000002 0.029143
vt 0.559210 0.165531
vt 0.493655 0.061470
vt 0.497614 0.000036
vt 0.553983 0.151583
vt 0.617559 0.149234
vt 0.817997 0.150117
vt 0.862634 0.150119
vt 0.016780 0.870387
vt 0.058450 0.867747
vt 0.124991 0.867790
vt 0.726048 0.870367
vt 0.508265 0.469076
vt 0.518777 0.229347
vt 0.773286 0.229347
vt 0.278754 0.234198
vt 0.519719 0.462017
vt 0.277780 0.230351
vt 0.519719 0.467058
vt 0.759245 0.474266
vt 0.767352 0.234198
vt 0.999048 0.234198
vt 0.522260 0.238939
vt 0.770064 0.467461
vt 0.521341 0.235163
vt 0.508264 0.469076
vt 0.773287 0.229347
vt 0.278754 0.234198
vt 0.519719 0.462017
vt 0.519719 0.467058
vt 0.508265 0.469076
vt 0.773287 0.229347
vt 0.278754 0.234198
vt 0.519719 0.462017
vt 0.508264 0.469076
vt 0.773287 0.229347
vt 0.278754 0.234198
vt 0.519719 0.462017
vt 0.246696 0.390248
vt 0.291872 0.057918
vt 0.461880 0.034458
vt 0.262886 0.390498
vt 0.232176 0.720382
vt 0.123417 0.005045
vt 0.278136 0.225448
vt 0.126484 0.001231
vt 0.508265 0.469076
vt 0.518777 0.229347
vt 0.773287 0.229347
vt 0.278754 0.234198
vt 0.277780 0.230351
vt 0.519719 0.467058
s 1
usemtl lambert1
f 30/1/1 41/2/2 52/3/3
f 25/4/4 42/5/5 41/6/6
f 92/7/7 90/8/8 89/9/9
f 91/10/10 93/11/11 90/12/12
f 98/13/13 96/14/14 95/15/15
f 97/16/16 89/9/9 96/14/17
f 49/17/18 31/18/19 50/19/20
f 50/20/21 32/21/22 51/22/23
f 102/23/24 100/24/25 92/7/7
f 101/25/26 103/26/27 100/24/28
f 14/27/29 44/28/30 43/29/31
f 15/30/32 45/31/33 44/32/34
f 108/33/35 106/34/36 105/35/37
f 107/36/38 99/37/39 106/34/40
f 46/38/41 23/39/42 47/40/43
f 47/41/44 24/42/45 48/43/46
f 26/44/47 13/45/48 14/27/29
f 27/46/49 18/47/50 13/48/51
f 20/49/52 17/50/53 18/47/50
f 21/51/54 16/52/55 17/50/56
f 34/53/57 19/54/58 20/49/52
f 35/55/59 24/42/45 19/56/60
f 32/21/22 29/57/61 30/1/1
f 33/58/62 28/59/63 29/57/64
f 99/37/39 92/7/7 89/9/9
f 16/52/55 46/38/41 45/31/33
f 28/59/63 20/49/52 18/47/50
f 52/3/3 32/21/22 30/1/1
f 48/43/46 36/60/65 49/17/18
f 26/44/47 43/29/31 42/5/5
f 96/14/14 109/61/66 95/15/15
f 110/62/67 93/11/11 109/63/68
f 110/64/69 89/9/9 90/8/8
f 112/65/70 94/66/71 91/10/10
f 111/67/72 100/24/28 103/26/27
f 112/68/73 92/7/7 100/24/25
f 114/69/74 105/35/37 106/34/36
f 113/70/75 97/16/76 98/13/13
f 114/69/77 99/37/39 97/16/16
f 101/25/26 115/71/78 104/72/79
f 116/73/80 108/33/35 115/74/81
f 116/73/82 102/23/24 107/36/38
f 37/75/83 18/47/50 17/50/53
f 13/45/48 15/76/84 14/27/29
f 37/75/85 16/52/55 15/30/32
f 23/77/86 19/56/60 24/42/45
f 38/78/87 20/49/52 19/54/58
f 38/78/88 22/79/89 21/51/54
f 39/80/90 30/1/1 29/57/61
f 25/4/4 27/81/91 26/44/47
f 39/80/92 28/59/63 27/46/49
f 35/55/59 31/18/19 36/60/65
f 40/82/93 32/21/22 31/83/94
f 40/82/95 34/53/57 33/58/62
f 67/84/96 54/85/97 53/86/98
f 55/87/99 66/88/100 65/89/101
f 55/87/99 76/90/102 56/91/103
f 76/92/104 57/93/105 56/94/106
f 75/95/107 58/96/108 57/93/105
f 58/96/108 73/97/109 59/98/110
f 73/99/111 60/100/112 59/101/113
f 60/100/112 71/102/114 61/103/115
f 71/102/114 62/104/116 61/103/115
f 70/105/117 63/106/118 62/107/119
f 64/108/120 69/109/121 68/110/122
f 64/108/120 67/111/123 53/112/124
f 77/113/125 54/85/97 78/114/126
f 79/115/127 54/85/97 55/87/99
f 55/87/99 80/116/128 79/115/127
f 56/94/106 81/117/129 80/118/130
f 57/93/105 82/119/131 81/117/129
f 58/96/108 83/120/132 82/119/131
f 83/121/133 60/100/112 84/122/134
f 84/122/134 61/103/115 85/123/135
f 61/103/115 86/124/136 85/123/135
f 62/107/119 87/125/137 86/126/138
f 88/127/139 63/106/118 64/108/120
f 88/127/139 53/112/124 77/128/140
f 65/89/101 42/5/5 43/29/31
f 67/84/96 42/5/5 66/88/100
f 52/3/3 67/111/123 68/110/122
f 68/110/122 51/22/23 52/3/3
f 50/20/21 69/109/121 70/105/117
f 49/17/18 70/129/141 71/102/114
f 48/43/46 71/102/114 72/130/142
f 47/41/44 72/130/142 73/99/111
f 46/38/41 73/97/109 74/131/143
f 45/31/33 74/131/143 75/95/107
f 76/92/104 45/31/33 75/95/107
f 65/89/101 44/28/30 76/90/102
f 77/113/125 3/132/144 1/133/145
f 79/115/127 3/132/144 78/114/126
f 79/115/127 7/134/146 8/135/147
f 80/118/130 9/136/148 7/137/149
f 81/117/129 11/138/150 9/136/148
f 11/138/150 83/120/132 10/139/151
f 10/140/152 84/122/134 12/141/153
f 5/142/154 84/122/134 85/123/135
f 5/142/154 86/124/136 4/143/155
f 86/126/138 6/144/156 4/145/157
f 2/146/158 87/125/137 88/127/139
f 2/146/158 77/128/140 1/147/159
f 93/11/160 6/144/156 2/146/158
f 8/135/147 95/15/161 3/132/144
f 103/26/162 12/141/153 5/142/154
f 108/33/163 9/136/148 11/138/150
f 3/132/144 109/61/164 1/133/145
f 1/147/159 93/11/165 2/146/158
f 94/66/166 4/145/157 6/144/156
f 111/67/167 5/142/154 4/143/155
f 9/136/148 113/148/168 7/137/149
f 7/134/146 98/13/169 8/135/147
f 104/72/170 10/140/152 12/141/153
f 115/74/171 11/138/150 10/139/151
f 157/149/172 146/150/173 168/151/174
f 158/152/175 141/153/19 157/154/20
f 206/155/176 208/156/177 205/157/178
f 209/158/71 207/159/10 206/160/179
f 212/161/180 214/162/181 211/163/182
f 205/157/178 213/164/183 212/161/184
f 165/165/185 147/166/4 152/167/186
f 166/168/187 148/169/188 147/170/189
f 216/171/190 218/172/191 208/156/177
f 216/171/192 220/173/13 217/174/76
f 160/175/44 130/176/193 159/177/194
f 161/178/195 131/179/42 160/180/43
f 222/181/196 224/182/197 221/183/198
f 215/184/199 223/185/200 222/181/201
f 162/186/202 139/187/32 138/188/203
f 163/189/30 140/190/204 139/191/205
f 129/192/206 142/193/207 130/176/193
f 134/194/208 143/195/209 129/196/210
f 133/197/211 136/198/212 134/194/208
f 132/199/213 137/200/214 133/197/215
f 135/201/51 150/202/216 136/198/212
f 140/190/204 151/203/217 135/204/218
f 145/205/219 148/169/188 146/150/173
f 144/206/220 149/207/221 145/205/222
f 208/156/177 215/184/199 205/157/178
f 162/186/202 132/199/213 161/178/195
f 136/198/212 144/206/220 134/194/208
f 148/169/188 168/151/174 146/150/173
f 164/208/223 152/167/186 140/190/204
f 142/193/207 159/177/194 130/176/193
f 212/161/180 225/209/224 226/210/225
f 209/158/71 226/211/70 225/212/226
f 205/157/178 226/210/227 206/155/176
f 210/213/228 228/214/67 207/159/10
f 227/215/229 216/171/192 228/216/230
f 208/156/177 228/216/231 216/171/190
f 221/183/198 230/217/232 222/181/196
f 229/218/233 213/164/234 230/217/235
f 215/184/199 230/217/236 213/164/183
f 217/174/76 231/219/237 232/220/238
f 224/182/197 232/220/74 231/221/239
f 218/172/191 232/220/77 223/185/200
f 134/194/208 153/222/87 133/197/211
f 129/192/206 131/223/240 153/224/241
f 132/199/213 153/222/242 131/179/42
f 139/191/205 135/204/218 154/225/243
f 136/198/212 154/226/83 135/201/51
f 138/188/203 154/226/244 137/200/214
f 146/150/173 155/227/245 145/205/219
f 141/153/19 143/228/246 155/229/247
f 144/206/220 155/227/248 143/195/209
f 151/203/217 147/166/4 156/230/249
f 148/169/188 156/231/250 147/170/189
f 150/202/216 156/231/92 149/207/221
f 170/232/251 183/233/141 169/234/252
f 182/235/253 171/236/112 181/237/254
f 171/236/112 192/238/111 181/237/254
f 173/239/255 192/240/256 172/241/110
f 174/242/257 191/243/258 173/239/255
f 174/242/257 189/244/259 190/245/260
f 176/246/261 189/247/102 175/248/103
f 176/246/261 187/249/262 188/250/263
f 178/251/264 187/249/262 177/252/265
f 179/253/266 186/254/123 178/255/124
f 185/256/267 180/257/268 184/258/269
f 180/257/268 183/259/270 184/258/269
f 193/260/136 170/232/251 169/234/252
f 170/232/251 195/261/134 171/236/112
f 196/262/133 171/236/112 195/261/134
f 197/263/271 172/241/110 196/264/132
f 198/265/272 173/239/255 197/263/271
f 199/266/130 174/242/257 198/265/272
f 199/267/128 176/246/261 175/248/103
f 200/268/273 177/252/265 176/246/261
f 202/269/125 177/252/265 201/270/274
f 203/271/275 178/255/124 202/272/140
f 179/253/266 204/273/137 180/257/268
f 204/273/137 169/274/119 180/257/268
f 158/152/175 181/237/254 159/177/194
f 183/233/141 158/152/175 157/154/20
f 183/259/270 168/151/174 184/258/269
f 167/275/276 184/258/269 168/151/174
f 185/256/267 166/168/187 186/254/123
f 186/276/96 165/165/185 187/249/262
f 187/249/262 164/208/223 188/250/263
f 188/250/263 163/189/30 189/247/102
f 189/244/259 162/186/202 190/245/260
f 190/245/260 161/178/195 191/243/258
f 192/240/256 161/178/195 160/180/43
f 181/237/254 160/175/44 159/177/194
f 119/277/154 193/260/136 117/278/155
f 195/261/134 119/277/154 124/279/153
f 123/280/152 195/261/134 124/279/153
f 125/281/277 196/264/132 123/282/151
f 127/283/278 197/263/271 125/281/277
f 127/283/278 199/266/130 198/265/272
f 126/284/279 200/268/273 199/267/128
f 121/285/144 200/268/273 128/286/147
f 121/285/144 202/269/125 201/270/274
f 122/287/280 202/272/140 120/288/159
f 203/271/275 118/289/281 204/273/137
f 118/289/281 193/290/138 204/273/137
f 122/287/280 209/158/160 118/289/281
f 124/279/153 211/163/162 214/162/162
f 128/286/147 219/291/161 121/285/144
f 125/281/277 224/182/163 127/283/278
f 119/277/154 225/209/167 211/163/167
f 117/292/157 209/158/166 225/212/166
f 120/288/159 210/213/165 122/287/280
f 121/285/144 227/215/164 120/293/145
f 125/281/277 229/294/171 221/183/171
f 123/280/152 214/162/170 229/218/170
f 126/284/279 220/173/169 128/286/147
f 127/283/278 231/221/168 126/295/149
f 233/296/282 274/297/283 234/298/284
f 238/299/285 269/300/286 233/301/287
f 289/302/288 242/303/289 300/304/290
f 290/305/291 243/306/292 289/307/293
f 237/308/294 246/309/295 238/299/285
f 236/310/296 247/311/297 237/308/298
f 239/312/299 280/313/300 240/314/301
f 244/315/302 275/316/303 239/317/304
f 242/303/289 255/318/305 254/319/306
f 241/320/307 256/321/308 255/318/309
f 245/322/310 258/323/311 246/309/295
f 250/324/312 259/325/313 245/326/314
f 297/327/315 253/328/316 252/329/317
f 298/330/318 254/319/306 253/328/319
f 251/331/320 266/332/321 252/329/317
f 256/321/308 267/333/322 251/334/323
f 257/335/324 270/336/325 258/323/311
f 262/337/326 271/338/327 257/339/328
f 295/340/329 264/341/330 294/342/331
f 296/343/332 265/344/333 295/340/334
f 263/345/335 278/346/336 264/341/330
f 268/347/337 279/348/338 263/349/339
f 291/350/340 277/351/341 276/352/342
f 292/353/343 278/346/336 277/351/344
f 300/304/290 254/319/306 299/354/345
f 297/327/315 266/332/321 296/343/332
f 293/355/346 264/341/330 278/346/336
f 291/350/340 244/315/302 290/305/291
f 280/313/300 256/321/308 240/314/301
f 238/299/285 258/323/311 270/336/325
f 238/299/285 281/356/347 237/308/294
f 234/298/284 281/357/348 233/296/282
f 236/310/296 281/356/349 235/358/350
f 244/315/302 282/359/351 243/306/292
f 240/314/301 282/360/352 239/312/299
f 242/303/289 282/360/353 241/320/354
f 250/324/312 283/361/355 249/362/356
f 246/309/295 283/361/357 245/322/310
f 248/363/358 283/361/359 247/311/297
f 256/321/308 284/364/360 255/318/309
f 252/329/317 284/364/361 251/331/320
f 254/319/306 284/364/362 253/328/319
f 262/337/326 285/365/363 261/366/364
f 258/323/311 285/367/365 257/335/324
f 260/368/366 285/365/367 259/325/313
f 268/347/337 286/369/368 267/333/322
f 264/341/330 286/370/369 263/345/335
f 266/332/321 286/370/370 265/344/333
f 274/297/283 287/371/371 273/372/372
f 270/336/325 287/373/373 269/300/286
f 272/374/374 287/371/375 271/338/327
f 280/313/300 288/375/376 279/348/338
f 276/352/342 288/376/377 275/316/303
f 278/346/336 288/376/378 277/351/344
f 302/377/379 289/307/293 301/378/380
f 303/379/381 290/305/291 302/377/379
f 304/380/382 291/350/340 303/379/381
f 305/381/383 292/353/343 304/380/384
f 305/381/383 294/342/331 293/355/346
f 307/382/385 294/342/331 306/383/386
f 308/384/387 295/340/334 307/382/388
f 309/385/389 296/343/332 308/384/387
f 310/386/390 297/327/315 309/385/389
f 310/386/391 299/354/345 298/330/318
f 312/387/392 299/354/345 311/388/393
f 312/387/392 289/302/288 300/304/290
f 235/389/394 302/377/379 301/378/380
f 303/379/381 234/298/284 274/297/283
f 273/372/372 303/379/381 274/297/283
f 272/374/374 304/380/384 273/372/395
f 262/337/326 305/381/383 272/374/374
f 261/366/364 306/383/386 262/337/326
f 260/368/366 307/382/388 261/366/396
f 309/385/389 260/368/366 250/324/312
f 250/324/312 310/386/390 309/385/389
f 249/362/397 311/388/393 310/386/391
f 312/387/392 248/363/358 236/310/296
f 236/310/296 301/390/398 312/387/392
f 313/391/282 354/392/399 314/393/400
f 318/394/285 349/395/286 313/396/287
f 315/397/401 322/398/402 316/399/403
f 314/393/400 323/400/404 315/401/405
f 317/402/294 326/403/295 318/394/285
f 316/399/403 327/404/297 317/402/298
f 319/405/406 360/406/407 320/407/408
f 324/408/409 355/409/410 319/410/411
f 321/411/412 334/412/413 322/398/402
f 320/407/408 335/413/414 321/411/415
f 325/414/310 338/415/311 326/403/295
f 330/416/416 339/417/313 325/418/314
f 329/419/417 332/420/418 330/416/416
f 328/421/419 333/422/420 329/419/421
f 331/423/422 346/424/423 332/420/418
f 336/425/424 347/426/425 331/427/426
f 337/428/324 350/429/427 338/415/311
f 342/430/428 351/431/327 337/432/328
f 341/433/429 344/434/430 342/430/428
f 340/435/431 345/436/432 341/433/433
f 343/437/434 358/438/435 344/434/430
f 348/439/436 359/440/437 343/441/438
f 353/442/439 356/443/440 354/392/399
f 352/444/441 357/445/442 353/442/443
f 322/398/402 328/421/419 316/399/403
f 332/420/418 340/435/431 330/416/416
f 344/434/430 352/444/441 342/430/428
f 356/443/440 314/393/400 354/392/399
f 360/406/407 336/425/424 320/407/408
f 318/394/285 338/415/311 350/429/427
f 318/394/285 361/446/347 317/402/294
f 314/393/400 361/447/348 313/391/282
f 316/399/403 361/446/349 315/397/401
f 324/408/409 362/448/444 323/400/404
f 320/407/408 362/449/445 319/405/406
f 322/398/402 362/449/446 321/411/412
f 330/416/416 363/450/355 329/419/417
f 326/403/295 363/450/357 325/414/310
f 328/421/419 363/450/359 327/404/297
f 336/425/424 364/451/447 335/413/414
f 332/420/418 364/451/448 331/423/422
f 334/412/413 364/451/449 333/422/420
f 342/430/428 365/452/363 341/433/429
f 338/415/311 365/453/365 337/428/324
f 340/435/431 365/452/367 339/417/313
f 348/439/436 366/454/450 347/426/425
f 344/434/430 366/455/451 343/437/434
f 346/424/423 366/455/452 345/436/432
f 354/392/399 367/456/371 353/442/439
f 350/429/427 367/457/373 349/395/286
f 352/444/441 367/456/375 351/431/327
f 360/406/407 368/458/453 359/440/437
f 356/443/440 368/459/454 355/409/410
f 358/438/435 368/459/455 357/445/442
f 369/460/456 401/461/457 370/462/457
f 370/462/457 402/463/458 371/464/458
f 371/464/458 403/465/459 372/466/459
f 372/466/459 404/467/460 373/468/460
f 373/468/460 405/469/461 374/470/461
f 375/471/462 405/469/461 406/472/463
f 376/473/464 406/472/463 407/474/465
f 376/473/464 408/475/466 377/476/466
f 378/477/467 408/475/466 409/478/467
f 378/477/467 410/479/468 379/480/468
f 379/480/468 411/481/469 380/482/469
f 381/483/470 411/481/469 412/484/470
f 381/483/470 413/485/471 382/486/471
f 382/486/471 414/487/472 383/488/472
f 384/489/473 414/487/472 415/490/473
f 385/491/474 415/490/473 416/492/474
f 386/493/475 416/492/474 417/494/475
f 387/495/476 417/494/475 418/496/476
f 388/497/477 418/496/476 419/498/477
f 389/499/478 419/498/477 420/500/478
f 389/499/478 421/501/479 390/502/479
f 390/502/479 422/503/480 391/504/480
f 392/505/481 422/503/480 423/506/481
f 393/507/482 423/506/481 424/508/482
f 394/509/483 424/508/482 425/510/483
f 394/509/483 426/511/484 395/512/484
f 396/513/485 426/511/484 427/514/485
f 396/513/485 428/515/486 397/516/486
f 398/517/487 428/515/486 429/518/487
f 398/517/487 430/519/488 399/520/488
f 399/520/488 400/521/456 369/522/456
f 401/461/489 431/523/490 432/524/489
f 402/463/491 432/524/489 433/525/491
f 402/463/491 434/526/492 403/465/492
f 404/467/493 434/526/492 435/527/493
f 405/469/494 435/527/493 436/528/494
f 406/472/495 436/528/494 437/529/496
f 407/474/497 437/529/496 438/530/498
f 407/474/497 439/531/499 408/475/499
f 408/475/499 440/532/500 409/478/500
f 409/478/500 441/533/501 410/479/501
f 411/481/502 441/533/501 442/534/502
f 411/481/502 443/535/503 412/484/503
f 413/485/504 443/535/503 444/536/504
f 413/485/504 445/537/505 414/487/505
f 415/490/506 445/537/505 446/538/506
f 415/490/506 447/539/507 416/492/507
f 417/494/508 447/539/507 448/540/508
f 418/496/509 448/540/508 449/541/509
f 418/496/509 450/542/510 419/498/510
f 419/498/510 451/543/511 420/500/511
f 420/500/511 452/544/512 421/501/512
f 422/503/513 452/544/512 453/545/513
f 423/506/514 453/545/513 454/546/514
f 423/506/514 455/547/515 424/508/515
f 424/508/515 456/548/516 425/510/516
f 425/510/516 457/549/517 426/511/517
f 427/514/518 457/549/517 458/550/518
f 428/515/519 458/550/518 459/551/519
f 429/518/520 459/551/519 460/552/520
f 430/519/521 460/552/520 461/553/521
f 430/519/521 431/554/490 400/521/490
f 431/523/522 463/555/523 432/524/523
f 432/524/523 464/556/524 433/525/524
f 433/525/524 465/557/525 434/526/525
f 434/526/525 466/558/526 435/527/526
f 435/527/526 467/559/527 436/528/527
f 436/528/527 468/560/528 437/529/529
f 438/530/530 468/560/528 469/561/531
f 438/530/530 470/562/532 439/531/532
f 439/531/532 471/563/533 440/532/533
f 440/532/533 472/564/534 441/533/534
f 441/533/534 473/565/535 442/534/535
f 442/534/535 474/566/536 443/535/536
f 443/535/536 475/567/537 444/536/537
f 444/536/537 476/568/538 445/537/538
f 445/537/538 477/569/539 446/538/539
f 446/538/539 478/570/540 447/539/540
f 447/539/540 479/571/541 448/540/541
f 448/540/541 480/572/542 449/541/542
f 449/541/542 481/573/543 450/542/543
f 450/542/543 482/574/544 451/543/544
f 451/543/544 483/575/545 452/544/545
f 452/544/545 484/576/546 453/545/546
f 453/545/546 485/577/547 454/546/547
f 454/546/547 486/578/548 455/547/548
f 455/547/548 487/579/549 456/548/549
f 456/548/549 488/580/550 457/549/550
f 457/549/550 489/581/551 458/550/551
f 458/550/551 490/582/552 459/551/552
f 459/551/552 491/583/553 460/552/553
f 460/552/553 492/584/554 461/553/554
f 461/553/554 462/585/522 431/554/522
f 462/586/555 494/587/556 463/555/556
f 463/555/556 495/588/557 464/556/557
f 464/556/557 496/589/558 465/557/558
f 465/557/558 497/590/559 466/558/559
f 466/558/559 498/591/560 467/559/560
f 467/559/560 499/592/561 468/560/562
f 500/593/563 468/560/562 499/592/561
f 469/561/564 501/594/565 470/562/565
f 471/563/566 501/594/565 502/595/566
f 471/563/566 503/596/567 472/564/567
f 472/564/567 504/597/568 473/565/568
f 474/566/569 504/597/568 505/598/569
f 474/566/569 506/599/570 475/567/570
f 476/568/571 506/599/570 507/600/571
f 476/568/571 508/601/572 477/569/572
f 477/569/572 509/602/573 478/570/573
f 478/570/573 510/603/574 479/571/574
f 479/571/574 511/604/575 480/572/575
f 480/572/575 512/605/576 481/573/576
f 481/573/576 513/606/577 482/574/577
f 482/574/577 514/607/578 483/575/578
f 483/575/578 515/608/579 484/576/579
f 484/576/579 516/609/580 485/577/580
f 485/577/580 517/610/581 486/578/581
f 486/578/581 518/611/582 487/579/582
f 488/580/583 518/611/582 519/612/583
f 488/580/583 520/613/584 489/581/584
f 489/581/584 521/614/585 490/582/585
f 490/582/585 522/615/586 491/583/586
f 491/583/586 523/616/587 492/584/587
f 462/585/555 523/616/587 493/617/555
f 494/587/588 369/618/589 370/619/588
f 494/587/588 371/620/590 495/588/590
f 495/588/590 372/621/591 496/589/591
f 496/589/591 373/622/592 497/590/592
f 498/591/593 373/622/592 374/623/593
f 498/591/593 375/624/594 499/592/595
f 376/625/596 499/592/595 375/624/594
f 501/594/597 376/625/596 377/626/597
f 501/594/597 378/627/598 502/595/598
f 502/595/598 379/628/599 503/596/599
f 503/596/599 380/629/600 504/597/600
f 504/597/600 381/630/601 505/598/601
f 505/598/601 382/631/602 506/599/602
f 506/599/602 383/632/603 507/600/603
f 507/600/603 384/633/604 508/601/604
f 508/601/604 385/634/605 509/602/605
f 509/602/605 386/635/606 510/603/606
f 510/603/606 387/636/607 511/604/607
f 511/604/607 388/637/608 512/605/608
f 512/605/608 389/638/609 513/606/609
f 513/606/609 390/639/610 514/607/610
f 514/607/610 391/640/611 515/608/611
f 515/608/611 392/641/612 516/609/612
f 516/609/612 393/642/613 517/610/613
f 517/610/613 394/643/614 518/611/614
f 518/611/614 395/644/615 519/612/615
f 519/612/615 396/645/616 520/613/616
f 521/614/617 396/645/616 397/646/617
f 521/614/617 398/647/618 522/615/618
f 522/615/618 399/648/619 523/616/619
f 493/617/589 399/648/619 369/649/589
f 525/650/473 540/651/620 541/652/473
f 525/650/473 542/653/474 526/654/474
f 526/654/474 543/655/475 527/656/475
f 528/657/476 543/655/475 544/658/476
f 529/659/477 544/658/476 545/660/477
f 530/661/478 545/660/477 546/662/478
f 531/663/621 546/662/478 547/664/622
f 532/665/623 547/664/622 548/666/624
f 533/667/482 548/666/624 549/668/482
f 534/669/483 549/668/482 550/670/483
f 534/669/483 551/671/484 535/672/484
f 535/672/484 552/673/485 536/674/485
f 536/674/485 553/675/486 537/676/486
f 537/676/486 554/677/487 538/678/487
f 538/678/487 555/679/625 539/680/625
f 541/652/506 556/681/626 557/682/506
f 542/653/507 557/682/506 558/683/507
f 542/653/507 559/684/508 543/655/508
f 544/658/509 559/684/508 560/685/509
f 544/658/509 561/686/510 545/660/510
f 546/662/511 561/686/510 562/687/511
f 546/662/511 563/688/627 547/664/628
f 548/666/629 563/688/627 564/689/630
f 549/668/515 564/689/630 565/690/515
f 549/668/515 566/691/516 550/670/516
f 550/670/516 567/692/517 551/671/517
f 552/673/518 567/692/517 568/693/518
f 552/673/518 569/694/519 553/675/519
f 553/675/519 570/695/520 554/677/520
f 554/677/520 571/696/631 555/679/631
f 556/681/632 573/697/539 557/682/539
f 557/682/539 574/698/540 558/683/540
f 558/683/540 575/699/541 559/684/541
f 559/684/541 576/700/542 560/685/542
f 560/685/542 577/701/543 561/686/543
f 561/686/543 578/702/544 562/687/544
f 562/687/544 579/703/633 563/688/634
f 564/689/635 579/703/633 580/704/636
f 564/689/635 581/705/548 565/690/548
f 565/690/548 582/706/549 566/691/549
f 566/691/549 583/707/550 567/692/550
f 567/692/550 584/708/551 568/693/551
f 568/693/551 585/709/552 569/694/552
f 569/694/552 586/710/553 570/695/553
f 570/695/553 587/711/637 571/696/637
f 572/712/638 589/713/572 573/697/572
f 573/697/572 590/714/573 574/698/573
f 574/698/573 591/715/574 575/699/574
f 575/699/574 592/716/575 576/700/575
f 576/700/575 593/717/576 577/701/576
f 577/701/576 594/718/577 578/702/577
f 578/702/577 595/719/639 579/703/640
f 580/704/641 595/719/639 596/720/642
f 580/704/641 597/721/581 581/705/581
f 582/706/582 597/721/581 598/722/582
f 583/707/583 598/722/582 599/723/583
f 584/708/584 599/723/583 600/724/584
f 585/709/585 600/724/584 601/725/585
f 585/709/585 602/726/586 586/710/586
f 586/710/586 603/727/643 587/711/643
f 588/728/644 525/729/604 589/713/604
f 589/713/604 526/730/605 590/714/605
f 591/715/606 526/730/605 527/731/606
f 591/715/606 528/732/607 592/716/607
f 592/716/607 529/733/608 593/717/608
f 593/717/608 530/734/609 594/718/609
f 594/718/609 531/735/645 595/719/646
f 532/736/647 595/719/646 531/735/645
f 596/720/648 533/737/613 597/721/613
f 597/721/613 534/738/614 598/722/614
f 599/723/615 534/738/614 535/739/615
f 599/723/615 536/740/616 600/724/616
f 600/724/616 537/741/617 601/725/617
f 601/725/617 538/742/618 602/726/618
f 602/726/618 539/743/649 603/727/649
f 604/744/456 621/745/457 605/746/457
f 605/746/457 622/747/458 606/748/458
f 606/748/458 623/749/459 607/750/459
f 607/750/459 624/751/460 608/752/460
f 608/752/460 625/753/461 609/754/461
f 610/755/462 625/753/461 626/756/463
f 611/757/464 626/756/463 627/758/465
f 611/757/464 628/759/466 612/760/466
f 613/761/467 628/759/466 629/762/467
f 614/763/468 629/762/467 630/764/468
f 614/763/468 631/765/469 615/766/469
f 616/767/470 631/765/469 632/768/470
f 616/767/470 633/769/471 617/770/471
f 617/770/471 634/771/650 618/772/650
f 619/773/651 620/774/456 604/775/456
f 621/745/489 636/776/490 637/777/489
f 621/745/489 638/778/491 622/747/491
f 623/749/492 638/778/491 639/779/492
f 624/751/493 639/779/492 640/780/493
f 625/753/494 640/780/493 641/781/494
f 625/753/494 642/782/496 626/756/495
f 627/758/497 642/782/496 643/783/498
f 628/759/499 643/783/498 644/784/499
f 628/759/499 645/785/500 629/762/500
f 629/762/500 646/786/501 630/764/501
f 630/764/501 647/787/502 631/765/502
f 631/765/502 648/788/503 632/768/503
f 633/769/504 648/788/503 649/789/504
f 633/769/504 650/790/652 634/771/652
f 635/791/653 636/792/490 620/774/490
f 636/776/522 653/793/523 637/777/523
f 637/777/523 654/794/524 638/778/524
f 638/778/524 655/795/525 639/779/525
f 639/779/525 656/796/526 640/780/526
f 640/780/526 657/797/527 641/781/527
f 641/781/527 658/798/528 642/782/529
f 643/783/530 658/798/528 659/799/531
f 643/783/530 660/800/532 644/784/532
f 644/784/532 661/801/533 645/785/533
f 645/785/533 662/802/534 646/786/534
f 646/786/534 663/803/535 647/787/535
f 647/787/535 664/804/536 648/788/536
f 648/788/536 665/805/537 649/789/537
f 649/789/537 666/806/654 650/790/654
f 651/807/655 652/808/522 636/792/522
f 652/809/555 669/810/556 653/793/556
f 654/794/557 669/810/556 670/811/557
f 654/794/557 671/812/558 655/795/558
f 655/795/558 672/813/559 656/796/559
f 656/796/559 673/814/560 657/797/560
f 657/797/560 674/815/561 658/798/562
f 675/816/563 658/798/562 674/815/561
f 660/800/565 675/816/563 676/817/565
f 660/800/565 677/818/566 661/801/566
f 661/801/566 678/819/567 662/802/567
f 662/802/567 679/820/568 663/803/568
f 663/803/568 680/821/569 664/804/569
f 664/804/569 681/822/570 665/805/570
f 665/805/570 682/823/656 666/806/656
f 652/808/555 683/824/657 668/825/555
f 669/810/588 604/826/589 605/827/588
f 669/810/588 606/828/590 670/811/590
f 670/811/590 607/829/591 671/812/591
f 672/813/592 607/829/591 608/830/592
f 672/813/592 609/831/593 673/814/593
f 673/814/593 610/832/594 674/815/595
f 611/833/596 674/815/595 610/832/594
f 676/817/597 611/833/596 612/834/597
f 676/817/597 613/835/598 677/818/598
f 677/818/598 614/836/599 678/819/599
f 679/820/600 614/836/599 615/837/600
f 679/820/600 616/838/601 680/821/601
f 680/821/601 617/839/602 681/822/602
f 681/822/602 618/840/658 682/823/658
f 668/825/589 619/841/659 604/842/589
f 684/843/620 701/844/473 685/845/473
f 685/845/473 702/846/474 686/847/474
f 686/847/474 703/848/475 687/849/475
f 688/850/476 703/848/475 704/851/476
f 689/852/477 704/851/476 705/853/477
f 690/854/478 705/853/477 706/855/478
f 690/854/478 707/856/622 691/857/660
f 692/858/623 707/856/622 708/859/624
f 693/860/482 708/859/624 709/861/482
f 694/862/483 709/861/482 710/863/483
f 695/864/484 710/863/483 711/865/484
f 695/864/484 712/866/485 696/867/485
f 696/867/485 713/868/486 697/869/486
f 698/870/487 713/868/486 714/871/487
f 698/870/487 715/872/625 699/873/625
f 701/844/506 716/874/626 717/875/506
f 702/846/507 717/875/506 718/876/507
f 702/846/507 719/877/508 703/848/508
f 704/851/509 719/877/508 720/878/509
f 705/853/510 720/878/509 721/879/510
f 706/855/511 721/879/510 722/880/511
f 706/855/511 723/881/627 707/856/628
f 708/859/629 723/881/627 724/882/630
f 709/861/515 724/882/630 725/883/515
f 709/861/515 726/884/516 710/863/516
f 711/865/517 726/884/516 727/885/517
f 712/866/518 727/885/517 728/886/518
f 712/866/518 729/887/519 713/868/519
f 713/868/519 730/888/520 714/871/520
f 715/872/631 730/888/520 731/889/631
f 716/874/632 733/890/539 717/875/539
f 717/875/539 734/891/540 718/876/540
f 718/876/540 735/892/541 719/877/541
f 719/877/541 736/893/542 720/878/542
f 720/878/542 737/894/543 721/879/543
f 721/879/543 738/895/544 722/880/544
f 722/880/544 739/896/633 723/881/634
f 724/882/635 739/896/633 740/897/636
f 724/882/635 741/898/548 725/883/548
f 725/883/548 742/899/549 726/884/549
f 726/884/549 743/900/550 727/885/550
f 727/885/550 744/901/551 728/886/551
f 728/886/551 745/902/552 729/887/552
f 729/887/552 746/903/553 730/888/553
f 730/888/553 747/904/637 731/889/637
f 732/905/638 749/906/572 733/890/572
f 733/890/572 750/907/573 734/891/573
f 734/891/573 751/908/574 735/892/574
f 735/892/574 752/909/575 736/893/575
f 737/894/576 752/909/575 753/910/576
f 737/894/576 754/911/577 738/895/577
f 739/896/640 754/911/577 755/912/639
f 740/897/641 755/912/639 756/913/642
f 740/897/641 757/914/581 741/898/581
f 742/899/582 757/914/581 758/915/582
f 742/899/582 759/916/583 743/900/583
f 743/900/583 760/917/584 744/901/584
f 745/902/585 760/917/584 761/918/585
f 745/902/585 762/919/586 746/903/586
f 746/903/586 763/920/643 747/904/643
f 748/921/644 685/922/604 749/906/604
f 749/906/604 686/923/605 750/907/605
f 751/908/606 686/923/605 687/924/606
f 751/908/606 688/925/607 752/909/607
f 752/909/607 689/926/608 753/910/608
f 753/910/608 690/927/609 754/911/609
f 754/911/609 691/928/645 755/912/646
f 692/929/647 755/912/646 691/928/645
f 757/914/613 692/929/647 693/930/613
f 757/914/613 694/931/614 758/915/614
f 758/915/614 695/932/615 759/916/615
f 759/916/615 696/933/616 760/917/616
f 760/917/616 697/934/617 761/918/617
f 761/918/617 698/935/618 762/919/618
f 763/920/649 698/935/618 699/936/649
f 765/937/604 780/938/644 764/939/644
f 782/940/605 765/937/604 766/941/605
f 783/942/606 766/941/605 767/943/606
f 768/944/607 783/942/606 767/943/606
f 769/945/608 784/946/607 768/944/607
f 770/947/609 785/948/608 769/945/608
f 771/949/661 786/950/609 770/947/609
f 787/951/646 772/952/647 788/953/648
f 773/954/613 788/953/648 772/952/647
f 774/955/614 789/956/613 773/954/613
f 791/957/615 774/955/614 775/958/615
f 776/959/616 791/957/615 775/958/615
f 793/960/617 776/959/616 777/961/617
f 794/962/618 777/961/617 778/963/618
f 795/964/649 778/963/618 779/965/649
f 781/966/572 796/967/638 780/938/638
f 782/940/573 797/968/572 781/966/572
f 799/969/574 782/940/573 783/942/574
f 784/946/575 799/969/574 783/942/574
f 801/970/576 784/946/575 785/948/576
f 802/971/577 785/948/576 786/950/577
f 803/972/640 786/950/577 787/951/639
f 803/972/640 788/953/642 804/973/641
f 789/956/581 804/973/641 788/953/642
f 806/974/582 789/956/581 790/975/582
f 791/957/583 806/974/582 790/975/582
f 792/976/584 807/977/583 791/957/583
f 809/978/585 792/976/584 793/960/585
f 794/962/586 809/978/585 793/960/585
f 811/979/643 794/962/586 795/964/643
f 813/980/539 796/967/632 797/968/539
f 814/981/540 797/968/539 798/982/540
f 815/983/541 798/982/540 799/969/541
f 816/984/542 799/969/541 800/985/542
f 817/986/543 800/985/542 801/970/543
f 818/987/544 801/970/543 802/971/544
f 819/988/633 802/971/544 803/972/634
f 819/988/633 804/973/635 820/989/636
f 821/990/548 804/973/635 805/991/548
f 822/992/549 805/991/548 806/974/549
f 823/993/550 806/974/549 807/977/550
f 824/994/551 807/977/550 808/995/551
f 825/996/552 808/995/551 809/978/552
f 826/997/553 809/978/552 810/998/553
f 827/999/637 810/998/553 811/979/637
f 829/1000/506 812/1001/626 813/980/506
f 830/1002/507 813/980/506 814/981/507
f 831/1003/508 814/981/507 815/983/508
f 832/1004/509 815/983/508 816/984/509
f 833/1005/510 816/984/509 817/986/510
f 834/1006/511 817/986/510 818/987/511
f 835/1007/628 818/987/511 819/988/627
f 835/1007/628 820/989/630 836/1008/629
f 837/1009/515 820/989/630 821/990/515
f 838/1010/516 821/990/515 822/992/516
f 839/1011/517 822/992/516 823/993/517
f 824/994/518 839/1011/517 823/993/517
f 825/996/519 840/1012/518 824/994/518
f 826/997/520 841/1013/519 825/996/519
f 827/999/631 842/1014/520 826/997/520
f 765/1015/473 828/1016/620 829/1000/473
f 830/1002/474 765/1015/473 829/1000/473
f 831/1003/475 766/1017/474 830/1002/474
f 768/1018/476 831/1003/475 832/1004/476
f 769/1019/477 832/1004/476 833/1005/477
f 770/1020/478 833/1005/477 834/1006/478
f 771/1021/621 834/1006/478 835/1007/622
f 835/1007/622 772/1022/623 771/1021/621
f 837/1009/482 772/1022/623 836/1008/662
f 838/1010/483 773/1023/482 837/1009/482
f 839/1011/484 774/1024/483 838/1010/483
f 776/1025/485 839/1011/484 840/1012/485
f 841/1013/486 776/1025/485 840/1012/485
f 778/1026/487 841/1013/486 842/1014/487
f 779/1027/625 842/1014/487 843/1028/625
f 876/1029/588 844/1030/589 845/1031/588
f 877/1032/590 845/1031/588 846/1033/590
f 878/1034/591 846/1033/590 847/1035/591
f 879/1036/592 847/1035/591 848/1037/592
f 880/1038/593 848/1037/592 849/1039/593
f 850/1040/594 880/1038/593 849/1039/593
f 881/1041/595 851/1042/596 882/1043/663
f 852/1044/597 882/1043/663 851/1042/596
f 853/1045/598 883/1046/597 852/1044/597
f 885/1047/599 853/1045/598 854/1048/599
f 886/1049/600 854/1048/599 855/1050/600
f 856/1051/601 886/1049/600 855/1050/600
f 888/1052/602 856/1051/601 857/1053/602
f 889/1054/603 857/1053/602 858/1055/603
f 859/1056/604 889/1054/603 858/1055/603
f 860/1057/605 890/1058/604 859/1056/604
f 861/1059/606 891/1060/605 860/1057/605
f 862/1061/607 892/1062/606 861/1059/606
f 863/1063/608 893/1064/607 862/1061/607
f 864/1065/609 894/1066/608 863/1063/608
f 896/1067/610 864/1065/609 865/1068/610
f 897/1069/611 865/1068/610 866/1070/611
f 867/1071/612 897/1069/611 866/1070/611
f 868/1072/613 898/1073/612 867/1071/612
f 869/1074/614 899/1075/613 868/1072/613
f 901/1076/615 869/1074/614 870/1077/615
f 871/1078/616 901/1076/615 870/1077/615
f 903/1079/617 871/1078/616 872/1080/617
f 873/1081/618 903/1079/617 872/1080/617
f 905/1082/619 873/1081/618 874/1083/619
f 875/1084/589 874/1083/619 844/1085/589
f 876/1029/556 906/1086/555 875/1087/555
f 877/1032/557 907/1088/556 876/1029/556
f 878/1034/558 908/1089/557 877/1032/557
f 879/1036/559 909/1090/558 878/1034/558
f 880/1038/560 910/1091/559 879/1036/559
f 881/1041/561 911/1092/560 880/1038/560
f 912/1093/562 882/1043/563 913/1094/564
f 914/1095/565 882/1043/563 883/1046/565
f 915/1096/566 883/1046/565 884/1097/566
f 916/1098/567 884/1097/566 885/1047/567
f 886/1049/568 916/1098/567 885/1047/567
f 918/1099/569 886/1049/568 887/1100/569
f 888/1052/570 918/1099/569 887/1100/569
f 920/1101/571 888/1052/570 889/1054/571
f 890/1058/572 920/1101/571 889/1054/571
f 922/1102/573 890/1058/572 891/1060/573
f 892/1062/574 922/1102/573 891/1060/573
f 893/1064/575 923/1103/574 892/1062/574
f 925/1104/576 893/1064/575 894/1066/576
f 926/1105/577 894/1066/576 895/1106/577
f 927/1107/578 895/1106/577 896/1067/578
f 897/1069/579 927/1107/578 896/1067/578
f 898/1073/580 928/1108/579 897/1069/579
f 930/1109/581 898/1073/580 899/1075/581
f 931/1110/582 899/1075/581 900/1111/582
f 932/1112/583 900/1111/582 901/1076/583
f 902/1113/584 932/1112/583 901/1076/583
f 903/1079/585 933/1114/584 902/1113/584
f 904/1115/586 934/1116/585 903/1079/585
f 905/1082/587 935/1117/586 904/1115/586
f 906/1118/555 905/1082/587 875/1084/555
f 938/1119/523 906/1086/522 907/1088/523
f 939/1120/524 907/1088/523 908/1089/524
f 940/1121/525 908/1089/524 909/1090/525
f 941/1122/526 909/1090/525 910/1091/526
f 942/1123/527 910/1091/526 911/1092/527
f 943/1124/528 911/1092/527 912/1093/529
f 943/1124/528 913/1094/530 944/1125/531
f 945/1126/532 913/1094/530 914/1095/532
f 946/1127/533 914/1095/532 915/1096/533
f 947/1128/534 915/1096/533 916/1098/534
f 948/1129/535 916/1098/534 917/1130/535
f 949/1131/536 917/1130/535 918/1099/536
f 950/1132/537 918/1099/536 919/1133/537
f 951/1134/538 919/1133/537 920/1101/538
f 952/1135/539 920/1101/538 921/1136/539
f 953/1137/540 921/1136/539 922/1102/540
f 954/1138/541 922/1102/540 923/1103/541
f 955/1139/542 923/1103/541 924/1140/542
f 956/1141/543 924/1140/542 925/1104/543
f 957/1142/544 925/1104/543 926/1105/544
f 958/1143/545 926/1105/544 927/1107/545
f 959/1144/546 927/1107/545 928/1108/546
f 960/1145/547 928/1108/546 929/1146/547
f 961/1147/548 929/1146/547 930/1109/548
f 962/1148/549 930/1109/548 931/1110/549
f 963/1149/550 931/1110/549 932/1112/550
f 964/1150/551 932/1112/550 933/1114/551
f 965/1151/552 933/1114/551 934/1116/552
f 966/1152/553 934/1116/552 935/1117/553
f 967/1153/554 935/1117/553 936/1154/554
f 937/1155/522 936/1154/554 906/1118/522
f 969/1156/489 937/1157/490 938/1119/489
f 970/1158/491 938/1119/489 939/1120/491
f 971/1159/492 939/1120/491 940/1121/492
f 972/1160/493 940/1121/492 941/1122/493
f 973/1161/494 941/1122/493 942/1123/494
f 943/1124/496 973/1161/494 942/1123/494
f 975/1162/497 943/1124/496 944/1125/498
f 976/1163/499 944/1125/498 945/1126/499
f 946/1127/500 976/1163/499 945/1126/499
f 947/1128/501 977/1164/500 946/1127/500
f 979/1165/502 947/1128/501 948/1129/502
f 980/1166/503 948/1129/502 949/1131/503
f 981/1167/504 949/1131/503 950/1132/504
f 951/1134/505 981/1167/504 950/1132/504
f 952/1135/506 982/1168/505 951/1134/505
f 984/1169/507 952/1135/506 953/1137/507
f 985/1170/508 953/1137/507 954/1138/508
f 986/1171/509 954/1138/508 955/1139/509
f 987/1172/510 955/1139/509 956/1141/510
f 988/1173/511 956/1141/510 957/1142/511
f 989/1174/512 957/1142/511 958/1143/512
f 990/1175/513 958/1143/512 959/1144/513
f 991/1176/514 959/1144/513 960/1145/514
f 992/1177/515 960/1145/514 961/1147/515
f 993/1178/516 961/1147/515 962/1148/516
f 994/1179/517 962/1148/516 963/1149/517
f 964/1150/518 994/1179/517 963/1149/517
f 996/1180/519 964/1150/518 965/1151/519
f 997/1181/520 965/1151/519 966/1152/520
f 998/1182/521 966/1152/520 967/1153/521
f 937/1155/490 998/1182/521 967/1153/521
f 845/1183/457 968/1184/456 969/1156/457
f 970/1158/458 845/1183/457 969/1156/457
f 847/1185/459 970/1158/458 971/1159/459
f 848/1186/460 971/1159/459 972/1160/460
f 973/1161/461 848/1186/460 972/1160/460
f 850/1187/462 973/1161/461 974/1188/463
f 974/1188/463 851/1189/464 850/1187/462
f 852/1190/466 975/1162/664 976/1163/466
f 853/1191/467 976/1163/466 977/1164/467
f 854/1192/468 977/1164/467 978/1193/468
f 855/1194/469 978/1193/468 979/1165/469
f 856/1195/470 979/1165/469 980/1166/470
f 857/1196/471 980/1166/470 981/1167/471
f 858/1197/472 981/1167/471 982/1168/472
f 859/1198/473 982/1168/472 983/1199/473
f 860/1200/474 983/1199/473 984/1169/474
f 861/1201/475 984/1169/474 985/1170/475
f 862/1202/476 985/1170/475 986/1171/476
f 863/1203/477 986/1171/476 987/1172/477
f 864/1204/478 987/1172/477 988/1173/478
f 865/1205/479 988/1173/478 989/1174/479
f 866/1206/480 989/1174/479 990/1175/480
f 867/1207/481 990/1175/480 991/1176/481
f 868/1208/482 991/1176/481 992/1177/482
f 869/1209/483 992/1177/482 993/1178/483
f 870/1210/484 993/1178/483 994/1179/484
f 871/1211/485 994/1179/484 995/1212/485
f 872/1213/486 995/1212/485 996/1180/486
f 873/1214/487 996/1180/486 997/1181/487
f 874/1215/488 997/1181/487 998/1182/488
f 968/1216/456 874/1215/488 998/1182/488
f 999/1217/282 1040/1218/399 1000/1219/400
f 1004/1220/285 1035/1221/286 999/1222/287
f 1001/1223/401 1008/1224/402 1002/1225/403
f 1000/1219/400 1009/1226/404 1001/1227/405
f 1003/1228/294 1012/1229/295 1004/1220/285
f 1002/1225/403 1013/1230/297 1003/1228/298
f 1005/1231/406 1046/1232/407 1006/1233/408
f 1010/1234/409 1041/1235/410 1005/1236/411
f 1007/1237/412 1020/1238/413 1008/1224/402
f 1006/1233/408 1021/1239/414 1007/1237/415
f 1011/1240/310 1024/1241/311 1012/1229/295
f 1016/1242/416 1025/1243/313 1011/1244/314
f 1015/1245/417 1018/1246/418 1016/1242/416
f 1014/1247/419 1019/1248/420 1015/1245/421
f 1017/1249/422 1032/1250/423 1018/1246/418
f 1022/1251/424 1033/1252/425 1017/1253/426
f 1023/1254/324 1036/1255/427 1024/1241/311
f 1028/1256/428 1037/1257/327 1023/1258/328
f 1027/1259/429 1030/1260/430 1028/1256/428
f 1026/1261/431 1031/1262/432 1027/1259/433
f 1029/1263/434 1044/1264/435 1030/1260/430
f 1034/1265/436 1045/1266/437 1029/1267/438
f 1039/1268/439 1042/1269/440 1040/1218/399
f 1038/1270/441 1043/1271/442 1039/1268/443
f 1008/1224/402 1014/1247/419 1002/1225/403
f 1018/1246/418 1026/1261/431 1016/1242/416
f 1030/1260/430 1038/1270/441 1028/1256/428
f 1042/1269/440 1000/1219/400 1040/1218/399
f 1046/1232/407 1022/1251/424 1006/1233/408
f 1004/1220/285 1024/1241/311 1036/1255/427
f 1004/1220/285 1047/1272/347 1003/1228/294
f 1000/1219/400 1047/1273/348 999/1217/282
f 1002/1225/403 1047/1272/349 1001/1223/401
f 1010/1234/409 1048/1274/444 1009/1226/404
f 1006/1233/408 1048/1275/445 1005/1231/406
f 1008/1224/402 1048/1275/446 1007/1237/412
f 1016/1242/416 1049/1276/355 1015/1245/417
f 1012/1229/295 1049/1276/357 1011/1240/310
f 1014/1247/419 1049/1276/359 1013/1230/297
f 1022/1251/424 1050/1277/447 1021/1239/414
f 1018/1246/418 1050/1277/448 1017/1249/422
f 1020/1238/413 1050/1277/449 1019/1248/420
f 1028/1256/428 1051/1278/363 1027/1259/429
f 1024/1241/311 1051/1279/365 1023/1254/324
f 1026/1261/431 1051/1278/367 1025/1243/313
f 1034/1265/436 1052/454/450 1033/1252/425
f 1030/1260/430 1052/1280/451 1029/1263/434
f 1032/1250/423 1052/1280/452 1031/1262/432
f 1040/1218/399 1053/1281/371 1039/1268/439
f 1036/1255/427 1053/1282/373 1035/1221/286
f 1038/1270/441 1053/1281/375 1037/1257/327
f 1046/1232/407 1054/1283/453 1045/1266/437
f 1042/1269/440 1054/1284/454 1041/1235/410
f 1044/1264/435 1054/1284/455 1043/1271/442
f 1055/1285/665 1096/1286/666 1056/298/667
f 1060/1287/668 1091/1288/669 1055/1289/670
f 1122/1290/671 1065/1291/672 1064/1292/673
f 1112/305/674 1065/1293/675 1111/1294/676
f 1059/1295/677 1068/1296/678 1060/1287/668
f 1059/1295/679 1070/1297/680 1069/1298/681
f 1061/1299/682 1102/1300/683 1062/1301/684
f 1066/1302/685 1097/1303/686 1061/317/687
f 1063/1304/688 1076/1305/689 1064/1292/673
f 1063/1304/690 1078/1306/691 1077/1307/692
f 1067/1308/693 1080/1309/694 1068/1296/678
f 1072/1310/695 1081/1311/696 1067/1312/697
f 1119/1313/698 1075/1314/699 1074/1315/700
f 1121/1316/701 1075/1314/702 1120/1317/703
f 1073/1318/704 1088/1319/705 1074/1315/700
f 1078/1306/691 1089/1320/706 1073/1321/707
f 1079/1322/708 1092/1323/709 1080/1309/694
f 1084/1324/710 1093/1325/711 1079/1326/712
f 1116/1327/713 1087/1328/714 1086/1329/715
f 1118/1330/716 1087/1328/717 1117/1331/718
f 1086/1329/715 1101/1332/719 1100/1333/720
f 1090/1334/721 1101/1335/722 1085/1336/723
f 1113/1337/724 1099/1338/725 1098/1339/726
f 1115/1340/727 1099/1338/728 1114/1341/729
f 1121/1316/701 1064/1292/673 1076/1305/689
f 1119/1313/698 1088/1319/705 1118/1330/716
f 1116/1327/713 1100/1333/720 1115/1340/727
f 1112/305/674 1098/1339/726 1066/1302/685
f 1102/1300/683 1078/1306/691 1062/1301/684
f 1060/1287/668 1080/1309/694 1092/1323/709
f 1060/1287/668 1103/1342/730 1059/1295/677
f 1056/298/667 1103/1343/731 1055/1285/665
f 1058/1344/732 1103/1342/733 1057/1345/734
f 1066/1302/685 1104/1346/735 1065/1293/675
f 1062/1301/684 1104/1347/736 1061/1299/682
f 1064/1292/673 1104/1347/737 1063/1304/688
f 1072/1310/695 1105/1348/738 1071/1349/739
f 1068/1296/678 1105/1348/740 1067/1308/693
f 1070/1297/680 1105/1348/741 1069/1298/681
f 1078/1306/691 1106/1350/742 1077/1307/692
f 1074/1315/700 1106/1350/743 1073/1318/704
f 1076/1305/689 1106/1350/744 1075/1314/702
f 1084/1324/710 1107/1351/745 1083/1352/746
f 1080/1309/694 1107/1353/747 1079/1322/708
f 1082/1354/748 1107/1351/749 1081/1311/696
f 1090/1334/721 1108/1355/750 1089/1320/706
f 1086/1329/715 1108/1356/751 1085/1357/752
f 1088/1319/705 1108/1356/753 1087/1328/717
f 1096/1286/666 1109/1358/754 1095/1359/755
f 1092/1323/709 1109/1360/756 1091/1288/669
f 1094/1361/757 1109/1358/758 1093/1325/711
f 1102/1300/683 1110/1362/759 1101/1335/722
f 1098/1339/726 1110/1363/760 1097/1303/686
f 1100/1333/720 1110/1363/761 1099/1338/728
f 1123/1364/762 1112/305/674 1111/1294/676
f 1125/1365/763 1112/305/674 1124/1366/764
f 1126/1367/765 1113/1337/724 1125/1365/763
f 1127/1368/766 1114/1341/729 1126/1367/767
f 1127/1368/766 1116/1327/713 1115/1340/727
f 1128/1369/768 1117/1331/769 1116/1327/713
f 1130/1370/770 1117/1331/718 1129/1371/771
f 1131/1372/772 1118/1330/716 1130/1370/770
f 1131/1372/772 1120/1317/773 1119/1313/698
f 1133/1373/774 1120/1317/703 1132/1374/775
f 1134/1375/776 1121/1316/701 1133/1373/774
f 1123/1376/777 1122/1290/671 1134/1375/776
f 1057/1377/778 1124/1366/764 1123/1364/762
f 1096/1286/666 1124/1366/764 1056/298/667
f 1095/1359/755 1125/1365/763 1096/1286/666
f 1094/1361/757 1126/1367/767 1095/1359/779
f 1084/1324/710 1127/1368/766 1094/1361/757
f 1083/1352/746 1128/1369/768 1084/1324/710
f 1082/1354/748 1129/1371/771 1083/1352/780
f 1131/1372/772 1082/1354/748 1072/1310/695
f 1072/1310/695 1132/1374/781 1131/1372/772
f 1071/1349/782 1133/1373/774 1132/1374/775
f 1134/1375/776 1070/1297/680 1058/1344/732
f 1058/1344/732 1123/1376/777 1134/1375/776
f 1135/1378/665 1176/1379/783 1136/1380/784
f 1140/1381/785 1171/1382/669 1135/1383/670
f 1138/1384/786 1145/1385/787 1144/1386/788
f 1136/1380/784 1145/1387/789 1137/1388/790
f 1140/1381/785 1149/1389/791 1148/1390/792
f 1138/1384/786 1149/1389/793 1139/1391/794
f 1141/1392/795 1182/1393/796 1142/1394/797
f 1146/1395/798 1177/1396/799 1141/410/800
f 1144/1386/788 1157/1397/801 1156/1398/802
f 1142/1394/797 1157/1397/803 1143/1399/804
f 1147/1400/693 1160/1401/805 1148/1390/792
f 1152/1402/806 1161/1403/696 1147/1404/697
f 1151/1405/807 1154/1406/808 1152/1402/806
f 1151/1405/809 1156/1398/802 1155/1407/810
f 1153/1408/811 1168/1409/812 1154/1406/808
f 1158/1410/813 1169/1411/814 1153/1412/815
f 1160/1401/805 1173/1413/816 1172/1414/817
f 1159/1415/818 1174/1416/819 1173/1417/820
f 1163/1418/821 1166/1419/822 1164/1420/823
f 1163/1418/824 1168/1409/812 1167/1421/825
f 1165/1422/826 1180/1423/827 1166/1419/822
f 1165/1424/828 1182/1393/796 1181/1425/829
f 1176/1379/783 1179/1426/830 1178/1427/831
f 1174/1416/819 1179/1426/832 1175/1428/833
f 1144/1386/788 1150/1429/834 1138/1384/786
f 1154/1406/808 1162/1430/835 1152/1402/806
f 1166/1419/822 1174/1416/819 1164/1420/823
f 1178/1427/831 1136/1380/784 1176/1379/783
f 1182/1393/796 1158/1410/813 1142/1394/797
f 1140/1381/785 1160/1401/805 1172/1414/817
f 1140/1381/785 1183/1431/836 1139/1391/837
f 1136/1380/784 1183/1432/731 1135/1378/665
f 1138/1384/786 1183/1431/733 1137/1433/838
f 1146/1395/798 1184/1434/839 1145/1387/789
f 1142/1394/797 1184/1435/840 1141/1392/795
f 1144/1386/788 1184/1435/841 1143/1399/842
f 1152/1402/806 1185/1436/738 1151/1405/807
f 1148/1390/792 1185/1436/740 1147/1400/693
f 1150/1429/834 1185/1436/741 1149/1389/793
f 1158/1410/813 1186/1437/843 1157/1397/803
f 1154/1406/808 1186/1437/844 1153/1408/811
f 1156/1398/802 1186/1437/845 1155/1407/810
f 1164/1420/823 1187/1438/745 1163/1418/821
f 1160/1401/805 1187/1439/747 1159/1440/846
f 1162/1430/835 1187/1438/749 1161/1403/696
f 1170/1441/847 1188/1442/848 1169/1411/814
f 1166/1419/822 1188/1443/849 1165/1422/826
f 1168/1409/812 1188/1443/850 1167/1421/825
f 1176/1379/783 1189/1444/754 1175/1428/851
f 1172/1414/817 1189/1445/852 1171/1382/669
f 1174/1416/819 1189/1444/758 1173/1417/820
f 1182/1393/796 1190/1446/853 1181/1425/829
f 1178/1427/831 1190/1447/854 1177/1396/799
f 1180/1423/827 1190/1447/855 1179/1426/832
f 1191/1448/665 1232/1449/783 1192/1450/784
f 1196/1451/668 1227/1452/669 1191/1453/670
f 1194/1454/856 1201/1455/857 1200/1456/858
f 1192/1450/784 1201/1457/789 1193/1458/790
f 1195/1459/677 1204/1460/678 1196/1451/668
f 1194/1454/856 1205/1461/793 1195/1459/859
f 1197/1462/795 1238/1463/860 1198/1464/797
f 1202/1465/798 1233/1466/799 1197/1467/800
f 1199/1468/861 1212/1469/862 1200/1456/858
f 1198/1464/797 1213/1470/803 1199/1468/863
f 1203/1471/693 1216/1472/805 1204/1460/678
f 1208/1473/806 1217/1474/696 1203/1475/697
f 1207/1476/807 1210/1477/808 1208/1473/806
f 1206/1478/864 1211/1479/865 1207/1476/866
f 1209/1480/811 1224/1481/812 1210/1477/808
f 1214/1482/813 1225/1483/814 1209/1484/815
f 1216/1472/805 1229/1485/816 1228/1486/817
f 1215/1487/867 1230/1270/819 1229/1488/820
f 1219/1259/821 1222/1489/868 1220/1490/823
f 1219/1259/824 1224/1481/812 1223/1491/825
f 1222/1489/868 1237/1492/869 1236/1493/870
f 1226/1494/871 1237/440/872 1221/1267/873
f 1232/1449/783 1235/1495/874 1234/1496/831
f 1230/1270/819 1235/1495/832 1231/1497/833
f 1194/1454/856 1212/1469/862 1206/1478/864
f 1210/1477/808 1218/1498/835 1208/1473/806
f 1222/1489/868 1230/1270/819 1220/1490/823
f 1234/1496/831 1192/1450/784 1232/1449/783
f 1238/1463/860 1214/1482/813 1198/1464/797
f 1196/1451/668 1216/1472/805 1228/1486/817
f 1196/1451/668 1239/1499/730 1195/1459/677
f 1192/1450/784 1239/1500/731 1191/1448/665
f 1194/1454/856 1239/1499/733 1193/1501/838
f 1202/1465/798 1240/1502/839 1201/1457/789
f 1198/1464/797 1240/1503/840 1197/1462/795
f 1200/1456/858 1240/1503/841 1199/1468/861
f 1208/1473/806 1241/1504/738 1207/1476/807
f 1204/1460/678 1241/1504/740 1203/1471/693
f 1206/1478/864 1241/1504/741 1205/1461/793
f 1214/1482/813 1242/1505/843 1213/1470/803
f 1210/1477/808 1242/1505/844 1209/1480/811
f 1212/1469/862 1242/1505/845 1211/1479/865
f 1220/1490/823 1243/1278/745 1219/1259/821
f 1216/1472/805 1243/1506/747 1215/1507/846
f 1218/1498/835 1243/1278/749 1217/1474/696
f 1226/1494/871 1244/1508/875 1225/1483/814
f 1222/1489/868 1244/1509/849 1221/1510/876
f 1224/1481/812 1244/1509/850 1223/1491/825
f 1232/1449/783 1245/1511/754 1231/1497/851
f 1228/1486/817 1245/1512/756 1227/1452/669
f 1230/1270/819 1245/1511/758 1229/1488/820
f 1238/1463/860 1246/1513/853 1237/440/872
f 1234/1496/831 1246/1284/854 1233/1466/799
f 1236/1493/870 1246/1284/855 1235/1495/832
f 1247/1514/665 1288/1515/783 1248/1516/784
f 1252/1517/668 1283/1518/669 1247/1519/670
f 1250/1520/877 1257/1521/787 1256/1522/858
f 1248/1516/784 1257/1523/789 1249/1524/790
f 1251/1525/677 1260/1526/678 1252/1517/668
f 1251/1525/679 1262/1527/878 1261/1528/681
f 1253/1529/795 1294/1530/860 1254/1531/797
f 1258/1532/798 1289/1533/799 1253/1534/800
f 1255/1535/879 1268/1536/880 1256/1522/858
f 1254/1531/797 1269/1537/803 1255/1535/804
f 1259/1538/693 1272/1539/694 1260/1526/678
f 1264/1540/806 1273/1541/696 1259/1542/697
f 1263/1543/807 1266/1544/808 1264/1540/806
f 1263/1543/809 1268/1536/880 1267/1545/810
f 1265/1546/811 1280/1547/812 1266/1544/808
f 1270/1548/813 1281/1483/814 1265/1549/815
f 1271/1507/708 1284/1550/709 1272/1539/694
f 1276/1551/881 1285/1552/711 1271/1553/712
f 1275/1554/821 1278/1555/868 1276/1551/881
f 1275/1554/824 1280/1547/812 1279/1556/825
f 1278/1555/868 1293/1557/882 1292/1558/870
f 1282/1265/871 1293/440/872 1277/1559/873
f 1288/1515/783 1291/1560/830 1290/1561/883
f 1286/1562/884 1291/1560/832 1287/1563/833
f 1250/1520/877 1268/1536/880 1262/1527/878
f 1266/1544/808 1274/1564/835 1264/1540/806
f 1278/1555/868 1286/1562/884 1276/1551/881
f 1290/1561/883 1248/1516/784 1288/1515/783
f 1294/1530/860 1270/1548/813 1254/1531/797
f 1252/1517/668 1272/1539/694 1284/1550/709
f 1252/1517/668 1295/1565/836 1251/1525/677
f 1248/1516/784 1295/1566/731 1247/1514/665
f 1250/1520/877 1295/1565/733 1249/1567/838
f 1258/1532/798 1296/1434/839 1257/1523/789
f 1254/1531/797 1296/1568/840 1253/1529/795
f 1256/1522/858 1296/1568/841 1255/1535/879
f 1264/1540/806 1297/1569/738 1263/1543/807
f 1260/1526/678 1297/1569/740 1259/1538/693
f 1262/1527/878 1297/1569/741 1261/1528/681
f 1270/1548/813 1298/1570/843 1269/1537/803
f 1266/1544/808 1298/1570/844 1265/1546/811
f 1268/1536/880 1298/1570/845 1267/1545/810
f 1276/1551/881 1299/1571/745 1275/1554/821
f 1272/1539/694 1299/1506/747 1271/1507/708
f 1274/1564/835 1299/1571/749 1273/1541/696
f 1282/1265/871 1300/1508/875 1281/1483/814
f 1278/1555/868 1300/1572/849 1277/1573/876
f 1280/1547/812 1300/1572/850 1279/1556/825
f 1288/1515/783 1301/1574/754 1287/1563/851
f 1284/1550/709 1301/1575/852 1283/1518/669
f 1286/1562/884 1301/1574/758 1285/1552/711
f 1294/1530/860 1302/1283/853 1293/440/872
f 1290/1561/883 1302/1576/854 1289/1533/799
f 1292/1558/870 1302/1576/855 1291/1560/832
f 1343/1577/172 1332/1578/173 1354/1579/174
f 1344/1580/175 1327/1581/19 1343/1582/885
f 1392/1583/176 1394/1584/177 1391/1585/178
f 1395/1586/71 1393/1587/10 1392/1588/179
f 1398/1589/180 1400/1590/181 1397/1591/182
f 1391/1585/178 1399/1592/183 1398/1589/184
f 1351/1593/185 1333/1594/4 1338/1595/886
f 1352/1596/187 1334/1597/188 1333/83/189
f 1402/1598/190 1404/1599/191 1394/1584/177
f 1402/1598/14 1406/1600/13 1403/1601/76
f 1346/1602/44 1316/1603/193 1345/1604/194
f 1347/1605/195 1317/1606/42 1346/1607/43
f 1408/1608/196 1410/1609/197 1407/1610/198
f 1401/1611/199 1409/1612/200 1408/1608/201
f 1348/1613/202 1325/1614/32 1324/1615/203
f 1349/1616/30 1326/1617/887 1325/1618/205
f 1315/1619/206 1328/1620/888 1316/1603/193
f 1320/1621/208 1329/1622/209 1315/1623/210
f 1319/1624/211 1322/1625/212 1320/1621/208
f 1318/1626/213 1323/1627/214 1319/1624/215
f 1321/54/51 1336/202/216 1322/1625/212
f 1326/1617/887 1337/1628/217 1321/204/218
f 1331/1629/219 1334/1597/188 1332/1578/173
f 1330/1630/220 1335/1631/221 1331/1629/222
f 1394/1584/177 1401/1611/199 1391/1585/178
f 1348/1613/202 1318/1626/213 1347/1605/195
f 1322/1625/212 1330/1630/220 1320/1621/208
f 1334/1597/188 1354/1579/174 1332/1578/173
f 1350/1632/223 1338/1595/886 1326/1617/887
f 1328/1620/888 1345/1604/194 1316/1603/193
f 1398/1589/180 1411/1633/224 1412/1634/889
f 1395/1586/71 1412/1635/70 1411/1636/226
f 1391/1585/178 1412/1634/227 1392/1583/176
f 1396/1637/228 1414/1638/67 1393/1587/10
f 1413/215/66 1402/1598/14 1414/1639/230
f 1394/1584/177 1414/1639/231 1402/1598/190
f 1407/1610/198 1416/1640/890 1408/1608/196
f 1415/1641/78 1399/1592/234 1416/1640/235
f 1401/1611/199 1416/1640/236 1399/1592/183
f 1403/1601/76 1417/1642/237 1418/1643/238
f 1410/1609/197 1418/1643/891 1417/1644/239
f 1404/1599/191 1418/1643/77 1409/1612/200
f 1320/1621/208 1339/1645/87 1319/1624/211
f 1315/1619/206 1317/1646/86 1339/1647/892
f 1318/1626/213 1339/1645/893 1317/1606/42
f 1325/1618/205 1321/204/218 1340/1648/243
f 1322/1625/212 1340/1649/83 1321/54/51
f 1324/1615/203 1340/1649/85 1323/1627/214
f 1332/1578/173 1341/1650/894 1331/1629/219
f 1327/1581/19 1329/1651/246 1341/1652/247
f 1330/1630/220 1341/1650/248 1329/1622/209
f 1337/1628/217 1333/1594/4 1342/1653/249
f 1334/1597/188 1342/1654/250 1333/83/189
f 1336/202/216 1342/1654/92 1335/1631/221
f 1355/1655/116 1368/1656/895 1369/1657/141
f 1368/1656/895 1357/1658/112 1367/1659/254
f 1357/1658/112 1378/1660/896 1367/1659/254
f 1359/1661/897 1378/92/256 1358/1662/110
f 1360/1663/257 1377/1664/898 1359/1661/897
f 1360/1663/257 1375/1665/104 1376/245/899
f 1362/1666/900 1375/1667/901 1361/1668/103
f 1362/1666/900 1373/1669/262 1374/250/263
f 1364/1670/264 1373/1669/262 1363/1671/265
f 1365/1672/266 1372/1673/123 1364/1674/124
f 1371/1675/267 1366/1676/268 1370/1677/269
f 1366/1676/268 1369/1678/270 1370/1677/269
f 1379/1679/136 1356/1680/902 1355/1655/116
f 1356/1680/902 1381/1681/134 1357/1658/112
f 1382/1682/133 1357/1658/112 1381/1681/134
f 1382/1683/132 1359/1661/897 1358/1662/110
f 1384/1684/272 1359/1661/897 1383/1685/903
f 1385/1686/130 1360/1663/257 1384/1684/272
f 1385/267/128 1362/1666/900 1361/1668/103
f 1386/1687/273 1363/1671/265 1362/1666/900
f 1388/1688/125 1363/1671/265 1387/1689/274
f 1389/1690/275 1364/1674/124 1388/1691/140
f 1365/1672/266 1390/1692/137 1366/1676/268
f 1390/1692/137 1355/1693/119 1366/1676/268
f 1344/1580/175 1367/1659/254 1345/1604/194
f 1369/1657/141 1344/1580/175 1343/1582/885
f 1369/1678/270 1354/1579/174 1370/1677/269
f 1353/1694/276 1370/1677/269 1354/1579/174
f 1371/1675/267 1352/1596/187 1372/1673/123
f 1372/1695/96 1351/1593/185 1373/1669/262
f 1373/1669/262 1350/1632/223 1374/250/263
f 1374/250/263 1349/1616/30 1375/1667/901
f 1375/1665/104 1348/1613/202 1376/245/899
f 1376/245/899 1347/1605/195 1377/1664/898
f 1378/92/256 1347/1605/195 1346/1607/43
f 1367/1659/254 1346/1602/44 1345/1604/194
f 1305/1696/154 1379/1679/136 1303/1697/155
f 1381/1681/134 1305/1696/154 1310/1698/904
f 1309/1699/152 1381/1681/134 1310/1698/904
f 1311/1700/277 1382/1683/132 1309/1701/151
f 1313/1702/278 1383/1685/903 1311/1700/277
f 1313/1702/278 1385/1686/130 1384/1684/272
f 1312/1703/146 1386/1687/273 1385/267/128
f 1307/1704/144 1386/1687/273 1314/1705/905
f 1307/1704/144 1388/1688/125 1387/1689/274
f 1308/1706/280 1388/1691/140 1306/1707/159
f 1389/1690/275 1304/1708/281 1390/1692/137
f 1304/1708/281 1379/1709/138 1390/1692/137
f 1308/1706/280 1395/1586/160 1304/1708/281
f 1310/1698/904 1397/1591/162 1400/1590/162
f 1314/1705/905 1405/1710/161 1307/1704/144
f 1311/1700/277 1410/1609/163 1313/1702/278
f 1305/1696/154 1411/1633/167 1397/1591/167
f 1303/1711/157 1395/1586/166 1411/1636/166
f 1306/1707/159 1396/1637/165 1308/1706/280
f 1307/1704/144 1413/215/164 1306/1712/145
f 1311/1700/277 1415/1713/171 1407/1610/171
f 1309/1699/152 1400/1590/170 1415/1641/170
f 1312/1703/146 1406/1600/169 1314/1705/905
f 1313/1702/278 1417/1644/168 1312/1714/149
f 1419/1378/282 1460/1218/399 1420/1715/400
f 1424/1716/285 1455/1717/286 1419/396/287
f 1421/1718/401 1428/1719/402 1422/1720/403
f 1420/1715/400 1429/1721/404 1421/1722/405
f 1423/1723/294 1432/403/295 1424/1716/285
f 1422/1720/403 1433/1724/297 1423/1723/298
f 1425/1725/406 1466/1726/407 1426/1727/408
f 1430/1395/409 1461/1728/410 1425/410/411
f 1427/1729/412 1440/1730/413 1428/1719/402
f 1426/1727/408 1441/1731/414 1427/1729/415
f 1431/1732/310 1444/1733/311 1432/403/295
f 1436/1734/416 1445/1735/313 1431/1736/314
f 1435/1737/417 1438/420/418 1436/1734/416
f 1434/1738/419 1439/1739/420 1435/1737/421
f 1437/1740/422 1452/1741/423 1438/420/418
f 1442/1742/424 1453/1252/425 1437/1743/426
f 1443/1744/324 1456/1745/325 1444/1733/311
f 1448/1746/428 1457/1747/327 1443/1748/328
f 1447/1749/429 1450/1555/430 1448/1746/428
f 1446/1750/431 1451/1751/432 1447/1749/433
f 1449/1752/434 1464/1753/435 1450/1555/430
f 1454/1754/436 1465/1425/437 1449/441/438
f 1459/442/439 1462/1755/440 1460/1218/399
f 1458/1756/441 1463/445/442 1459/442/443
f 1428/1719/402 1434/1738/419 1422/1720/403
f 1438/420/418 1446/1750/431 1436/1734/416
f 1450/1555/430 1458/1756/441 1448/1746/428
f 1462/1755/440 1420/1715/400 1460/1218/399
f 1466/1726/407 1442/1742/424 1426/1727/408
f 1424/1716/285 1444/1733/311 1456/1745/325
f 1424/1716/285 1467/1757/347 1423/1723/294
f 1420/1715/400 1467/1566/348 1419/1378/282
f 1422/1720/403 1467/1757/349 1421/1718/401
f 1430/1395/409 1468/1758/444 1429/1721/404
f 1426/1727/408 1468/449/445 1425/1725/406
f 1428/1719/402 1468/449/446 1427/1729/412
f 1436/1734/416 1469/1759/355 1435/1737/417
f 1432/403/295 1469/1759/357 1431/1732/310
f 1434/1738/419 1469/1759/359 1433/1724/297
f 1442/1742/424 1470/1760/447 1441/1731/414
f 1438/420/418 1470/1760/448 1437/1740/422
f 1440/1730/413 1470/1760/449 1439/1739/420
f 1448/1746/428 1471/452/363 1447/1749/429
f 1444/1733/311 1471/1761/365 1443/1744/324
f 1446/1750/431 1471/452/367 1445/1735/313
f 1454/1754/436 1472/454/450 1453/1252/425
f 1450/1555/430 1472/1762/451 1449/1752/434
f 1452/1741/423 1472/1762/452 1451/1751/432
f 1460/1218/399 1473/456/371 1459/442/439
f 1456/1745/325 1473/1763/373 1455/1717/286
f 1458/1756/441 1473/456/375 1457/1747/327
f 1466/1726/407 1474/458/453 1465/1425/437
f 1462/1755/440 1474/1764/454 1461/1728/410
f 1464/1753/435 1474/1764/455 1463/445/442
f 30/1/1 25/1765/189 41/2/2
f 25/4/4 26/44/47 42/5/5
f 92/7/7 91/1766/906 90/8/8
f 91/10/10 94/66/71 93/11/11
f 98/13/13 97/16/76 96/14/14
f 97/16/16 99/37/39 89/9/9
f 49/17/18 36/60/65 31/18/19
f 50/20/21 31/83/94 32/21/22
f 102/23/24 101/25/907 100/24/25
f 101/25/26 104/72/79 103/26/27
f 14/27/29 15/76/84 44/28/30
f 15/30/32 16/52/55 45/31/33
f 108/33/35 107/36/908 106/34/36
f 107/36/38 102/23/24 99/37/39
f 46/38/41 22/79/89 23/39/42
f 47/41/44 23/77/86 24/42/45
f 26/44/47 27/81/91 13/45/48
f 27/46/49 28/59/63 18/47/50
f 20/49/52 21/51/909 17/50/53
f 21/51/54 22/79/89 16/52/55
f 34/53/57 35/1767/910 19/54/58
f 35/55/59 36/60/65 24/42/45
f 32/21/22 33/58/911 29/57/61
f 33/58/62 34/53/57 28/59/63
f 99/37/39 102/23/24 92/7/7
f 16/52/55 22/79/89 46/38/41
f 28/59/63 34/53/57 20/49/52
f 52/3/3 51/22/23 32/21/22
f 48/43/46 24/42/45 36/60/65
f 26/44/47 14/27/29 43/29/31
f 96/14/14 110/64/912 109/61/66
f 110/62/67 90/12/12 93/11/11
f 110/64/69 96/14/17 89/9/9
f 112/65/70 111/1768/913 94/66/71
f 111/67/72 112/68/889 100/24/28
f 112/68/73 91/1766/906 92/7/7
f 114/69/74 113/148/239 105/35/37
f 113/70/75 114/69/238 97/16/76
f 114/69/77 106/34/40 99/37/39
f 101/25/26 116/73/235 115/71/78
f 116/73/80 107/36/908 108/33/35
f 116/73/82 101/25/907 102/23/24
f 37/75/83 13/48/51 18/47/50
f 13/45/48 37/1769/914 15/76/84
f 37/75/85 17/50/56 16/52/55
f 23/77/86 38/1770/892 19/56/60
f 38/78/87 21/51/909 20/49/52
f 38/78/88 23/39/42 22/79/89
f 39/80/90 25/1765/189 30/1/1
f 25/4/4 39/1771/249 27/81/91
f 39/80/92 29/57/64 28/59/63
f 35/55/59 40/1772/247 31/18/19
f 40/82/93 33/58/911 32/21/22
f 40/82/95 35/1767/910 34/53/57
f 67/84/96 66/88/100 54/85/97
f 55/87/99 54/85/97 66/88/100
f 55/87/99 65/89/101 76/90/102
f 76/92/104 75/95/107 57/93/105
f 75/95/107 74/131/143 58/96/108
f 58/96/108 74/131/143 73/97/109
f 73/99/111 72/130/142 60/100/112
f 60/100/112 72/130/142 71/102/114
f 71/102/114 70/129/141 62/104/116
f 70/105/117 69/109/121 63/106/118
f 64/108/120 63/106/118 69/109/121
f 64/108/120 68/110/122 67/111/123
f 77/113/125 53/86/98 54/85/97
f 79/115/127 78/114/126 54/85/97
f 55/87/99 56/91/103 80/116/128
f 56/94/106 57/93/105 81/117/129
f 57/93/105 58/96/108 82/119/131
f 58/96/108 59/98/110 83/120/132
f 83/121/133 59/101/113 60/100/112
f 84/122/134 60/100/112 61/103/115
f 61/103/115 62/104/116 86/124/136
f 62/107/119 63/106/118 87/125/137
f 88/127/139 87/125/137 63/106/118
f 88/127/139 64/108/120 53/112/124
f 65/89/101 66/88/100 42/5/5
f 67/84/96 41/6/6 42/5/5
f 52/3/3 41/2/2 67/111/123
f 68/110/122 69/109/121 51/22/23
f 50/20/21 51/22/23 69/109/121
f 49/17/18 50/19/20 70/129/141
f 48/43/46 49/17/18 71/102/114
f 47/41/44 48/43/46 72/130/142
f 46/38/41 47/40/43 73/97/109
f 45/31/33 46/38/41 74/131/143
f 76/92/104 44/32/34 45/31/33
f 65/89/101 43/29/31 44/28/30
f 77/113/125 78/114/126 3/132/144
f 79/115/127 8/135/147 3/132/144
f 79/115/127 80/116/128 7/134/146
f 80/118/130 81/117/129 9/136/148
f 81/117/129 82/119/131 11/138/150
f 11/138/150 82/119/131 83/120/132
f 10/140/152 83/121/133 84/122/134
f 5/142/154 12/141/153 84/122/134
f 5/142/154 85/123/135 86/124/136
f 86/126/138 87/125/137 6/144/156
f 2/146/158 6/144/156 87/125/137
f 2/146/158 88/127/139 77/128/140
f 93/11/160 94/66/160 6/144/156
f 8/135/147 98/13/161 95/15/161
f 103/26/162 104/72/162 12/141/153
f 108/33/163 105/35/163 9/136/148
f 3/132/144 95/15/164 109/61/164
f 1/147/159 109/63/165 93/11/165
f 94/66/166 111/1768/166 4/145/157
f 111/67/167 103/26/167 5/142/154
f 9/136/148 105/35/168 113/148/168
f 7/134/146 113/70/169 98/13/169
f 104/72/170 115/71/170 10/140/152
f 115/74/171 108/33/171 11/138/150
f 157/149/172 141/1773/915 146/150/173
f 158/152/175 142/193/207 141/153/19
f 206/155/176 207/1774/916 208/156/177
f 209/158/71 210/213/228 207/159/10
f 212/161/180 213/164/234 214/162/181
f 205/157/178 215/184/199 213/164/183
f 165/165/185 166/1775/6 147/166/4
f 166/168/187 167/275/276 148/169/188
f 216/171/190 217/174/917 218/172/191
f 216/171/192 219/291/918 220/173/13
f 160/175/44 131/223/240 130/176/193
f 161/178/195 132/199/213 131/179/42
f 222/181/196 223/185/919 224/182/197
f 215/184/199 218/172/191 223/185/200
f 162/186/202 163/1776/34 139/187/32
f 163/189/30 164/208/223 140/190/204
f 129/192/206 143/228/246 142/193/207
f 134/194/208 144/206/220 143/195/209
f 133/197/211 137/200/920 136/198/212
f 132/199/213 138/188/203 137/200/214
f 135/201/51 151/1777/921 150/202/216
f 140/190/204 152/167/186 151/203/217
f 145/205/219 149/207/922 148/169/188
f 144/206/220 150/202/216 149/207/221
f 208/156/177 218/172/191 215/184/199
f 162/186/202 138/188/203 132/199/213
f 136/198/212 150/202/216 144/206/220
f 148/169/188 167/275/276 168/151/174
f 164/208/223 165/165/185 152/167/186
f 142/193/207 158/152/175 159/177/194
f 212/161/180 211/163/182 225/209/224
f 209/158/71 206/160/179 226/211/70
f 205/157/178 212/161/184 226/210/227
f 210/213/228 227/1778/923 228/214/67
f 227/215/229 219/291/918 216/171/192
f 208/156/177 207/1774/916 228/216/231
f 221/183/198 229/294/924 230/217/232
f 229/218/233 214/162/181 213/164/234
f 215/184/199 222/181/201 230/217/236
f 217/174/76 220/173/13 231/219/237
f 224/182/197 223/185/919 232/220/74
f 218/172/191 217/174/917 232/220/77
f 134/194/208 129/196/210 153/222/87
f 129/192/206 130/176/193 131/223/240
f 132/199/213 133/197/215 153/222/242
f 139/191/205 140/190/204 135/204/218
f 136/198/212 137/200/920 154/226/83
f 138/188/203 139/187/32 154/226/244
f 146/150/173 141/1773/915 155/227/245
f 141/153/19 142/193/207 143/228/246
f 144/206/220 145/205/222 155/227/248
f 151/203/217 152/167/186 147/166/4
f 148/169/188 149/207/922 156/231/250
f 150/202/216 151/1777/921 156/231/92
f 170/232/251 182/235/253 183/233/141
f 182/235/253 170/232/251 171/236/112
f 171/236/112 172/1779/113 192/238/111
f 173/239/255 191/243/258 192/240/256
f 174/242/257 190/245/260 191/243/258
f 174/242/257 175/1780/106 189/244/259
f 176/246/261 188/250/263 189/247/102
f 176/246/261 177/252/265 187/249/262
f 178/251/264 186/276/96 187/249/262
f 179/253/266 185/256/267 186/254/123
f 185/256/267 179/253/266 180/257/268
f 180/257/268 169/274/119 183/259/270
f 193/260/136 194/1781/925 170/232/251
f 170/232/251 194/1781/925 195/261/134
f 196/262/133 172/1779/113 171/236/112
f 197/263/271 173/239/255 172/241/110
f 198/265/272 174/242/257 173/239/255
f 199/266/130 175/1780/106 174/242/257
f 199/267/128 200/268/273 176/246/261
f 200/268/273 201/270/274 177/252/265
f 202/269/125 178/251/264 177/252/265
f 203/271/275 179/253/266 178/255/124
f 179/253/266 203/271/275 204/273/137
f 204/273/137 193/290/138 169/274/119
f 158/152/175 182/235/253 181/237/254
f 183/233/141 182/235/253 158/152/175
f 183/259/270 157/149/172 168/151/174
f 167/275/276 185/256/267 184/258/269
f 185/256/267 167/275/276 166/168/187
f 186/276/96 166/1775/6 165/165/185
f 187/249/262 165/165/185 164/208/223
f 188/250/263 164/208/223 163/189/30
f 189/244/259 163/1776/34 162/186/202
f 190/245/260 162/186/202 161/178/195
f 192/240/256 191/243/258 161/178/195
f 181/237/254 192/238/111 160/175/44
f 119/277/154 194/1781/925 193/260/136
f 195/261/134 194/1781/925 119/277/154
f 123/280/152 196/262/133 195/261/134
f 125/281/277 197/263/271 196/264/132
f 127/283/278 198/265/272 197/263/271
f 127/283/278 126/295/149 199/266/130
f 126/284/279 128/286/147 200/268/273
f 121/285/144 201/270/274 200/268/273
f 121/285/144 120/293/145 202/269/125
f 122/287/280 203/271/275 202/272/140
f 203/271/275 122/287/280 118/289/281
f 118/289/281 117/292/157 193/290/138
f 122/287/280 210/213/160 209/158/160
f 124/279/153 119/277/154 211/163/162
f 128/286/147 220/173/161 219/291/161
f 125/281/277 221/183/163 224/182/163
f 119/277/154 117/278/155 225/209/167
f 117/292/157 118/289/281 209/158/166
f 120/288/159 227/1778/165 210/213/165
f 121/285/144 219/291/164 227/215/164
f 125/281/277 123/282/151 229/294/171
f 123/280/152 124/279/153 214/162/170
f 126/284/279 231/219/169 220/173/169
f 127/283/278 224/182/168 231/221/168
f 233/296/282 269/1782/926 274/297/283
f 238/299/285 270/336/325 269/300/286
f 289/302/288 243/1783/927 242/303/289
f 290/305/291 244/315/302 243/306/292
f 237/308/294 247/311/928 246/309/295
f 236/310/296 248/363/358 247/311/297
f 239/312/299 275/1784/929 280/313/300
f 244/315/302 276/352/342 275/316/303
f 242/303/289 241/320/354 255/318/305
f 241/320/307 240/314/301 256/321/308
f 245/322/310 259/1785/930 258/323/311
f 250/324/312 260/368/366 259/325/313
f 297/327/315 298/330/931 253/328/316
f 298/330/318 299/354/345 254/319/306
f 251/331/320 267/1786/932 266/332/321
f 256/321/308 268/347/337 267/333/322
f 257/335/324 271/1787/933 270/336/325
f 262/337/326 272/374/374 271/338/327
f 295/340/329 265/344/934 264/341/330
f 296/343/332 266/332/321 265/344/333
f 263/345/335 279/1788/935 278/346/336
f 268/347/337 280/313/300 279/348/338
f 291/350/340 292/353/936 277/351/341
f 292/353/343 293/355/346 278/346/336
f 300/304/290 242/303/289 254/319/306
f 297/327/315 252/329/317 266/332/321
f 293/355/346 294/342/331 264/341/330
f 291/350/340 276/352/342 244/315/302
f 280/313/300 268/347/337 256/321/308
f 238/299/285 246/309/295 258/323/311
f 238/299/285 233/301/287 281/356/347
f 234/298/284 235/389/394 281/357/348
f 236/310/296 237/308/298 281/356/349
f 244/315/302 239/317/304 282/359/351
f 240/314/301 241/320/307 282/360/352
f 242/303/289 243/1783/927 282/360/353
f 250/324/312 245/326/314 283/361/355
f 246/309/295 247/311/928 283/361/357
f 248/363/358 249/362/397 283/361/359
f 256/321/308 251/334/323 284/364/360
f 252/329/317 253/328/316 284/364/361
f 254/319/306 255/318/305 284/364/362
f 262/337/326 257/339/328 285/365/363
f 258/323/311 259/1785/930 285/367/365
f 260/368/366 261/366/396 285/365/367
f 268/347/337 263/349/339 286/369/368
f 264/341/330 265/344/934 286/370/369
f 266/332/321 267/1786/932 286/370/370
f 274/297/283 269/1782/926 287/371/371
f 270/336/325 271/1787/933 287/373/373
f 272/374/374 273/372/395 287/371/375
f 280/313/300 275/1784/929 288/375/376
f 276/352/342 277/351/341 288/376/377
f 278/346/336 279/1788/935 288/376/378
f 302/377/379 290/305/291 289/307/293
f 303/379/381 291/350/340 290/305/291
f 304/380/382 292/353/936 291/350/340
f 305/381/383 293/355/346 292/353/343
f 305/381/383 306/383/386 294/342/331
f 307/382/385 295/340/329 294/342/331
f 308/384/387 296/343/332 295/340/334
f 309/385/389 297/327/315 296/343/332
f 310/386/390 298/330/931 297/327/315
f 310/386/391 311/388/393 299/354/345
f 312/387/392 300/304/290 299/354/345
f 312/387/392 301/390/398 289/302/288
f 235/389/394 234/298/284 302/377/379
f 303/379/381 302/377/379 234/298/284
f 273/372/372 304/380/382 303/379/381
f 272/374/374 305/381/383 304/380/384
f 262/337/326 306/383/386 305/381/383
f 261/366/364 307/382/385 306/383/386
f 260/368/366 308/384/387 307/382/388
f 309/385/389 308/384/387 260/368/366
f 250/324/312 249/362/356 310/386/390
f 249/362/397 248/363/358 311/388/393
f 312/387/392 311/388/393 248/363/358
f 236/310/296 235/358/350 301/390/398
f 313/391/282 349/1789/926 354/392/399
f 318/394/285 350/429/427 349/395/286
f 315/397/401 323/1790/937 322/398/402
f 314/393/400 324/408/409 323/400/404
f 317/402/294 327/404/928 326/403/295
f 316/399/403 328/421/419 327/404/297
f 319/405/406 355/1791/938 360/406/407
f 324/408/409 356/443/440 355/409/410
f 321/411/412 335/413/939 334/412/413
f 320/407/408 336/425/424 335/413/414
f 325/414/310 339/1792/930 338/415/311
f 330/416/416 340/435/431 339/417/313
f 329/419/417 333/422/940 332/420/418
f 328/421/419 334/412/413 333/422/420
f 331/423/422 347/1793/941 346/424/423
f 336/425/424 348/439/436 347/426/425
f 337/428/324 351/1794/933 350/429/427
f 342/430/428 352/444/441 351/431/327
f 341/433/429 345/436/942 344/434/430
f 340/435/431 346/424/423 345/436/432
f 343/437/434 359/1795/943 358/438/435
f 348/439/436 360/406/407 359/440/437
f 353/442/439 357/445/944 356/443/440
f 352/444/441 358/438/435 357/445/442
f 322/398/402 334/412/413 328/421/419
f 332/420/418 346/424/423 340/435/431
f 344/434/430 358/438/435 352/444/441
f 356/443/440 324/408/409 314/393/400
f 360/406/407 348/439/436 336/425/424
f 318/394/285 326/403/295 338/415/311
f 318/394/285 313/396/287 361/446/347
f 314/393/400 315/401/405 361/447/348
f 316/399/403 317/402/298 361/446/349
f 324/408/409 319/410/411 362/448/444
f 320/407/408 321/411/415 362/449/445
f 322/398/402 323/1790/937 362/449/446
f 330/416/416 325/418/314 363/450/355
f 326/403/295 327/404/928 363/450/357
f 328/421/419 329/419/421 363/450/359
f 336/425/424 331/427/426 364/451/447
f 332/420/418 333/422/940 364/451/448
f 334/412/413 335/413/939 364/451/449
f 342/430/428 337/432/328 365/452/363
f 338/415/311 339/1792/930 365/453/365
f 340/435/431 341/433/433 365/452/367
f 348/439/436 343/441/438 366/454/450
f 344/434/430 345/436/942 366/455/451
f 346/424/423 347/1793/941 366/455/452
f 354/392/399 349/1789/926 367/456/371
f 350/429/427 351/1794/933 367/457/373
f 352/444/441 353/442/443 367/456/375
f 360/406/407 355/1791/938 368/458/453
f 356/443/440 357/445/944 368/459/454
f 358/438/435 359/1795/943 368/459/455
f 369/460/456 400/1796/456 401/461/457
f 370/462/457 401/461/457 402/463/458
f 371/464/458 402/463/458 403/465/459
f 372/466/459 403/465/459 404/467/460
f 373/468/460 404/467/460 405/469/461
f 375/471/462 374/470/461 405/469/461
f 376/473/464 375/471/462 406/472/463
f 376/473/464 407/474/465 408/475/466
f 378/477/467 377/476/466 408/475/466
f 378/477/467 409/478/467 410/479/468
f 379/480/468 410/479/468 411/481/469
f 381/483/470 380/482/469 411/481/469
f 381/483/470 412/484/470 413/485/471
f 382/486/471 413/485/471 414/487/472
f 384/489/473 383/488/472 414/487/472
f 385/491/474 384/489/473 415/490/473
f 386/493/475 385/491/474 416/492/474
f 387/495/476 386/493/475 417/494/475
f 388/497/477 387/495/476 418/496/476
f 389/499/478 388/497/477 419/498/477
f 389/499/478 420/500/478 421/501/479
f 390/502/479 421/501/479 422/503/480
f 392/505/481 391/504/480 422/503/480
f 393/507/482 392/505/481 423/506/481
f 394/509/483 393/507/482 424/508/482
f 394/509/483 425/510/483 426/511/484
f 396/513/485 395/512/484 426/511/484
f 396/513/485 427/514/485 428/515/486
f 398/517/487 397/516/486 428/515/486
f 398/517/487 429/518/487 430/519/488
f 399/520/488 430/519/488 400/521/456
f 401/461/489 400/1796/490 431/523/490
f 402/463/491 401/461/489 432/524/489
f 402/463/491 433/525/491 434/526/492
f 404/467/493 403/465/492 434/526/492
f 405/469/494 404/467/493 435/527/493
f 406/472/495 405/469/494 436/528/494
f 407/474/497 406/472/495 437/529/496
f 407/474/497 438/530/498 439/531/499
f 408/475/499 439/531/499 440/532/500
f 409/478/500 440/532/500 441/533/501
f 411/481/502 410/479/501 441/533/501
f 411/481/502 442/534/502 443/535/503
f 413/485/504 412/484/503 443/535/503
f 413/485/504 444/536/504 445/537/505
f 415/490/506 414/487/505 445/537/505
f 415/490/506 446/538/506 447/539/507
f 417/494/508 416/492/507 447/539/507
f 418/496/509 417/494/508 448/540/508
f 418/496/509 449/541/509 450/542/510
f 419/498/510 450/542/510 451/543/511
f 420/500/511 451/543/511 452/544/512
f 422/503/513 421/501/512 452/544/512
f 423/506/514 422/503/513 453/545/513
f 423/506/514 454/546/514 455/547/515
f 424/508/515 455/547/515 456/548/516
f 425/510/516 456/548/516 457/549/517
f 427/514/518 426/511/517 457/549/517
f 428/515/519 427/514/518 458/550/518
f 429/518/520 428/515/519 459/551/519
f 430/519/521 429/518/520 460/552/520
f 430/519/521 461/553/521 431/554/490
f 431/523/522 462/586/522 463/555/523
f 432/524/523 463/555/523 464/556/524
f 433/525/524 464/556/524 465/557/525
f 434/526/525 465/557/525 466/558/526
f 435/527/526 466/558/526 467/559/527
f 436/528/527 467/559/527 468/560/528
f 438/530/530 437/529/529 468/560/528
f 438/530/530 469/561/531 470/562/532
f 439/531/532 470/562/532 471/563/533
f 440/532/533 471/563/533 472/564/534
f 441/533/534 472/564/534 473/565/535
f 442/534/535 473/565/535 474/566/536
f 443/535/536 474/566/536 475/567/537
f 444/536/537 475/567/537 476/568/538
f 445/537/538 476/568/538 477/569/539
f 446/538/539 477/569/539 478/570/540
f 447/539/540 478/570/540 479/571/541
f 448/540/541 479/571/541 480/572/542
f 449/541/542 480/572/542 481/573/543
f 450/542/543 481/573/543 482/574/544
f 451/543/544 482/574/544 483/575/545
f 452/544/545 483/575/545 484/576/546
f 453/545/546 484/576/546 485/577/547
f 454/546/547 485/577/547 486/578/548
f 455/547/548 486/578/548 487/579/549
f 456/548/549 487/579/549 488/580/550
f 457/549/550 488/580/550 489/581/551
f 458/550/551 489/581/551 490/582/552
f 459/551/552 490/582/552 491/583/553
f 460/552/553 491/583/553 492/584/554
f 461/553/554 492/584/554 462/585/522
f 462/586/555 493/1797/555 494/587/556
f 463/555/556 494/587/556 495/588/557
f 464/556/557 495/588/557 496/589/558
f 465/557/558 496/589/558 497/590/559
f 466/558/559 497/590/559 498/591/560
f 467/559/560 498/591/560 499/592/561
f 500/593/563 469/561/564 468/560/562
f 469/561/564 500/593/563 501/594/565
f 471/563/566 470/562/565 501/594/565
f 471/563/566 502/595/566 503/596/567
f 472/564/567 503/596/567 504/597/568
f 474/566/569 473/565/568 504/597/568
f 474/566/569 505/598/569 506/599/570
f 476/568/571 475/567/570 506/599/570
f 476/568/571 507/600/571 508/601/572
f 477/569/572 508/601/572 509/602/573
f 478/570/573 509/602/573 510/603/574
f 479/571/574 510/603/574 511/604/575
f 480/572/575 511/604/575 512/605/576
f 481/573/576 512/605/576 513/606/577
f 482/574/577 513/606/577 514/607/578
f 483/575/578 514/607/578 515/608/579
f 484/576/579 515/608/579 516/609/580
f 485/577/580 516/609/580 517/610/581
f 486/578/581 517/610/581 518/611/582
f 488/580/583 487/579/582 518/611/582
f 488/580/583 519/612/583 520/613/584
f 489/581/584 520/613/584 521/614/585
f 490/582/585 521/614/585 522/615/586
f 491/583/586 522/615/586 523/616/587
f 462/585/555 492/584/587 523/616/587
f 494/587/588 493/1797/589 369/618/589
f 494/587/588 370/619/588 371/620/590
f 495/588/590 371/620/590 372/621/591
f 496/589/591 372/621/591 373/622/592
f 498/591/593 497/590/592 373/622/592
f 498/591/593 374/623/593 375/624/594
f 376/625/596 500/593/945 499/592/595
f 501/594/597 500/593/945 376/625/596
f 501/594/597 377/626/597 378/627/598
f 502/595/598 378/627/598 379/628/599
f 503/596/599 379/628/599 380/629/600
f 504/597/600 380/629/600 381/630/601
f 505/598/601 381/630/601 382/631/602
f 506/599/602 382/631/602 383/632/603
f 507/600/603 383/632/603 384/633/604
f 508/601/604 384/633/604 385/634/605
f 509/602/605 385/634/605 386/635/606
f 510/603/606 386/635/606 387/636/607
f 511/604/607 387/636/607 388/637/608
f 512/605/608 388/637/608 389/638/609
f 513/606/609 389/638/609 390/639/610
f 514/607/610 390/639/610 391/640/611
f 515/608/611 391/640/611 392/641/612
f 516/609/612 392/641/612 393/642/613
f 517/610/613 393/642/613 394/643/614
f 518/611/614 394/643/614 395/644/615
f 519/612/615 395/644/615 396/645/616
f 521/614/617 520/613/616 396/645/616
f 521/614/617 397/646/617 398/647/618
f 522/615/618 398/647/618 399/648/619
f 493/617/589 523/616/619 399/648/619
f 525/650/473 524/1798/620 540/651/620
f 525/650/473 541/652/473 542/653/474
f 526/654/474 542/653/474 543/655/475
f 528/657/476 527/656/475 543/655/475
f 529/659/477 528/657/476 544/658/476
f 530/661/478 529/659/477 545/660/477
f 531/663/621 530/661/478 546/662/478
f 532/665/623 531/663/621 547/664/622
f 533/667/482 532/665/623 548/666/624
f 534/669/483 533/667/482 549/668/482
f 534/669/483 550/670/483 551/671/484
f 535/672/484 551/671/484 552/673/485
f 536/674/485 552/673/485 553/675/486
f 537/676/486 553/675/486 554/677/487
f 538/678/487 554/677/487 555/679/625
f 541/652/506 540/651/626 556/681/626
f 542/653/507 541/652/506 557/682/506
f 542/653/507 558/683/507 559/684/508
f 544/658/509 543/655/508 559/684/508
f 544/658/509 560/685/509 561/686/510
f 546/662/511 545/660/510 561/686/510
f 546/662/511 562/687/511 563/688/627
f 548/666/629 547/664/628 563/688/627
f 549/668/515 548/666/629 564/689/630
f 549/668/515 565/690/515 566/691/516
f 550/670/516 566/691/516 567/692/517
f 552/673/518 551/671/517 567/692/517
f 552/673/518 568/693/518 569/694/519
f 553/675/519 569/694/519 570/695/520
f 554/677/520 570/695/520 571/696/631
f 556/681/632 572/712/632 573/697/539
f 557/682/539 573/697/539 574/698/540
f 558/683/540 574/698/540 575/699/541
f 559/684/541 575/699/541 576/700/542
f 560/685/542 576/700/542 577/701/543
f 561/686/543 577/701/543 578/702/544
f 562/687/544 578/702/544 579/703/633
f 564/689/635 563/688/634 579/703/633
f 564/689/635 580/704/636 581/705/548
f 565/690/548 581/705/548 582/706/549
f 566/691/549 582/706/549 583/707/550
f 567/692/550 583/707/550 584/708/551
f 568/693/551 584/708/551 585/709/552
f 569/694/552 585/709/552 586/710/553
f 570/695/553 586/710/553 587/711/637
f 572/712/638 588/728/638 589/713/572
f 573/697/572 589/713/572 590/714/573
f 574/698/573 590/714/573 591/715/574
f 575/699/574 591/715/574 592/716/575
f 576/700/575 592/716/575 593/717/576
f 577/701/576 593/717/576 594/718/577
f 578/702/577 594/718/577 595/719/639
f 580/704/641 579/703/640 595/719/639
f 580/704/641 596/720/642 597/721/581
f 582/706/582 581/705/581 597/721/581
f 583/707/583 582/706/582 598/722/582
f 584/708/584 583/707/583 599/723/583
f 585/709/585 584/708/584 600/724/584
f 585/709/585 601/725/585 602/726/586
f 586/710/586 602/726/586 603/727/643
f 588/728/644 524/1799/644 525/729/604
f 589/713/604 525/729/604 526/730/605
f 591/715/606 590/714/605 526/730/605
f 591/715/606 527/731/606 528/732/607
f 592/716/607 528/732/607 529/733/608
f 593/717/608 529/733/608 530/734/609
f 594/718/609 530/734/609 531/735/645
f 532/736/647 596/720/648 595/719/646
f 596/720/648 532/736/647 533/737/613
f 597/721/613 533/737/613 534/738/614
f 599/723/615 598/722/614 534/738/614
f 599/723/615 535/739/615 536/740/616
f 600/724/616 536/740/616 537/741/617
f 601/725/617 537/741/617 538/742/618
f 602/726/618 538/742/618 539/743/649
f 604/744/456 620/1800/456 621/745/457
f 605/746/457 621/745/457 622/747/458
f 606/748/458 622/747/458 623/749/459
f 607/750/459 623/749/459 624/751/460
f 608/752/460 624/751/460 625/753/461
f 610/755/462 609/754/461 625/753/461
f 611/757/464 610/755/462 626/756/463
f 611/757/464 627/758/465 628/759/466
f 613/761/467 612/760/466 628/759/466
f 614/763/468 613/761/467 629/762/467
f 614/763/468 630/764/468 631/765/469
f 616/767/470 615/766/469 631/765/469
f 616/767/470 632/768/470 633/769/471
f 617/770/471 633/769/471 634/771/650
f 619/773/651 635/791/651 620/774/456
f 621/745/489 620/1800/490 636/776/490
f 621/745/489 637/777/489 638/778/491
f 623/749/492 622/747/491 638/778/491
f 624/751/493 623/749/492 639/779/492
f 625/753/494 624/751/493 640/780/493
f 625/753/494 641/781/494 642/782/496
f 627/758/497 626/756/495 642/782/496
f 628/759/499 627/758/497 643/783/498
f 628/759/499 644/784/499 645/785/500
f 629/762/500 645/785/500 646/786/501
f 630/764/501 646/786/501 647/787/502
f 631/765/502 647/787/502 648/788/503
f 633/769/504 632/768/503 648/788/503
f 633/769/504 649/789/504 650/790/652
f 635/791/653 651/807/653 636/792/490
f 636/776/522 652/809/522 653/793/523
f 637/777/523 653/793/523 654/794/524
f 638/778/524 654/794/524 655/795/525
f 639/779/525 655/795/525 656/796/526
f 640/780/526 656/796/526 657/797/527
f 641/781/527 657/797/527 658/798/528
f 643/783/530 642/782/529 658/798/528
f 643/783/530 659/799/531 660/800/532
f 644/784/532 660/800/532 661/801/533
f 645/785/533 661/801/533 662/802/534
f 646/786/534 662/802/534 663/803/535
f 647/787/535 663/803/535 664/804/536
f 648/788/536 664/804/536 665/805/537
f 649/789/537 665/805/537 666/806/654
f 651/807/655 667/1801/655 652/808/522
f 652/809/555 668/1802/555 669/810/556
f 654/794/557 653/793/556 669/810/556
f 654/794/557 670/811/557 671/812/558
f 655/795/558 671/812/558 672/813/559
f 656/796/559 672/813/559 673/814/560
f 657/797/560 673/814/560 674/815/561
f 675/816/563 659/799/564 658/798/562
f 660/800/565 659/799/564 675/816/563
f 660/800/565 676/817/565 677/818/566
f 661/801/566 677/818/566 678/819/567
f 662/802/567 678/819/567 679/820/568
f 663/803/568 679/820/568 680/821/569
f 664/804/569 680/821/569 681/822/570
f 665/805/570 681/822/570 682/823/656
f 652/808/555 667/1801/657 683/824/657
f 669/810/588 668/1802/589 604/826/589
f 669/810/588 605/827/588 606/828/590
f 670/811/590 606/828/590 607/829/591
f 672/813/592 671/812/591 607/829/591
f 672/813/592 608/830/592 609/831/593
f 673/814/593 609/831/593 610/832/594
f 611/833/596 675/816/945 674/815/595
f 676/817/597 675/816/945 611/833/596
f 676/817/597 612/834/597 613/835/598
f 677/818/598 613/835/598 614/836/599
f 679/820/600 678/819/599 614/836/599
f 679/820/600 615/837/600 616/838/601
f 680/821/601 616/838/601 617/839/602
f 681/822/602 617/839/602 618/840/658
f 668/825/589 683/824/659 619/841/659
f 684/843/620 700/1803/620 701/844/473
f 685/845/473 701/844/473 702/846/474
f 686/847/474 702/846/474 703/848/475
f 688/850/476 687/849/475 703/848/475
f 689/852/477 688/850/476 704/851/476
f 690/854/478 689/852/477 705/853/477
f 690/854/478 706/855/478 707/856/622
f 692/858/623 691/857/660 707/856/622
f 693/860/482 692/858/623 708/859/624
f 694/862/483 693/860/482 709/861/482
f 695/864/484 694/862/483 710/863/483
f 695/864/484 711/865/484 712/866/485
f 696/867/485 712/866/485 713/868/486
f 698/870/487 697/869/486 713/868/486
f 698/870/487 714/871/487 715/872/625
f 701/844/506 700/1803/626 716/874/626
f 702/846/507 701/844/506 717/875/506
f 702/846/507 718/876/507 719/877/508
f 704/851/509 703/848/508 719/877/508
f 705/853/510 704/851/509 720/878/509
f 706/855/511 705/853/510 721/879/510
f 706/855/511 722/880/511 723/881/627
f 708/859/629 707/856/628 723/881/627
f 709/861/515 708/859/629 724/882/630
f 709/861/515 725/883/515 726/884/516
f 711/865/517 710/863/516 726/884/516
f 712/866/518 711/865/517 727/885/517
f 712/866/518 728/886/518 729/887/519
f 713/868/519 729/887/519 730/888/520
f 715/872/631 714/871/520 730/888/520
f 716/874/632 732/905/632 733/890/539
f 717/875/539 733/890/539 734/891/540
f 718/876/540 734/891/540 735/892/541
f 719/877/541 735/892/541 736/893/542
f 720/878/542 736/893/542 737/894/543
f 721/879/543 737/894/543 738/895/544
f 722/880/544 738/895/544 739/896/633
f 724/882/635 723/881/634 739/896/633
f 724/882/635 740/897/636 741/898/548
f 725/883/548 741/898/548 742/899/549
f 726/884/549 742/899/549 743/900/550
f 727/885/550 743/900/550 744/901/551
f 728/886/551 744/901/551 745/902/552
f 729/887/552 745/902/552 746/903/553
f 730/888/553 746/903/553 747/904/637
f 732/905/638 748/921/638 749/906/572
f 733/890/572 749/906/572 750/907/573
f 734/891/573 750/907/573 751/908/574
f 735/892/574 751/908/574 752/909/575
f 737/894/576 736/893/575 752/909/575
f 737/894/576 753/910/576 754/911/577
f 739/896/640 738/895/577 754/911/577
f 740/897/641 739/896/640 755/912/639
f 740/897/641 756/913/642 757/914/581
f 742/899/582 741/898/581 757/914/581
f 742/899/582 758/915/582 759/916/583
f 743/900/583 759/916/583 760/917/584
f 745/902/585 744/901/584 760/917/584
f 745/902/585 761/918/585 762/919/586
f 746/903/586 762/919/586 763/920/643
f 748/921/644 684/1804/644 685/922/604
f 749/906/604 685/922/604 686/923/605
f 751/908/606 750/907/605 686/923/605
f 751/908/606 687/924/606 688/925/607
f 752/909/607 688/925/607 689/926/608
f 753/910/608 689/926/608 690/927/609
f 754/911/609 690/927/609 691/928/645
f 692/929/647 756/913/946 755/912/646
f 757/914/613 756/913/946 692/929/647
f 757/914/613 693/930/613 694/931/614
f 758/915/614 694/931/614 695/932/615
f 759/916/615 695/932/615 696/933/616
f 760/917/616 696/933/616 697/934/617
f 761/918/617 697/934/617 698/935/618
f 763/920/649 762/919/618 698/935/618
f 765/937/604 781/966/604 780/938/644
f 782/940/605 781/966/604 765/937/604
f 783/942/606 782/940/605 766/941/605
f 768/944/607 784/946/607 783/942/606
f 769/945/608 785/948/608 784/946/607
f 770/947/609 786/950/609 785/948/608
f 771/949/661 787/951/646 786/950/609
f 787/951/646 771/949/661 772/952/647
f 773/954/613 789/956/613 788/953/648
f 774/955/614 790/975/614 789/956/613
f 791/957/615 790/975/614 774/955/614
f 776/959/616 792/976/616 791/957/615
f 793/960/617 792/976/616 776/959/616
f 794/962/618 793/960/617 777/961/617
f 795/964/649 794/962/618 778/963/618
f 781/966/572 797/968/572 796/967/638
f 782/940/573 798/982/573 797/968/572
f 799/969/574 798/982/573 782/940/573
f 784/946/575 800/985/575 799/969/574
f 801/970/576 800/985/575 784/946/575
f 802/971/577 801/970/576 785/948/576
f 803/972/640 802/971/577 786/950/577
f 803/972/640 787/951/639 788/953/642
f 789/956/581 805/991/581 804/973/641
f 806/974/582 805/991/581 789/956/581
f 791/957/583 807/977/583 806/974/582
f 792/976/584 808/995/584 807/977/583
f 809/978/585 808/995/584 792/976/584
f 794/962/586 810/998/586 809/978/585
f 811/979/643 810/998/586 794/962/586
f 813/980/539 812/1001/632 796/967/632
f 814/981/540 813/980/539 797/968/539
f 815/983/541 814/981/540 798/982/540
f 816/984/542 815/983/541 799/969/541
f 817/986/543 816/984/542 800/985/542
f 818/987/544 817/986/543 801/970/543
f 819/988/633 818/987/544 802/971/544
f 819/988/633 803/972/634 804/973/635
f 821/990/548 820/989/636 804/973/635
f 822/992/549 821/990/548 805/991/548
f 823/993/550 822/992/549 806/974/549
f 824/994/551 823/993/550 807/977/550
f 825/996/552 824/994/551 808/995/551
f 826/997/553 825/996/552 809/978/552
f 827/999/637 826/997/553 810/998/553
f 829/1000/506 828/1016/626 812/1001/626
f 830/1002/507 829/1000/506 813/980/506
f 831/1003/508 830/1002/507 814/981/507
f 832/1004/509 831/1003/508 815/983/508
f 833/1005/510 832/1004/509 816/984/509
f 834/1006/511 833/1005/510 817/986/510
f 835/1007/628 834/1006/511 818/987/511
f 835/1007/628 819/988/627 820/989/630
f 837/1009/515 836/1008/629 820/989/630
f 838/1010/516 837/1009/515 821/990/515
f 839/1011/517 838/1010/516 822/992/516
f 824/994/518 840/1012/518 839/1011/517
f 825/996/519 841/1013/519 840/1012/518
f 826/997/520 842/1014/520 841/1013/519
f 827/999/631 843/1028/631 842/1014/520
f 765/1015/473 764/1805/620 828/1016/620
f 830/1002/474 766/1017/474 765/1015/473
f 831/1003/475 767/1806/475 766/1017/474
f 768/1018/476 767/1806/475 831/1003/475
f 769/1019/477 768/1018/476 832/1004/476
f 770/1020/478 769/1019/477 833/1005/477
f 771/1021/621 770/1020/478 834/1006/478
f 835/1007/622 836/1008/662 772/1022/623
f 837/1009/482 773/1023/482 772/1022/623
f 838/1010/483 774/1024/483 773/1023/482
f 839/1011/484 775/1807/484 774/1024/483
f 776/1025/485 775/1807/484 839/1011/484
f 841/1013/486 777/1808/486 776/1025/485
f 778/1026/487 777/1808/486 841/1013/486
f 779/1027/625 778/1026/487 842/1014/487
f 876/1029/588 875/1087/589 844/1030/589
f 877/1032/590 876/1029/588 845/1031/588
f 878/1034/591 877/1032/590 846/1033/590
f 879/1036/592 878/1034/591 847/1035/591
f 880/1038/593 879/1036/592 848/1037/592
f 850/1040/594 881/1041/595 880/1038/593
f 881/1041/595 850/1040/594 851/1042/596
f 852/1044/597 883/1046/597 882/1043/663
f 853/1045/598 884/1097/598 883/1046/597
f 885/1047/599 884/1097/598 853/1045/598
f 886/1049/600 885/1047/599 854/1048/599
f 856/1051/601 887/1100/601 886/1049/600
f 888/1052/602 887/1100/601 856/1051/601
f 889/1054/603 888/1052/602 857/1053/602
f 859/1056/604 890/1058/604 889/1054/603
f 860/1057/605 891/1060/605 890/1058/604
f 861/1059/606 892/1062/606 891/1060/605
f 862/1061/607 893/1064/607 892/1062/606
f 863/1063/608 894/1066/608 893/1064/607
f 864/1065/609 895/1106/609 894/1066/608
f 896/1067/610 895/1106/609 864/1065/609
f 897/1069/611 896/1067/610 865/1068/610
f 867/1071/612 898/1073/612 897/1069/611
f 868/1072/613 899/1075/613 898/1073/612
f 869/1074/614 900/1111/614 899/1075/613
f 901/1076/615 900/1111/614 869/1074/614
f 871/1078/616 902/1113/616 901/1076/615
f 903/1079/617 902/1113/616 871/1078/616
f 873/1081/618 904/1115/618 903/1079/617
f 905/1082/619 904/1115/618 873/1081/618
f 875/1084/589 905/1082/619 874/1083/619
f 876/1029/556 907/1088/556 906/1086/555
f 877/1032/557 908/1089/557 907/1088/556
f 878/1034/558 909/1090/558 908/1089/557
f 879/1036/559 910/1091/559 909/1090/558
f 880/1038/560 911/1092/560 910/1091/559
f 881/1041/561 912/1093/562 911/1092/560
f 912/1093/562 881/1041/561 882/1043/563
f 914/1095/565 913/1094/564 882/1043/563
f 915/1096/566 914/1095/565 883/1046/565
f 916/1098/567 915/1096/566 884/1097/566
f 886/1049/568 917/1130/568 916/1098/567
f 918/1099/569 917/1130/568 886/1049/568
f 888/1052/570 919/1133/570 918/1099/569
f 920/1101/571 919/1133/570 888/1052/570
f 890/1058/572 921/1136/572 920/1101/571
f 922/1102/573 921/1136/572 890/1058/572
f 892/1062/574 923/1103/574 922/1102/573
f 893/1064/575 924/1140/575 923/1103/574
f 925/1104/576 924/1140/575 893/1064/575
f 926/1105/577 925/1104/576 894/1066/576
f 927/1107/578 926/1105/577 895/1106/577
f 897/1069/579 928/1108/579 927/1107/578
f 898/1073/580 929/1146/580 928/1108/579
f 930/1109/581 929/1146/580 898/1073/580
f 931/1110/582 930/1109/581 899/1075/581
f 932/1112/583 931/1110/582 900/1111/582
f 902/1113/584 933/1114/584 932/1112/583
f 903/1079/585 934/1116/585 933/1114/584
f 904/1115/586 935/1117/586 934/1116/585
f 905/1082/587 936/1154/587 935/1117/586
f 906/1118/555 936/1154/587 905/1082/587
f 938/1119/523 937/1157/522 906/1086/522
f 939/1120/524 938/1119/523 907/1088/523
f 940/1121/525 939/1120/524 908/1089/524
f 941/1122/526 940/1121/525 909/1090/525
f 942/1123/527 941/1122/526 910/1091/526
f 943/1124/528 942/1123/527 911/1092/527
f 943/1124/528 912/1093/529 913/1094/530
f 945/1126/532 944/1125/531 913/1094/530
f 946/1127/533 945/1126/532 914/1095/532
f 947/1128/534 946/1127/533 915/1096/533
f 948/1129/535 947/1128/534 916/1098/534
f 949/1131/536 948/1129/535 917/1130/535
f 950/1132/537 949/1131/536 918/1099/536
f 951/1134/538 950/1132/537 919/1133/537
f 952/1135/539 951/1134/538 920/1101/538
f 953/1137/540 952/1135/539 921/1136/539
f 954/1138/541 953/1137/540 922/1102/540
f 955/1139/542 954/1138/541 923/1103/541
f 956/1141/543 955/1139/542 924/1140/542
f 957/1142/544 956/1141/543 925/1104/543
f 958/1143/545 957/1142/544 926/1105/544
f 959/1144/546 958/1143/545 927/1107/545
f 960/1145/547 959/1144/546 928/1108/546
f 961/1147/548 960/1145/547 929/1146/547
f 962/1148/549 961/1147/548 930/1109/548
f 963/1149/550 962/1148/549 931/1110/549
f 964/1150/551 963/1149/550 932/1112/550
f 965/1151/552 964/1150/551 933/1114/551
f 966/1152/553 965/1151/552 934/1116/552
f 967/1153/554 966/1152/553 935/1117/553
f 937/1155/522 967/1153/554 936/1154/554
f 969/1156/489 968/1184/490 937/1157/490
f 970/1158/491 969/1156/489 938/1119/489
f 971/1159/492 970/1158/491 939/1120/491
f 972/1160/493 971/1159/492 940/1121/492
f 973/1161/494 972/1160/493 941/1122/493
f 943/1124/496 974/1188/495 973/1161/494
f 975/1162/497 974/1188/495 943/1124/496
f 976/1163/499 975/1162/497 944/1125/498
f 946/1127/500 977/1164/500 976/1163/499
f 947/1128/501 978/1193/501 977/1164/500
f 979/1165/502 978/1193/501 947/1128/501
f 980/1166/503 979/1165/502 948/1129/502
f 981/1167/504 980/1166/503 949/1131/503
f 951/1134/505 982/1168/505 981/1167/504
f 952/1135/506 983/1199/506 982/1168/505
f 984/1169/507 983/1199/506 952/1135/506
f 985/1170/508 984/1169/507 953/1137/507
f 986/1171/509 985/1170/508 954/1138/508
f 987/1172/510 986/1171/509 955/1139/509
f 988/1173/511 987/1172/510 956/1141/510
f 989/1174/512 988/1173/511 957/1142/511
f 990/1175/513 989/1174/512 958/1143/512
f 991/1176/514 990/1175/513 959/1144/513
f 992/1177/515 991/1176/514 960/1145/514
f 993/1178/516 992/1177/515 961/1147/515
f 994/1179/517 993/1178/516 962/1148/516
f 964/1150/518 995/1212/518 994/1179/517
f 996/1180/519 995/1212/518 964/1150/518
f 997/1181/520 996/1180/519 965/1151/519
f 998/1182/521 997/1181/520 966/1152/520
f 937/1155/490 968/1216/490 998/1182/521
f 845/1183/457 844/1809/456 968/1184/456
f 970/1158/458 846/1810/458 845/1183/457
f 847/1185/459 846/1810/458 970/1158/458
f 848/1186/460 847/1185/459 971/1159/459
f 973/1161/461 849/1811/461 848/1186/460
f 850/1187/462 849/1811/461 973/1161/461
f 974/1188/463 975/1162/664 851/1189/464
f 852/1190/466 851/1189/464 975/1162/664
f 853/1191/467 852/1190/466 976/1163/466
f 854/1192/468 853/1191/467 977/1164/467
f 855/1194/469 854/1192/468 978/1193/468
f 856/1195/470 855/1194/469 979/1165/469
f 857/1196/471 856/1195/470 980/1166/470
f 858/1197/472 857/1196/471 981/1167/471
f 859/1198/473 858/1197/472 982/1168/472
f 860/1200/474 859/1198/473 983/1199/473
f 861/1201/475 860/1200/474 984/1169/474
f 862/1202/476 861/1201/475 985/1170/475
f 863/1203/477 862/1202/476 986/1171/476
f 864/1204/478 863/1203/477 987/1172/477
f 865/1205/479 864/1204/478 988/1173/478
f 866/1206/480 865/1205/479 989/1174/479
f 867/1207/481 866/1206/480 990/1175/480
f 868/1208/482 867/1207/481 991/1176/481
f 869/1209/483 868/1208/482 992/1177/482
f 870/1210/484 869/1209/483 993/1178/483
f 871/1211/485 870/1210/484 994/1179/484
f 872/1213/486 871/1211/485 995/1212/485
f 873/1214/487 872/1213/486 996/1180/486
f 874/1215/488 873/1214/487 997/1181/487
f 968/1216/456 844/1812/456 874/1215/488
f 999/1217/282 1035/1813/926 1040/1218/399
f 1004/1220/285 1036/1255/427 1035/1221/286
f 1001/1223/401 1009/1814/937 1008/1224/402
f 1000/1219/400 1010/1234/409 1009/1226/404
f 1003/1228/294 1013/1230/928 1012/1229/295
f 1002/1225/403 1014/1247/419 1013/1230/297
f 1005/1231/406 1041/1815/938 1046/1232/407
f 1010/1234/409 1042/1269/440 1041/1235/410
f 1007/1237/412 1021/1239/939 1020/1238/413
f 1006/1233/408 1022/1251/424 1021/1239/414
f 1011/1240/310 1025/1816/930 1024/1241/311
f 1016/1242/416 1026/1261/431 1025/1243/313
f 1015/1245/417 1019/1248/940 1018/1246/418
f 1014/1247/419 1020/1238/413 1019/1248/420
f 1017/1249/422 1033/1817/941 1032/1250/423
f 1022/1251/424 1034/1265/436 1033/1252/425
f 1023/1254/324 1037/1818/933 1036/1255/427
f 1028/1256/428 1038/1270/441 1037/1257/327
f 1027/1259/429 1031/1262/942 1030/1260/430
f 1026/1261/431 1032/1250/423 1031/1262/432
f 1029/1263/434 1045/1819/943 1044/1264/435
f 1034/1265/436 1046/1232/407 1045/1266/437
f 1039/1268/439 1043/1271/944 1042/1269/440
f 1038/1270/441 1044/1264/435 1043/1271/442
f 1008/1224/402 1020/1238/413 1014/1247/419
f 1018/1246/418 1032/1250/423 1026/1261/431
f 1030/1260/430 1044/1264/435 1038/1270/441
f 1042/1269/440 1010/1234/409 1000/1219/400
f 1046/1232/407 1034/1265/436 1022/1251/424
f 1004/1220/285 1012/1229/295 1024/1241/311
f 1004/1220/285 999/1222/287 1047/1272/347
f 1000/1219/400 1001/1227/405 1047/1273/348
f 1002/1225/403 1003/1228/298 1047/1272/349
f 1010/1234/409 1005/1236/411 1048/1274/444
f 1006/1233/408 1007/1237/415 1048/1275/445
f 1008/1224/402 1009/1814/937 1048/1275/446
f 1016/1242/416 1011/1244/314 1049/1276/355
f 1012/1229/295 1013/1230/928 1049/1276/357
f 1014/1247/419 1015/1245/421 1049/1276/359
f 1022/1251/424 1017/1253/426 1050/1277/447
f 1018/1246/418 1019/1248/940 1050/1277/448
f 1020/1238/413 1021/1239/939 1050/1277/449
f 1028/1256/428 1023/1258/328 1051/1278/363
f 1024/1241/311 1025/1816/930 1051/1279/365
f 1026/1261/431 1027/1259/433 1051/1278/367
f 1034/1265/436 1029/1267/438 1052/454/450
f 1030/1260/430 1031/1262/942 1052/1280/451
f 1032/1250/423 1033/1817/941 1052/1280/452
f 1040/1218/399 1035/1813/926 1053/1281/371
f 1036/1255/427 1037/1818/933 1053/1282/373
f 1038/1270/441 1039/1268/443 1053/1281/375
f 1046/1232/407 1041/1815/938 1054/1283/453
f 1042/1269/440 1043/1271/944 1054/1284/454
f 1044/1264/435 1045/1819/943 1054/1284/455
f 1055/1285/665 1091/1820/947 1096/1286/666
f 1060/1287/668 1092/1323/709 1091/1288/669
f 1122/1290/671 1111/1821/948 1065/1291/672
f 1112/305/674 1066/1302/685 1065/1293/675
f 1059/1295/677 1069/1298/949 1068/1296/678
f 1059/1295/679 1058/1344/732 1070/1297/680
f 1061/1299/682 1097/1822/950 1102/1300/683
f 1066/1302/685 1098/1339/726 1097/1303/686
f 1063/1304/688 1077/1307/951 1076/1305/689
f 1063/1304/690 1062/1301/684 1078/1306/691
f 1067/1308/693 1081/1823/952 1080/1309/694
f 1072/1310/695 1082/1354/748 1081/1311/696
f 1119/1313/698 1120/1317/773 1075/1314/699
f 1121/1316/701 1076/1305/689 1075/1314/702
f 1073/1318/704 1089/1824/953 1088/1319/705
f 1078/1306/691 1090/1334/721 1089/1320/706
f 1079/1322/708 1093/1825/954 1092/1323/709
f 1084/1324/710 1094/1361/757 1093/1325/711
f 1116/1327/713 1117/1331/769 1087/1328/714
f 1118/1330/716 1088/1319/705 1087/1328/717
f 1086/1329/715 1085/1357/752 1101/1332/719
f 1090/1334/721 1102/1300/683 1101/1335/722
f 1113/1337/724 1114/1341/955 1099/1338/725
f 1115/1340/727 1100/1333/720 1099/1338/728
f 1121/1316/701 1122/1290/671 1064/1292/673
f 1119/1313/698 1074/1315/700 1088/1319/705
f 1116/1327/713 1086/1329/715 1100/1333/720
f 1112/305/674 1113/1337/724 1098/1339/726
f 1102/1300/683 1090/1334/721 1078/1306/691
f 1060/1287/668 1068/1296/678 1080/1309/694
f 1060/1287/668 1055/1289/670 1103/1342/730
f 1056/298/667 1057/1377/778 1103/1343/731
f 1058/1344/732 1059/1295/679 1103/1342/733
f 1066/1302/685 1061/317/687 1104/1346/735
f 1062/1301/684 1063/1304/690 1104/1347/736
f 1064/1292/673 1065/1291/672 1104/1347/737
f 1072/1310/695 1067/1312/697 1105/1348/738
f 1068/1296/678 1069/1298/949 1105/1348/740
f 1070/1297/680 1071/1349/782 1105/1348/741
f 1078/1306/691 1073/1321/707 1106/1350/742
f 1074/1315/700 1075/1314/699 1106/1350/743
f 1076/1305/689 1077/1307/951 1106/1350/744
f 1084/1324/710 1079/1326/712 1107/1351/745
f 1080/1309/694 1081/1823/952 1107/1353/747
f 1082/1354/748 1083/1352/780 1107/1351/749
f 1090/1334/721 1085/1336/723 1108/1355/750
f 1086/1329/715 1087/1328/714 1108/1356/751
f 1088/1319/705 1089/1824/953 1108/1356/753
f 1096/1286/666 1091/1820/947 1109/1358/754
f 1092/1323/709 1093/1825/954 1109/1360/756
f 1094/1361/757 1095/1359/779 1109/1358/758
f 1102/1300/683 1097/1822/950 1110/1362/759
f 1098/1339/726 1099/1338/725 1110/1363/760
f 1100/1333/720 1101/1332/719 1110/1363/761
f 1123/1364/762 1124/1366/764 1112/305/674
f 1125/1365/763 1113/1337/724 1112/305/674
f 1126/1367/765 1114/1341/955 1113/1337/724
f 1127/1368/766 1115/1340/727 1114/1341/729
f 1127/1368/766 1128/1369/768 1116/1327/713
f 1128/1369/768 1129/1371/956 1117/1331/769
f 1130/1370/770 1118/1330/716 1117/1331/718
f 1131/1372/772 1119/1313/698 1118/1330/716
f 1131/1372/772 1132/1374/781 1120/1317/773
f 1133/1373/774 1121/1316/701 1120/1317/703
f 1134/1375/776 1122/1290/671 1121/1316/701
f 1123/1376/777 1111/1821/948 1122/1290/671
f 1057/1377/778 1056/298/667 1124/1366/764
f 1096/1286/666 1125/1365/763 1124/1366/764
f 1095/1359/755 1126/1367/765 1125/1365/763
f 1094/1361/757 1127/1368/766 1126/1367/767
f 1084/1324/710 1128/1369/768 1127/1368/766
f 1083/1352/746 1129/1371/956 1128/1369/768
f 1082/1354/748 1130/1370/770 1129/1371/771
f 1131/1372/772 1130/1370/770 1082/1354/748
f 1072/1310/695 1071/1349/739 1132/1374/781
f 1071/1349/782 1070/1297/680 1133/1373/774
f 1134/1375/776 1133/1373/774 1070/1297/680
f 1058/1344/732 1057/1345/734 1123/1376/777
f 1135/1378/665 1171/1826/947 1176/1379/783
f 1140/1381/785 1172/1414/817 1171/1382/669
f 1138/1384/786 1137/1433/838 1145/1385/787
f 1136/1380/784 1146/1395/798 1145/1387/789
f 1140/1381/785 1139/1391/837 1149/1389/791
f 1138/1384/786 1150/1429/834 1149/1389/793
f 1141/1392/795 1177/1827/957 1182/1393/796
f 1146/1395/798 1178/1427/831 1177/1396/799
f 1144/1386/788 1143/1399/842 1157/1397/801
f 1142/1394/797 1158/1410/813 1157/1397/803
f 1147/1400/693 1161/1828/952 1160/1401/805
f 1152/1402/806 1162/1430/835 1161/1403/696
f 1151/1405/807 1155/1407/958 1154/1406/808
f 1151/1405/809 1150/1429/834 1156/1398/802
f 1153/1408/811 1169/1829/959 1168/1409/812
f 1158/1410/813 1170/1441/847 1169/1411/814
f 1160/1401/805 1159/1440/846 1173/1413/816
f 1159/1415/818 1164/1420/823 1174/1416/819
f 1163/1418/821 1167/1421/960 1166/1419/822
f 1163/1418/824 1162/1430/835 1168/1409/812
f 1165/1422/826 1181/1830/961 1180/1423/827
f 1165/1424/828 1170/1441/847 1182/1393/796
f 1176/1379/783 1175/1428/851 1179/1426/830
f 1174/1416/819 1180/1423/827 1179/1426/832
f 1144/1386/788 1156/1398/802 1150/1429/834
f 1154/1406/808 1168/1409/812 1162/1430/835
f 1166/1419/822 1180/1423/827 1174/1416/819
f 1178/1427/831 1146/1395/798 1136/1380/784
f 1182/1393/796 1170/1441/847 1158/1410/813
f 1140/1381/785 1148/1390/792 1160/1401/805
f 1140/1381/785 1135/1383/670 1183/1431/836
f 1136/1380/784 1137/1388/790 1183/1432/731
f 1138/1384/786 1139/1391/794 1183/1431/733
f 1146/1395/798 1141/410/800 1184/1434/839
f 1142/1394/797 1143/1399/804 1184/1435/840
f 1144/1386/788 1145/1385/787 1184/1435/841
f 1152/1402/806 1147/1404/697 1185/1436/738
f 1148/1390/792 1149/1389/791 1185/1436/740
f 1150/1429/834 1151/1405/809 1185/1436/741
f 1158/1410/813 1153/1412/815 1186/1437/843
f 1154/1406/808 1155/1407/958 1186/1437/844
f 1156/1398/802 1157/1397/801 1186/1437/845
f 1164/1420/823 1159/1415/818 1187/1438/745
f 1160/1401/805 1161/1828/952 1187/1439/747
f 1162/1430/835 1163/1418/824 1187/1438/749
f 1170/1441/847 1165/1424/828 1188/1442/848
f 1166/1419/822 1167/1421/960 1188/1443/849
f 1168/1409/812 1169/1829/959 1188/1443/850
f 1176/1379/783 1171/1826/947 1189/1444/754
f 1172/1414/817 1173/1413/816 1189/1445/852
f 1174/1416/819 1175/1428/833 1189/1444/758
f 1182/1393/796 1177/1827/957 1190/1446/853
f 1178/1427/831 1179/1426/830 1190/1447/854
f 1180/1423/827 1181/1830/961 1190/1447/855
f 1191/1448/665 1227/1831/947 1232/1449/783
f 1196/1451/668 1228/1486/817 1227/1452/669
f 1194/1454/856 1193/1501/838 1201/1455/857
f 1192/1450/784 1202/1465/798 1201/1457/789
f 1195/1459/677 1205/1461/949 1204/1460/678
f 1194/1454/856 1206/1478/864 1205/1461/793
f 1197/1462/795 1233/1832/957 1238/1463/860
f 1202/1465/798 1234/1496/831 1233/1466/799
f 1199/1468/861 1213/1470/962 1212/1469/862
f 1198/1464/797 1214/1482/813 1213/1470/803
f 1203/1471/693 1217/1833/952 1216/1472/805
f 1208/1473/806 1218/1498/835 1217/1474/696
f 1207/1476/807 1211/1479/958 1210/1477/808
f 1206/1478/864 1212/1469/862 1211/1479/865
f 1209/1480/811 1225/1834/959 1224/1481/812
f 1214/1482/813 1226/1494/871 1225/1483/814
f 1216/1472/805 1215/1507/846 1229/1485/816
f 1215/1487/867 1220/1490/823 1230/1270/819
f 1219/1259/821 1223/1491/960 1222/1489/868
f 1219/1259/824 1218/1498/835 1224/1481/812
f 1222/1489/868 1221/1510/876 1237/1492/869
f 1226/1494/871 1238/1463/860 1237/440/872
f 1232/1449/783 1231/1497/851 1235/1495/874
f 1230/1270/819 1236/1493/870 1235/1495/832
f 1194/1454/856 1200/1456/858 1212/1469/862
f 1210/1477/808 1224/1481/812 1218/1498/835
f 1222/1489/868 1236/1493/870 1230/1270/819
f 1234/1496/831 1202/1465/798 1192/1450/784
f 1238/1463/860 1226/1494/871 1214/1482/813
f 1196/1451/668 1204/1460/678 1216/1472/805
f 1196/1451/668 1191/1453/670 1239/1499/730
f 1192/1450/784 1193/1458/790 1239/1500/731
f 1194/1454/856 1195/1459/859 1239/1499/733
f 1202/1465/798 1197/1467/800 1240/1502/839
f 1198/1464/797 1199/1468/863 1240/1503/840
f 1200/1456/858 1201/1455/857 1240/1503/841
f 1208/1473/806 1203/1475/697 1241/1504/738
f 1204/1460/678 1205/1461/949 1241/1504/740
f 1206/1478/864 1207/1476/866 1241/1504/741
f 1214/1482/813 1209/1484/815 1242/1505/843
f 1210/1477/808 1211/1479/958 1242/1505/844
f 1212/1469/862 1213/1470/962 1242/1505/845
f 1220/1490/823 1215/1487/867 1243/1278/745
f 1216/1472/805 1217/1833/952 1243/1506/747
f 1218/1498/835 1219/1259/824 1243/1278/749
f 1226/1494/871 1221/1267/873 1244/1508/875
f 1222/1489/868 1223/1491/960 1244/1509/849
f 1224/1481/812 1225/1834/959 1244/1509/850
f 1232/1449/783 1227/1831/947 1245/1511/754
f 1228/1486/817 1229/1485/816 1245/1512/756
f 1230/1270/819 1231/1497/833 1245/1511/758
f 1238/1463/860 1233/1832/957 1246/1513/853
f 1234/1496/831 1235/1495/874 1246/1284/854
f 1236/1493/870 1237/1492/869 1246/1284/855
f 1247/1514/665 1283/1835/947 1288/1515/783
f 1252/1517/668 1284/1550/709 1283/1518/669
f 1250/1520/877 1249/1567/838 1257/1521/787
f 1248/1516/784 1258/1532/798 1257/1523/789
f 1251/1525/677 1261/1528/949 1260/1526/678
f 1251/1525/679 1250/1520/877 1262/1527/878
f 1253/1529/795 1289/1836/957 1294/1530/860
f 1258/1532/798 1290/1561/883 1289/1533/799
f 1255/1535/879 1269/1537/963 1268/1536/880
f 1254/1531/797 1270/1548/813 1269/1537/803
f 1259/1538/693 1273/1837/952 1272/1539/694
f 1264/1540/806 1274/1564/835 1273/1541/696
f 1263/1543/807 1267/1545/958 1266/1544/808
f 1263/1543/809 1262/1527/878 1268/1536/880
f 1265/1546/811 1281/1838/959 1280/1547/812
f 1270/1548/813 1282/1265/871 1281/1483/814
f 1271/1507/708 1285/1485/954 1284/1550/709
f 1276/1551/881 1286/1562/884 1285/1552/711
f 1275/1554/821 1279/1556/960 1278/1555/868
f 1275/1554/824 1274/1564/835 1280/1547/812
f 1278/1555/868 1277/1573/876 1293/1557/882
f 1282/1265/871 1294/1530/860 1293/440/872
f 1288/1515/783 1287/1563/851 1291/1560/830
f 1286/1562/884 1292/1558/870 1291/1560/832
f 1250/1520/877 1256/1522/858 1268/1536/880
f 1266/1544/808 1280/1547/812 1274/1564/835
f 1278/1555/868 1292/1558/870 1286/1562/884
f 1290/1561/883 1258/1532/798 1248/1516/784
f 1294/1530/860 1282/1265/871 1270/1548/813
f 1252/1517/668 1260/1526/678 1272/1539/694
f 1252/1517/668 1247/1519/670 1295/1565/836
f 1248/1516/784 1249/1524/790 1295/1566/731
f 1250/1520/877 1251/1525/679 1295/1565/733
f 1258/1532/798 1253/1534/800 1296/1434/839
f 1254/1531/797 1255/1535/804 1296/1568/840
f 1256/1522/858 1257/1521/787 1296/1568/841
f 1264/1540/806 1259/1542/697 1297/1569/738
f 1260/1526/678 1261/1528/949 1297/1569/740
f 1262/1527/878 1263/1543/809 1297/1569/741
f 1270/1548/813 1265/1549/815 1298/1570/843
f 1266/1544/808 1267/1545/958 1298/1570/844
f 1268/1536/880 1269/1537/963 1298/1570/845
f 1276/1551/881 1271/1553/712 1299/1571/745
f 1272/1539/694 1273/1837/952 1299/1506/747
f 1274/1564/835 1275/1554/824 1299/1571/749
f 1282/1265/871 1277/1559/873 1300/1508/875
f 1278/1555/868 1279/1556/960 1300/1572/849
f 1280/1547/812 1281/1838/959 1300/1572/850
f 1288/1515/783 1283/1835/947 1301/1574/754
f 1284/1550/709 1285/1485/954 1301/1575/852
f 1286/1562/884 1287/1563/833 1301/1574/758
f 1294/1530/860 1289/1836/957 1302/1283/853
f 1290/1561/883 1291/1560/830 1302/1576/854
f 1292/1558/870 1293/1557/882 1302/1576/855
f 1343/1577/172 1327/1839/915 1332/1578/173
f 1344/1580/175 1328/1620/888 1327/1581/19
f 1392/1583/176 1393/1840/916 1394/1584/177
f 1395/1586/71 1396/1637/228 1393/1587/10
f 1398/1589/180 1399/1592/234 1400/1590/181
f 1391/1585/178 1401/1611/199 1399/1592/183
f 1351/1593/185 1352/1841/964 1333/1594/4
f 1352/1596/187 1353/1694/276 1334/1597/188
f 1402/1598/190 1403/1601/917 1404/1599/191
f 1402/1598/14 1405/1710/15 1406/1600/13
f 1346/1602/44 1317/1646/86 1316/1603/193
f 1347/1605/195 1318/1626/213 1317/1606/42
f 1408/1608/196 1409/1612/919 1410/1609/197
f 1401/1611/199 1404/1599/191 1409/1612/200
f 1348/1613/202 1349/1776/34 1325/1614/32
f 1349/1616/30 1350/1632/223 1326/1617/887
f 1315/1619/206 1329/1651/246 1328/1620/888
f 1320/1621/208 1330/1630/220 1329/1622/209
f 1319/1624/211 1323/1627/920 1322/1625/212
f 1318/1626/213 1324/1615/203 1323/1627/214
f 1321/54/51 1337/1842/921 1336/202/216
f 1326/1617/887 1338/1595/886 1337/1628/217
f 1331/1629/219 1335/1631/922 1334/1597/188
f 1330/1630/220 1336/202/216 1335/1631/221
f 1394/1584/177 1404/1599/191 1401/1611/199
f 1348/1613/202 1324/1615/203 1318/1626/213
f 1322/1625/212 1336/202/216 1330/1630/220
f 1334/1597/188 1353/1694/276 1354/1579/174
f 1350/1632/223 1351/1593/185 1338/1595/886
f 1328/1620/888 1344/1580/175 1345/1604/194
f 1398/1589/180 1397/1591/182 1411/1633/224
f 1395/1586/71 1392/1588/179 1412/1635/70
f 1391/1585/178 1398/1589/184 1412/1634/227
f 1396/1637/228 1413/1843/923 1414/1638/67
f 1413/215/66 1405/1710/15 1402/1598/14
f 1394/1584/177 1393/1840/916 1414/1639/231
f 1407/1610/198 1415/1713/81 1416/1640/890
f 1415/1641/78 1400/1590/181 1399/1592/234
f 1401/1611/199 1408/1608/201 1416/1640/236
f 1403/1601/76 1406/1600/13 1417/1642/237
f 1410/1609/197 1409/1612/919 1418/1643/891
f 1404/1599/191 1403/1601/917 1418/1643/77
f 1320/1621/208 1315/1623/210 1339/1645/87
f 1315/1619/206 1316/1603/193 1317/1646/86
f 1318/1626/213 1319/1624/215 1339/1645/893
f 1325/1618/205 1326/1617/887 1321/204/218
f 1322/1625/212 1323/1627/920 1340/1649/83
f 1324/1615/203 1325/1614/32 1340/1649/85
f 1332/1578/173 1327/1839/915 1341/1650/894
f 1327/1581/19 1328/1620/888 1329/1651/246
f 1330/1630/220 1331/1629/222 1341/1650/248
f 1337/1628/217 1338/1595/886 1333/1594/4
f 1334/1597/188 1335/1631/922 1342/1654/250
f 1336/202/216 1337/1842/921 1342/1654/92
f 1355/1655/116 1356/1680/902 1368/1656/895
f 1368/1656/895 1356/1680/902 1357/1658/112
f 1357/1658/112 1358/1844/113 1378/1660/896
f 1359/1661/897 1377/1664/898 1378/92/256
f 1360/1663/257 1376/245/899 1377/1664/898
f 1360/1663/257 1361/1845/106 1375/1665/104
f 1362/1666/900 1374/250/263 1375/1667/901
f 1362/1666/900 1363/1671/265 1373/1669/262
f 1364/1670/264 1372/1695/96 1373/1669/262
f 1365/1672/266 1371/1675/267 1372/1673/123
f 1371/1675/267 1365/1672/266 1366/1676/268
f 1366/1676/268 1355/1693/119 1369/1678/270
f 1379/1679/136 1380/1846/135 1356/1680/902
f 1356/1680/902 1380/1846/135 1381/1681/134
f 1382/1682/133 1358/1844/113 1357/1658/112
f 1382/1683/132 1383/1685/903 1359/1661/897
f 1384/1684/272 1360/1663/257 1359/1661/897
f 1385/1686/130 1361/1845/106 1360/1663/257
f 1385/267/128 1386/1687/273 1362/1666/900
f 1386/1687/273 1387/1689/274 1363/1671/265
f 1388/1688/125 1364/1670/264 1363/1671/265
f 1389/1690/275 1365/1672/266 1364/1674/124
f 1365/1672/266 1389/1690/275 1390/1692/137
f 1390/1692/137 1379/1709/138 1355/1693/119
f 1344/1580/175 1368/1656/895 1367/1659/254
f 1369/1657/141 1368/1656/895 1344/1580/175
f 1369/1678/270 1343/1577/172 1354/1579/174
f 1353/1694/276 1371/1675/267 1370/1677/269
f 1371/1675/267 1353/1694/276 1352/1596/187
f 1372/1695/96 1352/1841/964 1351/1593/185
f 1373/1669/262 1351/1593/185 1350/1632/223
f 1374/250/263 1350/1632/223 1349/1616/30
f 1375/1665/104 1349/1776/34 1348/1613/202
f 1376/245/899 1348/1613/202 1347/1605/195
f 1378/92/256 1377/1664/898 1347/1605/195
f 1367/1659/254 1378/1660/896 1346/1602/44
f 1305/1696/154 1380/1846/135 1379/1679/136
f 1381/1681/134 1380/1846/135 1305/1696/154
f 1309/1699/152 1382/1682/133 1381/1681/134
f 1311/1700/277 1383/1685/903 1382/1683/132
f 1313/1702/278 1384/1684/272 1383/1685/903
f 1313/1702/278 1312/1714/149 1385/1686/130
f 1312/1703/146 1314/1705/905 1386/1687/273
f 1307/1704/144 1387/1689/274 1386/1687/273
f 1307/1704/144 1306/1712/145 1388/1688/125
f 1308/1706/280 1389/1690/275 1388/1691/140
f 1389/1690/275 1308/1706/280 1304/1708/281
f 1304/1708/281 1303/1711/157 1379/1709/138
f 1308/1706/280 1396/1637/160 1395/1586/160
f 1310/1698/904 1305/1696/154 1397/1591/162
f 1314/1705/905 1406/1600/161 1405/1710/161
f 1311/1700/277 1407/1610/163 1410/1609/163
f 1305/1696/154 1303/1697/155 1411/1633/167
f 1303/1711/157 1304/1708/281 1395/1586/166
f 1306/1707/159 1413/1843/165 1396/1637/165
f 1307/1704/144 1405/1710/164 1413/215/164
f 1311/1700/277 1309/1701/151 1415/1713/171
f 1309/1699/152 1310/1698/904 1400/1590/170
f 1312/1703/146 1417/1642/169 1406/1600/169
f 1313/1702/278 1410/1609/168 1417/1644/168
f 1419/1378/282 1455/1847/926 1460/1218/399
f 1424/1716/285 1456/1745/325 1455/1717/286
f 1421/1718/401 1429/1848/937 1428/1719/402
f 1420/1715/400 1430/1395/409 1429/1721/404
f 1423/1723/294 1433/1724/928 1432/403/295
f 1422/1720/403 1434/1738/419 1433/1724/297
f 1425/1725/406 1461/1849/938 1466/1726/407
f 1430/1395/409 1462/1755/440 1461/1728/410
f 1427/1729/412 1441/1731/939 1440/1730/413
f 1426/1727/408 1442/1742/424 1441/1731/414
f 1431/1732/310 1445/1850/930 1444/1733/311
f 1436/1734/416 1446/1750/431 1445/1735/313
f 1435/1737/417 1439/1739/940 1438/420/418
f 1434/1738/419 1440/1730/413 1439/1739/420
f 1437/1740/422 1453/1817/941 1452/1741/423
f 1442/1742/424 1454/1754/436 1453/1252/425
f 1443/1744/324 1457/1851/933 1456/1745/325
f 1448/1746/428 1458/1756/441 1457/1747/327
f 1447/1749/429 1451/1751/942 1450/1555/430
f 1446/1750/431 1452/1741/423 1451/1751/432
f 1449/1752/434 1465/1852/943 1464/1753/435
f 1454/1754/436 1466/1726/407 1465/1425/437
f 1459/442/439 1463/445/944 1462/1755/440
f 1458/1756/441 1464/1753/435 1463/445/442
f 1428/1719/402 1440/1730/413 1434/1738/419
f 1438/420/418 1452/1741/423 1446/1750/431
f 1450/1555/430 1464/1753/435 1458/1756/441
f 1462/1755/440 1430/1395/409 1420/1715/400
f 1466/1726/407 1454/1754/436 1442/1742/424
f 1424/1716/285 1432/403/295 1444/1733/311
f 1424/1716/285 1419/396/287 1467/1757/347
f 1420/1715/400 1421/1722/405 1467/1566/348
f 1422/1720/403 1423/1723/298 1467/1757/349
f 1430/1395/409 1425/410/411 1468/1758/444
f 1426/1727/408 1427/1729/415 1468/449/445
f 1428/1719/402 1429/1848/937 1468/449/446
f 1436/1734/416 1431/1736/314 1469/1759/355
f 1432/403/295 1433/1724/928 1469/1759/357
f 1434/1738/419 1435/1737/421 1469/1759/359
f 1442/1742/424 1437/1743/426 1470/1760/447
f 1438/420/418 1439/1739/940 1470/1760/448
f 1440/1730/413 1441/1731/939 1470/1760/449
f 1448/1746/428 1443/1748/328 1471/452/363
f 1444/1733/311 1445/1850/930 1471/1761/365
f 1446/1750/431 1447/1749/433 1471/452/367
f 1454/1754/436 1449/441/438 1472/454/450
f 1450/1555/430 1451/1751/942 1472/1762/451
f 1452/1741/423 1453/1817/941 1472/1762/452
f 1460/1218/399 1455/1847/926 1473/456/371
f 1456/1745/325 1457/1851/933 1473/1763/373
f 1458/1756/441 1459/442/443 1473/456/375
f 1466/1726/407 1461/1849/938 1474/458/453
f 1462/1755/440 1463/445/944 1474/1764/454
f 1464/1753/435 1465/1852/943 1474/1764/455
