# Blender 5.0.1
# www.blender.org
mtllib sky.mtl
o Sphere
v 0.000000 497.592346 -49.008652
v 0.000000 490.392609 -97.545235
v 0.000000 478.470154 -145.142410
v 0.000000 440.960571 -235.698456
v 0.000000 235.698303 -440.960632
v 0.000000 191.341644 -461.939789
v 0.000000 145.142258 -478.470215
v 0.000000 49.008492 -497.592346
v 0.000000 -0.000081 -500.000000
v 0.000000 -49.008652 -497.592346
v 0.000000 -145.142410 -478.470154
v 0.000000 -191.341797 -461.939728
v 0.000000 -235.698456 -440.960571
v 0.000000 -478.470215 -145.142258
v 0.000000 -497.592346 -49.008492
v 4.803680 497.592346 -48.772659
v 9.561098 490.392609 -97.075531
v 14.226437 478.470154 -144.443512
v 18.754768 461.939728 -190.420441
v 23.102482 440.960571 -234.563507
v 27.227703 415.734772 -276.447571
v 31.090710 386.505157 -315.669342
v 34.654293 353.553314 -351.850983
v 37.884136 317.196594 -384.644165
v 40.749138 277.785065 -413.732941
v 43.221699 235.698303 -438.837280
v 45.278011 191.341644 -459.715424
v 46.898281 145.142258 -476.166260
v 48.066883 97.545082 -488.031281
v 48.772579 49.008492 -495.196320
v 49.008572 -0.000081 -497.592346
v 48.772579 -49.008652 -495.196320
v 48.066883 -97.545235 -488.031219
v 46.898281 -145.142410 -476.166199
v 45.278011 -191.341797 -459.715363
v 43.221699 -235.698456 -438.837219
v 40.749138 -277.785187 -413.732880
v 37.884136 -317.196716 -384.644043
v 34.654293 -353.553436 -351.850861
v 31.090710 -386.505280 -315.669220
v 27.227703 -415.734833 -276.447449
v 23.102482 -440.960632 -234.563354
v 18.754768 -461.939789 -190.420288
v 14.226437 -478.470215 -144.443359
v 9.561098 -490.392670 -97.075378
v 4.803680 -497.592346 -48.772499
v 9.561097 497.592346 -48.066963
v 19.030117 490.392609 -95.670937
v 28.315865 478.470154 -142.353531
v 37.328918 461.939728 -187.665222
v 45.982471 440.960571 -231.169571
v 54.193188 415.734772 -272.447632
v 61.881996 386.505157 -311.101868
v 68.974846 353.553314 -346.760010
v 75.403419 317.196594 -379.078705
v 81.105835 277.785065 -407.746613
v 86.027145 235.698303 -432.487701
v 90.119972 191.341644 -453.063751
v 93.344902 145.142258 -469.276550
v 95.670860 97.545082 -480.969879
v 97.075455 49.008492 -488.031250
v 97.545158 -0.000080 -490.392639
v 97.075455 -49.008652 -488.031250
v 95.670860 -97.545235 -480.969818
v 93.344902 -145.142410 -469.276489
v 90.119972 -191.341797 -453.063690
v 86.027145 -235.698456 -432.487640
v 81.105835 -277.785187 -407.746552
v 75.403419 -317.196716 -379.078583
v 68.974846 -353.553436 -346.759888
v 61.881996 -386.505280 -311.101746
v 54.193188 -415.734833 -272.447510
v 45.982471 -440.960632 -231.169418
v 37.328918 -461.939789 -187.665070
v 28.315865 -478.470215 -142.353378
v 19.030117 -490.392670 -95.670784
v 9.561097 -497.592346 -48.066803
v 14.226437 497.592346 -46.898357
v 28.315866 490.392639 -93.344978
v 42.132595 478.470154 -138.892624
v 55.543571 461.939728 -183.102676
v 68.419624 440.960571 -225.549362
v 80.636765 415.734772 -265.823883
v 92.077332 386.505157 -303.538330
v 102.631134 353.553314 -338.329559
v 112.196533 317.196594 -369.862518
v 120.681450 277.785065 -397.833435
v 128.004105 235.698303 -421.973022
v 134.094025 191.341644 -442.048859
v 138.892563 145.142258 -457.867432
v 142.353455 97.545082 -469.276489
v 144.443436 49.008495 -476.166199
v 145.142349 -0.000078 -478.470154
v 144.443436 -49.008648 -476.166199
v 142.353455 -97.545235 -469.276428
v 138.892563 -145.142410 -457.867371
v 134.094025 -191.341797 -442.048798
v 128.004105 -235.698456 -421.972961
v 120.681450 -277.785187 -397.833374
v 112.196533 -317.196716 -369.862396
v 102.631134 -353.553436 -338.329437
v 92.077332 -386.505280 -303.538208
v 80.636765 -415.734833 -265.823761
v 68.419624 -440.960632 -225.549210
v 55.543571 -461.939789 -183.102524
v 42.132595 -478.470215 -138.892471
v 28.315866 -490.392639 -93.344826
v 14.226437 -497.592346 -46.898197
v 18.754766 497.592346 -45.278091
v 37.328918 490.392639 -90.120064
v 55.543564 478.470154 -134.094086
v 73.223305 461.939728 -176.776764
v 90.197868 440.960571 -217.756973
v 106.303764 415.734772 -256.640076
v 121.385902 386.505157 -293.051544
v 135.299026 353.553314 -326.640778
v 147.909134 317.196594 -357.084351
v 159.094818 277.785065 -384.088898
v 168.748322 235.698318 -407.394501
v 176.776688 191.341644 -426.776733
v 183.102600 145.142258 -442.048859
v 187.665131 97.545082 -453.063690
v 190.420349 49.008495 -459.715393
v 191.341721 -0.000075 -461.939758
v 190.420349 -49.008648 -459.715393
v 187.665131 -97.545235 -453.063629
v 183.102600 -145.142410 -442.048798
v 176.776688 -191.341797 -426.776672
v 168.748322 -235.698441 -407.394440
v 159.094818 -277.785187 -384.088837
v 147.909134 -317.196716 -357.084229
v 135.299026 -353.553436 -326.640656
v 121.385902 -386.505280 -293.051422
v 106.303764 -415.734833 -256.639954
v 90.197868 -440.960632 -217.756821
v 73.223305 -461.939789 -176.776611
v 55.543564 -478.470215 -134.093933
v 37.328918 -490.392639 -90.119911
v 18.754766 -497.592346 -45.277931
v 23.102478 497.592346 -43.221779
v 45.982471 490.392639 -86.027237
v 68.419617 478.470154 -128.004181
v 90.197861 461.939728 -168.748398
v 111.107445 440.960571 -207.867477
v 130.947006 415.734772 -244.984695
v 149.525467 386.505188 -279.742523
v 166.663910 353.553314 -311.806305
v 182.197281 317.196594 -340.867249
v 195.976028 277.785065 -366.645386
v 207.867386 235.698318 -388.892548
v 217.756897 191.341660 -407.394531
v 225.549286 145.142258 -421.973053
v 231.169479 97.545090 -432.487671
v 234.563416 49.008499 -438.837280
v 235.698380 -0.000072 -440.960602
v 234.563416 -49.008644 -438.837280
v 231.169479 -97.545227 -432.487610
v 225.549286 -145.142410 -421.972992
v 217.756897 -191.341782 -407.394470
v 207.867386 -235.698441 -388.892487
v 195.976028 -277.785187 -366.645325
v 182.197281 -317.196716 -340.867126
v 166.663910 -353.553436 -311.806183
v 149.525467 -386.505249 -279.742401
v 130.947006 -415.734833 -244.984573
v 111.107445 -440.960632 -207.867325
v 90.197861 -461.939789 -168.748245
v 68.419617 -478.470215 -128.004028
v 45.982471 -490.392639 -86.027084
v 23.102478 -497.592346 -43.221619
v 27.227699 497.592346 -40.749214
v 54.193188 490.392639 -81.105919
v 80.636765 478.470154 -120.681511
v 106.303757 461.939728 -159.094894
v 130.947006 440.960571 -195.976089
v 154.329163 415.734772 -230.969986
v 176.225006 386.505188 -263.739410
v 196.423737 353.553314 -293.968903
v 214.730789 317.196594 -321.367432
v 230.969894 277.785065 -345.670898
v 244.984589 235.698318 -366.645355
v 256.639984 191.341660 -384.088898
v 265.823792 145.142273 -397.833435
v 272.447540 97.545090 -407.746521
v 276.447510 49.008503 -413.732910
v 277.785126 -0.000068 -415.734772
v 276.447510 -49.008640 -413.732910
v 272.447540 -97.545227 -407.746460
v 265.823792 -145.142395 -397.833374
v 256.639984 -191.341782 -384.088837
v 244.984589 -235.698441 -366.645294
v 230.969894 -277.785187 -345.670837
v 214.730789 -317.196716 -321.367310
v 196.423737 -353.553436 -293.968781
v 176.225006 -386.505249 -263.739288
v 154.329163 -415.734833 -230.969864
v 130.947006 -440.960632 -195.975937
v 106.303757 -461.939789 -159.094742
v 80.636765 -478.470215 -120.681358
v 54.193188 -490.392639 -81.105766
v 27.227699 -497.592346 -40.749054
v 31.090702 497.592346 -37.884212
v 61.881992 490.392639 -75.403511
v 92.077324 478.470154 -112.196609
v 121.385895 461.939728 -147.909210
v 149.525482 440.960571 -182.197357
v 176.225037 415.734772 -214.730911
v 201.227417 386.505188 -245.196381
v 224.291885 353.553345 -273.300476
v 245.196320 317.196594 -298.772675
v 263.739380 277.785065 -321.367401
v 279.742462 235.698318 -340.867188
v 293.051483 191.341660 -357.084290
v 303.538269 145.142273 -369.862457
v 311.101776 97.545097 -379.078583
v 315.669250 49.008511 -384.644104
v 317.196625 -0.000063 -386.505188
v 315.669250 -49.008633 -384.644104
v 311.101776 -97.545219 -379.078522
v 303.538269 -145.142395 -369.862396
v 293.051483 -191.341782 -357.084229
v 279.742462 -235.698441 -340.867126
v 263.739380 -277.785187 -321.367340
v 245.196320 -317.196716 -298.772552
v 224.291885 -353.553406 -273.300354
v 201.227417 -386.505249 -245.196259
v 176.225037 -415.734833 -214.730789
v 149.525482 -440.960632 -182.197205
v 121.385895 -461.939789 -147.909058
v 92.077324 -478.470215 -112.196457
v 61.881992 -490.392639 -75.403358
v 31.090702 -497.592346 -37.884052
v 34.654285 497.592346 -34.654366
v 68.974846 490.392639 -68.974930
v 102.631126 478.470154 -102.631195
v 135.299026 461.939728 -135.299088
v 166.663925 440.960571 -166.663956
v 196.423767 415.734772 -196.423843
v 224.291885 386.505188 -224.291946
v 250.000000 353.553345 -250.000000
v 273.300476 317.196625 -273.300537
v 293.968903 277.785065 -293.968933
v 311.806244 235.698334 -311.806274
v 326.640717 191.341675 -326.640717
v 338.329498 145.142273 -338.329529
v 346.759918 97.545105 -346.759918
v 351.850922 49.008514 -351.850922
v 353.553375 -0.000058 -353.553345
v 351.850922 -49.008629 -351.850922
v 346.759918 -97.545212 -346.759857
v 338.329498 -145.142395 -338.329468
v 326.640717 -191.341766 -326.640656
v 311.806244 -235.698425 -311.806213
v 293.968903 -277.785187 -293.968872
v 273.300476 -317.196686 -273.300415
v 250.000000 -353.553406 -249.999878
v 224.291885 -386.505249 -224.291824
v 196.423767 -415.734833 -196.423721
v 166.663925 -440.960632 -166.663803
v 135.299026 -461.939789 -135.298935
v 102.631126 -478.470215 -102.631042
v 68.974846 -490.392639 -68.974777
v 34.654285 -497.592346 -34.654205
v 37.884132 497.592346 -31.090782
v 75.403427 490.392639 -61.882084
v 112.196541 478.470184 -92.077393
v 147.909134 461.939728 -121.385956
v 182.197311 440.960571 -149.525513
v 214.730835 415.734772 -176.225113
v 245.196320 386.505188 -201.227493
v 273.300476 353.553345 -224.291885
v 298.772583 317.196625 -245.196381
v 321.367340 277.785095 -263.739410
v 340.867157 235.698334 -279.742462
v 357.084259 191.341675 -293.051453
v 369.862427 145.142288 -303.538300
v 379.078583 97.545105 -311.101776
v 384.644104 49.008522 -315.669250
v 386.505219 -0.000052 -317.196594
v 384.644104 -49.008621 -315.669250
v 379.078583 -97.545212 -311.101715
v 369.862427 -145.142380 -303.538239
v 357.084259 -191.341766 -293.051392
v 340.867157 -235.698425 -279.742401
v 321.367340 -277.785156 -263.739349
v 298.772583 -317.196686 -245.196289
v 273.300476 -353.553406 -224.291763
v 245.196320 -386.505249 -201.227371
v 214.730835 -415.734833 -176.224991
v 182.197311 -440.960632 -149.525360
v 147.909134 -461.939789 -121.385803
v 112.196541 -478.470184 -92.077240
v 75.403427 -490.392639 -61.881924
v 37.884132 -497.592346 -31.090618
v 40.749130 497.592346 -27.227777
v 81.105835 490.392639 -54.193279
v 120.681442 478.470184 -80.636833
v 159.094803 461.939728 -106.303818
v 195.976028 440.960571 -130.947037
v 230.969910 415.734772 -154.329239
v 263.739349 386.505188 -176.225082
v 293.968903 353.553345 -196.423737
v 321.367310 317.196625 -214.730850
v 345.670837 277.785095 -230.969955
v 366.645325 235.698334 -244.984619
v 384.088837 191.341675 -256.639954
v 397.833405 145.142288 -265.823822
v 407.746521 97.545113 -272.447540
v 413.732941 49.008526 -276.447479
v 415.734802 -0.000045 -277.785065
v 413.732941 -49.008617 -276.447479
v 407.746521 -97.545204 -272.447479
v 397.833405 -145.142380 -265.823761
v 384.088837 -191.341766 -256.639893
v 366.645325 -235.698425 -244.984528
v 345.670837 -277.785156 -230.969864
v 321.367310 -317.196686 -214.730759
v 293.968903 -353.553406 -196.423615
v 263.739349 -386.505249 -176.224960
v 230.969910 -415.734833 -154.329117
v 195.976028 -440.960632 -130.946884
v 159.094803 -461.939789 -106.303665
v 120.681442 -478.470184 -80.636681
v 81.105835 -490.392639 -54.193119
v 40.749130 -497.592346 -27.227613
v 43.221691 497.592346 -23.102556
v 86.027153 490.392639 -45.982559
v 128.004105 478.470184 -68.419693
v 168.748306 461.939758 -90.197922
v 207.867401 440.960571 -111.107475
v 244.984619 415.734772 -130.947098
v 279.742462 386.505188 -149.525528
v 311.806274 353.553345 -166.663910
v 340.867126 317.196625 -182.197342
v 366.645355 277.785095 -195.976105
v 388.892517 235.698349 -207.867416
v 407.394470 191.341690 -217.756882
v 421.972992 145.142303 -225.549316
v 432.487640 97.545120 -231.169464
v 438.837311 49.008533 -234.563400
v 440.960602 -0.000038 -235.698318
v 438.837311 -49.008610 -234.563370
v 432.487640 -97.545197 -231.169434
v 421.972992 -145.142365 -225.549255
v 407.394470 -191.341751 -217.756821
v 388.892517 -235.698410 -207.867325
v 366.645355 -277.785156 -195.976013
v 340.867126 -317.196686 -182.197250
v 311.806274 -353.553406 -166.663788
v 279.742462 -386.505249 -149.525406
v 244.984619 -415.734833 -130.946976
v 207.867401 -440.960632 -111.107338
v 168.748306 -461.939758 -90.197769
v 128.004105 -478.470184 -68.419540
v 86.027153 -490.392639 -45.982399
v 43.221691 -497.592346 -23.102392
v 45.278004 497.592346 -18.754843
v 90.119980 490.392639 -37.329006
v 134.094025 478.470184 -55.543644
v 176.776657 461.939758 -73.223366
v 217.756882 440.960602 -90.197899
v 256.640015 415.734772 -106.303871
v 293.051483 386.505188 -121.385963
v 326.640717 353.553345 -135.299026
v 357.084229 317.196625 -147.909195
v 384.088898 277.785095 -159.094894
v 407.394470 235.698349 -168.748337
v 426.776672 191.341690 -176.776672
v 442.048767 145.142303 -183.102631
v 453.063629 97.545128 -187.665115
v 459.715424 49.008541 -190.420319
v 461.939728 -0.000031 -191.341675
v 459.715424 -49.008602 -190.420288
v 453.063629 -97.545189 -187.665085
v 442.048767 -145.142365 -183.102570
v 426.776672 -191.341751 -176.776611
v 407.394470 -235.698410 -168.748245
v 384.088898 -277.785156 -159.094803
v 357.084229 -317.196686 -147.909103
v 326.640717 -353.553406 -135.298904
v 293.051483 -386.505249 -121.385841
v 256.640015 -415.734833 -106.303734
v 217.756882 -440.960602 -90.197762
v 176.776657 -461.939758 -73.223213
v 134.094025 -478.470184 -55.543491
v 90.119980 -490.392639 -37.328846
v 45.278004 -497.592346 -18.754679
v 46.898270 497.592346 -14.226512
v 93.344902 490.392639 -28.315952
v 138.892563 478.470184 -42.132675
v 183.102585 461.939758 -55.543633
v 225.549255 440.960602 -68.419670
v 265.823853 415.734802 -80.636871
v 303.538239 386.505219 -92.077393
v 338.329468 353.553345 -102.631134
v 369.862366 317.196625 -112.196602
v 397.833435 277.785095 -120.681526
v 421.972992 235.698364 -128.004120
v 442.048767 191.341705 -134.094009
v 457.867340 145.142319 -138.892593
v 469.276428 97.545135 -142.353455
v 476.166229 49.008549 -144.443390
v 478.470123 -0.000024 -145.142288
v 476.166229 -49.008595 -144.443359
v 469.276428 -97.545181 -142.353424
v 457.867340 -145.142349 -138.892532
v 442.048767 -191.341736 -134.093948
v 421.972992 -235.698395 -128.004028
v 397.833435 -277.785156 -120.681435
v 369.862366 -317.196686 -112.196495
v 338.329468 -353.553406 -102.631012
v 303.538239 -386.505219 -92.077271
v 265.823853 -415.734802 -80.636734
v 225.549255 -440.960602 -68.419533
v 183.102585 -461.939758 -55.543480
v 138.892563 -478.470184 -42.132523
v 93.344902 -490.392639 -28.315792
v 46.898270 -497.592346 -14.226350
v 48.066875 497.592346 -9.561173
v 95.670860 490.392639 -19.030203
v 142.353470 478.470184 -28.315945
v 187.665100 461.939758 -37.328983
v 231.169464 440.960602 -45.982521
v 272.447601 415.734802 -54.193291
v 311.101776 386.505219 -61.882069
v 346.759918 353.553375 -68.974846
v 379.078552 317.196655 -75.403488
v 407.746582 277.785126 -81.105919
v 432.487671 235.698364 -86.027153
v 453.063660 191.341705 -90.119957
v 469.276459 145.142319 -93.344925
v 480.969818 97.545143 -95.670860
v 488.031281 49.008556 -97.075394
v 490.392609 -0.000016 -97.545120
v 488.031281 -49.008587 -97.075378
v 480.969818 -97.545174 -95.670830
v 469.276459 -145.142349 -93.344879
v 453.063660 -191.341736 -90.119896
v 432.487671 -235.698395 -86.027077
v 407.746582 -277.785126 -81.105827
v 379.078552 -317.196655 -75.403381
v 346.759918 -353.553375 -68.974724
v 311.101776 -386.505219 -61.881939
v 272.447601 -415.734802 -54.193153
v 231.169464 -440.960602 -45.982376
v 187.665100 -461.939758 -37.328831
v 142.353470 -478.470184 -28.315788
v 95.670860 -490.392639 -19.030043
v 48.066875 -497.592346 -9.561011
v 48.772575 497.592346 -4.803757
v 97.075455 490.392639 -9.561183
v 144.443451 478.470184 -14.226515
v 190.420319 461.939758 -18.754835
v 234.563385 440.960602 -23.102533
v 276.447601 415.734802 -27.227797
v 315.669220 386.505219 -31.090782
v 351.850891 353.553375 -34.654293
v 384.644043 317.196655 -37.884205
v 413.732941 277.785126 -40.749218
v 438.837219 235.698380 -43.221706
v 459.715332 191.341721 -45.278004
v 476.166168 145.142319 -46.898312
v 488.031219 97.545151 -48.066883
v 495.196320 49.008564 -48.772526
v 497.592285 -0.000008 -49.008530
v 495.196320 -49.008579 -48.772511
v 488.031219 -97.545166 -48.066853
v 476.166168 -145.142349 -46.898266
v 459.715332 -191.341721 -45.277943
v 438.837219 -235.698380 -43.221630
v 413.732941 -277.785126 -40.749126
v 384.644043 -317.196655 -37.884098
v 351.850891 -353.553375 -34.654179
v 315.669220 -386.505219 -31.090656
v 276.447601 -415.734802 -27.227659
v 234.563385 -440.960602 -23.102388
v 190.420319 -461.939758 -18.754686
v 144.443451 -478.470184 -14.226358
v 97.075455 -490.392639 -9.561023
v 48.772575 -497.592346 -4.803595
v 49.008564 497.592346 -0.000077
v 97.545158 490.392639 -0.000085
v 145.142349 478.470184 -0.000076
v 191.341675 461.939758 -0.000070
v 235.698334 440.960602 -0.000055
v 277.785217 415.734802 -0.000083
v 317.196594 386.505219 -0.000080
v 353.553345 353.553375 -0.000005
v 386.505188 317.196655 -0.000070
v 415.734833 277.785126 -0.000079
v 440.960571 235.698380 -0.000012
v 461.939697 191.341721 0.000006
v 478.470123 145.142334 -0.000042
v 490.392609 97.545158 -0.000005
v 497.592316 49.008572 0.000055
v 499.999939 0.000000 0.000034
v 497.592316 -49.008572 0.000071
v 490.392609 -97.545158 0.000027
v 478.470123 -145.142334 0.000005
v 461.939697 -191.341721 0.000068
v 440.960571 -235.698380 0.000064
v 415.734833 -277.785126 0.000012
v 386.505188 -317.196655 0.000033
v 353.553345 -353.553375 0.000110
v 317.196594 -386.505219 0.000046
v 277.785217 -415.734802 0.000053
v 235.698334 -440.960602 0.000089
v 191.341675 -461.939758 0.000081
v 145.142349 -478.470184 0.000080
v 97.545158 -490.392639 0.000074
v 49.008564 -497.592346 0.000085
v 48.772575 497.592346 4.803602
v 97.075455 490.392639 9.561012
v 144.443451 478.470184 14.226361
v 190.420303 461.939758 18.754694
v 234.563385 440.960602 23.102419
v 276.447601 415.734802 27.227629
v 315.669220 386.505219 31.090626
v 351.850891 353.553375 34.654285
v 384.644073 317.196655 37.884064
v 413.732941 277.785126 40.749062
v 438.837189 235.698380 43.221680
v 459.715332 191.341721 45.278015
v 476.166168 145.142349 46.898232
v 488.031219 97.545166 48.066875
v 495.196289 49.008579 48.772633
v 497.592285 0.000008 49.008598
v 495.196289 -49.008564 48.772648
v 488.031219 -97.545151 48.066906
v 476.166168 -145.142319 46.898277
v 459.715332 -191.341721 45.278076
v 438.837189 -235.698380 43.221756
v 413.732941 -277.785126 40.749153
v 384.644073 -317.196655 37.884171
v 351.850891 -353.553375 34.654400
v 315.669220 -386.505219 31.090752
v 276.447601 -415.734802 27.227766
v 234.563385 -440.960602 23.102564
v 190.420303 -461.939758 18.754843
v 144.443451 -478.470184 14.226518
v 97.075455 -490.392639 9.561172
v 48.772575 -497.592346 4.803764
v 48.066875 497.592346 9.561019
v 95.670860 490.392639 19.030033
v 142.353470 478.470184 28.315790
v 187.665085 461.939758 37.328838
v 231.169449 440.960602 45.982407
v 272.447632 415.734802 54.193123
v 311.101776 386.505219 61.881905
v 346.759918 353.553375 68.974831
v 379.078613 317.196655 75.403351
v 407.746613 277.785126 81.105766
v 432.487610 235.698395 86.027122
v 453.063660 191.341736 90.119972
v 469.276459 145.142349 93.344841
v 480.969818 97.545174 95.670845
v 488.031219 49.008587 97.075500
v 490.392578 0.000016 97.545174
v 488.031219 -49.008556 97.075516
v 480.969818 -97.545143 95.670876
v 469.276459 -145.142319 93.344887
v 453.063660 -191.341705 90.120033
v 432.487610 -235.698364 86.027199
v 407.746613 -277.785126 81.105858
v 379.078613 -317.196655 75.403458
v 346.759918 -353.553375 68.974953
v 311.101776 -386.505219 61.882034
v 272.447632 -415.734802 54.193260
v 231.169449 -440.960602 45.982552
v 187.665085 -461.939758 37.328991
v 142.353470 -478.470184 28.315947
v 95.670860 -490.392639 19.030193
v 48.066875 -497.592346 9.561181
v 46.898270 497.592346 14.226357
v 93.344902 490.392639 28.315783
v 138.892563 478.470184 42.132526
v 183.102554 461.939758 55.543484
v 225.549240 440.960602 68.419556
v 265.823914 415.734802 80.636703
v 303.538239 386.505219 92.077240
v 338.329468 353.553406 102.631111
v 369.862427 317.196686 112.196465
v 397.833435 277.785156 120.681381
v 421.972900 235.698395 128.004074
v 442.048737 191.341736 134.094025
v 457.867340 145.142349 138.892502
v 469.276428 97.545181 142.353455
v 476.166138 49.008595 144.443466
v 478.470093 0.000024 145.142349
v 476.166138 -49.008549 144.443497
v 469.276428 -97.545135 142.353485
v 457.867340 -145.142319 138.892563
v 442.048737 -191.341705 134.094086
v 421.972900 -235.698364 128.004166
v 397.833435 -277.785095 120.681473
v 369.862427 -317.196625 112.196571
v 338.329468 -353.553345 102.631233
v 303.538239 -386.505219 92.077362
v 265.823914 -415.734802 80.636841
v 225.549240 -440.960602 68.419693
v 183.102554 -461.939758 55.543636
v 138.892563 -478.470184 42.132679
v 93.344902 -490.392639 28.315943
v 46.898270 -497.592346 14.226520
v 45.278004 497.592346 18.754686
v 90.119987 490.392639 37.328835
v 134.094025 478.470184 55.543495
v 176.776642 461.939758 73.223213
v 217.756851 440.960602 90.197792
v 256.640106 415.734833 106.303711
v 293.051453 386.505249 121.385811
v 326.640686 353.553406 135.298996
v 357.084290 317.196686 147.909073
v 384.088898 277.785156 159.094772
v 407.394379 235.698410 168.748276
v 426.776611 191.341751 176.776672
v 442.048767 145.142365 183.102554
v 453.063629 97.545189 187.665115
v 459.715302 49.008602 190.420380
v 461.939697 0.000031 191.341721
v 459.715302 -49.008541 190.420410
v 453.063629 -97.545128 187.665146
v 442.048767 -145.142303 183.102615
v 426.776611 -191.341690 176.776733
v 407.394379 -235.698349 168.748367
v 384.088898 -277.785095 159.094864
v 357.084290 -317.196625 147.909164
v 326.640686 -353.553345 135.299118
v 293.051453 -386.505188 121.385933
v 256.640106 -415.734772 106.303848
v 217.756851 -440.960602 90.197929
v 176.776642 -461.939758 73.223366
v 134.094025 -478.470184 55.543648
v 90.119987 -490.392639 37.328995
v 45.278004 -497.592346 18.754850
v 43.221691 497.592346 23.102398
v 86.027161 490.392639 45.982388
v 128.004105 478.470184 68.419548
v 168.748276 461.939758 90.197769
v 207.867355 440.960632 111.107361
v 244.984726 415.734833 130.946960
v 279.742462 386.505249 149.525375
v 311.806213 353.553406 166.663864
v 340.867157 317.196686 182.197220
v 366.645386 277.785156 195.975967
v 388.892456 235.698410 207.867340
v 407.394409 191.341751 217.756866
v 421.972961 145.142365 225.549225
v 432.487610 97.545197 231.169449
v 438.837189 49.008610 234.563431
v 440.960571 0.000038 235.698380
v 438.837189 -49.008533 234.563461
v 432.487610 -97.545120 231.169479
v 421.972961 -145.142303 225.549286
v 407.394409 -191.341690 217.756927
v 388.892456 -235.698349 207.867432
v 366.645386 -277.785095 195.976059
v 340.867157 -317.196625 182.197311
v 311.806213 -353.553345 166.663986
v 279.742462 -386.505188 149.525497
v 244.984726 -415.734772 130.947083
v 207.867355 -440.960571 111.107498
v 168.748276 -461.939758 90.197922
v 128.004105 -478.470184 68.419701
v 86.027161 -490.392639 45.982548
v 43.221691 -497.592346 23.102562
v 40.749126 497.592346 27.227617
v 81.105843 490.392639 54.193104
v 120.681435 478.470184 80.636696
v 159.094772 461.939789 106.303658
v 195.975967 440.960632 130.946899
v 230.970016 415.734833 154.329117
v 263.739349 386.505249 176.224915
v 293.968842 353.553406 196.423691
v 321.367340 317.196686 214.730728
v 345.670898 277.785156 230.969833
v 366.645233 235.698425 244.984528
v 384.088776 191.341766 256.639923
v 397.833344 145.142380 265.823730
v 407.746490 97.545204 272.447510
v 413.732819 49.008617 276.447510
v 415.734711 0.000045 277.785126
v 413.732819 -49.008526 276.447510
v 407.746490 -97.545113 272.447571
v 397.833344 -145.142288 265.823792
v 384.088776 -191.341675 256.639984
v 366.645233 -235.698334 244.984619
v 345.670898 -277.785095 230.969925
v 321.367340 -317.196625 214.730820
v 293.968842 -353.553345 196.423813
v 263.739349 -386.505188 176.225037
v 230.970016 -415.734772 154.329239
v 195.975967 -440.960571 130.947052
v 159.094772 -461.939728 106.303810
v 120.681435 -478.470184 80.636848
v 81.105843 -490.392639 54.193264
v 40.749126 -497.592346 27.227781
v 37.884125 497.592346 31.090620
v 75.403435 490.392639 61.881908
v 112.196533 478.470184 92.077255
v 147.909088 461.939789 121.385788
v 182.197250 440.960632 149.525360
v 214.730927 415.734833 176.225006
v 245.196320 386.505249 201.227325
v 273.300385 353.553406 224.291840
v 298.772583 317.196686 245.196243
v 321.367401 277.785156 263.739349
v 340.867065 235.698425 279.742401
v 357.084167 191.341766 293.051422
v 369.862366 145.142380 303.538208
v 379.078552 97.545212 311.101746
v 384.644012 49.008621 315.669250
v 386.505127 0.000052 317.196625
v 384.644012 -49.008522 315.669250
v 379.078552 -97.545105 311.101807
v 369.862366 -145.142288 303.538269
v 357.084167 -191.341675 293.051483
v 340.867065 -235.698334 279.742462
v 321.367401 -277.785095 263.739410
v 298.772583 -317.196625 245.196335
v 273.300385 -353.553345 224.291962
v 245.196320 -386.505188 201.227448
v 214.730927 -415.734772 176.225128
v 182.197250 -440.960571 149.525513
v 147.909088 -461.939728 121.385941
v 112.196533 -478.470184 92.077408
v 75.403435 -490.392639 61.882069
v 37.884125 -497.592346 31.090784
v 34.654278 497.592346 34.654205
v 68.974854 490.392639 68.974762
v 102.631119 478.470215 102.631058
v 135.298965 461.939789 135.298904
v 166.663849 440.960632 166.663803
v 196.423859 415.734833 196.423737
v 224.291885 386.505249 224.291794
v 249.999908 353.553406 249.999939
v 273.300476 317.196686 273.300354
v 293.968933 277.785187 293.968872
v 311.806152 235.698425 311.806183
v 326.640594 191.341766 326.640686
v 338.329437 145.142395 338.329437
v 346.759888 97.545212 346.759888
v 351.850830 49.008629 351.850891
v 353.553284 0.000058 353.553345
v 351.850830 -49.008514 351.850891
v 346.759888 -97.545105 346.759949
v 338.329437 -145.142273 338.329498
v 326.640594 -191.341675 326.640747
v 311.806152 -235.698334 311.806244
v 293.968933 -277.785065 293.968933
v 273.300476 -317.196625 273.300476
v 249.999908 -353.553345 250.000061
v 224.291885 -386.505188 224.291916
v 196.423859 -415.734772 196.423859
v 166.663849 -440.960571 166.663956
v 135.298965 -461.939728 135.299057
v 102.631119 -478.470154 102.631210
v 68.974854 -490.392639 68.974915
v 34.654278 -497.592346 34.654366
v 31.090694 497.592346 37.884048
v 61.882004 490.392639 75.403343
v 92.077316 478.470215 112.196472
v 121.385841 461.939789 147.909012
v 149.525406 440.960632 182.197189
v 176.225128 415.734833 214.730820
v 201.227432 386.505249 245.196228
v 224.291809 353.553406 273.300415
v 245.196335 317.196716 298.772461
v 263.739410 277.785187 321.367310
v 279.742371 235.698441 340.867065
v 293.051331 191.341782 357.084198
v 303.538208 145.142395 369.862366
v 311.101746 97.545219 379.078552
v 315.669159 49.008633 384.644043
v 317.196533 0.000063 386.505188
v 315.669159 -49.008511 384.644043
v 311.101746 -97.545097 379.078613
v 303.538208 -145.142273 369.862427
v 293.051331 -191.341660 357.084259
v 279.742371 -235.698318 340.867126
v 263.739410 -277.785065 321.367371
v 245.196335 -317.196594 298.772583
v 224.291809 -353.553345 273.300537
v 201.227432 -386.505188 245.196350
v 176.225128 -415.734772 214.730942
v 149.525406 -440.960571 182.197342
v 121.385841 -461.939728 147.909164
v 92.077316 -478.470154 112.196625
v 61.882004 -490.392639 75.403496
v 31.090694 -497.592346 37.884209
v 27.227688 497.592346 40.749046
v 54.193199 490.392639 81.105751
v 80.636757 478.470215 120.681374
v 106.303703 461.939789 159.094681
v 130.946930 440.960632 195.975906
v 154.329239 415.734833 230.969910
v 176.225021 386.505249 263.739258
v 196.423645 353.553436 293.968811
v 214.730804 317.196716 321.367188
v 230.969940 277.785187 345.670807
v 244.984512 235.698441 366.645233
v 256.639832 191.341782 384.088745
v 265.823730 145.142395 397.833344
v 272.447510 97.545227 407.746490
v 276.447418 49.008640 413.732849
v 277.785004 0.000068 415.734772
v 276.447418 -49.008503 413.732849
v 272.447510 -97.545090 407.746552
v 265.823730 -145.142273 397.833405
v 256.639832 -191.341660 384.088806
v 244.984512 -235.698318 366.645294
v 230.969940 -277.785065 345.670868
v 214.730804 -317.196594 321.367310
v 196.423645 -353.553314 293.968933
v 176.225021 -386.505188 263.739380
v 154.329239 -415.734772 230.970032
v 130.946930 -440.960571 195.976059
v 106.303703 -461.939728 159.094833
v 80.636757 -478.470154 120.681526
v 54.193199 -490.392639 81.105904
v 27.227688 -497.592346 40.749207
v 23.102467 497.592346 43.221607
v 45.982479 490.392639 86.027069
v 68.419617 478.470215 128.004044
v 90.197807 461.939789 168.748184
v 111.107384 440.960632 207.867279
v 130.947083 415.734833 244.984634
v 149.525467 386.505249 279.742371
v 166.663818 353.553436 311.806183
v 182.197296 317.196716 340.867004
v 195.976089 277.785187 366.645325
v 207.867325 235.698441 388.892456
v 217.756775 191.341782 407.394348
v 225.549225 145.142410 421.972931
v 231.169449 97.545227 432.487610
v 234.563324 49.008644 438.837219
v 235.698257 0.000072 440.960571
v 234.563324 -49.008499 438.837219
v 231.169449 -97.545090 432.487671
v 225.549225 -145.142258 421.972992
v 217.756775 -191.341660 407.394409
v 207.867325 -235.698318 388.892517
v 195.976089 -277.785065 366.645386
v 182.197296 -317.196594 340.867126
v 166.663818 -353.553314 311.806305
v 149.525467 -386.505188 279.742493
v 130.947083 -415.734772 244.984756
v 111.107384 -440.960571 207.867432
v 90.197807 -461.939728 168.748337
v 68.419617 -478.470154 128.004196
v 45.982479 -490.392639 86.027222
v 23.102467 -497.592346 43.221767
v 18.754755 497.592346 45.277916
v 37.328926 490.392639 90.119896
v 55.543564 478.470215 134.093964
v 73.223267 461.939789 176.776535
v 90.197807 440.960632 217.756760
v 106.303841 415.734833 256.640045
v 121.385902 386.505280 293.051392
v 135.298935 353.553436 326.640625
v 147.909149 317.196716 357.084106
v 159.094879 277.785187 384.088867
v 168.748260 235.698441 407.394379
v 176.776581 191.341797 426.776520
v 183.102554 145.142410 442.048706
v 187.665100 97.545235 453.063599
v 190.420258 49.008648 459.715332
v 191.341614 0.000075 461.939697
v 190.420258 -49.008495 459.715332
v 187.665100 -97.545082 453.063660
v 183.102554 -145.142258 442.048767
v 176.776581 -191.341644 426.776581
v 168.748260 -235.698318 407.394440
v 159.094879 -277.785065 384.088928
v 147.909149 -317.196594 357.084229
v 135.298935 -353.553314 326.640747
v 121.385902 -386.505157 293.051514
v 106.303841 -415.734772 256.640167
v 90.197807 -440.960571 217.756912
v 73.223267 -461.939728 176.776688
v 55.543564 -478.470154 134.094116
v 37.328926 -490.392639 90.120049
v 18.754755 -497.592346 45.278076
v 14.226425 497.592346 46.898182
v 28.315874 490.392639 93.344818
v 42.132595 478.470215 138.892487
v 55.543533 461.939789 183.102448
v 68.419586 440.960632 225.549133
v 80.636826 415.734833 265.823883
v 92.077332 386.505280 303.538177
v 102.631050 353.553436 338.329376
v 112.196548 317.196716 369.862244
v 120.681511 277.785187 397.833405
v 128.004044 235.698456 421.972900
v 134.093933 191.341797 442.048615
v 138.892502 145.142410 457.867279
v 142.353439 97.545235 469.276398
v 144.443344 49.008648 476.166138
v 145.142227 0.000078 478.470093
v 144.443344 -49.008495 476.166138
v 142.353439 -97.545082 469.276459
v 138.892502 -145.142258 457.867340
v 134.093933 -191.341644 442.048676
v 128.004044 -235.698303 421.972961
v 120.681511 -277.785065 397.833466
v 112.196548 -317.196594 369.862366
v 102.631050 -353.553314 338.329498
v 92.077332 -386.505157 303.538300
v 80.636826 -415.734772 265.824005
v 68.419586 -440.960571 225.549286
v 55.543533 -461.939728 183.102600
v 42.132595 -478.470154 138.892639
v 28.315874 -490.392639 93.344971
v 14.226425 -497.592346 46.898342
v 9.561088 497.592346 48.066784
v 19.030125 490.392670 95.670784
v 28.315863 478.470215 142.353394
v 37.328892 461.939789 187.664963
v 45.982437 440.960632 231.169342
v 54.193241 415.734833 272.447632
v 61.882004 386.505280 311.101715
v 68.974762 353.553436 346.759827
v 75.403442 317.196716 379.078461
v 81.105904 277.785187 407.746582
v 86.027092 235.698456 432.487579
v 90.119896 191.341797 453.063507
v 93.344849 145.142410 469.276398
v 95.670845 97.545235 480.969788
v 97.075363 49.008652 488.031189
v 97.545059 0.000080 490.392578
v 97.075363 -49.008492 488.031189
v 95.670845 -97.545082 480.969849
v 93.344849 -145.142258 469.276459
v 90.119896 -191.341644 453.063568
v 86.027092 -235.698303 432.487640
v 81.105904 -277.785065 407.746643
v 75.403442 -317.196594 379.078583
v 68.974762 -353.553314 346.759949
v 61.882004 -386.505157 311.101837
v 54.193241 -415.734772 272.447754
v 45.982437 -440.960571 231.169495
v 37.328892 -461.939728 187.665115
v 28.315863 -478.470154 142.353546
v 19.030125 -490.392609 95.670937
v 9.561088 -497.592346 48.066944
v 4.803672 497.592346 48.772480
v 9.561106 490.392670 97.075371
v 14.226433 478.470215 144.443375
v 18.754751 461.939789 190.420181
v 23.102449 440.960632 234.563263
v 27.227737 415.734833 276.447632
v 31.090719 386.505280 315.669159
v 34.654221 353.553436 351.850800
v 37.884163 317.196716 384.643921
v 40.749199 277.785187 413.732941
v 43.221649 235.698456 438.837128
v 45.277954 191.341797 459.715179
v 46.898232 145.142410 476.166107
v 48.066868 97.545235 488.031189
v 48.772503 49.008652 495.196228
v 49.008472 0.000081 497.592285
v 48.772503 -49.008492 495.196228
v 48.066868 -97.545082 488.031250
v 46.898232 -145.142258 476.166168
v 45.277954 -191.341644 459.715240
v 43.221649 -235.698303 438.837189
v 40.749199 -277.785065 413.733002
v 37.884163 -317.196594 384.644043
v 34.654221 -353.553314 351.850922
v 31.090719 -386.505157 315.669281
v 27.227737 -415.734772 276.447754
v 23.102449 -440.960571 234.563416
v 18.754751 -461.939728 190.420334
v 14.226433 -478.470154 144.443527
v 9.561106 -490.392609 97.075523
v 4.803672 -497.592346 48.772640
v -0.000006 497.592346 49.008469
v 0.000008 490.392670 97.545074
v -0.000006 478.470215 145.142273
v -0.000007 461.939789 191.341537
v -0.000022 440.960632 235.698212
v 0.000015 415.734833 277.785248
v 0.000017 386.505280 317.196533
v -0.000067 353.553436 353.553253
v 0.000037 317.196716 386.505066
v 0.000056 277.785187 415.734833
v -0.000041 235.698456 440.960480
v -0.000045 191.341797 461.939545
v -0.000037 145.142410 478.470062
v -0.000011 97.545235 490.392578
v -0.000071 49.008652 497.592255
v -0.000089 0.000081 499.999878
v -0.000071 -49.008492 497.592255
v -0.000011 -97.545082 490.392639
v -0.000037 -145.142258 478.470123
v -0.000045 -191.341644 461.939606
v -0.000041 -235.698303 440.960541
v 0.000056 -277.785065 415.734894
v 0.000037 -317.196594 386.505188
v -0.000067 -353.553314 353.553375
v 0.000017 -386.505157 317.196655
v 0.000015 -415.734772 277.785370
v -0.000022 -440.960571 235.698364
v -0.000007 -461.939728 191.341690
v -0.000006 -478.470154 145.142426
v 0.000008 -490.392609 97.545227
v -0.000006 -497.592346 49.008629
v -4.803684 497.592346 48.772480
v -9.561089 490.392670 97.075371
v -14.226443 478.470215 144.443375
v -18.754765 461.939789 190.420166
v -23.102493 440.960632 234.563263
v -27.227705 415.734833 276.447632
v -31.090689 386.505280 315.669159
v -34.654354 353.553436 351.850800
v -37.884090 317.196716 384.643951
v -40.749088 277.785187 413.732941
v -43.221725 235.698456 438.837097
v -45.278042 191.341797 459.715179
v -46.898308 145.142410 476.166107
v -48.066891 97.545235 488.031189
v -48.772640 49.008652 495.196198
v -49.008648 0.000081 497.592255
v -48.772640 -49.008492 495.196198
v -48.066891 -97.545082 488.031250
v -46.898308 -145.142258 476.166168
v -45.278042 -191.341644 459.715240
v -43.221725 -235.698303 438.837158
v -40.749088 -277.785065 413.733002
v -37.884090 -317.196594 384.644073
v -34.654354 -353.553314 351.850922
v -31.090689 -386.505157 315.669281
v -27.227705 -415.734772 276.447754
v -23.102493 -440.960571 234.563416
v -18.754765 -461.939728 190.420319
v -14.226443 -478.470154 144.443527
v -9.561089 -490.392609 97.075523
v -4.803684 -497.592346 48.772640
v 0.000000 500.000000 -0.000081
v -9.561099 497.592346 48.066780
v -19.030109 490.392670 95.670784
v -28.315872 478.470215 142.353394
v -37.328903 461.939789 187.664948
v -45.982475 440.960632 231.169327
v -54.193207 415.734833 272.447662
v -61.881969 386.505280 311.101715
v -68.974899 353.553436 346.759827
v -75.403374 317.196716 379.078491
v -81.105797 277.785187 407.746613
v -86.027161 235.698456 432.487518
v -90.119987 191.341797 453.063507
v -93.344925 145.142410 469.276398
v -95.670860 97.545235 480.969788
v -97.075508 49.008652 488.031128
v -97.545227 0.000080 490.392517
v -97.075508 -49.008492 488.031128
v -95.670860 -97.545082 480.969849
v -93.344925 -145.142258 469.276459
v -90.119987 -191.341644 453.063568
v -86.027161 -235.698303 432.487579
v -81.105797 -277.785065 407.746674
v -75.403374 -317.196594 379.078613
v -68.974899 -353.553314 346.759949
v -61.881969 -386.505157 311.101837
v -54.193207 -415.734772 272.447784
v -45.982475 -440.960571 231.169479
v -37.328903 -461.939728 187.665100
v -28.315872 -478.470154 142.353546
v -19.030109 -490.392609 95.670937
v -9.561099 -497.592346 48.066940
v -14.226437 497.592346 46.898174
v -28.315857 490.392639 93.344818
v -42.132603 478.470215 138.892487
v -55.543541 461.939789 183.102417
v -68.419617 440.960632 225.549118
v -80.636803 415.734833 265.823914
v -92.077301 386.505280 303.538177
v -102.631180 353.553436 338.329376
v -112.196472 317.196716 369.862305
v -120.681412 277.785187 397.833435
v -128.004105 235.698456 421.972809
v -134.094025 191.341797 442.048615
v -138.892593 145.142410 457.867279
v -142.353470 97.545235 469.276398
v -144.443466 49.008648 476.166046
v -145.142395 0.000078 478.470032
v -144.443466 -49.008495 476.166046
v -142.353470 -97.545082 469.276459
v -138.892593 -145.142258 457.867340
v -134.094025 -191.341644 442.048676
v -128.004105 -235.698303 421.972870
v -120.681412 -277.785065 397.833496
v -112.196472 -317.196594 369.862427
v -102.631180 -353.553314 338.329498
v -92.077301 -386.505157 303.538300
v -80.636803 -415.734772 265.824036
v -68.419617 -440.960571 225.549271
v -55.543541 -461.939728 183.102570
v -42.132603 -478.470154 138.892639
v -28.315857 -490.392639 93.344971
v -14.226437 -497.592346 46.898335
v -18.754765 497.592346 45.277912
v -37.328907 490.392639 90.119904
v -55.543571 478.470215 134.093948
v -73.223267 461.939789 176.776505
v -90.197845 440.960632 217.756729
v -106.303818 415.734833 256.640106
v -121.385872 386.505280 293.051392
v -135.299072 353.553436 326.640594
v -147.909073 317.196716 357.084167
v -159.094803 277.785187 384.088898
v -168.748306 235.698441 407.394287
v -176.776672 191.341797 426.776489
v -183.102631 145.142410 442.048706
v -187.665131 97.545235 453.063599
v -190.420364 49.008648 459.715240
v -191.341751 0.000075 461.939636
v -190.420364 -49.008495 459.715240
v -187.665131 -97.545082 453.063660
v -183.102631 -145.142258 442.048767
v -176.776672 -191.341644 426.776550
v -168.748306 -235.698318 407.394348
v -159.094803 -277.785065 384.088959
v -147.909073 -317.196594 357.084290
v -135.299072 -353.553314 326.640717
v -121.385872 -386.505157 293.051514
v -106.303818 -415.734772 256.640228
v -90.197845 -440.960571 217.756882
v -73.223267 -461.939728 176.776657
v -55.543571 -478.470154 134.094101
v -37.328907 -490.392639 90.120056
v -18.754765 -497.592346 45.278072
v -23.102474 497.592346 43.221596
v -45.982460 490.392639 86.027077
v -68.419624 478.470215 128.004028
v -90.197807 461.939789 168.748154
v -111.107414 440.960632 207.867233
v -130.947067 415.734833 244.984726
v -149.525436 386.505249 279.742401
v -166.663940 353.553436 311.806122
v -182.197220 317.196716 340.867035
v -195.976013 277.785187 366.645386
v -207.867355 235.698441 388.892365
v -217.756866 191.341782 407.394318
v -225.549316 145.142410 421.972900
v -231.169464 97.545227 432.487579
v -234.563416 49.008644 438.837128
v -235.698380 0.000072 440.960510
v -234.563416 -49.008499 438.837128
v -231.169464 -97.545090 432.487640
v -225.549316 -145.142258 421.972961
v -217.756866 -191.341660 407.394379
v -207.867355 -235.698318 388.892426
v -195.976013 -277.785065 366.645447
v -182.197220 -317.196594 340.867157
v -166.663940 -353.553314 311.806244
v -149.525436 -386.505188 279.742523
v -130.947067 -415.734772 244.984848
v -111.107414 -440.960571 207.867386
v -90.197807 -461.939728 168.748306
v -68.419624 -478.470154 128.004181
v -45.982460 -490.392639 86.027229
v -23.102474 -497.592346 43.221756
v -27.227694 497.592346 40.749031
v -54.193176 490.392639 81.105759
v -80.636772 478.470215 120.681358
v -106.303703 461.939789 159.094650
v -130.946960 440.960632 195.975861
v -154.329239 415.734833 230.970001
v -176.224976 386.505249 263.739288
v -196.423767 353.553436 293.968750
v -214.730698 317.196716 321.367218
v -230.969879 277.785187 345.670898
v -244.984543 235.698441 366.645142
v -256.639923 191.341782 384.088684
v -265.823822 145.142395 397.833282
v -272.447540 97.545227 407.746460
v -276.447479 49.008640 413.732758
v -277.785126 0.000068 415.734650
v -276.447479 -49.008503 413.732758
v -272.447540 -97.545090 407.746521
v -265.823822 -145.142273 397.833344
v -256.639923 -191.341660 384.088745
v -244.984543 -235.698318 366.645203
v -230.969879 -277.785065 345.670959
v -214.730698 -317.196594 321.367340
v -196.423767 -353.553314 293.968872
v -176.224976 -386.505188 263.739410
v -154.329239 -415.734772 230.970123
v -130.946960 -440.960571 195.976013
v -106.303703 -461.939728 159.094803
v -80.636772 -478.470154 120.681511
v -54.193176 -490.392639 81.105911
v -27.227694 -497.592346 40.749191
v -31.090696 497.592346 37.884033
v -61.881981 490.392639 75.403351
v -92.077332 478.470215 112.196457
v -121.385826 461.939789 147.908966
v -149.525421 440.960632 182.197144
v -176.225128 415.734833 214.730896
v -201.227386 386.505249 245.196259
v -224.291916 353.553406 273.300293
v -245.196213 317.196716 298.772461
v -263.739380 277.785187 321.367401
v -279.742401 235.698441 340.866974
v -293.051422 191.341782 357.084076
v -303.538300 145.142395 369.862305
v -311.101776 97.545219 379.078522
v -315.669220 49.008633 384.643951
v -317.196625 0.000063 386.505066
v -315.669220 -49.008511 384.643951
v -311.101776 -97.545097 379.078583
v -303.538300 -145.142273 369.862366
v -293.051422 -191.341660 357.084137
v -279.742401 -235.698318 340.867035
v -263.739380 -277.785065 321.367462
v -245.196213 -317.196594 298.772583
v -224.291916 -353.553345 273.300415
v -201.227386 -386.505188 245.196381
v -176.225128 -415.734772 214.731018
v -149.525421 -440.960571 182.197296
v -121.385826 -461.939728 147.909119
v -92.077332 -478.470154 112.196609
v -61.881981 -490.392639 75.403503
v -31.090696 -497.592346 37.884193
v 0.000000 -500.000000 0.000081
v -34.654278 497.592346 34.654186
v -68.974831 490.392639 68.974770
v -102.631134 478.470215 102.631042
v -135.298935 461.939789 135.298843
v -166.663849 440.960632 166.663742
v -196.423859 415.734833 196.423828
v -224.291855 386.505249 224.291824
v -250.000031 353.553406 249.999817
v -273.300354 317.196686 273.300354
v -293.968903 277.785187 293.968933
v -311.806183 235.698425 311.806091
v -326.640656 191.341766 326.640503
v -338.329529 145.142395 338.329376
v -346.759918 97.545212 346.759857
v -351.850861 49.008629 351.850800
v -353.553345 0.000058 353.553223
v -351.850861 -49.008514 351.850800
v -346.759918 -97.545105 346.759918
v -338.329529 -145.142273 338.329437
v -326.640656 -191.341675 326.640564
v -311.806183 -235.698334 311.806152
v -293.968903 -277.785065 293.968994
v -273.300354 -317.196625 273.300476
v -250.000031 -353.553345 249.999939
v -224.291855 -386.505188 224.291946
v -196.423859 -415.734772 196.423950
v -166.663849 -440.960571 166.663895
v -135.298935 -461.939728 135.298996
v -102.631134 -478.470154 102.631195
v -68.974831 -490.392639 68.974922
v -34.654278 -497.592346 34.654346
v -37.884121 497.592346 31.090603
v -75.403412 490.392639 61.881916
v -112.196548 478.470184 92.077240
v -147.909042 461.939789 121.385719
v -182.197250 440.960632 149.525299
v -214.730927 415.734833 176.225082
v -245.196289 386.505249 201.227371
v -273.300476 353.553406 224.291718
v -298.772461 317.196686 245.196243
v -321.367340 277.785156 263.739410
v -340.867065 235.698425 279.742310
v -357.084167 191.341766 293.051239
v -369.862457 145.142380 303.538147
v -379.078583 97.545212 311.101715
v -384.644043 49.008621 315.669128
v -386.505188 0.000052 317.196503
v -384.644043 -49.008522 315.669128
v -379.078583 -97.545105 311.101776
v -369.862457 -145.142288 303.538208
v -357.084167 -191.341675 293.051300
v -340.867065 -235.698334 279.742371
v -321.367340 -277.785095 263.739471
v -298.772461 -317.196625 245.196335
v -273.300476 -353.553345 224.291840
v -245.196289 -386.505188 201.227493
v -214.730927 -415.734772 176.225204
v -182.197250 -440.960571 149.525452
v -147.909042 -461.939728 121.385872
v -112.196548 -478.470184 92.077393
v -75.403412 -490.392639 61.882076
v -37.884121 -497.592346 31.090767
v -40.749119 497.592346 27.227598
v -81.105820 490.392639 54.193111
v -120.681450 478.470184 80.636681
v -159.094711 461.939789 106.303596
v -195.975952 440.960632 130.946823
v -230.970032 415.734833 154.329193
v -263.739319 386.505249 176.224960
v -293.968872 353.553406 196.423553
v -321.367218 317.196686 214.730728
v -345.670837 277.785156 230.969925
v -366.645233 235.698425 244.984436
v -384.088715 191.341766 256.639740
v -397.833435 145.142380 265.823669
v -407.746521 97.545204 272.447479
v -413.732849 49.008617 276.447388
v -415.734772 0.000045 277.784943
v -413.732849 -49.008526 276.447388
v -407.746521 -97.545113 272.447540
v -397.833435 -145.142288 265.823730
v -384.088715 -191.341675 256.639801
v -366.645233 -235.698334 244.984528
v -345.670837 -277.785095 230.970016
v -321.367218 -317.196625 214.730820
v -293.968872 -353.553345 196.423676
v -263.739319 -386.505188 176.225082
v -230.970032 -415.734772 154.329315
v -195.975952 -440.960571 130.946976
v -159.094711 -461.939728 106.303749
v -120.681450 -478.470184 80.636833
v -81.105820 -490.392639 54.193272
v -40.749119 -497.592346 27.227762
v -43.221680 497.592346 23.102377
v -86.027138 490.392639 45.982391
v -128.004120 478.470184 68.419540
v -168.748199 461.939758 90.197701
v -207.867325 440.960632 111.107285
v -244.984741 415.734833 130.947037
v -279.742432 386.505249 149.525406
v -311.806213 353.553406 166.663742
v -340.867004 317.196686 182.197235
v -366.645355 277.785156 195.976074
v -388.892456 235.698410 207.867249
v -407.394318 191.341751 217.756683
v -421.973022 145.142365 225.549164
v -432.487640 97.545197 231.169434
v -438.837189 49.008610 234.563278
v -440.960571 0.000038 235.698196
v -438.837189 -49.008533 234.563309
v -432.487640 -97.545120 231.169464
v -421.973022 -145.142303 225.549225
v -407.394318 -191.341690 217.756744
v -388.892456 -235.698349 207.867340
v -366.645355 -277.785095 195.976166
v -340.867004 -317.196625 182.197327
v -311.806213 -353.553345 166.663864
v -279.742432 -386.505188 149.525528
v -244.984741 -415.734772 130.947159
v -207.867325 -440.960571 111.107422
v -168.748199 -461.939758 90.197853
v -128.004120 -478.470184 68.419693
v -86.027138 -490.392639 45.982552
v -43.221680 -497.592346 23.102541
v -45.277992 497.592346 18.754667
v -90.119965 490.392639 37.328838
v -134.094040 478.470184 55.543488
v -176.776566 461.939758 73.223167
v -217.756805 440.960602 90.197716
v -256.640137 415.734833 106.303780
v -293.051453 386.505249 121.385841
v -326.640656 353.553406 135.298843
v -357.084106 317.196686 147.909088
v -384.088898 277.785156 159.094864
v -407.394379 235.698410 168.748184
v -426.776489 191.341751 176.776505
v -442.048798 145.142365 183.102493
v -453.063629 97.545189 187.665085
v -459.715271 49.008602 190.420212
v -461.939697 0.000031 191.341553
v -459.715271 -49.008541 190.420242
v -453.063629 -97.545128 187.665115
v -442.048798 -145.142303 183.102554
v -426.776489 -191.341690 176.776566
v -407.394379 -235.698349 168.748276
v -384.088898 -277.785095 159.094955
v -357.084106 -317.196625 147.909180
v -326.640656 -353.553345 135.298965
v -293.051453 -386.505188 121.385963
v -256.640137 -415.734772 106.303917
v -217.756805 -440.960602 90.197853
v -176.776566 -461.939758 73.223320
v -134.094040 -478.470184 55.543640
v -90.119965 -490.392639 37.328999
v -45.277992 -497.592346 18.754831
v -46.898251 497.592346 14.226339
v -93.344887 490.392639 28.315788
v -138.892563 478.470184 42.132519
v -183.102463 461.939758 55.543438
v -225.549179 440.960602 68.419495
v -265.823975 415.734802 80.636757
v -303.538239 386.505219 92.077271
v -338.329407 353.553406 102.630959
v -369.862244 317.196686 112.196487
v -397.833435 277.785156 120.681496
v -421.972900 235.698395 128.003967
v -442.048584 191.341736 134.093857
v -457.867371 145.142349 138.892441
v -469.276428 97.545181 142.353424
v -476.166077 49.008595 144.443298
v -478.470093 0.000024 145.142166
v -476.166077 -49.008549 144.443329
v -469.276428 -97.545135 142.353455
v -457.867371 -145.142319 138.892502
v -442.048584 -191.341705 134.093918
v -421.972900 -235.698364 128.004059
v -397.833435 -277.785095 120.681587
v -369.862244 -317.196625 112.196594
v -338.329407 -353.553345 102.631081
v -303.538239 -386.505219 92.077393
v -265.823975 -415.734802 80.636894
v -225.549179 -440.960602 68.419632
v -183.102463 -461.939758 55.543591
v -138.892563 -478.470184 42.132671
v -93.344887 -490.392639 28.315948
v -46.898251 -497.592346 14.226501
v -48.066856 497.592346 9.561003
v -95.670853 490.392639 19.030041
v -142.353470 478.470184 28.315784
v -187.664978 461.939758 37.328800
v -231.169373 440.960602 45.982349
v -272.447723 415.734802 54.193169
v -311.101776 386.505219 61.881939
v -346.759857 353.553375 68.974678
v -379.078461 317.196655 75.403389
v -407.746613 277.785126 81.105888
v -432.487579 235.698395 86.027031
v -453.063477 191.341736 90.119812
v -469.276489 145.142349 93.344788
v -480.969818 97.545174 95.670830
v -488.031128 49.008587 97.075333
v -490.392548 0.000016 97.544998
v -488.031128 -49.008556 97.075348
v -480.969818 -97.545143 95.670860
v -469.276489 -145.142319 93.344833
v -453.063477 -191.341705 90.119873
v -432.487579 -235.698364 86.027107
v -407.746613 -277.785126 81.105980
v -379.078461 -317.196655 75.403496
v -346.759857 -353.553375 68.974800
v -311.101776 -386.505219 61.882069
v -272.447723 -415.734802 54.193306
v -231.169373 -440.960602 45.982494
v -187.664978 -461.939758 37.328953
v -142.353470 -478.470184 28.315941
v -95.670853 -490.392639 19.030201
v -48.066856 -497.592346 9.561165
v -48.772549 497.592346 4.803588
v -97.075439 490.392639 9.561023
v -144.443451 478.470184 14.226355
v -190.420197 461.939758 18.754669
v -234.563293 440.960602 23.102367
v -276.447723 415.734802 27.227663
v -315.669220 386.505219 31.090656
v -351.850830 353.553375 34.654144
v -384.643921 317.196655 37.884113
v -413.732971 277.785126 40.749184
v -438.837128 235.698380 43.221592
v -459.715149 191.341721 45.277878
v -476.166199 145.142349 46.898167
v -488.031219 97.545166 48.066853
v -495.196167 49.008579 48.772480
v -497.592255 0.000008 49.008419
v -495.196167 -49.008564 48.772495
v -488.031219 -97.545151 48.066883
v -476.166199 -145.142319 46.898212
v -459.715149 -191.341721 45.277939
v -438.837128 -235.698380 43.221668
v -413.732971 -277.785126 40.749275
v -384.643921 -317.196655 37.884220
v -351.850830 -353.553375 34.654259
v -315.669220 -386.505219 31.090782
v -276.447723 -415.734802 27.227800
v -234.563293 -440.960602 23.102512
v -190.420197 -461.939758 18.754818
v -144.443451 -478.470184 14.226511
v -97.075439 -490.392639 9.561183
v -48.772549 -497.592346 4.803751
v -49.008537 497.592346 -0.000088
v -97.545151 490.392639 -0.000073
v -145.142349 478.470184 -0.000084
v -191.341553 461.939758 -0.000085
v -235.698242 440.960602 -0.000100
v -277.785339 415.734802 -0.000060
v -317.196594 386.505219 -0.000046
v -353.553284 353.553375 -0.000140
v -386.505066 317.196655 -0.000003
v -415.734894 277.785126 0.000040
v -440.960480 235.698380 -0.000094
v -461.939514 191.341721 -0.000113
v -478.470154 145.142334 -0.000109
v -490.392609 97.545158 -0.000027
v -497.592194 49.008572 -0.000086
v -499.999847 -0.000000 -0.000142
v -497.592194 -49.008572 -0.000070
v -490.392609 -97.545158 0.000005
v -478.470154 -145.142334 -0.000062
v -461.939514 -191.341721 -0.000051
v -440.960480 -235.698380 -0.000017
v -415.734894 -277.785126 0.000131
v -386.505066 -317.196655 0.000100
v -353.553284 -353.553375 -0.000024
v -317.196594 -386.505219 0.000080
v -277.785339 -415.734802 0.000075
v -235.698242 -440.960602 0.000044
v -191.341553 -461.939758 0.000066
v -145.142349 -478.470184 0.000072
v -97.545151 -490.392639 0.000086
v -49.008537 -497.592346 0.000074
v -48.772549 497.592346 -4.803765
v -97.075439 490.392639 -9.561170
v -144.443451 478.470184 -14.226521
v -190.420181 461.939758 -18.754835
v -234.563293 440.960602 -23.102568
v -276.447723 415.734802 -27.227785
v -315.669220 386.505219 -31.090752
v -351.850830 353.553375 -34.654423
v -384.643951 317.196655 -37.884129
v -413.733002 277.785126 -40.749104
v -438.837097 235.698380 -43.221779
v -459.715149 191.341721 -45.278103
v -476.166199 145.142319 -46.898384
v -488.031219 97.545151 -48.066906
v -495.196136 49.008564 -48.772648
v -497.592224 -0.000008 -49.008698
v -495.196136 -49.008579 -48.772633
v -488.031219 -97.545166 -48.066875
v -476.166199 -145.142349 -46.898338
v -459.715149 -191.341721 -45.278042
v -438.837097 -235.698380 -43.221703
v -413.733002 -277.785126 -40.749012
v -384.643951 -317.196655 -37.884022
v -351.850830 -353.553375 -34.654308
v -315.669220 -386.505219 -31.090626
v -276.447723 -415.734802 -27.227648
v -234.563293 -440.960602 -23.102423
v -190.420181 -461.939758 -18.754686
v -144.443451 -478.470184 -14.226365
v -97.075439 -490.392639 -9.561009
v -48.772549 -497.592346 -4.803603
v -48.066853 497.592346 -9.561179
v -95.670853 490.392639 -19.030190
v -142.353470 478.470184 -28.315950
v -187.664978 461.939758 -37.328968
v -231.169357 440.960602 -45.982544
v -272.447754 415.734802 -54.193291
v -311.101776 386.505219 -61.882034
v -346.759857 353.553375 -68.974968
v -379.078522 317.196655 -75.403404
v -407.746674 277.785126 -81.105812
v -432.487518 235.698364 -86.027214
v -453.063477 191.341705 -90.120041
v -469.276489 145.142319 -93.345009
v -480.969818 97.545143 -95.670876
v -488.031067 49.008556 -97.075500
v -490.392487 -0.000016 -97.545273
v -488.031067 -49.008587 -97.075485
v -480.969818 -97.545174 -95.670845
v -469.276489 -145.142349 -93.344963
v -453.063477 -191.341736 -90.119980
v -432.487518 -235.698395 -86.027138
v -407.746674 -277.785126 -81.105721
v -379.078522 -317.196655 -75.403297
v -346.759857 -353.553375 -68.974846
v -311.101776 -386.505219 -61.881905
v -272.447754 -415.734802 -54.193153
v -231.169357 -440.960602 -45.982399
v -187.664978 -461.939758 -37.328815
v -142.353470 -478.470184 -28.315794
v -95.670853 -490.392639 -19.030029
v -48.066853 -497.592346 -9.561017
v -46.898243 497.592346 -14.226516
v -93.344887 490.392639 -28.315937
v -138.892563 478.470184 -42.132679
v -183.102432 461.939758 -55.543602
v -225.549149 440.960602 -68.419685
v -265.824005 415.734802 -80.636887
v -303.538239 386.505219 -92.077362
v -338.329407 353.553345 -102.631241
v -369.862305 317.196625 -112.196495
v -397.833496 277.785095 -120.681435
v -421.972809 235.698364 -128.004166
v -442.048553 191.341705 -134.094070
v -457.867371 145.142319 -138.892685
v -469.276428 97.545135 -142.353485
v -476.166016 49.008549 -144.443466
v -478.469971 -0.000024 -145.142441
v -476.166016 -49.008595 -144.443436
v -469.276428 -97.545181 -142.353455
v -457.867371 -145.142349 -138.892624
v -442.048553 -191.341736 -134.094009
v -421.972809 -235.698395 -128.004074
v -397.833496 -277.785156 -120.681343
v -369.862305 -317.196686 -112.196388
v -338.329407 -353.553406 -102.631119
v -303.538239 -386.505219 -92.077240
v -265.824005 -415.734802 -80.636749
v -225.549149 -440.960602 -68.419548
v -183.102432 -461.939758 -55.543449
v -138.892563 -478.470184 -42.132526
v -93.344887 -490.392639 -28.315777
v -46.898243 -497.592346 -14.226354
v -45.277981 497.592346 -18.754843
v -90.119972 490.392639 -37.328987
v -134.094025 478.470184 -55.543648
v -176.776535 461.939758 -73.223328
v -217.756760 440.960602 -90.197906
v -256.640198 415.734772 -106.303902
v -293.051453 386.505188 -121.385933
v -326.640625 353.553345 -135.299118
v -357.084167 317.196625 -147.909088
v -384.088959 277.785095 -159.094833
v -407.394287 235.698349 -168.748367
v -426.776428 191.341690 -176.776703
v -442.048798 145.142303 -183.102722
v -453.063629 97.545128 -187.665146
v -459.715210 49.008541 -190.420364
v -461.939575 -0.000031 -191.341797
v -459.715210 -49.008602 -190.420334
v -453.063629 -97.545189 -187.665115
v -442.048798 -145.142365 -183.102661
v -426.776428 -191.341751 -176.776642
v -407.394287 -235.698410 -168.748276
v -384.088959 -277.785156 -159.094742
v -357.084167 -317.196686 -147.908997
v -326.640625 -353.553406 -135.298996
v -293.051453 -386.505249 -121.385811
v -256.640198 -415.734833 -106.303764
v -217.756760 -440.960602 -90.197769
v -176.776535 -461.939758 -73.223175
v -134.094025 -478.470184 -55.543495
v -90.119972 -490.392639 -37.328827
v -45.277981 -497.592346 -18.754679
v -43.221664 497.592346 -23.102552
v -86.027145 490.392639 -45.982536
v -128.004105 478.470184 -68.419701
v -168.748169 461.939758 -90.197861
v -207.867264 440.960571 -111.107468
v -244.984818 415.734772 -130.947144
v -279.742462 386.505188 -149.525497
v -311.806152 353.553345 -166.663986
v -340.867065 317.196625 -182.197235
v -366.645447 277.785095 -195.976044
v -388.892365 235.698349 -207.867416
v -407.394226 191.341690 -217.756882
v -421.972992 145.142303 -225.549408
v -432.487610 97.545120 -231.169479
v -438.837097 49.008533 -234.563400
v -440.960449 -0.000038 -235.698425
v -438.837097 -49.008610 -234.563370
v -432.487610 -97.545197 -231.169449
v -421.972992 -145.142365 -225.549347
v -407.394226 -191.341751 -217.756821
v -388.892365 -235.698410 -207.867325
v -366.645447 -277.785156 -195.975952
v -340.867065 -317.196686 -182.197144
v -311.806152 -353.553406 -166.663864
v -279.742462 -386.505249 -149.525375
v -244.984818 -415.734833 -130.947021
v -207.867264 -440.960632 -111.107330
v -168.748169 -461.939758 -90.197708
v -128.004105 -478.470184 -68.419548
v -86.027145 -490.392639 -45.982376
v -43.221664 -497.592346 -23.102388
v -40.749104 497.592346 -27.227770
v -81.105827 490.392639 -54.193253
v -120.681435 478.470184 -80.636848
v -159.094666 461.939728 -106.303757
v -195.975906 440.960571 -130.947021
v -230.970093 415.734772 -154.329315
v -263.739349 386.505188 -176.225037
v -293.968781 353.553345 -196.423798
v -321.367249 317.196625 -214.730713
v -345.670959 277.785095 -230.969925
v -366.645172 235.698334 -244.984589
v -384.088593 191.341675 -256.639923
v -397.833374 145.142288 -265.823914
v -407.746490 97.545113 -272.447571
v -413.732727 49.008526 -276.447449
v -415.734589 -0.000045 -277.785187
v -413.732727 -49.008617 -276.447449
v -407.746490 -97.545204 -272.447510
v -397.833374 -145.142380 -265.823853
v -384.088593 -191.341766 -256.639862
v -366.645172 -235.698425 -244.984497
v -345.670959 -277.785156 -230.969833
v -321.367249 -317.196686 -214.730621
v -293.968781 -353.553406 -196.423676
v -263.739349 -386.505249 -176.224915
v -230.970093 -415.734833 -154.329193
v -195.975906 -440.960632 -130.946869
v -159.094666 -461.939789 -106.303604
v -120.681435 -478.470184 -80.636696
v -81.105827 -490.392639 -54.193092
v -40.749104 -497.592346 -27.227606
v -37.884106 497.592346 -31.090773
v -75.403419 490.392639 -61.882057
v -112.196533 478.470184 -92.077408
v -147.908997 461.939728 -121.385872
v -182.197189 440.960571 -149.525482
v -214.730988 415.734772 -176.225220
v -245.196320 386.505188 -201.227448
v -273.300323 353.553345 -224.291931
v -298.772491 317.196625 -245.196228
v -321.367462 277.785095 -263.739410
v -340.866974 235.698334 -279.742432
v -357.084015 191.341675 -293.051422
v -369.862366 145.142288 -303.538391
v -379.078552 97.545105 -311.101807
v -384.643921 49.008522 -315.669189
v -386.505005 -0.000052 -317.196655
v -384.643921 -49.008621 -315.669189
v -379.078552 -97.545212 -311.101746
v -369.862366 -145.142380 -303.538330
v -357.084015 -191.341766 -293.051361
v -340.866974 -235.698425 -279.742371
v -321.367462 -277.785156 -263.739349
v -298.772491 -317.196686 -245.196136
v -273.300323 -353.553406 -224.291809
v -245.196320 -386.505249 -201.227325
v -214.730988 -415.734833 -176.225098
v -182.197189 -440.960632 -149.525330
v -147.908997 -461.939789 -121.385719
v -112.196533 -478.470184 -92.077255
v -75.403419 -490.392639 -61.881897
v -37.884106 -497.592346 -31.090609
v -34.654259 497.592346 -34.654350
v -68.974838 490.392639 -68.974907
v -102.631119 478.470154 -102.631210
v -135.298889 461.939728 -135.298981
v -166.663803 440.960571 -166.663910
v -196.423920 415.734772 -196.423965
v -224.291885 386.505188 -224.291916
v -249.999863 353.553345 -250.000031
v -273.300385 317.196625 -273.300385
v -293.968994 277.785065 -293.968933
v -311.806091 235.698334 -311.806213
v -326.640472 191.341675 -326.640656
v -338.329437 145.142273 -338.329620
v -346.759888 97.545105 -346.759949
v -351.850769 49.008514 -351.850830
v -353.553162 -0.000058 -353.553375
v -351.850769 -49.008629 -351.850830
v -346.759888 -97.545212 -346.759888
v -338.329437 -145.142395 -338.329559
v -326.640472 -191.341766 -326.640594
v -311.806091 -235.698425 -311.806152
v -293.968994 -277.785187 -293.968872
v -273.300385 -317.196686 -273.300262
v -249.999863 -353.553406 -249.999908
v -224.291885 -386.505249 -224.291794
v -196.423920 -415.734833 -196.423843
v -166.663803 -440.960632 -166.663757
v -135.298889 -461.939789 -135.298828
v -102.631119 -478.470215 -102.631058
v -68.974838 -490.392639 -68.974754
v -34.654259 -497.592346 -34.654190
v -31.090677 497.592346 -37.884193
v -61.881989 490.392639 -75.403488
v -92.077316 478.470154 -112.196625
v -121.385765 461.939728 -147.909088
v -149.525345 440.960571 -182.197296
v -176.225174 415.734772 -214.731033
v -201.227432 386.505188 -245.196350
v -224.291779 353.553345 -273.300476
v -245.196259 317.196594 -298.772491
v -263.739471 277.785065 -321.367371
v -279.742310 235.698318 -340.867096
v -293.051239 191.341660 -357.084167
v -303.538208 145.142273 -369.862549
v -311.101746 97.545097 -379.078613
v -315.669128 49.008511 -384.643982
v -317.196442 -0.000063 -386.505188
v -315.669128 -49.008633 -384.643982
v -311.101746 -97.545219 -379.078552
v -303.538208 -145.142395 -369.862488
v -293.051239 -191.341782 -357.084106
v -279.742310 -235.698441 -340.867035
v -263.739471 -277.785187 -321.367310
v -245.196259 -317.196716 -298.772369
v -224.291779 -353.553406 -273.300354
v -201.227432 -386.505249 -245.196228
v -176.225174 -415.734833 -214.730911
v -149.525345 -440.960632 -182.197144
v -121.385765 -461.939789 -147.908936
v -92.077316 -478.470215 -112.196472
v -61.881989 -490.392639 -75.403336
v -31.090677 -497.592346 -37.884033
v -27.227674 497.592346 -40.749187
v -54.193184 490.392639 -81.105896
v -80.636757 478.470154 -120.681526
v -106.303650 461.939728 -159.094757
v -130.946884 440.960571 -195.976013
v -154.329269 415.734772 -230.970123
v -176.225021 386.505188 -263.739380
v -196.423615 353.553314 -293.968903
v -214.730743 317.196594 -321.367249
v -230.970001 277.785065 -345.670868
v -244.984451 235.698318 -366.645264
v -256.639771 191.341660 -384.088715
v -265.823730 145.142273 -397.833527
v -272.447510 97.545090 -407.746552
v -276.447388 49.008503 -413.732788
v -277.784882 -0.000068 -415.734741
v -276.447388 -49.008640 -413.732788
v -272.447510 -97.545227 -407.746490
v -265.823730 -145.142395 -397.833466
v -256.639771 -191.341782 -384.088654
v -244.984451 -235.698441 -366.645203
v -230.970001 -277.785187 -345.670807
v -214.730743 -317.196716 -321.367126
v -196.423615 -353.553436 -293.968781
v -176.225021 -386.505249 -263.739258
v -154.329269 -415.734833 -230.970001
v -130.946884 -440.960632 -195.975861
v -106.303650 -461.939789 -159.094604
v -80.636757 -478.470215 -120.681374
v -54.193184 -490.392639 -81.105743
v -27.227674 -497.592346 -40.749027
v -23.102453 497.592346 -43.221748
v -45.982464 490.392639 -86.027214
v -68.419617 478.470154 -128.004196
v -90.197754 461.939728 -168.748245
v -111.107346 440.960571 -207.867371
v -130.947113 415.734772 -244.984848
v -149.525467 386.505188 -279.742493
v -166.663803 353.553314 -311.806213
v -182.197250 317.196594 -340.867035
v -195.976151 277.785065 -366.645386
v -207.867264 235.698318 -388.892487
v -217.756714 191.341660 -407.394318
v -225.549210 145.142258 -421.973114
v -231.169449 97.545090 -432.487671
v -234.563293 49.008499 -438.837128
v -235.698135 -0.000072 -440.960541
v -234.563293 -49.008644 -438.837128
v -231.169449 -97.545227 -432.487610
v -225.549210 -145.142410 -421.973053
v -217.756714 -191.341782 -407.394257
v -207.867264 -235.698441 -388.892426
v -195.976151 -277.785187 -366.645325
v -182.197250 -317.196716 -340.866913
v -166.663803 -353.553436 -311.806091
v -149.525467 -386.505249 -279.742371
v -130.947113 -415.734833 -244.984726
v -111.107346 -440.960632 -207.867218
v -90.197754 -461.939789 -168.748093
v -68.419617 -478.470215 -128.004044
v -45.982464 -490.392639 -86.027061
v -23.102453 -497.592346 -43.221588
v -18.754744 497.592346 -45.278061
v -37.328911 490.392639 -90.120041
v -55.543564 478.470154 -134.094116
v -73.223221 461.939728 -176.776611
v -90.197777 440.960571 -217.756851
v -106.303864 415.734772 -256.640259
v -121.385902 386.505157 -293.051514
v -135.298920 353.553314 -326.640656
v -147.909119 317.196594 -357.084137
v -159.094940 277.785065 -384.088928
v -168.748199 235.698318 -407.394409
v -176.776535 191.341644 -426.776489
v -183.102524 145.142258 -442.048889
v -187.665100 97.545082 -453.063660
v -190.420242 49.008495 -459.715210
v -191.341492 -0.000075 -461.939636
v -190.420242 -49.008648 -459.715210
v -187.665100 -97.545235 -453.063599
v -183.102524 -145.142410 -442.048828
v -176.776535 -191.341797 -426.776428
v -168.748199 -235.698441 -407.394348
v -159.094940 -277.785187 -384.088867
v -147.909119 -317.196716 -357.084015
v -135.298920 -353.553436 -326.640533
v -121.385902 -386.505280 -293.051392
v -106.303864 -415.734833 -256.640137
v -90.197777 -440.960632 -217.756699
v -73.223221 -461.939789 -176.776459
v -55.543564 -478.470215 -134.093964
v -37.328911 -490.392639 -90.119888
v -18.754744 -497.592346 -45.277901
v -14.226417 497.592346 -46.898319
v -28.315861 490.392639 -93.344963
v -42.132595 478.470154 -138.892639
v -55.543499 461.939728 -183.102509
v -68.419563 440.960571 -225.549225
v -80.636841 415.734772 -265.824066
v -92.077332 386.505157 -303.538300
v -102.631035 353.553314 -338.329407
v -112.196533 317.196594 -369.862305
v -120.681572 277.785065 -397.833466
v -128.003983 235.698303 -421.972931
v -134.093903 191.341644 -442.048584
v -138.892471 145.142258 -457.867462
v -142.353439 97.545082 -469.276459
v -144.443329 49.008495 -476.166016
v -145.142120 -0.000078 -478.470032
v -144.443329 -49.008648 -476.166016
v -142.353439 -97.545235 -469.276398
v -138.892471 -145.142410 -457.867401
v -134.093903 -191.341797 -442.048523
v -128.003983 -235.698456 -421.972870
v -120.681572 -277.785187 -397.833405
v -112.196533 -317.196716 -369.862183
v -102.631035 -353.553436 -338.329285
v -92.077332 -386.505280 -303.538177
v -80.636841 -415.734833 -265.823944
v -68.419563 -440.960632 -225.549072
v -55.543499 -461.939789 -183.102356
v -42.132595 -478.470215 -138.892487
v -28.315861 -490.392639 -93.344810
v -14.226417 -497.592346 -46.898159
v -9.561081 497.592346 -48.066925
v -19.030113 490.392609 -95.670929
v -28.315863 478.470154 -142.353546
v -37.328861 461.939728 -187.665039
v -45.982422 440.960571 -231.169418
v -54.193249 415.734772 -272.447845
v -61.882004 386.505157 -311.101837
v -68.974762 353.553314 -346.759857
v -75.403435 317.196594 -379.078491
v -81.105965 277.785065 -407.746643
v -86.027039 235.698303 -432.487610
v -90.119865 191.341644 -453.063477
v -93.344810 145.142258 -469.276581
v -95.670845 97.545082 -480.969849
v -97.075356 49.008492 -488.031067
v -97.544968 -0.000080 -490.392487
v -97.075356 -49.008652 -488.031067
v -95.670845 -97.545235 -480.969788
v -93.344810 -145.142410 -469.276520
v -90.119865 -191.341797 -453.063416
v -86.027039 -235.698456 -432.487549
v -81.105965 -277.785187 -407.746582
v -75.403435 -317.196716 -379.078369
v -68.974762 -353.553436 -346.759735
v -61.882004 -386.505280 -311.101715
v -54.193249 -415.734833 -272.447723
v -45.982422 -440.960632 -231.169266
v -37.328861 -461.939789 -187.664886
v -28.315863 -478.470215 -142.353394
v -19.030113 -490.392670 -95.670776
v -9.561081 -497.592346 -48.066765
v -4.803667 497.592346 -48.772617
v -9.561095 490.392609 -97.075516
v -14.226433 478.470154 -144.443527
v -18.754730 461.939728 -190.420227
v -23.102442 440.960571 -234.563339
v -27.227737 415.734772 -276.447845
v -31.090719 386.505157 -315.669281
v -34.654224 353.553314 -351.850830
v -37.884163 317.196594 -384.643951
v -40.749260 277.785065 -413.733002
v -43.221600 235.698303 -438.837158
v -45.277931 191.341644 -459.715149
v -46.898182 145.142258 -476.166290
v -48.066868 97.545082 -488.031250
v -48.772507 49.008492 -495.196106
v -49.008392 -0.000081 -497.592194
v -48.772507 -49.008652 -495.196106
v -48.066868 -97.545235 -488.031189
v -46.898182 -145.142410 -476.166229
v -45.277931 -191.341797 -459.715088
v -43.221600 -235.698456 -438.837097
v -40.749260 -277.785187 -413.732941
v -37.884163 -317.196716 -384.643829
v -34.654224 -353.553436 -351.850708
v -31.090719 -386.505280 -315.669159
v -27.227737 -415.734833 -276.447723
v -23.102442 -440.960632 -234.563187
v -18.754730 -461.939789 -190.420074
v -14.226433 -478.470215 -144.443375
v -9.561095 -490.392670 -97.075363
v -4.803667 -497.592346 -48.772457
v 0.000017 461.939728 -191.341583
v -0.000007 415.734772 -277.785461
v -0.000017 386.505157 -317.196655
v 0.000052 353.553314 -353.553284
v -0.000048 317.196594 -386.505096
v -0.000115 277.785065 -415.734924
v 0.000011 97.545082 -490.392639
v 0.000011 -97.545235 -490.392578
v -0.000115 -277.785187 -415.734863
v -0.000048 -317.196716 -386.504974
v 0.000052 -353.553436 -353.553162
v -0.000017 -386.505280 -317.196533
v -0.000007 -415.734833 -277.785339
v 0.000022 -440.960632 -235.698135
v 0.000017 -461.939789 -191.341431
v 0.000001 -490.392670 -97.545074
vn -0.0000 0.8813 0.4726
vn -0.0546 0.8308 0.5539
vn -0.0000 0.8308 0.5566
vn -0.0000 -0.1948 0.9808
vn -0.0938 -0.2899 0.9525
vn -0.0000 -0.2899 0.9571
vn -0.0000 -0.9950 0.0995
vn -0.0098 -0.9950 0.0991
vn -0.0000 -1.0000 -0.0000
vn -0.0376 0.9233 0.3821
vn -0.0000 0.9233 0.3840
vn -0.0975 -0.0979 0.9904
vn -0.0000 -0.0979 0.9952
vn -0.0193 -0.9805 0.1956
vn -0.0000 -0.9805 0.1966
vn -0.0286 0.9565 0.2903
vn -0.0000 0.9565 0.2917
vn -0.0980 -0.0000 0.9952
vn -0.0000 -0.0000 1.0000
vn -0.0000 -0.9565 0.2917
vn -0.0193 0.9805 0.1956
vn -0.0000 0.9805 0.1966
vn -0.0975 0.0979 0.9904
vn -0.0000 0.0979 0.9952
vn -0.0000 -0.9233 0.3840
vn -0.0286 -0.9565 0.2903
vn -0.0098 0.9950 0.0991
vn -0.0000 0.9950 0.0995
vn -0.0961 0.1948 0.9761
vn -0.0000 0.1948 0.9808
vn -0.0000 -0.8813 0.4726
vn -0.0376 -0.9233 0.3821
vn -0.0000 1.0000 -0.0000
vn -0.0938 0.2899 0.9525
vn -0.0000 0.2899 0.9571
vn -0.0546 -0.8308 0.5539
vn -0.0000 -0.8308 0.5566
vn -0.0906 0.3821 0.9197
vn -0.0000 0.3821 0.9241
vn -0.0623 -0.7723 0.6322
vn -0.0000 -0.7723 0.6353
vn -0.0865 0.4708 0.8780
vn -0.0000 0.4708 0.8823
vn -0.0000 -0.7063 0.7079
vn -0.0815 0.5549 0.8279
vn -0.0000 0.5549 0.8319
vn -0.0000 -0.6336 0.7736
vn -0.0694 -0.7063 0.7045
vn -0.0758 0.6336 0.7699
vn -0.0000 0.6336 0.7736
vn -0.0815 -0.5549 0.8279
vn -0.0000 -0.5549 0.8319
vn -0.0694 0.7063 0.7045
vn -0.0000 0.7063 0.7079
vn -0.0000 -0.4708 0.8823
vn -0.0623 0.7723 0.6322
vn -0.0000 0.7723 0.6353
vn -0.0906 -0.3821 0.9197
vn -0.0000 -0.3821 0.9241
vn -0.1623 0.5549 0.8160
vn -0.0758 -0.6336 0.7699
vn -0.1381 -0.7063 0.6943
vn -0.1509 0.6336 0.7588
vn -0.1509 -0.6336 0.7588
vn -0.1381 0.7063 0.6943
vn -0.0865 -0.4708 0.8780
vn -0.1623 -0.5549 0.8160
vn -0.1803 -0.3821 0.9063
vn -0.1239 0.7723 0.6231
vn -0.0922 0.8813 0.4635
vn -0.0463 0.8813 0.4703
vn -0.1914 -0.1948 0.9620
vn -0.0961 -0.1948 0.9761
vn -0.0194 -0.9950 0.0976
vn -0.1942 -0.0979 0.9761
vn -0.0569 0.9565 0.2861
vn -0.1951 -0.0000 0.9808
vn -0.0569 -0.9565 0.2861
vn -0.1942 0.0979 0.9761
vn -0.0749 -0.9233 0.3766
vn -0.0194 0.9950 0.0976
vn -0.0922 -0.8813 0.4635
vn -0.0463 -0.8813 0.4703
vn -0.1914 0.1948 0.9620
vn -0.1086 -0.8308 0.5459
vn -0.1803 0.3821 0.9063
vn -0.1239 -0.7723 0.6231
vn -0.2246 0.6336 0.7403
vn -0.2561 -0.4708 0.8443
vn -0.1721 -0.4708 0.8653
vn -0.1844 0.7723 0.6080
vn -0.2683 -0.3821 0.8843
vn -0.1616 0.8308 0.5327
vn -0.1086 0.8308 0.5459
vn -0.1867 -0.2899 0.9387
vn -0.1372 0.8813 0.4522
vn -0.2847 -0.1948 0.9386
vn -0.0289 -0.9950 0.0952
vn -0.1115 0.9233 0.3675
vn -0.0749 0.9233 0.3766
vn -0.0571 -0.9805 0.1881
vn -0.0383 -0.9805 0.1928
vn -0.2903 -0.0000 0.9569
vn -0.0847 -0.9565 0.2791
vn -0.0571 0.9805 0.1881
vn -0.0383 0.9805 0.1928
vn -0.2889 0.0979 0.9523
vn -0.1115 -0.9233 0.3675
vn -0.0289 0.9950 0.0952
vn -0.2847 0.1948 0.9386
vn -0.1372 -0.8813 0.4522
vn -0.1867 0.2899 0.9387
vn -0.2683 0.3821 0.8843
vn -0.1616 -0.8308 0.5327
vn -0.1721 0.4708 0.8653
vn -0.2055 -0.7063 0.6774
vn -0.2415 0.5549 0.7961
vn -0.2246 -0.6336 0.7403
vn -0.2130 0.8308 0.5143
vn -0.3663 -0.2899 0.8842
vn -0.2778 -0.2899 0.9159
vn -0.1809 0.8813 0.4366
vn -0.0381 -0.9950 0.0920
vn -0.1469 0.9233 0.3548
vn -0.3808 -0.0979 0.9194
vn -0.2889 -0.0979 0.9523
vn -0.0752 -0.9805 0.1816
vn -0.0847 0.9565 0.2791
vn -0.1116 -0.9565 0.2695
vn -0.0752 0.9805 0.1816
vn -0.3808 0.0979 0.9194
vn -0.1469 -0.9233 0.3548
vn -0.0381 0.9950 0.0920
vn -0.1809 -0.8813 0.4366
vn -0.3663 0.2899 0.8842
vn -0.2778 0.2899 0.9159
vn -0.2130 -0.8308 0.5143
vn -0.3536 0.3821 0.8538
vn -0.1844 -0.7723 0.6080
vn -0.2561 0.4708 0.8443
vn -0.2709 -0.7063 0.6540
vn -0.3184 0.5549 0.7686
vn -0.2961 -0.6336 0.7147
vn -0.2961 0.6336 0.7147
vn -0.2415 -0.5549 0.7961
vn -0.2055 0.7063 0.6774
vn -0.3376 -0.4708 0.8151
vn -0.2431 0.7723 0.5869
vn -0.3536 -0.3821 0.8538
vn -0.0469 -0.9950 0.0878
vn -0.2228 0.8813 0.4168
vn -0.4691 -0.0979 0.8777
vn -0.3754 -0.1948 0.9062
vn -0.0927 -0.9805 0.1734
vn -0.1375 0.9565 0.2572
vn -0.1116 0.9565 0.2695
vn -0.3827 -0.0000 0.9239
vn -0.0927 0.9805 0.1734
vn -0.4691 0.0979 0.8777
vn -0.1375 -0.9565 0.2572
vn -0.3754 0.1948 0.9062
vn -0.2228 -0.8813 0.4168
vn -0.0469 0.9950 0.0878
vn -0.4512 0.2899 0.8441
vn -0.2624 -0.8308 0.4909
vn -0.4356 0.3821 0.8150
vn -0.2431 -0.7723 0.5869
vn -0.3376 0.4708 0.8151
vn -0.3337 -0.7063 0.6243
vn -0.4159 0.4708 0.7781
vn -0.3647 -0.6336 0.6823
vn -0.3647 0.6336 0.6823
vn -0.3184 -0.5549 0.7686
vn -0.2709 0.7063 0.6540
vn -0.4159 -0.4708 0.7781
vn -0.3337 0.7063 0.6243
vn -0.4356 -0.3821 0.8150
vn -0.2624 0.8308 0.4909
vn -0.4512 -0.2899 0.8441
vn -0.1621 -0.9565 0.2425
vn -0.1092 0.9805 0.1634
vn -0.5529 0.0979 0.8275
vn -0.4714 -0.0000 0.8819
vn -0.1810 -0.9233 0.3386
vn -0.0553 0.9950 0.0828
vn -0.4624 0.1948 0.8650
vn -0.2133 -0.9233 0.3193
vn -0.5317 0.2899 0.7958
vn -0.3092 -0.8308 0.4628
vn -0.5134 0.3821 0.7684
vn -0.3530 -0.7723 0.5282
vn -0.2995 -0.7723 0.5603
vn -0.4902 0.4708 0.7336
vn -0.4622 0.5549 0.6917
vn -0.3922 0.5549 0.7337
vn -0.4298 -0.6336 0.6432
vn -0.4298 0.6336 0.6432
vn -0.3922 -0.5549 0.7337
vn -0.4622 -0.5549 0.6917
vn -0.3530 0.7723 0.5282
vn -0.2995 0.7723 0.5603
vn -0.4902 -0.4708 0.7336
vn -0.5317 -0.2899 0.7958
vn -0.2626 0.8813 0.3929
vn -0.5449 -0.1948 0.8155
vn -0.4624 -0.1948 0.8650
vn -0.0553 -0.9950 0.0828
vn -0.2133 0.9233 0.3193
vn -0.1810 0.9233 0.3386
vn -0.5529 -0.0979 0.8275
vn -0.1092 -0.9805 0.1634
vn -0.1621 0.9565 0.2425
vn -0.2626 -0.8813 0.3929
vn -0.2436 -0.9233 0.2968
vn -0.0631 0.9950 0.0769
vn -0.6072 0.2899 0.7398
vn -0.5449 0.1948 0.8155
vn -0.3531 -0.8308 0.4303
vn -0.5597 0.4708 0.6820
vn -0.3933 -0.7063 0.5886
vn -0.4030 -0.7723 0.4911
vn -0.5278 0.5549 0.6431
vn -0.4908 -0.6336 0.5980
vn -0.4908 0.6336 0.5980
vn -0.3933 0.7063 0.5886
vn -0.5278 -0.5549 0.6431
vn -0.4030 0.7723 0.4911
vn -0.5862 -0.3821 0.7143
vn -0.5134 -0.3821 0.7684
vn -0.3531 0.8308 0.4303
vn -0.3092 0.8308 0.4628
vn -0.6072 -0.2899 0.7398
vn -0.0631 -0.9950 0.0769
vn -0.2436 0.9233 0.2968
vn -0.6313 -0.0979 0.7693
vn -0.1247 -0.9805 0.1519
vn -0.1850 0.9565 0.2255
vn -0.5556 -0.0000 0.8315
vn -0.1247 0.9805 0.1519
vn -0.6313 0.0979 0.7693
vn -0.1850 -0.9565 0.2255
vn -0.4492 -0.7723 0.4492
vn -0.6239 0.4708 0.6239
vn -0.5862 0.3821 0.7143
vn -0.4491 -0.7063 0.5472
vn -0.5883 0.5549 0.5883
vn -0.5470 -0.6336 0.5470
vn -0.5883 -0.5549 0.5883
vn -0.4491 0.7063 0.5472
vn -0.5470 0.6336 0.5470
vn -0.5597 -0.4708 0.6820
vn -0.4492 0.7723 0.4492
vn -0.6239 -0.4708 0.6239
vn -0.3936 0.8308 0.3936
vn -0.6767 -0.2899 0.6768
vn -0.2998 0.8813 0.3653
vn -0.6222 -0.1948 0.7582
vn -0.0704 -0.9950 0.0704
vn -0.2715 0.9233 0.2715
vn -0.7037 -0.0979 0.7037
vn -0.2063 0.9565 0.2063
vn -0.6344 -0.0000 0.7730
vn -0.1390 -0.9805 0.1390
vn -0.7037 0.0979 0.7037
vn -0.2715 -0.9233 0.2715
vn -0.0704 0.9950 0.0704
vn -0.6936 0.1948 0.6936
vn -0.6222 0.1948 0.7582
vn -0.2998 -0.8813 0.3653
vn -0.6767 0.2899 0.6768
vn -0.3936 -0.8308 0.3936
vn -0.5980 -0.6336 0.4908
vn -0.5005 -0.7063 0.5005
vn -0.5980 0.6336 0.4908
vn -0.5005 0.7063 0.5005
vn -0.6431 -0.5549 0.5278
vn -0.4911 0.7723 0.4030
vn -0.6534 -0.3821 0.6534
vn -0.6820 -0.4708 0.5597
vn -0.4303 0.8308 0.3531
vn -0.7398 -0.2899 0.6072
vn -0.3342 0.8813 0.3342
vn -0.6936 -0.1948 0.6936
vn -0.0769 -0.9950 0.0631
vn -0.2968 0.9233 0.2436
vn -0.7693 -0.0979 0.6313
vn -0.1519 -0.9805 0.1247
vn -0.2255 0.9565 0.1850
vn -0.7071 -0.0000 0.7071
vn -0.2063 -0.9565 0.2063
vn -0.1519 0.9805 0.1247
vn -0.1390 0.9805 0.1390
vn -0.7693 0.0979 0.6313
vn -0.2968 -0.9233 0.2436
vn -0.0769 0.9950 0.0631
vn -0.3653 -0.8813 0.2998
vn -0.3342 -0.8813 0.3342
vn -0.7398 0.2899 0.6072
vn -0.4303 -0.8308 0.3531
vn -0.6534 0.3821 0.6534
vn -0.6820 0.4708 0.5597
vn -0.4911 -0.7723 0.4030
vn -0.6431 0.5549 0.5278
vn -0.6917 -0.5549 0.4622
vn -0.5282 0.7723 0.3530
vn -0.5472 0.7063 0.4491
vn -0.7684 -0.3821 0.5134
vn -0.7143 -0.3821 0.5862
vn -0.7958 -0.2899 0.5317
vn -0.3653 0.8813 0.2998
vn -0.4628 0.8308 0.3092
vn -0.7582 -0.1948 0.6222
vn -0.0828 -0.9950 0.0553
vn -0.3193 0.9233 0.2133
vn -0.8275 -0.0979 0.5529
vn -0.1634 -0.9805 0.1092
vn -0.7730 -0.0000 0.6344
vn -0.2425 -0.9565 0.1621
vn -0.2255 -0.9565 0.1850
vn -0.1634 0.9805 0.1092
vn -0.8275 0.0979 0.5529
vn -0.3193 -0.9233 0.2133
vn -0.0828 0.9950 0.0553
vn -0.8155 0.1948 0.5449
vn -0.7582 0.1948 0.6222
vn -0.7958 0.2899 0.5317
vn -0.4628 -0.8308 0.3092
vn -0.7143 0.3821 0.5862
vn -0.5282 -0.7723 0.3530
vn -0.7684 0.3821 0.5134
vn -0.5472 -0.7063 0.4491
vn -0.6917 0.5549 0.4622
vn -0.6432 -0.6336 0.4298
vn -0.6432 0.6336 0.4298
vn -0.8441 -0.2899 0.4512
vn -0.3929 0.8813 0.2626
vn -0.4909 0.8308 0.2624
vn -0.8155 -0.1948 0.5449
vn -0.0878 -0.9950 0.0469
vn -0.3387 0.9233 0.1810
vn -0.8777 -0.0979 0.4691
vn -0.1734 -0.9805 0.0927
vn -0.2425 0.9565 0.1621
vn -0.8315 -0.0000 0.5556
vn -0.2572 0.9565 0.1375
vn -0.8777 0.0979 0.4691
vn -0.3387 -0.9233 0.1810
vn -0.0878 0.9950 0.0469
vn -0.8650 0.1948 0.4624
vn -0.4168 -0.8813 0.2228
vn -0.3929 -0.8813 0.2626
vn -0.8441 0.2899 0.4512
vn -0.4909 -0.8308 0.2624
vn -0.5603 -0.7723 0.2995
vn -0.7781 0.4708 0.4159
vn -0.7336 0.4708 0.4902
vn -0.5886 -0.7063 0.3933
vn -0.7337 0.5549 0.3922
vn -0.6823 -0.6336 0.3647
vn -0.6823 0.6336 0.3647
vn -0.7337 -0.5549 0.3922
vn -0.5886 0.7063 0.3933
vn -0.7336 -0.4708 0.4902
vn -0.5603 0.7723 0.2995
vn -0.7781 -0.4708 0.4159
vn -0.9062 -0.1948 0.3754
vn -0.8650 -0.1948 0.4624
vn -0.1816 -0.9805 0.0752
vn -0.2695 0.9565 0.1116
vn -0.9239 -0.0000 0.3827
vn -0.8819 -0.0000 0.4714
vn -0.2572 -0.9565 0.1375
vn -0.1816 0.9805 0.0752
vn -0.1734 0.9805 0.0927
vn -0.2695 -0.9565 0.1116
vn -0.0920 0.9950 0.0381
vn -0.9062 0.1948 0.3754
vn -0.4366 -0.8813 0.1809
vn -0.8842 0.2899 0.3663
vn -0.5143 -0.8308 0.2130
vn -0.8150 0.3821 0.4356
vn -0.8151 0.4708 0.3376
vn -0.6243 -0.7063 0.3337
vn -0.5869 -0.7723 0.2431
vn -0.7686 0.5549 0.3184
vn -0.7147 -0.6336 0.2961
vn -0.7686 -0.5549 0.3184
vn -0.6243 0.7063 0.3337
vn -0.7147 0.6336 0.2961
vn -0.5869 0.7723 0.2431
vn -0.8150 -0.3821 0.4356
vn -0.8151 -0.4708 0.3376
vn -0.5143 0.8308 0.2130
vn -0.8842 -0.2899 0.3663
vn -0.4168 0.8813 0.2228
vn -0.0920 -0.9950 0.0381
vn -0.3548 0.9233 0.1469
vn -0.9194 0.0979 0.3808
vn -0.9569 -0.0000 0.2903
vn -0.3675 -0.9233 0.1115
vn -0.3548 -0.9233 0.1469
vn -0.0952 0.9950 0.0289
vn -0.9386 0.1948 0.2847
vn -0.9159 0.2899 0.2778
vn -0.5327 -0.8308 0.1616
vn -0.8538 0.3821 0.3536
vn -0.6080 -0.7723 0.1844
vn -0.8843 0.3821 0.2683
vn -0.6540 -0.7063 0.2709
vn -0.7961 0.5549 0.2415
vn -0.7403 -0.6336 0.2246
vn -0.7403 0.6336 0.2246
vn -0.6540 0.7063 0.2709
vn -0.7961 -0.5549 0.2415
vn -0.6080 0.7723 0.1844
vn -0.8843 -0.3821 0.2683
vn -0.8538 -0.3821 0.3536
vn -0.9159 -0.2899 0.2778
vn -0.4522 0.8813 0.1372
vn -0.4366 0.8813 0.1809
vn -0.0952 -0.9950 0.0289
vn -0.3675 0.9233 0.1115
vn -0.9194 -0.0979 0.3808
vn -0.9386 -0.1948 0.2847
vn -0.1881 -0.9805 0.0571
vn -0.2791 0.9565 0.0847
vn -0.1881 0.9805 0.0571
vn -0.9387 0.2899 0.1867
vn -0.5459 -0.8308 0.1086
vn -0.4522 -0.8813 0.1372
vn -0.8653 0.4708 0.1721
vn -0.8443 0.4708 0.2561
vn -0.6774 -0.7063 0.2055
vn -0.6231 -0.7723 0.1239
vn -0.8160 0.5549 0.1623
vn -0.7588 -0.6336 0.1509
vn -0.7588 0.6336 0.1509
vn -0.8160 -0.5549 0.1623
vn -0.6774 0.7063 0.2055
vn -0.8443 -0.4708 0.2561
vn -0.6231 0.7723 0.1239
vn -0.9063 -0.3821 0.1803
vn -0.5327 0.8308 0.1616
vn -0.9387 -0.2899 0.1867
vn -0.4635 0.8813 0.0922
vn -0.0976 -0.9950 0.0194
vn -0.3766 0.9233 0.0749
vn -0.9523 -0.0979 0.2889
vn -0.9620 -0.1948 0.1914
vn -0.2861 0.9565 0.0569
vn -0.9808 -0.0000 0.1951
vn -0.2861 -0.9565 0.0569
vn -0.2791 -0.9565 0.0847
vn -0.1928 0.9805 0.0383
vn -0.9523 0.0979 0.2889
vn -0.0976 0.9950 0.0194
vn -0.9620 0.1948 0.1914
vn -0.4635 -0.8813 0.0922
vn -0.8780 0.4708 0.0865
vn -0.9063 0.3821 0.1803
vn -0.6943 -0.7063 0.1381
vn -0.6322 -0.7723 0.0623
vn -0.8279 0.5549 0.0815
vn -0.7699 -0.6336 0.0758
vn -0.8279 -0.5549 0.0815
vn -0.6943 0.7063 0.1381
vn -0.7699 0.6336 0.0758
vn -0.8653 -0.4708 0.1721
vn -0.6322 0.7723 0.0623
vn -0.8780 -0.4708 0.0865
vn -0.5539 0.8308 0.0546
vn -0.5459 0.8308 0.1086
vn -0.9525 -0.2899 0.0938
vn -0.4703 0.8813 0.0463
vn -0.0991 -0.9950 0.0098
vn -0.3821 0.9233 0.0376
vn -0.9761 -0.0979 0.1942
vn -0.9761 -0.1948 0.0961
vn -0.1956 -0.9805 0.0193
vn -0.1928 -0.9805 0.0383
vn -0.2903 0.9565 0.0286
vn -0.9952 -0.0000 0.0980
vn -0.2903 -0.9565 0.0286
vn -0.9761 0.0979 0.1942
vn -0.3766 -0.9233 0.0749
vn -0.1956 0.9805 0.0193
vn -0.9761 0.1948 0.0961
vn -0.4703 -0.8813 0.0463
vn -0.0991 0.9950 0.0098
vn -0.9525 0.2899 0.0938
vn -0.5539 -0.8308 0.0546
vn -0.8319 0.5549 -0.0000
vn -0.8319 -0.5549 -0.0000
vn -0.7045 0.7063 0.0694
vn -0.7736 0.6336 -0.0000
vn -0.6353 0.7723 -0.0000
vn -0.9241 -0.3821 -0.0000
vn -0.9197 -0.3821 0.0906
vn -0.5566 0.8308 -0.0000
vn -0.9571 -0.2899 -0.0000
vn -0.0995 -0.9950 -0.0000
vn -0.3840 0.9233 -0.0000
vn -0.9904 -0.0979 0.0975
vn -0.9808 -0.1948 -0.0000
vn -0.1966 -0.9805 -0.0000
vn -1.0000 -0.0000 -0.0000
vn -0.2917 -0.9565 -0.0000
vn -0.2917 0.9565 -0.0000
vn -0.9904 0.0979 0.0975
vn -0.3840 -0.9233 -0.0000
vn -0.3821 -0.9233 0.0376
vn -0.0995 0.9950 -0.0000
vn -0.9808 0.1948 -0.0000
vn -0.9571 0.2899 -0.0000
vn -0.5566 -0.8308 -0.0000
vn -0.9197 0.3821 0.0906
vn -0.6353 -0.7723 -0.0000
vn -0.8823 0.4708 -0.0000
vn -0.7045 -0.7063 0.0694
vn -0.7736 -0.6336 -0.0000
vn -0.6322 0.7723 -0.0623
vn -0.7079 0.7063 -0.0000
vn -0.8780 -0.4708 -0.0865
vn -0.8823 -0.4708 -0.0000
vn -0.9525 -0.2899 -0.0938
vn -0.4726 0.8813 -0.0000
vn -0.5539 0.8308 -0.0546
vn -0.0991 -0.9950 -0.0098
vn -0.3821 0.9233 -0.0376
vn -0.9952 -0.0979 -0.0000
vn -0.9761 -0.1948 -0.0961
vn -0.1956 -0.9805 -0.0193
vn -0.9952 -0.0000 -0.0980
vn -0.1956 0.9805 -0.0193
vn -0.1966 0.9805 -0.0000
vn -0.9952 0.0979 -0.0000
vn -0.3821 -0.9233 -0.0376
vn -0.0991 0.9950 -0.0098
vn -0.9761 0.1948 -0.0961
vn -0.4726 -0.8813 -0.0000
vn -0.9525 0.2899 -0.0938
vn -0.5539 -0.8308 -0.0546
vn -0.9241 0.3821 -0.0000
vn -0.6322 -0.7723 -0.0623
vn -0.8780 0.4708 -0.0865
vn -0.7079 -0.7063 -0.0000
vn -0.8279 0.5549 -0.0815
vn -0.7699 -0.6336 -0.0758
vn -0.8279 -0.5549 -0.0815
vn -0.7699 0.6336 -0.0758
vn -0.4703 0.8813 -0.0463
vn -0.5459 0.8308 -0.1086
vn -0.9387 -0.2899 -0.1867
vn -0.0976 -0.9950 -0.0194
vn -0.4635 0.8813 -0.0922
vn -0.9904 -0.0979 -0.0975
vn -0.9620 -0.1948 -0.1914
vn -0.1928 -0.9805 -0.0383
vn -0.2903 0.9565 -0.0286
vn -0.3766 0.9233 -0.0749
vn -0.9808 -0.0000 -0.1951
vn -0.2903 -0.9565 -0.0286
vn -0.1928 0.9805 -0.0383
vn -0.9904 0.0979 -0.0975
vn -0.3766 -0.9233 -0.0749
vn -0.0976 0.9950 -0.0194
vn -0.9620 0.1948 -0.1914
vn -0.4635 -0.8813 -0.0922
vn -0.4703 -0.8813 -0.0463
vn -0.9387 0.2899 -0.1867
vn -0.5459 -0.8308 -0.1086
vn -0.9197 0.3821 -0.0906
vn -0.6231 -0.7723 -0.1239
vn -0.8653 0.4708 -0.1721
vn -0.7045 -0.7063 -0.0694
vn -0.8160 0.5549 -0.1623
vn -0.7588 -0.6336 -0.1509
vn -0.8160 -0.5549 -0.1623
vn -0.7045 0.7063 -0.0694
vn -0.7588 0.6336 -0.1509
vn -0.6231 0.7723 -0.1239
vn -0.9063 -0.3821 -0.1803
vn -0.9197 -0.3821 -0.0906
vn -0.1881 -0.9805 -0.0571
vn -0.2861 0.9565 -0.0569
vn -0.3675 0.9233 -0.1115
vn -0.9569 -0.0000 -0.2903
vn -0.9761 -0.0979 -0.1942
vn -0.2791 -0.9565 -0.0847
vn -0.2861 -0.9565 -0.0569
vn -0.1881 0.9805 -0.0571
vn -0.9761 0.0979 -0.1942
vn -0.3675 -0.9233 -0.1115
vn -0.0952 0.9950 -0.0289
vn -0.9386 0.1948 -0.2847
vn -0.4522 -0.8813 -0.1372
vn -0.9159 0.2899 -0.2778
vn -0.5327 -0.8308 -0.1616
vn -0.9063 0.3821 -0.1803
vn -0.8843 0.3821 -0.2683
vn -0.6943 -0.7063 -0.1381
vn -0.6080 -0.7723 -0.1844
vn -0.7961 0.5549 -0.2415
vn -0.7403 -0.6336 -0.2246
vn -0.7403 0.6336 -0.2246
vn -0.7961 -0.5549 -0.2415
vn -0.6943 0.7063 -0.1381
vn -0.8653 -0.4708 -0.1721
vn -0.6080 0.7723 -0.1844
vn -0.8843 -0.3821 -0.2683
vn -0.5327 0.8308 -0.1616
vn -0.9159 -0.2899 -0.2778
vn -0.4522 0.8813 -0.1372
vn -0.0953 -0.9950 -0.0289
vn -0.9386 -0.1948 -0.2847
vn -0.3548 -0.9233 -0.1469
vn -0.0920 0.9950 -0.0381
vn -0.9062 0.1948 -0.3754
vn -0.9523 0.0979 -0.2889
vn -0.8842 0.2899 -0.3663
vn -0.5143 -0.8308 -0.2130
vn -0.8443 0.4708 -0.2561
vn -0.8538 0.3821 -0.3536
vn -0.6774 -0.7063 -0.2055
vn -0.5869 -0.7723 -0.2431
vn -0.7686 0.5549 -0.3184
vn -0.7147 -0.6336 -0.2961
vn -0.7686 -0.5549 -0.3184
vn -0.6774 0.7063 -0.2055
vn -0.7147 0.6336 -0.2961
vn -0.8443 -0.4708 -0.2561
vn -0.5869 0.7723 -0.2431
vn -0.8538 -0.3821 -0.3536
vn -0.5143 0.8308 -0.2130
vn -0.8842 -0.2899 -0.3663
vn -0.0920 -0.9950 -0.0381
vn -0.3548 0.9233 -0.1469
vn -0.9523 -0.0979 -0.2889
vn -0.9062 -0.1948 -0.3754
vn -0.1816 -0.9805 -0.0752
vn -0.2791 0.9565 -0.0847
vn -0.9239 -0.0000 -0.3827
vn -0.2695 -0.9565 -0.1116
vn -0.1816 0.9805 -0.0752
vn -0.4909 -0.8308 -0.2624
vn -0.4366 -0.8813 -0.1809
vn -0.8441 0.2899 -0.4512
vn -0.8151 0.4708 -0.3376
vn -0.8150 0.3821 -0.4356
vn -0.6540 -0.7063 -0.2709
vn -0.5603 -0.7723 -0.2995
vn -0.7337 0.5549 -0.3922
vn -0.6823 -0.6336 -0.3647
vn -0.6823 0.6336 -0.3647
vn -0.7337 -0.5549 -0.3922
vn -0.6540 0.7063 -0.2709
vn -0.8151 -0.4708 -0.3376
vn -0.5603 0.7723 -0.2995
vn -0.8150 -0.3821 -0.4356
vn -0.4909 0.8308 -0.2624
vn -0.8441 -0.2899 -0.4512
vn -0.4366 0.8813 -0.1809
vn -0.8650 -0.1948 -0.4624
vn -0.0878 -0.9950 -0.0469
vn -0.3386 0.9233 -0.1810
vn -0.9194 -0.0979 -0.3808
vn -0.1734 -0.9805 -0.0927
vn -0.2695 0.9565 -0.1116
vn -0.8819 -0.0000 -0.4714
vn -0.2572 -0.9565 -0.1375
vn -0.1734 0.9805 -0.0927
vn -0.9194 0.0979 -0.3808
vn -0.3386 -0.9233 -0.1810
vn -0.8650 0.1948 -0.4624
vn -0.0878 0.9950 -0.0469
vn -0.6243 -0.7063 -0.3337
vn -0.5282 -0.7723 -0.3530
vn -0.6917 0.5549 -0.4622
vn -0.7781 0.4708 -0.4159
vn -0.6432 -0.6336 -0.4298
vn -0.6432 0.6336 -0.4298
vn -0.6243 0.7063 -0.3337
vn -0.7781 -0.4708 -0.4159
vn -0.6917 -0.5549 -0.4622
vn -0.5282 0.7723 -0.3530
vn -0.7684 -0.3821 -0.5134
vn -0.4628 0.8308 -0.3092
vn -0.7958 -0.2899 -0.5317
vn -0.4168 0.8813 -0.2228
vn -0.0828 -0.9950 -0.0553
vn -0.3929 0.8813 -0.2626
vn -0.8777 -0.0979 -0.4691
vn -0.8155 -0.1948 -0.5449
vn -0.1634 -0.9805 -0.1092
vn -0.2425 0.9565 -0.1621
vn -0.2572 0.9565 -0.1375
vn -0.8315 -0.0000 -0.5556
vn -0.1634 0.9805 -0.1092
vn -0.8777 0.0979 -0.4691
vn -0.3193 -0.9233 -0.2133
vn -0.8155 0.1948 -0.5449
vn -0.3929 -0.8813 -0.2626
vn -0.4168 -0.8813 -0.2228
vn -0.0828 0.9950 -0.0553
vn -0.7958 0.2899 -0.5317
vn -0.4628 -0.8308 -0.3092
vn -0.7684 0.3821 -0.5134
vn -0.6431 -0.5549 -0.5278
vn -0.5886 0.7063 -0.3933
vn -0.5980 0.6336 -0.4908
vn -0.7336 -0.4708 -0.4902
vn -0.4911 0.7723 -0.4030
vn -0.6820 -0.4708 -0.5597
vn -0.4303 0.8308 -0.3531
vn -0.7398 -0.2899 -0.6072
vn -0.0769 -0.9950 -0.0631
vn -0.2968 0.9233 -0.2436
vn -0.3193 0.9233 -0.2133
vn -0.8275 -0.0979 -0.5529
vn -0.7582 -0.1948 -0.6222
vn -0.1519 -0.9805 -0.1247
vn -0.7730 -0.0000 -0.6344
vn -0.2425 -0.9565 -0.1621
vn -0.1519 0.9805 -0.1247
vn -0.7693 0.0979 -0.6313
vn -0.8275 0.0979 -0.5529
vn -0.2968 -0.9233 -0.2436
vn -0.7582 0.1948 -0.6222
vn -0.3653 -0.8813 -0.2998
vn -0.0769 0.9950 -0.0631
vn -0.7398 0.2899 -0.6072
vn -0.4303 -0.8308 -0.3531
vn -0.6820 0.4708 -0.5597
vn -0.7336 0.4708 -0.4902
vn -0.5886 -0.7063 -0.3933
vn -0.4911 -0.7723 -0.4030
vn -0.6431 0.5549 -0.5278
vn -0.5980 -0.6336 -0.4908
vn -0.7143 -0.3821 -0.5862
vn -0.6239 -0.4708 -0.6239
vn -0.3936 0.8308 -0.3936
vn -0.6768 -0.2899 -0.6767
vn -0.3653 0.8813 -0.2998
vn -0.6936 -0.1948 -0.6936
vn -0.0704 -0.9950 -0.0704
vn -0.2715 0.9233 -0.2715
vn -0.7693 -0.0979 -0.6313
vn -0.1390 -0.9805 -0.1390
vn -0.2063 0.9565 -0.2063
vn -0.2255 0.9565 -0.1850
vn -0.7037 -0.0979 -0.7037
vn -0.2063 -0.9565 -0.2063
vn -0.2255 -0.9565 -0.1850
vn -0.1390 0.9805 -0.1390
vn -0.7037 0.0979 -0.7037
vn -0.2715 -0.9233 -0.2715
vn -0.6936 0.1948 -0.6936
vn -0.3342 -0.8813 -0.3342
vn -0.0704 0.9950 -0.0704
vn -0.3936 -0.8308 -0.3936
vn -0.7143 0.3821 -0.5862
vn -0.6768 0.2899 -0.6767
vn -0.6239 0.4708 -0.6239
vn -0.5472 -0.7063 -0.4491
vn -0.4492 -0.7723 -0.4492
vn -0.5883 0.5549 -0.5883
vn -0.5470 -0.6336 -0.5470
vn -0.5470 0.6336 -0.5470
vn -0.5472 0.7063 -0.4491
vn -0.5883 -0.5549 -0.5883
vn -0.4492 0.7723 -0.4492
vn -0.6222 -0.1948 -0.7582
vn -0.0631 -0.9950 -0.0769
vn -0.2436 0.9233 -0.2968
vn -0.3342 0.8813 -0.3342
vn -0.1247 -0.9805 -0.1519
vn -0.7071 -0.0000 -0.7071
vn -0.6313 -0.0979 -0.7693
vn -0.1850 -0.9565 -0.2255
vn -0.1247 0.9805 -0.1519
vn -0.6313 0.0979 -0.7693
vn -0.2436 -0.9233 -0.2968
vn -0.0631 0.9950 -0.0769
vn -0.6222 0.1948 -0.7582
vn -0.2998 -0.8813 -0.3653
vn -0.3531 -0.8308 -0.4303
vn -0.6534 0.3821 -0.6534
vn -0.6072 0.2899 -0.7398
vn -0.5597 0.4708 -0.6820
vn -0.5005 -0.7063 -0.5005
vn -0.4030 -0.7723 -0.4911
vn -0.5278 0.5549 -0.6431
vn -0.4908 -0.6336 -0.5980
vn -0.4908 0.6336 -0.5980
vn -0.5005 0.7063 -0.5005
vn -0.5278 -0.5549 -0.6431
vn -0.4030 0.7723 -0.4911
vn -0.6534 -0.3821 -0.6534
vn -0.5597 -0.4708 -0.6820
vn -0.3531 0.8308 -0.4303
vn -0.6072 -0.2899 -0.7398
vn -0.6344 -0.0000 -0.7730
vn -0.5529 -0.0979 -0.8275
vn -0.1092 -0.9805 -0.1634
vn -0.1092 0.9805 -0.1634
vn -0.1850 0.9565 -0.2255
vn -0.5529 0.0979 -0.8275
vn -0.1621 -0.9565 -0.2425
vn -0.5449 0.1948 -0.8155
vn -0.2626 -0.8813 -0.3929
vn -0.0553 0.9950 -0.0828
vn -0.5317 0.2899 -0.7958
vn -0.3092 -0.8308 -0.4628
vn -0.5862 0.3821 -0.7143
vn -0.3530 -0.7723 -0.5282
vn -0.4902 0.4708 -0.7336
vn -0.4491 -0.7063 -0.5472
vn -0.4622 0.5549 -0.6917
vn -0.4298 -0.6336 -0.6432
vn -0.4298 0.6336 -0.6432
vn -0.4622 -0.5549 -0.6917
vn -0.4491 0.7063 -0.5472
vn -0.3530 0.7723 -0.5282
vn -0.5862 -0.3821 -0.7143
vn -0.4902 -0.4708 -0.7336
vn -0.3092 0.8308 -0.4628
vn -0.5317 -0.2899 -0.7958
vn -0.2998 0.8813 -0.3653
vn -0.5449 -0.1948 -0.8155
vn -0.0553 -0.9950 -0.0828
vn -0.2626 0.8813 -0.3929
vn -0.1621 0.9565 -0.2425
vn -0.5134 -0.3821 -0.7684
vn -0.4159 -0.4708 -0.7781
vn -0.2624 0.8308 -0.4909
vn -0.4512 -0.2899 -0.8441
vn -0.4624 -0.1948 -0.8650
vn -0.0469 -0.9950 -0.0878
vn -0.1810 0.9233 -0.3386
vn -0.2133 0.9233 -0.3193
vn -0.0927 -0.9805 -0.1734
vn -0.1375 0.9565 -0.2572
vn -0.5556 -0.0000 -0.8315
vn -0.4691 -0.0979 -0.8777
vn -0.1375 -0.9565 -0.2572
vn -0.0927 0.9805 -0.1734
vn -0.4691 0.0979 -0.8777
vn -0.1810 -0.9233 -0.3387
vn -0.2133 -0.9233 -0.3193
vn -0.4624 0.1948 -0.8650
vn -0.2228 -0.8813 -0.4168
vn -0.0469 0.9950 -0.0878
vn -0.2624 -0.8308 -0.4909
vn -0.5134 0.3821 -0.7684
vn -0.4512 0.2899 -0.8441
vn -0.4159 0.4708 -0.7781
vn -0.3933 -0.7063 -0.5886
vn -0.2995 -0.7723 -0.5603
vn -0.3922 0.5549 -0.7337
vn -0.3647 -0.6336 -0.6823
vn -0.3922 -0.5549 -0.7337
vn -0.3933 0.7063 -0.5886
vn -0.3647 0.6336 -0.6823
vn -0.2995 0.7723 -0.5603
vn -0.3754 -0.1948 -0.9062
vn -0.0381 -0.9950 -0.0920
vn -0.1469 0.9233 -0.3548
vn -0.2228 0.8813 -0.4168
vn -0.0752 -0.9805 -0.1816
vn -0.1116 0.9565 -0.2695
vn -0.3827 -0.0000 -0.9239
vn -0.4714 -0.0000 -0.8819
vn -0.0752 0.9805 -0.1816
vn -0.3808 0.0979 -0.9194
vn -0.1116 -0.9565 -0.2695
vn -0.3754 0.1948 -0.9062
vn -0.1809 -0.8813 -0.4366
vn -0.0381 0.9950 -0.0920
vn -0.2130 -0.8308 -0.5143
vn -0.4356 0.3821 -0.8150
vn -0.3663 0.2899 -0.8842
vn -0.2431 -0.7723 -0.5869
vn -0.3376 0.4708 -0.8151
vn -0.3337 -0.7063 -0.6243
vn -0.3184 0.5549 -0.7686
vn -0.2961 -0.6336 -0.7147
vn -0.2961 0.6336 -0.7147
vn -0.3184 -0.5549 -0.7686
vn -0.3337 0.7063 -0.6243
vn -0.2431 0.7723 -0.5869
vn -0.4356 -0.3821 -0.8150
vn -0.3376 -0.4708 -0.8151
vn -0.2130 0.8308 -0.5143
vn -0.3663 -0.2899 -0.8842
vn -0.2889 -0.0979 -0.9523
vn -0.3808 -0.0979 -0.9194
vn -0.0571 -0.9805 -0.1881
vn -0.0571 0.9805 -0.1881
vn -0.2889 0.0979 -0.9523
vn -0.1115 -0.9233 -0.3675
vn -0.1469 -0.9233 -0.3548
vn -0.0289 0.9950 -0.0952
vn -0.2847 0.1948 -0.9386
vn -0.1372 -0.8813 -0.4522
vn -0.1616 -0.8308 -0.5327
vn -0.3536 0.3821 -0.8538
vn -0.2778 0.2899 -0.9159
vn -0.1844 -0.7723 -0.6080
vn -0.2561 0.4708 -0.8443
vn -0.2709 -0.7063 -0.6540
vn -0.2415 0.5549 -0.7961
vn -0.2246 -0.6336 -0.7403
vn -0.2415 -0.5549 -0.7961
vn -0.2709 0.7063 -0.6540
vn -0.2246 0.6336 -0.7403
vn -0.1844 0.7723 -0.6080
vn -0.3536 -0.3821 -0.8538
vn -0.2561 -0.4708 -0.8443
vn -0.2778 -0.2899 -0.9159
vn -0.1809 0.8813 -0.4366
vn -0.1616 0.8308 -0.5327
vn -0.2847 -0.1948 -0.9386
vn -0.0289 -0.9950 -0.0952
vn -0.1115 0.9233 -0.3675
vn -0.1914 0.1948 -0.9620
vn -0.0922 -0.8813 -0.4635
vn -0.0194 0.9950 -0.0976
vn -0.1086 -0.8308 -0.5459
vn -0.2683 0.3821 -0.8843
vn -0.1867 0.2899 -0.9387
vn -0.1239 -0.7723 -0.6231
vn -0.1721 0.4708 -0.8653
vn -0.2055 -0.7063 -0.6774
vn -0.1623 0.5549 -0.8160
vn -0.1509 -0.6336 -0.7588
vn -0.1623 -0.5549 -0.8160
vn -0.2055 0.7063 -0.6774
vn -0.1509 0.6336 -0.7588
vn -0.1239 0.7723 -0.6231
vn -0.1803 -0.3821 -0.9063
vn -0.2683 -0.3821 -0.8843
vn -0.1086 0.8308 -0.5459
vn -0.1867 -0.2899 -0.9387
vn -0.1372 0.8813 -0.4522
vn -0.1914 -0.1948 -0.9620
vn -0.0194 -0.9950 -0.0976
vn -0.0749 0.9233 -0.3766
vn -0.0383 -0.9805 -0.1928
vn -0.0569 0.9565 -0.2861
vn -0.0847 0.9565 -0.2791
vn -0.2903 -0.0000 -0.9569
vn -0.1942 -0.0979 -0.9761
vn -0.0847 -0.9565 -0.2791
vn -0.0383 0.9805 -0.1928
vn -0.1942 0.0979 -0.9761
vn -0.0749 -0.9233 -0.3766
vn -0.1803 0.3821 -0.9063
vn -0.0938 0.2899 -0.9525
vn -0.0623 -0.7723 -0.6322
vn -0.0906 0.3821 -0.9197
vn -0.1381 -0.7063 -0.6943
vn -0.0815 0.5549 -0.8279
vn -0.0758 -0.6336 -0.7699
vn -0.0815 -0.5549 -0.8279
vn -0.1381 0.7063 -0.6943
vn -0.0758 0.6336 -0.7699
vn -0.1721 -0.4708 -0.8653
vn -0.0623 0.7723 -0.6322
vn -0.0906 -0.3821 -0.9197
vn -0.0546 0.8308 -0.5539
vn -0.0938 -0.2899 -0.9525
vn -0.0922 0.8813 -0.4635
vn -0.0961 -0.1948 -0.9761
vn -0.0098 -0.9950 -0.0991
vn -0.0376 0.9233 -0.3821
vn -0.0193 -0.9805 -0.1956
vn -0.0286 0.9565 -0.2903
vn -0.1951 -0.0000 -0.9808
vn -0.0975 -0.0979 -0.9904
vn -0.0286 -0.9565 -0.2903
vn -0.0569 -0.9565 -0.2861
vn -0.0193 0.9805 -0.1956
vn -0.0975 0.0979 -0.9904
vn -0.0961 0.1948 -0.9761
vn -0.0463 -0.8813 -0.4703
vn -0.0098 0.9950 -0.0991
vn -0.0546 -0.8308 -0.5539
vn -0.0000 0.5549 -0.8319
vn -0.0865 0.4708 -0.8780
vn -0.0000 -0.6336 -0.7736
vn -0.0694 -0.7063 -0.7045
vn -0.0000 -0.5549 -0.8319
vn -0.0694 0.7063 -0.7045
vn -0.0000 0.6336 -0.7736
vn -0.0865 -0.4708 -0.8780
vn -0.0000 0.7723 -0.6353
vn -0.0000 -0.3821 -0.9241
vn -0.0000 0.8308 -0.5566
vn -0.0000 -0.2899 -0.9571
vn -0.0463 0.8813 -0.4703
vn -0.0000 -0.1948 -0.9808
vn -0.0000 -0.9950 -0.0995
vn -0.0000 0.9233 -0.3840
vn -0.0980 -0.0000 -0.9952
vn -0.0000 -0.0979 -0.9952
vn -0.0000 -0.9565 -0.2917
vn -0.0000 0.9805 -0.1966
vn -0.0000 0.0979 -0.9952
vn -0.0000 -0.9233 -0.3840
vn -0.0376 -0.9233 -0.3821
vn -0.0000 0.9950 -0.0995
vn -0.0000 0.1948 -0.9808
vn -0.0000 -0.8308 -0.5566
vn -0.0000 0.2899 -0.9571
vn -0.0000 -0.7723 -0.6353
vn -0.0000 0.4708 -0.8823
vn -0.0000 0.7063 -0.7079
vn 0.0758 0.6336 -0.7699
vn -0.0000 -0.4708 -0.8823
vn 0.0815 -0.5549 -0.8279
vn 0.0623 0.7723 -0.6322
vn 0.0865 -0.4708 -0.8780
vn 0.0906 -0.3821 -0.9197
vn -0.0000 0.8813 -0.4726
vn 0.0546 0.8308 -0.5539
vn 0.0961 -0.1948 -0.9761
vn 0.0098 -0.9950 -0.0991
vn 0.0376 0.9233 -0.3821
vn 0.0193 -0.9805 -0.1956
vn -0.0000 -0.9805 -0.1966
vn -0.0000 0.9565 -0.2917
vn -0.0000 -0.0000 -1.0000
vn 0.0975 -0.0979 -0.9904
vn 0.0193 0.9805 -0.1956
vn 0.0975 0.0979 -0.9904
vn 0.0376 -0.9233 -0.3821
vn 0.0098 0.9950 -0.0991
vn 0.0961 0.1948 -0.9761
vn -0.0000 -0.8813 -0.4726
vn 0.0546 -0.8308 -0.5539
vn 0.0906 0.3821 -0.9197
vn -0.0000 0.3821 -0.9241
vn 0.0623 -0.7723 -0.6322
vn 0.0865 0.4708 -0.8780
vn -0.0000 -0.7063 -0.7079
vn 0.0815 0.5549 -0.8279
vn 0.0758 -0.6336 -0.7699
vn 0.1086 0.8308 -0.5459
vn 0.1867 -0.2899 -0.9387
vn 0.0938 -0.2899 -0.9525
vn 0.0463 0.8813 -0.4703
vn 0.1914 -0.1948 -0.9620
vn 0.0194 -0.9950 -0.0976
vn 0.0749 0.9233 -0.3766
vn 0.0286 0.9565 -0.2903
vn 0.0980 -0.0000 -0.9952
vn 0.1942 -0.0979 -0.9761
vn 0.0286 -0.9565 -0.2903
vn 0.0383 -0.9805 -0.1928
vn 0.0383 0.9805 -0.1928
vn 0.1942 0.0979 -0.9761
vn 0.0749 -0.9233 -0.3766
vn 0.0194 0.9950 -0.0976
vn 0.1914 0.1948 -0.9620
vn 0.0922 -0.8813 -0.4635
vn 0.0463 -0.8813 -0.4703
vn 0.0938 0.2899 -0.9525
vn 0.1086 -0.8308 -0.5459
vn 0.1867 0.2899 -0.9387
vn 0.1721 0.4708 -0.8653
vn 0.0694 -0.7063 -0.7045
vn 0.1239 -0.7723 -0.6231
vn 0.1623 0.5549 -0.8160
vn 0.1509 -0.6336 -0.7588
vn 0.1509 0.6336 -0.7588
vn 0.0694 0.7063 -0.7045
vn 0.1623 -0.5549 -0.8160
vn 0.1239 0.7723 -0.6231
vn 0.1721 -0.4708 -0.8653
vn 0.0289 -0.9950 -0.0952
vn 0.1372 0.8813 -0.4522
vn 0.0922 0.8813 -0.4635
vn 0.2847 -0.1948 -0.9386
vn 0.0571 -0.9805 -0.1881
vn 0.0569 0.9565 -0.2861
vn 0.1115 0.9233 -0.3675
vn 0.1951 -0.0000 -0.9808
vn 0.2889 -0.0979 -0.9523
vn 0.0847 -0.9565 -0.2791
vn 0.0569 -0.9565 -0.2861
vn 0.0571 0.9805 -0.1881
vn 0.2889 0.0979 -0.9523
vn 0.1115 -0.9233 -0.3675
vn 0.2847 0.1948 -0.9386
vn 0.1372 -0.8813 -0.4522
vn 0.0289 0.9950 -0.0952
vn 0.1616 -0.8308 -0.5327
vn 0.2683 0.3821 -0.8843
vn 0.1803 0.3821 -0.9063
vn 0.1844 -0.7723 -0.6080
vn 0.2561 0.4708 -0.8443
vn 0.1381 -0.7063 -0.6943
vn 0.2415 0.5549 -0.7961
vn 0.2246 -0.6336 -0.7403
vn 0.2415 -0.5549 -0.7961
vn 0.1381 0.7063 -0.6943
vn 0.2246 0.6336 -0.7403
vn 0.1844 0.7723 -0.6080
vn 0.1803 -0.3821 -0.9063
vn 0.2561 -0.4708 -0.8443
vn 0.1616 0.8308 -0.5327
vn 0.2683 -0.3821 -0.8843
vn 0.1116 -0.9565 -0.2695
vn 0.0752 0.9805 -0.1816
vn 0.0847 0.9565 -0.2791
vn 0.3808 0.0979 -0.9194
vn 0.2903 -0.0000 -0.9569
vn 0.1469 -0.9233 -0.3548
vn 0.0381 0.9950 -0.0920
vn 0.3754 0.1948 -0.9062
vn 0.1809 -0.8813 -0.4366
vn 0.2778 0.2899 -0.9159
vn 0.2130 -0.8308 -0.5143
vn 0.3536 0.3821 -0.8538
vn 0.2055 -0.7063 -0.6774
vn 0.2431 -0.7723 -0.5869
vn 0.3184 0.5549 -0.7686
vn 0.2961 -0.6336 -0.7147
vn 0.2961 0.6336 -0.7147
vn 0.3184 -0.5549 -0.7686
vn 0.2055 0.7063 -0.6774
vn 0.2431 0.7723 -0.5869
vn 0.3536 -0.3821 -0.8538
vn 0.2778 -0.2899 -0.9159
vn 0.2130 0.8308 -0.5143
vn 0.3754 -0.1948 -0.9062
vn 0.0381 -0.9950 -0.0920
vn 0.1469 0.9233 -0.3548
vn 0.1116 0.9565 -0.2695
vn 0.3808 -0.0979 -0.9194
vn 0.1810 -0.9233 -0.3386
vn 0.0469 0.9950 -0.0878
vn 0.3663 0.2899 -0.8842
vn 0.4624 0.1948 -0.8650
vn 0.2624 -0.8308 -0.4909
vn 0.4356 0.3821 -0.8150
vn 0.4159 0.4708 -0.7781
vn 0.3376 0.4708 -0.8151
vn 0.2709 -0.7063 -0.6540
vn 0.2995 -0.7723 -0.5603
vn 0.3922 0.5549 -0.7337
vn 0.3647 -0.6336 -0.6823
vn 0.3922 -0.5549 -0.7337
vn 0.2709 0.7063 -0.6540
vn 0.3647 0.6336 -0.6823
vn 0.3376 -0.4708 -0.8151
vn 0.2995 0.7723 -0.5603
vn 0.4356 -0.3821 -0.8150
vn 0.2624 0.8308 -0.4909
vn 0.3663 -0.2899 -0.8842
vn 0.1808 0.8813 -0.4366
vn 0.4624 -0.1948 -0.8650
vn 0.0469 -0.9950 -0.0878
vn 0.1810 0.9233 -0.3387
vn 0.0927 -0.9805 -0.1734
vn 0.0752 -0.9805 -0.1816
vn 0.3827 -0.0000 -0.9239
vn 0.4691 -0.0979 -0.8777
vn 0.1375 -0.9565 -0.2572
vn 0.0927 0.9805 -0.1734
vn 0.4691 0.0979 -0.8777
vn 0.3092 -0.8308 -0.4628
vn 0.5134 0.3821 -0.7684
vn 0.3337 -0.7063 -0.6243
vn 0.3530 -0.7723 -0.5282
vn 0.4622 0.5549 -0.6917
vn 0.4298 -0.6336 -0.6432
vn 0.4298 0.6336 -0.6432
vn 0.3337 0.7063 -0.6243
vn 0.4159 -0.4708 -0.7781
vn 0.4622 -0.5549 -0.6917
vn 0.3530 0.7723 -0.5282
vn 0.5134 -0.3821 -0.7684
vn 0.3092 0.8308 -0.4628
vn 0.4512 -0.2899 -0.8441
vn 0.2228 0.8813 -0.4168
vn 0.5449 -0.1948 -0.8155
vn 0.0553 -0.9950 -0.0828
vn 0.2133 0.9233 -0.3193
vn 0.1092 -0.9805 -0.1634
vn 0.1621 0.9565 -0.2425
vn 0.1375 0.9565 -0.2572
vn 0.4714 -0.0000 -0.8819
vn 0.5529 -0.0979 -0.8275
vn 0.1621 -0.9565 -0.2425
vn 0.1092 0.9805 -0.1634
vn 0.5529 0.0979 -0.8275
vn 0.2133 -0.9233 -0.3193
vn 0.0553 0.9950 -0.0828
vn 0.5449 0.1948 -0.8155
vn 0.2626 -0.8813 -0.3929
vn 0.2228 -0.8813 -0.4168
vn 0.4512 0.2899 -0.8441
vn 0.4908 -0.6336 -0.5980
vn 0.3933 -0.7063 -0.5886
vn 0.4908 0.6336 -0.5980
vn 0.5278 -0.5549 -0.6431
vn 0.3933 0.7063 -0.5886
vn 0.4902 -0.4708 -0.7336
vn 0.4030 0.7723 -0.4911
vn 0.5597 -0.4708 -0.6820
vn 0.5317 -0.2899 -0.7958
vn 0.5862 -0.3821 -0.7143
vn 0.2626 0.8813 -0.3929
vn 0.3531 0.8308 -0.4303
vn 0.6222 -0.1948 -0.7582
vn 0.0631 -0.9950 -0.0769
vn 0.2436 0.9233 -0.2968
vn 0.1247 -0.9805 -0.1519
vn 0.5556 -0.0000 -0.8315
vn 0.6313 -0.0979 -0.7693
vn 0.1247 0.9805 -0.1519
vn 0.6313 0.0979 -0.7693
vn 0.2436 -0.9233 -0.2968
vn 0.6222 0.1948 -0.7582
vn 0.2998 -0.8813 -0.3653
vn 0.0631 0.9950 -0.0769
vn 0.5317 0.2899 -0.7958
vn 0.3531 -0.8308 -0.4303
vn 0.5862 0.3821 -0.7143
vn 0.4030 -0.7723 -0.4911
vn 0.5597 0.4708 -0.6820
vn 0.4902 0.4708 -0.7336
vn 0.5278 0.5549 -0.6431
vn 0.5883 -0.5549 -0.5883
vn 0.4492 0.7723 -0.4492
vn 0.4491 0.7063 -0.5472
vn 0.6239 -0.4708 -0.6239
vn 0.3936 0.8308 -0.3936
vn 0.6072 -0.2899 -0.7398
vn 0.6534 -0.3821 -0.6534
vn 0.2998 0.8813 -0.3653
vn 0.6936 -0.1948 -0.6936
vn 0.0704 -0.9950 -0.0704
vn 0.3342 0.8813 -0.3342
vn 0.1390 -0.9805 -0.1390
vn 0.1850 0.9565 -0.2255
vn 0.2715 0.9233 -0.2715
vn 0.6344 -0.0000 -0.7730
vn 0.7037 -0.0979 -0.7037
vn 0.1850 -0.9565 -0.2255
vn 0.1390 0.9805 -0.1390
vn 0.7037 0.0979 -0.7037
vn 0.2715 -0.9233 -0.2715
vn 0.6936 0.1948 -0.6936
vn 0.3342 -0.8813 -0.3342
vn 0.0704 0.9950 -0.0704
vn 0.6072 0.2899 -0.7398
vn 0.3936 -0.8308 -0.3936
vn 0.6534 0.3821 -0.6534
vn 0.4492 -0.7723 -0.4492
vn 0.6239 0.4708 -0.6239
vn 0.4491 -0.7063 -0.5472
vn 0.5883 0.5549 -0.5883
vn 0.5470 -0.6336 -0.5470
vn 0.5470 0.6336 -0.5470
vn 0.7398 -0.2899 -0.6072
vn 0.6768 -0.2899 -0.6767
vn 0.4303 0.8308 -0.3531
vn 0.7582 -0.1948 -0.6222
vn 0.0769 -0.9950 -0.0631
vn 0.2968 0.9233 -0.2436
vn 0.1519 -0.9805 -0.1247
vn 0.2063 0.9565 -0.2063
vn 0.7071 -0.0000 -0.7071
vn 0.7693 -0.0979 -0.6313
vn 0.2063 -0.9565 -0.2063
vn 0.1519 0.9805 -0.1247
vn 0.7693 0.0979 -0.6313
vn 0.2968 -0.9233 -0.2436
vn 0.7582 0.1948 -0.6222
vn 0.3653 -0.8813 -0.2998
vn 0.0769 0.9950 -0.0631
vn 0.6768 0.2899 -0.6767
vn 0.4303 -0.8308 -0.3531
vn 0.7398 0.2899 -0.6072
vn 0.4911 -0.7723 -0.4030
vn 0.6820 0.4708 -0.5597
vn 0.5005 -0.7063 -0.5005
vn 0.6431 0.5549 -0.5278
vn 0.5980 -0.6336 -0.4908
vn 0.5980 0.6336 -0.4908
vn 0.5005 0.7063 -0.5005
vn 0.6431 -0.5549 -0.5278
vn 0.4911 0.7723 -0.4030
vn 0.6820 -0.4708 -0.5597
vn 0.8155 -0.1948 -0.5449
vn 0.1634 -0.9805 -0.1092
vn 0.2425 0.9565 -0.1621
vn 0.2255 0.9565 -0.1850
vn 0.7730 -0.0000 -0.6344
vn 0.8275 -0.0979 -0.5529
vn 0.2255 -0.9565 -0.1850
vn 0.1634 0.9805 -0.1092
vn 0.8275 0.0979 -0.5529
vn 0.3193 -0.9233 -0.2133
vn 0.8155 0.1948 -0.5449
vn 0.3929 -0.8813 -0.2626
vn 0.0828 0.9950 -0.0553
vn 0.4628 -0.8308 -0.3092
vn 0.7684 0.3821 -0.5134
vn 0.7143 0.3821 -0.5862
vn 0.5282 -0.7723 -0.3530
vn 0.7336 0.4708 -0.4902
vn 0.5472 -0.7063 -0.4491
vn 0.6917 0.5549 -0.4622
vn 0.6432 -0.6336 -0.4298
vn 0.6432 0.6336 -0.4298
vn 0.6917 -0.5549 -0.4622
vn 0.5472 0.7063 -0.4491
vn 0.5282 0.7723 -0.3530
vn 0.7143 -0.3821 -0.5862
vn 0.7336 -0.4708 -0.4902
vn 0.7684 -0.3821 -0.5134
vn 0.3653 0.8813 -0.2998
vn 0.4628 0.8308 -0.3092
vn 0.0828 -0.9950 -0.0553
vn 0.3193 0.9233 -0.2133
vn 0.8777 0.0979 -0.4691
vn 0.8315 -0.0000 -0.5556
vn 0.3386 -0.9233 -0.1810
vn 0.2425 -0.9565 -0.1621
vn 0.1734 0.9805 -0.0927
vn 0.8650 0.1948 -0.4624
vn 0.4168 -0.8813 -0.2228
vn 0.0878 0.9950 -0.0469
vn 0.7958 0.2899 -0.5317
vn 0.4909 -0.8308 -0.2624
vn 0.8441 0.2899 -0.4512
vn 0.5603 -0.7723 -0.2995
vn 0.7781 0.4708 -0.4159
vn 0.5886 -0.7063 -0.3933
vn 0.7337 0.5549 -0.3922
vn 0.6823 -0.6336 -0.3647
vn 0.6823 0.6336 -0.3647
vn 0.5886 0.7063 -0.3933
vn 0.7337 -0.5549 -0.3922
vn 0.5603 0.7723 -0.2995
vn 0.7781 -0.4708 -0.4159
vn 0.4909 0.8308 -0.2624
vn 0.8441 -0.2899 -0.4512
vn 0.7958 -0.2899 -0.5317
vn 0.3929 0.8813 -0.2626
vn 0.8650 -0.1948 -0.4624
vn 0.0878 -0.9950 -0.0469
vn 0.3387 0.9233 -0.1810
vn 0.1734 -0.9805 -0.0927
vn 0.8777 -0.0979 -0.4691
vn 0.9062 0.1948 -0.3754
vn 0.5143 -0.8308 -0.2130
vn 0.8538 0.3821 -0.3536
vn 0.8150 0.3821 -0.4356
vn 0.5869 -0.7723 -0.2431
vn 0.8151 0.4708 -0.3376
vn 0.6243 -0.7063 -0.3337
vn 0.7686 0.5549 -0.3184
vn 0.7147 -0.6336 -0.2961
vn 0.7686 -0.5549 -0.3184
vn 0.6243 0.7063 -0.3337
vn 0.7147 0.6336 -0.2961
vn 0.5869 0.7723 -0.2431
vn 0.8150 -0.3821 -0.4356
vn 0.8151 -0.4708 -0.3376
vn 0.5143 0.8308 -0.2130
vn 0.8538 -0.3821 -0.3536
vn 0.4168 0.8813 -0.2228
vn 0.9062 -0.1948 -0.3754
vn 0.0920 -0.9950 -0.0381
vn 0.3548 0.9233 -0.1469
vn 0.1816 -0.9805 -0.0752
vn 0.2695 0.9565 -0.1116
vn 0.2572 0.9565 -0.1375
vn 0.8819 -0.0000 -0.4714
vn 0.9194 -0.0979 -0.3808
vn 0.2572 -0.9565 -0.1375
vn 0.1816 0.9805 -0.0752
vn 0.9194 0.0979 -0.3808
vn 0.3548 -0.9233 -0.1469
vn 0.4366 -0.8813 -0.1809
vn 0.0920 0.9950 -0.0381
vn 0.8443 0.4708 -0.2561
vn 0.6540 -0.7063 -0.2709
vn 0.6080 -0.7723 -0.1844
vn 0.7961 0.5549 -0.2415
vn 0.7403 -0.6336 -0.2246
vn 0.7961 -0.5549 -0.2415
vn 0.6540 0.7063 -0.2709
vn 0.7403 0.6336 -0.2246
vn 0.6080 0.7723 -0.1844
vn 0.8443 -0.4708 -0.2561
vn 0.5327 0.8308 -0.1616
vn 0.9159 -0.2899 -0.2778
vn 0.8842 -0.2899 -0.3663
vn 0.4366 0.8813 -0.1809
vn 0.9386 -0.1948 -0.2847
vn 0.0952 -0.9950 -0.0289
vn 0.3675 0.9233 -0.1115
vn 0.1881 -0.9805 -0.0571
vn 0.9239 -0.0000 -0.3827
vn 0.9523 -0.0979 -0.2889
vn 0.2791 -0.9565 -0.0847
vn 0.2695 -0.9565 -0.1116
vn 0.1881 0.9805 -0.0571
vn 0.9523 0.0979 -0.2889
vn 0.3675 -0.9233 -0.1115
vn 0.0952 0.9950 -0.0289
vn 0.9386 0.1948 -0.2847
vn 0.4522 -0.8813 -0.1372
vn 0.8842 0.2899 -0.3663
vn 0.5327 -0.8308 -0.1616
vn 0.9159 0.2899 -0.2778
vn 0.8160 0.5549 -0.1623
vn 0.8160 -0.5549 -0.1623
vn 0.6774 0.7063 -0.2055
vn 0.7588 0.6336 -0.1509
vn 0.6231 0.7723 -0.1239
vn 0.8843 -0.3821 -0.2683
vn 0.8653 -0.4708 -0.1721
vn 0.9387 -0.2899 -0.1867
vn 0.4522 0.8813 -0.1372
vn 0.5459 0.8308 -0.1086
vn 0.9620 -0.1948 -0.1914
vn 0.0976 -0.9950 -0.0194
vn 0.3766 0.9233 -0.0749
vn 0.1928 -0.9805 -0.0383
vn 0.2861 0.9565 -0.0569
vn 0.2791 0.9565 -0.0847
vn 0.9569 -0.0000 -0.2903
vn 0.9761 -0.0979 -0.1942
vn 0.1928 0.9805 -0.0383
vn 0.9761 0.0979 -0.1942
vn 0.3766 -0.9233 -0.0749
vn 0.0976 0.9950 -0.0194
vn 0.9620 0.1948 -0.1914
vn 0.5459 -0.8308 -0.1086
vn 0.8843 0.3821 -0.2683
vn 0.9387 0.2899 -0.1867
vn 0.6231 -0.7723 -0.1239
vn 0.8653 0.4708 -0.1721
vn 0.6774 -0.7063 -0.2055
vn 0.7588 -0.6336 -0.1509
vn 0.6322 0.7723 -0.0623
vn 0.6943 0.7063 -0.1381
vn 0.9197 -0.3821 -0.0906
vn 0.9063 -0.3821 -0.1803
vn 0.4635 0.8813 -0.0922
vn 0.5539 0.8308 -0.0546
vn 0.9761 -0.1948 -0.0961
vn 0.0991 -0.9950 -0.0098
vn 0.3821 0.9233 -0.0376
vn 0.1956 -0.9805 -0.0193
vn 0.2903 0.9565 -0.0286
vn 0.9808 -0.0000 -0.1951
vn 0.9904 -0.0979 -0.0975
vn 0.2903 -0.9565 -0.0286
vn 0.2861 -0.9565 -0.0569
vn 0.1956 0.9805 -0.0193
vn 0.9904 0.0979 -0.0975
vn 0.9761 0.1948 -0.0961
vn 0.4703 -0.8813 -0.0463
vn 0.4635 -0.8813 -0.0922
vn 0.0991 0.9950 -0.0098
vn 0.5539 -0.8308 -0.0546
vn 0.9197 0.3821 -0.0906
vn 0.9063 0.3821 -0.1803
vn 0.6322 -0.7723 -0.0623
vn 0.8780 0.4708 -0.0865
vn 0.6943 -0.7063 -0.1381
vn 0.8279 0.5549 -0.0815
vn 0.7699 -0.6336 -0.0758
vn 0.8279 -0.5549 -0.0815
vn 0.7699 0.6336 -0.0758
vn 0.4703 0.8813 -0.0463
vn 0.5566 0.8308 -0.0000
vn 0.9808 -0.1948 -0.0000
vn 0.9525 -0.2899 -0.0938
vn 0.0995 -0.9950 -0.0000
vn 0.3840 0.9233 -0.0000
vn 0.1966 -0.9805 -0.0000
vn 0.9952 -0.0000 -0.0980
vn 0.9952 -0.0979 -0.0000
vn 0.2917 -0.9565 -0.0000
vn 0.1966 0.9805 -0.0000
vn 0.9952 0.0979 -0.0000
vn 0.3840 -0.9233 -0.0000
vn 0.3821 -0.9233 -0.0376
vn 0.9808 0.1948 -0.0000
vn 0.4726 -0.8813 -0.0000
vn 0.0995 0.9950 -0.0000
vn 0.9525 0.2899 -0.0938
vn 0.5566 -0.8308 -0.0000
vn 0.9571 0.2899 -0.0000
vn 0.6353 -0.7723 -0.0000
vn 0.8823 0.4708 -0.0000
vn 0.7045 -0.7063 -0.0694
vn 0.8319 0.5549 -0.0000
vn 0.7736 -0.6336 -0.0000
vn 0.8319 -0.5549 -0.0000
vn 0.7045 0.7063 -0.0694
vn 0.7736 0.6336 -0.0000
vn 0.8780 -0.4708 -0.0865
vn 0.6353 0.7723 -0.0000
vn 0.8823 -0.4708 -0.0000
vn 0.9571 -0.2899 -0.0000
vn 0.2903 0.9565 0.0286
vn 0.2917 0.9565 -0.0000
vn 1.0000 -0.0000 -0.0000
vn 0.9904 -0.0979 0.0975
vn 0.1956 -0.9805 0.0193
vn 0.1956 0.9805 0.0193
vn 0.9904 0.0979 0.0975
vn 0.3821 -0.9233 0.0376
vn 0.9761 0.1948 0.0961
vn 0.4703 -0.8813 0.0463
vn 0.0991 0.9950 0.0098
vn 0.5539 -0.8308 0.0546
vn 0.9197 0.3821 0.0906
vn 0.9241 0.3821 -0.0000
vn 0.6322 -0.7723 0.0623
vn 0.8780 0.4708 0.0865
vn 0.7079 -0.7063 -0.0000
vn 0.8279 0.5549 0.0815
vn 0.7699 -0.6336 0.0758
vn 0.8279 -0.5549 0.0815
vn 0.7079 0.7063 -0.0000
vn 0.7699 0.6336 0.0758
vn 0.6323 0.7723 0.0623
vn 0.9197 -0.3821 0.0906
vn 0.9241 -0.3821 -0.0000
vn 0.4726 0.8813 -0.0000
vn 0.5539 0.8308 0.0546
vn 0.9761 -0.1948 0.0961
vn 0.0991 -0.9950 0.0098
vn 0.3821 0.9233 0.0376
vn 0.0976 0.9950 0.0194
vn 0.9620 0.1948 0.1914
vn 0.3766 -0.9233 0.0749
vn 0.9525 0.2899 0.0938
vn 0.5459 -0.8308 0.1086
vn 0.9063 0.3821 0.1803
vn 0.6231 -0.7723 0.1239
vn 0.8653 0.4708 0.1721
vn 0.7045 -0.7063 0.0694
vn 0.8160 0.5549 0.1623
vn 0.7588 -0.6336 0.1509
vn 0.8160 -0.5549 0.1623
vn 0.7045 0.7063 0.0694
vn 0.7588 0.6336 0.1509
vn 0.8780 -0.4708 0.0865
vn 0.6231 0.7723 0.1239
vn 0.8653 -0.4708 0.1721
vn 0.5459 0.8308 0.1086
vn 0.9525 -0.2899 0.0938
vn 0.9063 -0.3821 0.1803
vn 0.4703 0.8813 0.0463
vn 0.9620 -0.1948 0.1914
vn 0.0976 -0.9950 0.0194
vn 0.3766 0.9233 0.0749
vn 0.1928 -0.9805 0.0383
vn 0.9952 -0.0000 0.0980
vn 0.9761 -0.0979 0.1942
vn 0.2861 -0.9565 0.0569
vn 0.2903 -0.9565 0.0286
vn 0.1928 0.9805 0.0383
vn 0.9761 0.0979 0.1942
vn 0.8843 0.3821 0.2683
vn 0.9387 0.2899 0.1867
vn 0.6080 -0.7723 0.1844
vn 0.8443 0.4708 0.2561
vn 0.6943 -0.7063 0.1381
vn 0.7961 0.5549 0.2415
vn 0.7403 -0.6336 0.2246
vn 0.7961 -0.5549 0.2415
vn 0.6943 0.7063 0.1381
vn 0.7403 0.6336 0.2246
vn 0.6080 0.7723 0.1844
vn 0.8443 -0.4708 0.2561
vn 0.9387 -0.2899 0.1867
vn 0.8843 -0.3821 0.2683
vn 0.4635 0.8813 0.0922
vn 0.5327 0.8308 0.1616
vn 0.9386 -0.1948 0.2847
vn 0.0952 -0.9950 0.0289
vn 0.3675 0.9233 0.1115
vn 0.1881 -0.9805 0.0571
vn 0.2861 0.9565 0.0569
vn 0.9808 -0.0000 0.1951
vn 0.9523 -0.0979 0.2889
vn 0.2791 -0.9565 0.0847
vn 0.2791 0.9565 0.0847
vn 0.9523 0.0979 0.2889
vn 0.3675 -0.9233 0.1115
vn 0.1881 0.9805 0.0571
vn 0.9386 0.1948 0.2847
vn 0.4522 -0.8813 0.1372
vn 0.4635 -0.8813 0.0922
vn 0.0952 0.9950 0.0289
vn 0.5327 -0.8308 0.1616
vn 0.4522 0.8813 0.1372
vn 0.5143 0.8308 0.2130
vn 0.9062 -0.1948 0.3754
vn 0.9159 -0.2899 0.2778
vn 0.0920 -0.9950 0.0381
vn 0.4366 0.8813 0.1809
vn 0.1816 -0.9805 0.0752
vn 0.3548 0.9233 0.1469
vn 0.9569 -0.0000 0.2903
vn 0.9194 -0.0979 0.3808
vn 0.2695 -0.9565 0.1116
vn 0.1816 0.9805 0.0752
vn 0.9194 0.0979 0.3808
vn 0.3548 -0.9233 0.1469
vn 0.0920 0.9950 0.0381
vn 0.9062 0.1948 0.3754
vn 0.4366 -0.8813 0.1809
vn 0.9159 0.2899 0.2778
vn 0.5143 -0.8308 0.2130
vn 0.8538 0.3821 0.3536
vn 0.5869 -0.7723 0.2431
vn 0.8151 0.4708 0.3376
vn 0.6774 -0.7063 0.2055
vn 0.7686 0.5549 0.3184
vn 0.7147 -0.6336 0.2961
vn 0.7686 -0.5549 0.3184
vn 0.6774 0.7063 0.2055
vn 0.7147 0.6336 0.2961
vn 0.5869 0.7723 0.2431
vn 0.8151 -0.4708 0.3376
vn 0.8538 -0.3821 0.3536
vn 0.2572 0.9565 0.1375
vn 0.2695 0.9565 0.1116
vn 0.9239 -0.0000 0.3827
vn 0.8777 -0.0979 0.4691
vn 0.2572 -0.9565 0.1375
vn 0.1734 0.9805 0.0927
vn 0.8777 0.0979 0.4691
vn 0.0878 0.9950 0.0469
vn 0.8650 0.1948 0.4624
vn 0.3386 -0.9233 0.1810
vn 0.8842 0.2899 0.3663
vn 0.4909 -0.8308 0.2624
vn 0.8150 0.3821 0.4356
vn 0.7781 0.4708 0.4159
vn 0.6540 -0.7063 0.2709
vn 0.5603 -0.7723 0.2995
vn 0.7337 0.5549 0.3922
vn 0.6823 -0.6336 0.3647
vn 0.7337 -0.5549 0.3922
vn 0.6540 0.7063 0.2709
vn 0.6823 0.6336 0.3647
vn 0.5603 0.7723 0.2995
vn 0.7781 -0.4708 0.4159
vn 0.4909 0.8308 0.2624
vn 0.8441 -0.2899 0.4512
vn 0.8842 -0.2899 0.3663
vn 0.8650 -0.1948 0.4624
vn 0.0878 -0.9950 0.0469
vn 0.3386 0.9233 0.1810
vn 0.1634 0.9805 0.1092
vn 0.8155 0.1948 0.5449
vn 0.4168 -0.8813 0.2228
vn 0.3193 -0.9233 0.2133
vn 0.0828 0.9950 0.0553
vn 0.8441 0.2899 0.4512
vn 0.4628 -0.8308 0.3092
vn 0.7684 0.3821 0.5134
vn 0.5282 -0.7723 0.3530
vn 0.7336 0.4708 0.4902
vn 0.6243 -0.7063 0.3337
vn 0.6917 0.5549 0.4622
vn 0.6432 -0.6336 0.4298
vn 0.6432 0.6336 0.4298
vn 0.6917 -0.5549 0.4622
vn 0.6243 0.7063 0.3337
vn 0.5282 0.7723 0.3530
vn 0.8150 -0.3821 0.4356
vn 0.7336 -0.4708 0.4902
vn 0.7684 -0.3821 0.5134
vn 0.4168 0.8813 0.2228
vn 0.4628 0.8308 0.3092
vn 0.8155 -0.1948 0.5449
vn 0.0828 -0.9950 0.0553
vn 0.3193 0.9233 0.2133
vn 0.1634 -0.9805 0.1092
vn 0.1734 -0.9805 0.0927
vn 0.2425 0.9565 0.1621
vn 0.8819 -0.0000 0.4714
vn 0.8275 -0.0979 0.5529
vn 0.2425 -0.9565 0.1621
vn 0.8275 0.0979 0.5529
vn 0.7143 0.3821 0.5862
vn 0.7958 0.2899 0.5317
vn 0.4303 -0.8308 0.3531
vn 0.6820 0.4708 0.5597
vn 0.5886 -0.7063 0.3933
vn 0.4911 -0.7723 0.4030
vn 0.6431 0.5549 0.5278
vn 0.5980 -0.6336 0.4908
vn 0.6431 -0.5549 0.5278
vn 0.5886 0.7063 0.3933
vn 0.5980 0.6336 0.4908
vn 0.4911 0.7723 0.4030
vn 0.7143 -0.3821 0.5862
vn 0.4303 0.8308 0.3531
vn 0.7958 -0.2899 0.5317
vn 0.3929 0.8813 0.2626
vn 0.7582 -0.1948 0.6222
vn 0.0769 -0.9950 0.0631
vn 0.2968 0.9233 0.2436
vn 0.1519 -0.9805 0.1247
vn 0.8315 -0.0000 0.5556
vn 0.7693 -0.0979 0.6313
vn 0.2255 -0.9565 0.1850
vn 0.1519 0.9805 0.1247
vn 0.7693 0.0979 0.6313
vn 0.2968 -0.9233 0.2436
vn 0.0769 0.9950 0.0631
vn 0.7582 0.1948 0.6222
vn 0.3929 -0.8813 0.2626
vn 0.5883 0.5549 0.5883
vn 0.5470 -0.6336 0.5470
vn 0.5472 -0.7063 0.4491
vn 0.5883 -0.5549 0.5883
vn 0.5472 0.7063 0.4491
vn 0.5470 0.6336 0.5470
vn 0.6820 -0.4708 0.5597
vn 0.4492 0.7723 0.4492
vn 0.6239 -0.4708 0.6239
vn 0.3936 0.8308 0.3936
vn 0.7398 -0.2899 0.6072
vn 0.6534 -0.3821 0.6534
vn 0.3653 0.8813 0.2998
vn 0.6936 -0.1948 0.6936
vn 0.0704 -0.9950 0.0704
vn 0.3342 0.8813 0.3342
vn 0.1390 -0.9805 0.1390
vn 0.2063 0.9565 0.2063
vn 0.2255 0.9565 0.1850
vn 0.7730 -0.0000 0.6344
vn 0.7037 -0.0979 0.7037
vn 0.1390 0.9805 0.1390
vn 0.7037 0.0979 0.7037
vn 0.2715 -0.9233 0.2715
vn 0.6936 0.1948 0.6936
vn 0.3653 -0.8813 0.2998
vn 0.0704 0.9950 0.0704
vn 0.7398 0.2899 0.6072
vn 0.3936 -0.8308 0.3936
vn 0.6534 0.3821 0.6534
vn 0.4492 -0.7723 0.4492
vn 0.6239 0.4708 0.6239
vn 0.5005 0.7063 0.5005
vn 0.4908 0.6336 0.5980
vn 0.5278 -0.5549 0.6431
vn 0.4030 0.7723 0.4911
vn 0.5597 -0.4708 0.6820
vn 0.6072 -0.2899 0.7398
vn 0.6767 -0.2899 0.6768
vn 0.3531 0.8308 0.4303
vn 0.6222 -0.1948 0.7582
vn 0.0631 -0.9950 0.0769
vn 0.2715 0.9233 0.2715
vn 0.2998 0.8813 0.3653
vn 0.6313 -0.0979 0.7693
vn 0.1247 -0.9805 0.1519
vn 0.1850 0.9565 0.2255
vn 0.7071 -0.0000 0.7071
vn 0.2063 -0.9565 0.2063
vn 0.1247 0.9805 0.1519
vn 0.6313 0.0979 0.7693
vn 0.2436 -0.9233 0.2968
vn 0.0631 0.9950 0.0769
vn 0.6222 0.1948 0.7582
vn 0.2998 -0.8813 0.3653
vn 0.3342 -0.8813 0.3342
vn 0.6767 0.2899 0.6767
vn 0.3531 -0.8308 0.4303
vn 0.6072 0.2899 0.7398
vn 0.4030 -0.7723 0.4911
vn 0.5597 0.4708 0.6820
vn 0.5005 -0.7063 0.5005
vn 0.5278 0.5549 0.6431
vn 0.4908 -0.6336 0.5980
vn 0.3530 0.7723 0.5282
vn 0.5134 -0.3821 0.7684
vn 0.5862 -0.3821 0.7143
vn 0.3092 0.8308 0.4628
vn 0.5449 -0.1948 0.8155
vn 0.0553 -0.9950 0.0828
vn 0.2133 0.9233 0.3193
vn 0.2436 0.9233 0.2968
vn 0.1092 -0.9805 0.1634
vn 0.1621 0.9565 0.2425
vn 0.6344 -0.0000 0.7730
vn 0.5529 -0.0979 0.8275
vn 0.1850 -0.9565 0.2255
vn 0.1092 0.9805 0.1634
vn 0.5529 0.0979 0.8275
vn 0.2133 -0.9233 0.3193
vn 0.5449 0.1948 0.8155
vn 0.0553 0.9950 0.0828
vn 0.3092 -0.8308 0.4628
vn 0.5134 0.3821 0.7684
vn 0.5862 0.3821 0.7143
vn 0.3530 -0.7723 0.5282
vn 0.4902 0.4708 0.7336
vn 0.4491 -0.7063 0.5472
vn 0.4622 0.5549 0.6917
vn 0.4298 -0.6336 0.6432
vn 0.4622 -0.5549 0.6917
vn 0.4491 0.7063 0.5472
vn 0.4298 0.6336 0.6432
vn 0.4902 -0.4708 0.7336
vn 0.0469 -0.9950 0.0878
vn 0.1810 0.9233 0.3386
vn 0.2626 0.8813 0.3929
vn 0.4624 -0.1948 0.8650
vn 0.0927 -0.9805 0.1734
vn 0.1375 0.9565 0.2572
vn 0.5556 -0.0000 0.8315
vn 0.4691 -0.0979 0.8777
vn 0.1621 -0.9565 0.2425
vn 0.0927 0.9805 0.1734
vn 0.4691 0.0979 0.8777
vn 0.1810 -0.9233 0.3387
vn 0.4624 0.1948 0.8650
vn 0.2228 -0.8813 0.4168
vn 0.2626 -0.8813 0.3929
vn 0.0469 0.9950 0.0878
vn 0.5317 0.2899 0.7958
vn 0.2624 -0.8308 0.4909
vn 0.4356 0.3821 0.8150
vn 0.2995 -0.7723 0.5603
vn 0.4159 0.4708 0.7781
vn 0.3933 -0.7063 0.5886
vn 0.3922 0.5549 0.7337
vn 0.3647 -0.6336 0.6823
vn 0.3922 -0.5549 0.7337
vn 0.3933 0.7063 0.5886
vn 0.3647 0.6336 0.6823
vn 0.2995 0.7723 0.5603
vn 0.4356 -0.3821 0.8150
vn 0.2624 0.8308 0.4909
vn 0.5317 -0.2899 0.7958
vn 0.1375 -0.9565 0.2572
vn 0.0752 -0.9805 0.1816
vn 0.0752 0.9805 0.1816
vn 0.3808 0.0979 0.9194
vn 0.4714 -0.0000 0.8819
vn 0.1116 -0.9565 0.2695
vn 0.0381 0.9950 0.0920
vn 0.3754 0.1948 0.9062
vn 0.1469 -0.9233 0.3548
vn 0.4512 0.2899 0.8441
vn 0.2130 -0.8308 0.5143
vn 0.3536 0.3821 0.8538
vn 0.2431 -0.7723 0.5869
vn 0.3337 -0.7063 0.6243
vn 0.3184 0.5549 0.7686
vn 0.2961 -0.6336 0.7147
vn 0.3184 -0.5549 0.7686
vn 0.3337 0.7063 0.6243
vn 0.2961 0.6336 0.7147
vn 0.4159 -0.4708 0.7781
vn 0.2431 0.7723 0.5869
vn 0.3536 -0.3821 0.8538
vn 0.2130 0.8308 0.5143
vn 0.4512 -0.2899 0.8441
vn 0.2228 0.8813 0.4168
vn 0.3754 -0.1948 0.9062
vn 0.0381 -0.9950 0.0920
vn 0.1469 0.9233 0.3548
vn 0.1116 0.9565 0.2695
vn 0.3808 -0.0979 0.9194
vn 0.1372 -0.8813 0.4522
vn 0.1809 -0.8813 0.4366
vn 0.0289 0.9950 0.0952
vn 0.3663 0.2899 0.8842
vn 0.2847 0.1948 0.9386
vn 0.1616 -0.8308 0.5327
vn 0.2683 0.3821 0.8843
vn 0.2561 0.4708 0.8443
vn 0.3376 0.4708 0.8151
vn 0.2709 -0.7063 0.6540
vn 0.1844 -0.7723 0.6080
vn 0.2415 0.5549 0.7961
vn 0.2246 -0.6336 0.7403
vn 0.2415 -0.5549 0.7961
vn 0.2709 0.7063 0.6540
vn 0.2246 0.6336 0.7403
vn 0.3376 -0.4708 0.8151
vn 0.1844 0.7723 0.6080
vn 0.2683 -0.3821 0.8843
vn 0.1616 0.8308 0.5327
vn 0.3663 -0.2899 0.8842
vn 0.1372 0.8813 0.4522
vn 0.1809 0.8813 0.4366
vn 0.2847 -0.1948 0.9386
vn 0.0289 -0.9950 0.0952
vn 0.0571 -0.9805 0.1881
vn 0.0847 0.9565 0.2791
vn 0.3827 -0.0000 0.9239
vn 0.2889 -0.0979 0.9523
vn 0.0847 -0.9565 0.2791
vn 0.0571 0.9805 0.1881
vn 0.2889 0.0979 0.9523
vn 0.1115 -0.9233 0.3675
vn 0.1239 -0.7723 0.6231
vn 0.1803 0.3821 0.9063
vn 0.2055 -0.7063 0.6774
vn 0.1623 0.5549 0.8160
vn 0.1509 -0.6336 0.7588
vn 0.1623 -0.5549 0.8160
vn 0.2055 0.7063 0.6774
vn 0.1509 0.6336 0.7588
vn 0.2561 -0.4708 0.8443
vn 0.1239 0.7723 0.6231
vn 0.1803 -0.3821 0.9063
vn 0.2778 -0.2899 0.9159
vn 0.1086 0.8308 0.5459
vn 0.1914 -0.1948 0.9620
vn 0.0194 -0.9950 0.0976
vn 0.0749 0.9233 0.3766
vn 0.1115 0.9233 0.3675
vn 0.0383 -0.9805 0.1928
vn 0.0569 0.9565 0.2861
vn 0.2903 -0.0000 0.9569
vn 0.1942 -0.0979 0.9761
vn 0.0383 0.9805 0.1928
vn 0.1942 0.0979 0.9761
vn 0.0749 -0.9233 0.3766
vn 0.0194 0.9950 0.0976
vn 0.1914 0.1948 0.9620
vn 0.0922 -0.8813 0.4635
vn 0.2778 0.2899 0.9159
vn 0.1086 -0.8308 0.5459
vn 0.0758 -0.6336 0.7699
vn 0.1381 -0.7063 0.6943
vn 0.0815 0.5549 0.8279
vn 0.0815 -0.5549 0.8279
vn 0.1381 0.7063 0.6943
vn 0.0758 0.6336 0.7699
vn 0.1721 -0.4708 0.8653
vn 0.0623 0.7723 0.6323
vn 0.0906 -0.3821 0.9197
vn 0.0546 0.8308 0.5539
vn 0.1867 -0.2899 0.9387
vn 0.0922 0.8813 0.4635
vn 0.0961 -0.1948 0.9761
vn 0.0098 -0.9950 0.0991
vn 0.0463 0.8813 0.4703
vn 0.0193 -0.9805 0.1956
vn 0.0286 0.9565 0.2903
vn 0.1951 -0.0000 0.9808
vn 0.0975 -0.0979 0.9904
vn 0.0286 -0.9565 0.2903
vn 0.0569 -0.9565 0.2861
vn 0.0193 0.9805 0.1956
vn 0.0975 0.0979 0.9904
vn 0.0961 0.1948 0.9761
vn 0.0463 -0.8813 0.4703
vn 0.0098 0.9950 0.0991
vn 0.1867 0.2899 0.9387
vn 0.0546 -0.8308 0.5539
vn 0.0906 0.3821 0.9197
vn 0.1721 0.4708 0.8653
vn 0.0623 -0.7723 0.6323
vn 0.0865 -0.4708 0.8780
vn 0.0694 0.7063 0.7045
vn 0.0938 -0.2899 0.9525
vn 0.0376 0.9233 0.3821
vn 0.0980 -0.0000 0.9952
vn 0.0376 -0.9233 0.3821
vn 0.0938 0.2899 0.9525
vn 0.0865 0.4708 0.8780
vn 0.0694 -0.7063 0.7045
vt 0.750000 0.156250
vt 0.734375 0.187500
vt 0.750000 0.187500
vt 0.750000 0.562500
vt 0.734375 0.593750
vt 0.750000 0.593750
vt 0.750000 0.968750
vt 0.734375 0.968750
vt 0.742188 1.000000
vt 0.734375 0.125000
vt 0.750000 0.125000
vt 0.734375 0.531250
vt 0.750000 0.531250
vt 0.734375 0.937500
vt 0.750000 0.937500
vt 0.734375 0.093750
vt 0.750000 0.093750
vt 0.734375 0.500000
vt 0.750000 0.500000
vt 0.750000 0.906250
vt 0.734375 0.062500
vt 0.750000 0.062500
vt 0.734375 0.468750
vt 0.750000 0.468750
vt 0.750000 0.875000
vt 0.734375 0.906250
vt 0.734375 0.031250
vt 0.750000 0.031250
vt 0.734375 0.437500
vt 0.750000 0.437500
vt 0.750000 0.843750
vt 0.734375 0.875000
vt 0.742188 0.000000
vt 0.734375 0.406250
vt 0.750000 0.406250
vt 0.734375 0.812500
vt 0.750000 0.812500
vt 0.734375 0.375000
vt 0.750000 0.375000
vt 0.734375 0.781250
vt 0.750000 0.781250
vt 0.734375 0.343750
vt 0.750000 0.343750
vt 0.750000 0.750000
vt 0.734375 0.312500
vt 0.750000 0.312500
vt 0.750000 0.718750
vt 0.734375 0.750000
vt 0.734375 0.281250
vt 0.750000 0.281250
vt 0.734375 0.687500
vt 0.750000 0.687500
vt 0.734375 0.250000
vt 0.750000 0.250000
vt 0.750000 0.656250
vt 0.734375 0.218750
vt 0.750000 0.218750
vt 0.734375 0.625000
vt 0.750000 0.625000
vt 0.718750 0.312500
vt 0.734375 0.718750
vt 0.718750 0.750000
vt 0.718750 0.281250
vt 0.718750 0.718750
vt 0.718750 0.250000
vt 0.734375 0.656250
vt 0.718750 0.687500
vt 0.718750 0.625000
vt 0.718750 0.218750
vt 0.718750 0.156250
vt 0.734375 0.156250
vt 0.718750 0.562500
vt 0.734375 0.562500
vt 0.718750 0.968750
vt 0.726562 1.000000
vt 0.718750 0.531250
vt 0.718750 0.093750
vt 0.718750 0.500000
vt 0.718750 0.906250
vt 0.718750 0.468750
vt 0.718750 0.875000
vt 0.718750 0.031250
vt 0.718750 0.843750
vt 0.734375 0.843750
vt 0.726562 0.000000
vt 0.718750 0.437500
vt 0.718750 0.812500
vt 0.718750 0.375000
vt 0.718750 0.781250
vt 0.703125 0.281250
vt 0.703125 0.656250
vt 0.718750 0.656250
vt 0.703125 0.218750
vt 0.703125 0.625000
vt 0.703125 0.187500
vt 0.718750 0.187500
vt 0.718750 0.593750
vt 0.703125 0.156250
vt 0.703125 0.562500
vt 0.703125 0.968750
vt 0.710938 1.000000
vt 0.703125 0.125000
vt 0.718750 0.125000
vt 0.703125 0.937500
vt 0.718750 0.937500
vt 0.703125 0.500000
vt 0.703125 0.906250
vt 0.703125 0.062500
vt 0.718750 0.062500
vt 0.703125 0.468750
vt 0.703125 0.875000
vt 0.703125 0.031250
vt 0.703125 0.437500
vt 0.703125 0.843750
vt 0.710938 0.000000
vt 0.718750 0.406250
vt 0.703125 0.375000
vt 0.703125 0.812500
vt 0.718750 0.343750
vt 0.703125 0.750000
vt 0.703125 0.312500
vt 0.703125 0.718750
vt 0.687500 0.187500
vt 0.687500 0.593750
vt 0.703125 0.593750
vt 0.687500 0.156250
vt 0.687500 0.968750
vt 0.695312 1.000000
vt 0.687500 0.125000
vt 0.687500 0.531250
vt 0.703125 0.531250
vt 0.687500 0.937500
vt 0.703125 0.093750
vt 0.687500 0.906250
vt 0.687500 0.062500
vt 0.687500 0.468750
vt 0.687500 0.875000
vt 0.687500 0.031250
vt 0.687500 0.843750
vt 0.695312 0.000000
vt 0.687500 0.406250
vt 0.703125 0.406250
vt 0.687500 0.812500
vt 0.687500 0.375000
vt 0.703125 0.781250
vt 0.703125 0.343750
vt 0.687500 0.750000
vt 0.687500 0.312500
vt 0.687500 0.718750
vt 0.687500 0.281250
vt 0.703125 0.687500
vt 0.703125 0.250000
vt 0.687500 0.656250
vt 0.687500 0.218750
vt 0.687500 0.625000
vt 0.671875 0.968750
vt 0.679688 1.000000
vt 0.671875 0.156250
vt 0.671875 0.531250
vt 0.687500 0.562500
vt 0.671875 0.937500
vt 0.671875 0.093750
vt 0.687500 0.093750
vt 0.687500 0.500000
vt 0.671875 0.062500
vt 0.671875 0.468750
vt 0.671875 0.906250
vt 0.687500 0.437500
vt 0.671875 0.843750
vt 0.679688 0.000000
vt 0.671875 0.031250
vt 0.671875 0.406250
vt 0.671875 0.812500
vt 0.671875 0.375000
vt 0.687500 0.781250
vt 0.687500 0.343750
vt 0.671875 0.750000
vt 0.671875 0.343750
vt 0.671875 0.718750
vt 0.671875 0.281250
vt 0.687500 0.687500
vt 0.687500 0.250000
vt 0.671875 0.656250
vt 0.671875 0.250000
vt 0.671875 0.625000
vt 0.671875 0.187500
vt 0.671875 0.593750
vt 0.656250 0.906250
vt 0.656250 0.062500
vt 0.656250 0.468750
vt 0.671875 0.500000
vt 0.671875 0.875000
vt 0.656250 0.031250
vt 0.671875 0.437500
vt 0.656250 0.875000
vt 0.664062 0.000000
vt 0.656250 0.406250
vt 0.656250 0.812500
vt 0.656250 0.375000
vt 0.656250 0.781250
vt 0.671875 0.781250
vt 0.656250 0.343750
vt 0.656250 0.312500
vt 0.671875 0.312500
vt 0.656250 0.718750
vt 0.656250 0.281250
vt 0.671875 0.687500
vt 0.656250 0.687500
vt 0.656250 0.218750
vt 0.671875 0.218750
vt 0.656250 0.656250
vt 0.656250 0.593750
vt 0.656250 0.156250
vt 0.656250 0.562500
vt 0.671875 0.562500
vt 0.656250 0.968750
vt 0.664062 1.000000
vt 0.656250 0.125000
vt 0.671875 0.125000
vt 0.656250 0.531250
vt 0.656250 0.937500
vt 0.656250 0.093750
vt 0.656250 0.843750
vt 0.640625 0.875000
vt 0.648438 0.000000
vt 0.640625 0.031250
vt 0.640625 0.406250
vt 0.656250 0.437500
vt 0.640625 0.812500
vt 0.640625 0.343750
vt 0.656250 0.750000
vt 0.640625 0.781250
vt 0.640625 0.312500
vt 0.640625 0.718750
vt 0.640625 0.281250
vt 0.656250 0.250000
vt 0.640625 0.687500
vt 0.640625 0.218750
vt 0.640625 0.625000
vt 0.656250 0.625000
vt 0.640625 0.187500
vt 0.656250 0.187500
vt 0.640625 0.593750
vt 0.640625 0.968750
vt 0.648438 1.000000
vt 0.640625 0.125000
vt 0.640625 0.531250
vt 0.640625 0.937500
vt 0.640625 0.093750
vt 0.656250 0.500000
vt 0.640625 0.062500
vt 0.640625 0.468750
vt 0.640625 0.906250
vt 0.625000 0.781250
vt 0.625000 0.343750
vt 0.640625 0.375000
vt 0.640625 0.750000
vt 0.625000 0.312500
vt 0.625000 0.718750
vt 0.625000 0.687500
vt 0.640625 0.250000
vt 0.625000 0.281250
vt 0.640625 0.656250
vt 0.625000 0.218750
vt 0.625000 0.656250
vt 0.625000 0.187500
vt 0.625000 0.593750
vt 0.640625 0.156250
vt 0.640625 0.562500
vt 0.625000 0.968750
vt 0.632812 1.000000
vt 0.625000 0.125000
vt 0.625000 0.531250
vt 0.625000 0.093750
vt 0.640625 0.500000
vt 0.625000 0.937500
vt 0.625000 0.468750
vt 0.625000 0.875000
vt 0.625000 0.031250
vt 0.625000 0.437500
vt 0.640625 0.437500
vt 0.640625 0.843750
vt 0.632812 0.000000
vt 0.625000 0.406250
vt 0.625000 0.812500
vt 0.609375 0.718750
vt 0.625000 0.750000
vt 0.609375 0.281250
vt 0.625000 0.250000
vt 0.609375 0.687500
vt 0.609375 0.218750
vt 0.625000 0.625000
vt 0.609375 0.656250
vt 0.609375 0.187500
vt 0.609375 0.593750
vt 0.625000 0.156250
vt 0.625000 0.562500
vt 0.609375 0.968750
vt 0.617188 1.000000
vt 0.609375 0.125000
vt 0.609375 0.531250
vt 0.609375 0.937500
vt 0.609375 0.093750
vt 0.625000 0.500000
vt 0.625000 0.906250
vt 0.609375 0.062500
vt 0.625000 0.062500
vt 0.609375 0.468750
vt 0.609375 0.875000
vt 0.609375 0.031250
vt 0.609375 0.843750
vt 0.625000 0.843750
vt 0.617188 0.000000
vt 0.609375 0.406250
vt 0.609375 0.812500
vt 0.625000 0.375000
vt 0.609375 0.343750
vt 0.609375 0.781250
vt 0.609375 0.312500
vt 0.593750 0.687500
vt 0.593750 0.218750
vt 0.609375 0.250000
vt 0.593750 0.625000
vt 0.609375 0.625000
vt 0.593750 0.593750
vt 0.609375 0.156250
vt 0.593750 0.187500
vt 0.609375 0.562500
vt 0.593750 0.968750
vt 0.601562 1.000000
vt 0.593750 0.125000
vt 0.593750 0.531250
vt 0.593750 0.937500
vt 0.609375 0.500000
vt 0.593750 0.906250
vt 0.609375 0.906250
vt 0.593750 0.062500
vt 0.593750 0.468750
vt 0.593750 0.875000
vt 0.593750 0.031250
vt 0.593750 0.437500
vt 0.609375 0.437500
vt 0.601562 0.000000
vt 0.593750 0.406250
vt 0.593750 0.812500
vt 0.609375 0.375000
vt 0.593750 0.781250
vt 0.593750 0.375000
vt 0.609375 0.750000
vt 0.593750 0.312500
vt 0.593750 0.718750
vt 0.593750 0.281250
vt 0.578125 0.593750
vt 0.593750 0.156250
vt 0.578125 0.187500
vt 0.593750 0.562500
vt 0.578125 0.968750
vt 0.585938 1.000000
vt 0.578125 0.125000
vt 0.578125 0.531250
vt 0.578125 0.937500
vt 0.593750 0.093750
vt 0.593750 0.500000
vt 0.578125 0.093750
vt 0.578125 0.468750
vt 0.578125 0.875000
vt 0.578125 0.031250
vt 0.578125 0.437500
vt 0.578125 0.843750
vt 0.593750 0.843750
vt 0.585938 0.000000
vt 0.578125 0.406250
vt 0.578125 0.812500
vt 0.578125 0.781250
vt 0.578125 0.343750
vt 0.593750 0.343750
vt 0.593750 0.750000
vt 0.578125 0.312500
vt 0.578125 0.718750
vt 0.578125 0.281250
vt 0.578125 0.687500
vt 0.593750 0.250000
vt 0.593750 0.656250
vt 0.578125 0.218750
vt 0.578125 0.656250
vt 0.562500 0.562500
vt 0.578125 0.562500
vt 0.562500 0.937500
vt 0.562500 0.093750
vt 0.562500 0.500000
vt 0.578125 0.500000
vt 0.578125 0.906250
vt 0.562500 0.062500
vt 0.578125 0.062500
vt 0.562500 0.906250
vt 0.562500 0.031250
vt 0.562500 0.437500
vt 0.562500 0.843750
vt 0.570312 0.000000
vt 0.562500 0.406250
vt 0.562500 0.812500
vt 0.578125 0.375000
vt 0.562500 0.343750
vt 0.578125 0.750000
vt 0.562500 0.781250
vt 0.562500 0.312500
vt 0.562500 0.718750
vt 0.562500 0.687500
vt 0.578125 0.250000
vt 0.562500 0.281250
vt 0.562500 0.218750
vt 0.578125 0.625000
vt 0.562500 0.656250
vt 0.562500 0.187500
vt 0.562500 0.593750
vt 0.578125 0.156250
vt 0.562500 0.968750
vt 0.570312 1.000000
vt 0.562500 0.125000
vt 0.562500 0.468750
vt 0.546875 0.500000
vt 0.546875 0.875000
vt 0.562500 0.875000
vt 0.546875 0.031250
vt 0.546875 0.437500
vt 0.554688 0.000000
vt 0.546875 0.406250
vt 0.546875 0.812500
vt 0.562500 0.375000
vt 0.546875 0.781250
vt 0.546875 0.375000
vt 0.562500 0.750000
vt 0.546875 0.312500
vt 0.546875 0.718750
vt 0.546875 0.281250
vt 0.562500 0.250000
vt 0.546875 0.687500
vt 0.546875 0.218750
vt 0.546875 0.625000
vt 0.562500 0.625000
vt 0.546875 0.593750
vt 0.546875 0.156250
vt 0.562500 0.156250
vt 0.546875 0.968750
vt 0.554688 1.000000
vt 0.546875 0.125000
vt 0.562500 0.531250
vt 0.546875 0.562500
vt 0.546875 0.937500
vt 0.546875 0.093750
vt 0.546875 0.062500
vt 0.531250 0.406250
vt 0.531250 0.812500
vt 0.546875 0.843750
vt 0.531250 0.343750
vt 0.546875 0.343750
vt 0.546875 0.750000
vt 0.531250 0.781250
vt 0.531250 0.312500
vt 0.531250 0.718750
vt 0.531250 0.281250
vt 0.531250 0.687500
vt 0.546875 0.250000
vt 0.546875 0.656250
vt 0.531250 0.218750
vt 0.531250 0.625000
vt 0.546875 0.187500
vt 0.531250 0.593750
vt 0.531250 0.156250
vt 0.531250 0.968750
vt 0.539062 1.000000
vt 0.531250 0.125000
vt 0.546875 0.531250
vt 0.531250 0.562500
vt 0.531250 0.093750
vt 0.531250 0.500000
vt 0.531250 0.906250
vt 0.546875 0.906250
vt 0.531250 0.062500
vt 0.546875 0.468750
vt 0.531250 0.031250
vt 0.531250 0.437500
vt 0.531250 0.843750
vt 0.539062 0.000000
vt 0.515625 0.343750
vt 0.531250 0.375000
vt 0.531250 0.750000
vt 0.515625 0.781250
vt 0.515625 0.312500
vt 0.515625 0.718750
vt 0.515625 0.687500
vt 0.531250 0.250000
vt 0.515625 0.281250
vt 0.531250 0.656250
vt 0.515625 0.218750
vt 0.515625 0.656250
vt 0.515625 0.187500
vt 0.531250 0.187500
vt 0.515625 0.593750
vt 0.515625 0.156250
vt 0.515625 0.968750
vt 0.523438 1.000000
vt 0.515625 0.125000
vt 0.531250 0.531250
vt 0.515625 0.562500
vt 0.515625 0.937500
vt 0.531250 0.937500
vt 0.515625 0.093750
vt 0.515625 0.500000
vt 0.515625 0.906250
vt 0.531250 0.468750
vt 0.531250 0.875000
vt 0.515625 0.062500
vt 0.515625 0.437500
vt 0.515625 0.843750
vt 0.523438 0.000000
vt 0.515625 0.031250
vt 0.515625 0.406250
vt 0.515625 0.812500
vt 0.500000 0.312500
vt 0.500000 0.687500
vt 0.515625 0.250000
vt 0.500000 0.281250
vt 0.500000 0.218750
vt 0.500000 0.625000
vt 0.515625 0.625000
vt 0.500000 0.187500
vt 0.500000 0.593750
vt 0.500000 0.968750
vt 0.507812 1.000000
vt 0.500000 0.125000
vt 0.515625 0.531250
vt 0.500000 0.562500
vt 0.500000 0.937500
vt 0.500000 0.500000
vt 0.500000 0.906250
vt 0.500000 0.093750
vt 0.515625 0.468750
vt 0.500000 0.875000
vt 0.515625 0.875000
vt 0.500000 0.031250
vt 0.500000 0.437500
vt 0.507812 0.000000
vt 0.500000 0.406250
vt 0.500000 0.812500
vt 0.515625 0.375000
vt 0.500000 0.781250
vt 0.500000 0.343750
vt 0.515625 0.750000
vt 0.500000 0.718750
vt 0.484375 0.218750
vt 0.500000 0.250000
vt 0.484375 0.656250
vt 0.500000 0.656250
vt 0.484375 0.593750
vt 0.500000 0.156250
vt 0.484375 0.187500
vt 0.484375 0.968750
vt 0.492188 1.000000
vt 0.484375 0.125000
vt 0.500000 0.531250
vt 0.484375 0.562500
vt 0.484375 0.937500
vt 0.484375 0.500000
vt 0.484375 0.062500
vt 0.500000 0.062500
vt 0.500000 0.468750
vt 0.484375 0.875000
vt 0.484375 0.031250
vt 0.484375 0.437500
vt 0.500000 0.843750
vt 0.492188 0.000000
vt 0.484375 0.406250
vt 0.484375 0.812500
vt 0.500000 0.375000
vt 0.484375 0.781250
vt 0.484375 0.343750
vt 0.500000 0.750000
vt 0.484375 0.312500
vt 0.484375 0.718750
vt 0.484375 0.687500
vt 0.484375 0.281250
vt 0.484375 0.156250
vt 0.468750 0.187500
vt 0.468750 0.593750
vt 0.468750 0.968750
vt 0.476562 1.000000
vt 0.468750 0.156250
vt 0.484375 0.531250
vt 0.468750 0.562500
vt 0.468750 0.937500
vt 0.484375 0.093750
vt 0.468750 0.125000
vt 0.468750 0.500000
vt 0.484375 0.906250
vt 0.468750 0.062500
vt 0.484375 0.468750
vt 0.468750 0.875000
vt 0.468750 0.031250
vt 0.468750 0.437500
vt 0.468750 0.843750
vt 0.484375 0.843750
vt 0.476562 0.000000
vt 0.468750 0.406250
vt 0.468750 0.812500
vt 0.484375 0.375000
vt 0.468750 0.781250
vt 0.468750 0.343750
vt 0.484375 0.750000
vt 0.468750 0.312500
vt 0.468750 0.718750
vt 0.468750 0.687500
vt 0.484375 0.250000
vt 0.468750 0.281250
vt 0.468750 0.218750
vt 0.468750 0.625000
vt 0.484375 0.625000
vt 0.453125 0.937500
vt 0.468750 0.093750
vt 0.453125 0.125000
vt 0.453125 0.500000
vt 0.468750 0.531250
vt 0.453125 0.906250
vt 0.468750 0.906250
vt 0.453125 0.062500
vt 0.468750 0.468750
vt 0.453125 0.875000
vt 0.453125 0.031250
vt 0.453125 0.437500
vt 0.453125 0.843750
vt 0.460938 0.000000
vt 0.453125 0.406250
vt 0.453125 0.812500
vt 0.468750 0.375000
vt 0.453125 0.375000
vt 0.468750 0.750000
vt 0.453125 0.781250
vt 0.453125 0.312500
vt 0.453125 0.718750
vt 0.453125 0.281250
vt 0.453125 0.687500
vt 0.468750 0.250000
vt 0.468750 0.656250
vt 0.453125 0.218750
vt 0.453125 0.625000
vt 0.453125 0.187500
vt 0.453125 0.593750
vt 0.453125 0.156250
vt 0.453125 0.968750
vt 0.460938 1.000000
vt 0.453125 0.562500
vt 0.437500 0.875000
vt 0.437500 0.031250
vt 0.437500 0.437500
vt 0.453125 0.468750
vt 0.445312 0.000000
vt 0.437500 0.406250
vt 0.437500 0.812500
vt 0.453125 0.343750
vt 0.437500 0.375000
vt 0.453125 0.750000
vt 0.437500 0.781250
vt 0.437500 0.312500
vt 0.437500 0.718750
vt 0.437500 0.687500
vt 0.453125 0.250000
vt 0.437500 0.281250
vt 0.453125 0.656250
vt 0.437500 0.218750
vt 0.437500 0.625000
vt 0.437500 0.187500
vt 0.437500 0.593750
vt 0.437500 0.968750
vt 0.445312 1.000000
vt 0.437500 0.125000
vt 0.453125 0.531250
vt 0.437500 0.562500
vt 0.437500 0.937500
vt 0.453125 0.093750
vt 0.437500 0.500000
vt 0.437500 0.906250
vt 0.437500 0.062500
vt 0.421875 0.812500
vt 0.437500 0.843750
vt 0.421875 0.406250
vt 0.437500 0.343750
vt 0.421875 0.375000
vt 0.437500 0.750000
vt 0.421875 0.781250
vt 0.421875 0.312500
vt 0.421875 0.718750
vt 0.421875 0.281250
vt 0.421875 0.687500
vt 0.437500 0.250000
vt 0.437500 0.656250
vt 0.421875 0.218750
vt 0.421875 0.625000
vt 0.421875 0.187500
vt 0.421875 0.593750
vt 0.437500 0.156250
vt 0.421875 0.562500
vt 0.421875 0.968750
vt 0.429688 1.000000
vt 0.421875 0.125000
vt 0.437500 0.531250
vt 0.421875 0.937500
vt 0.437500 0.093750
vt 0.421875 0.500000
vt 0.421875 0.906250
vt 0.421875 0.062500
vt 0.437500 0.468750
vt 0.421875 0.875000
vt 0.421875 0.437500
vt 0.429688 0.000000
vt 0.421875 0.031250
vt 0.421875 0.750000
vt 0.406250 0.781250
vt 0.406250 0.312500
vt 0.421875 0.343750
vt 0.406250 0.718750
vt 0.406250 0.281250
vt 0.421875 0.250000
vt 0.421875 0.656250
vt 0.406250 0.687500
vt 0.406250 0.218750
vt 0.406250 0.625000
vt 0.406250 0.187500
vt 0.406250 0.593750
vt 0.421875 0.156250
vt 0.406250 0.968750
vt 0.414062 1.000000
vt 0.406250 0.156250
vt 0.421875 0.531250
vt 0.406250 0.562500
vt 0.406250 0.937500
vt 0.406250 0.093750
vt 0.421875 0.093750
vt 0.406250 0.500000
vt 0.406250 0.062500
vt 0.421875 0.468750
vt 0.406250 0.875000
vt 0.406250 0.437500
vt 0.406250 0.843750
vt 0.421875 0.843750
vt 0.414062 0.000000
vt 0.406250 0.031250
vt 0.406250 0.406250
vt 0.406250 0.812500
vt 0.406250 0.375000
vt 0.390625 0.687500
vt 0.406250 0.250000
vt 0.390625 0.281250
vt 0.406250 0.656250
vt 0.390625 0.218750
vt 0.390625 0.656250
vt 0.390625 0.187500
vt 0.390625 0.593750
vt 0.390625 0.968750
vt 0.398437 1.000000
vt 0.390625 0.125000
vt 0.406250 0.125000
vt 0.406250 0.531250
vt 0.390625 0.562500
vt 0.390625 0.937500
vt 0.390625 0.500000
vt 0.406250 0.906250
vt 0.390625 0.062500
vt 0.390625 0.468750
vt 0.406250 0.468750
vt 0.390625 0.875000
vt 0.390625 0.437500
vt 0.390625 0.843750
vt 0.398437 0.000000
vt 0.390625 0.031250
vt 0.390625 0.406250
vt 0.390625 0.812500
vt 0.390625 0.343750
vt 0.406250 0.343750
vt 0.406250 0.750000
vt 0.390625 0.781250
vt 0.390625 0.312500
vt 0.390625 0.718750
vt 0.390625 0.625000
vt 0.375000 0.656250
vt 0.375000 0.187500
vt 0.375000 0.593750
vt 0.390625 0.156250
vt 0.375000 0.562500
vt 0.375000 0.968750
vt 0.382812 1.000000
vt 0.375000 0.125000
vt 0.390625 0.531250
vt 0.375000 0.937500
vt 0.375000 0.093750
vt 0.390625 0.093750
vt 0.375000 0.531250
vt 0.375000 0.906250
vt 0.390625 0.906250
vt 0.375000 0.062500
vt 0.375000 0.468750
vt 0.375000 0.875000
vt 0.375000 0.437500
vt 0.375000 0.843750
vt 0.382812 0.000000
vt 0.375000 0.031250
vt 0.375000 0.812500
vt 0.390625 0.375000
vt 0.375000 0.406250
vt 0.375000 0.343750
vt 0.390625 0.750000
vt 0.375000 0.781250
vt 0.375000 0.312500
vt 0.375000 0.718750
vt 0.375000 0.281250
vt 0.390625 0.250000
vt 0.375000 0.687500
vt 0.375000 0.218750
vt 0.359375 0.562500
vt 0.359375 0.968750
vt 0.367188 1.000000
vt 0.359375 0.125000
vt 0.375000 0.156250
vt 0.359375 0.937500
vt 0.375000 0.500000
vt 0.359375 0.531250
vt 0.359375 0.906250
vt 0.359375 0.062500
vt 0.359375 0.468750
vt 0.359375 0.875000
vt 0.359375 0.031250
vt 0.359375 0.437500
vt 0.359375 0.843750
vt 0.367188 0.000000
vt 0.359375 0.812500
vt 0.375000 0.375000
vt 0.359375 0.406250
vt 0.359375 0.343750
vt 0.375000 0.750000
vt 0.359375 0.781250
vt 0.359375 0.312500
vt 0.359375 0.718750
vt 0.359375 0.281250
vt 0.375000 0.250000
vt 0.359375 0.687500
vt 0.359375 0.218750
vt 0.375000 0.625000
vt 0.359375 0.656250
vt 0.359375 0.187500
vt 0.359375 0.593750
vt 0.359375 0.500000
vt 0.343750 0.531250
vt 0.343750 0.937500
vt 0.343750 0.062500
vt 0.359375 0.093750
vt 0.343750 0.468750
vt 0.343750 0.906250
vt 0.343750 0.437500
vt 0.343750 0.843750
vt 0.351562 0.000000
vt 0.343750 0.031250
vt 0.343750 0.406250
vt 0.343750 0.812500
vt 0.359375 0.375000
vt 0.343750 0.781250
vt 0.343750 0.343750
vt 0.359375 0.750000
vt 0.343750 0.312500
vt 0.343750 0.718750
vt 0.343750 0.281250
vt 0.343750 0.687500
vt 0.359375 0.250000
vt 0.343750 0.218750
vt 0.359375 0.625000
vt 0.343750 0.656250
vt 0.343750 0.187500
vt 0.343750 0.593750
vt 0.359375 0.156250
vt 0.343750 0.562500
vt 0.343750 0.968750
vt 0.351562 1.000000
vt 0.343750 0.156250
vt 0.343750 0.093750
vt 0.343750 0.625000
vt 0.328125 0.656250
vt 0.328125 0.187500
vt 0.328125 0.593750
vt 0.328125 0.562500
vt 0.328125 0.968750
vt 0.335937 1.000000
vt 0.328125 0.125000
vt 0.343750 0.125000
vt 0.328125 0.937500
vt 0.328125 0.093750
vt 0.343750 0.500000
vt 0.328125 0.531250
vt 0.328125 0.906250
vt 0.328125 0.062500
vt 0.328125 0.468750
vt 0.328125 0.875000
vt 0.343750 0.875000
vt 0.328125 0.437500
vt 0.328125 0.843750
vt 0.335937 0.000000
vt 0.328125 0.031250
vt 0.328125 0.812500
vt 0.343750 0.375000
vt 0.328125 0.406250
vt 0.328125 0.343750
vt 0.343750 0.750000
vt 0.328125 0.781250
vt 0.328125 0.312500
vt 0.328125 0.718750
vt 0.328125 0.687500
vt 0.343750 0.250000
vt 0.328125 0.281250
vt 0.328125 0.218750
vt 0.312500 0.562500
vt 0.312500 0.968750
vt 0.320312 1.000000
vt 0.312500 0.125000
vt 0.328125 0.156250
vt 0.312500 0.937500
vt 0.312500 0.093750
vt 0.312500 0.500000
vt 0.328125 0.500000
vt 0.312500 0.062500
vt 0.312500 0.468750
vt 0.312500 0.906250
vt 0.312500 0.437500
vt 0.312500 0.843750
vt 0.320312 0.000000
vt 0.312500 0.031250
vt 0.312500 0.812500
vt 0.328125 0.375000
vt 0.312500 0.406250
vt 0.312500 0.781250
vt 0.312500 0.343750
vt 0.328125 0.750000
vt 0.312500 0.312500
vt 0.312500 0.718750
vt 0.312500 0.281250
vt 0.312500 0.687500
vt 0.328125 0.250000
vt 0.312500 0.218750
vt 0.328125 0.625000
vt 0.312500 0.656250
vt 0.312500 0.187500
vt 0.312500 0.593750
vt 0.296875 0.531250
vt 0.312500 0.531250
vt 0.296875 0.937500
vt 0.296875 0.062500
vt 0.296875 0.468750
vt 0.296875 0.875000
vt 0.312500 0.875000
vt 0.296875 0.031250
vt 0.296875 0.437500
vt 0.296875 0.843750
vt 0.304688 0.000000
vt 0.296875 0.812500
vt 0.312500 0.375000
vt 0.296875 0.406250
vt 0.296875 0.781250
vt 0.296875 0.343750
vt 0.312500 0.750000
vt 0.296875 0.312500
vt 0.296875 0.718750
vt 0.296875 0.687500
vt 0.312500 0.250000
vt 0.296875 0.281250
vt 0.296875 0.218750
vt 0.312500 0.625000
vt 0.296875 0.656250
vt 0.296875 0.593750
vt 0.312500 0.156250
vt 0.296875 0.187500
vt 0.296875 0.562500
vt 0.296875 0.968750
vt 0.304688 1.000000
vt 0.296875 0.125000
vt 0.281250 0.437500
vt 0.281250 0.843750
vt 0.289062 0.000000
vt 0.281250 0.031250
vt 0.281250 0.812500
vt 0.296875 0.375000
vt 0.281250 0.406250
vt 0.281250 0.781250
vt 0.281250 0.343750
vt 0.296875 0.750000
vt 0.281250 0.312500
vt 0.281250 0.718750
vt 0.281250 0.687500
vt 0.296875 0.250000
vt 0.281250 0.281250
vt 0.281250 0.218750
vt 0.281250 0.625000
vt 0.296875 0.625000
vt 0.281250 0.187500
vt 0.281250 0.593750
vt 0.296875 0.156250
vt 0.281250 0.562500
vt 0.281250 0.968750
vt 0.289062 1.000000
vt 0.281250 0.125000
vt 0.281250 0.937500
vt 0.281250 0.093750
vt 0.296875 0.093750
vt 0.296875 0.500000
vt 0.281250 0.531250
vt 0.296875 0.906250
vt 0.281250 0.062500
vt 0.281250 0.468750
vt 0.281250 0.875000
vt 0.281250 0.375000
vt 0.265625 0.406250
vt 0.265625 0.781250
vt 0.265625 0.375000
vt 0.281250 0.750000
vt 0.265625 0.312500
vt 0.265625 0.718750
vt 0.265625 0.687500
vt 0.281250 0.250000
vt 0.265625 0.281250
vt 0.281250 0.656250
vt 0.265625 0.218750
vt 0.265625 0.625000
vt 0.265625 0.187500
vt 0.265625 0.593750
vt 0.281250 0.156250
vt 0.265625 0.562500
vt 0.265625 0.968750
vt 0.273438 1.000000
vt 0.265625 0.125000
vt 0.265625 0.937500
vt 0.265625 0.093750
vt 0.281250 0.500000
vt 0.265625 0.531250
vt 0.265625 0.906250
vt 0.281250 0.906250
vt 0.265625 0.062500
vt 0.265625 0.468750
vt 0.265625 0.437500
vt 0.265625 0.843750
vt 0.273438 0.000000
vt 0.265625 0.031250
vt 0.265625 0.812500
vt 0.250000 0.312500
vt 0.265625 0.343750
vt 0.250000 0.718750
vt 0.265625 0.750000
vt 0.250000 0.687500
vt 0.265625 0.250000
vt 0.250000 0.281250
vt 0.265625 0.656250
vt 0.250000 0.218750
vt 0.250000 0.625000
vt 0.250000 0.187500
vt 0.250000 0.593750
vt 0.265625 0.156250
vt 0.250000 0.562500
vt 0.250000 0.968750
vt 0.257812 1.000000
vt 0.250000 0.125000
vt 0.265625 0.500000
vt 0.250000 0.531250
vt 0.250000 0.906250
vt 0.250000 0.062500
vt 0.250000 0.468750
vt 0.250000 0.875000
vt 0.265625 0.875000
vt 0.250000 0.031250
vt 0.250000 0.437500
vt 0.257812 0.000000
vt 0.250000 0.812500
vt 0.250000 0.406250
vt 0.250000 0.781250
vt 0.250000 0.343750
vt 0.250000 0.250000
vt 0.234375 0.281250
vt 0.250000 0.656250
vt 0.234375 0.687500
vt 0.234375 0.218750
vt 0.234375 0.656250
vt 0.234375 0.625000
vt 0.250000 0.156250
vt 0.234375 0.187500
vt 0.234375 0.562500
vt 0.234375 0.968750
vt 0.242187 1.000000
vt 0.234375 0.125000
vt 0.234375 0.937500
vt 0.250000 0.937500
vt 0.250000 0.093750
vt 0.250000 0.500000
vt 0.234375 0.531250
vt 0.234375 0.062500
vt 0.234375 0.468750
vt 0.234375 0.875000
vt 0.234375 0.031250
vt 0.234375 0.437500
vt 0.250000 0.843750
vt 0.242187 0.000000
vt 0.234375 0.812500
vt 0.234375 0.375000
vt 0.250000 0.375000
vt 0.234375 0.781250
vt 0.234375 0.343750
vt 0.250000 0.750000
vt 0.234375 0.312500
vt 0.234375 0.718750
vt 0.218750 0.187500
vt 0.218750 0.593750
vt 0.234375 0.593750
vt 0.234375 0.156250
vt 0.218750 0.562500
vt 0.218750 0.968750
vt 0.226562 1.000000
vt 0.218750 0.125000
vt 0.234375 0.093750
vt 0.234375 0.500000
vt 0.218750 0.531250
vt 0.234375 0.906250
vt 0.218750 0.937500
vt 0.218750 0.062500
vt 0.218750 0.468750
vt 0.218750 0.875000
vt 0.218750 0.031250
vt 0.218750 0.437500
vt 0.218750 0.843750
vt 0.234375 0.843750
vt 0.226562 0.000000
vt 0.234375 0.406250
vt 0.218750 0.812500
vt 0.218750 0.406250
vt 0.218750 0.343750
vt 0.234375 0.750000
vt 0.218750 0.781250
vt 0.218750 0.312500
vt 0.218750 0.718750
vt 0.218750 0.281250
vt 0.234375 0.250000
vt 0.218750 0.687500
vt 0.218750 0.218750
vt 0.218750 0.656250
vt 0.203125 0.968750
vt 0.210938 1.000000
vt 0.203125 0.156250
vt 0.218750 0.156250
vt 0.203125 0.562500
vt 0.203125 0.937500
vt 0.218750 0.093750
vt 0.203125 0.125000
vt 0.218750 0.500000
vt 0.203125 0.531250
vt 0.203125 0.906250
vt 0.218750 0.906250
vt 0.203125 0.062500
vt 0.203125 0.468750
vt 0.203125 0.875000
vt 0.203125 0.437500
vt 0.203125 0.843750
vt 0.210938 0.000000
vt 0.203125 0.031250
vt 0.203125 0.812500
vt 0.203125 0.375000
vt 0.218750 0.375000
vt 0.203125 0.781250
vt 0.203125 0.343750
vt 0.218750 0.750000
vt 0.203125 0.312500
vt 0.203125 0.718750
vt 0.203125 0.687500
vt 0.218750 0.250000
vt 0.203125 0.281250
vt 0.203125 0.218750
vt 0.218750 0.625000
vt 0.203125 0.656250
vt 0.203125 0.187500
vt 0.203125 0.625000
vt 0.187500 0.906250
vt 0.187500 0.062500
vt 0.203125 0.093750
vt 0.187500 0.468750
vt 0.203125 0.500000
vt 0.187500 0.875000
vt 0.187500 0.031250
vt 0.187500 0.437500
vt 0.187500 0.843750
vt 0.195312 0.000000
vt 0.203125 0.406250
vt 0.187500 0.812500
vt 0.187500 0.375000
vt 0.203125 0.750000
vt 0.187500 0.781250
vt 0.187500 0.312500
vt 0.187500 0.718750
vt 0.187500 0.281250
vt 0.187500 0.687500
vt 0.203125 0.250000
vt 0.187500 0.218750
vt 0.187500 0.625000
vt 0.203125 0.593750
vt 0.187500 0.187500
vt 0.187500 0.562500
vt 0.187500 0.968750
vt 0.195312 1.000000
vt 0.187500 0.125000
vt 0.187500 0.093750
vt 0.187500 0.531250
vt 0.171875 0.875000
vt 0.179687 0.000000
vt 0.171875 0.031250
vt 0.187500 0.406250
vt 0.171875 0.437500
vt 0.171875 0.812500
vt 0.171875 0.375000
vt 0.171875 0.343750
vt 0.187500 0.343750
vt 0.187500 0.750000
vt 0.171875 0.781250
vt 0.171875 0.312500
vt 0.171875 0.718750
vt 0.171875 0.687500
vt 0.187500 0.250000
vt 0.171875 0.281250
vt 0.187500 0.656250
vt 0.171875 0.218750
vt 0.171875 0.625000
vt 0.171875 0.187500
vt 0.187500 0.593750
vt 0.187500 0.156250
vt 0.171875 0.562500
vt 0.171875 0.968750
vt 0.179687 1.000000
vt 0.171875 0.125000
vt 0.171875 0.937500
vt 0.187500 0.937500
vt 0.187500 0.500000
vt 0.171875 0.531250
vt 0.171875 0.906250
vt 0.171875 0.062500
vt 0.171875 0.468750
vt 0.156250 0.812500
vt 0.156250 0.375000
vt 0.171875 0.750000
vt 0.156250 0.781250
vt 0.156250 0.312500
vt 0.156250 0.718750
vt 0.156250 0.281250
vt 0.171875 0.250000
vt 0.171875 0.656250
vt 0.156250 0.687500
vt 0.156250 0.218750
vt 0.156250 0.625000
vt 0.156250 0.187500
vt 0.171875 0.593750
vt 0.171875 0.156250
vt 0.156250 0.562500
vt 0.156250 0.968750
vt 0.164062 1.000000
vt 0.156250 0.125000
vt 0.156250 0.937500
vt 0.156250 0.093750
vt 0.171875 0.093750
vt 0.171875 0.500000
vt 0.156250 0.531250
vt 0.156250 0.906250
vt 0.156250 0.062500
vt 0.156250 0.468750
vt 0.156250 0.875000
vt 0.156250 0.031250
vt 0.156250 0.437500
vt 0.156250 0.843750
vt 0.171875 0.843750
vt 0.164062 0.000000
vt 0.171875 0.406250
vt 0.140625 0.718750
vt 0.156250 0.750000
vt 0.140625 0.281250
vt 0.140625 0.687500
vt 0.156250 0.250000
vt 0.156250 0.656250
vt 0.140625 0.218750
vt 0.140625 0.656250
vt 0.156250 0.593750
vt 0.140625 0.625000
vt 0.156250 0.156250
vt 0.140625 0.187500
vt 0.140625 0.562500
vt 0.140625 0.968750
vt 0.148437 1.000000
vt 0.140625 0.125000
vt 0.140625 0.937500
vt 0.156250 0.500000
vt 0.140625 0.531250
vt 0.140625 0.062500
vt 0.140625 0.468750
vt 0.140625 0.875000
vt 0.140625 0.437500
vt 0.140625 0.843750
vt 0.148437 0.000000
vt 0.140625 0.031250
vt 0.156250 0.406250
vt 0.140625 0.812500
vt 0.140625 0.375000
vt 0.140625 0.781250
vt 0.140625 0.343750
vt 0.156250 0.343750
vt 0.140625 0.312500
vt 0.125000 0.687500
vt 0.125000 0.218750
vt 0.140625 0.250000
vt 0.125000 0.656250
vt 0.125000 0.187500
vt 0.140625 0.593750
vt 0.125000 0.625000
vt 0.140625 0.156250
vt 0.125000 0.562500
vt 0.125000 0.968750
vt 0.132812 1.000000
vt 0.125000 0.156250
vt 0.125000 0.937500
vt 0.140625 0.093750
vt 0.125000 0.125000
vt 0.140625 0.500000
vt 0.125000 0.531250
vt 0.140625 0.906250
vt 0.125000 0.062500
vt 0.125000 0.468750
vt 0.125000 0.875000
vt 0.125000 0.437500
vt 0.125000 0.843750
vt 0.132812 0.000000
vt 0.125000 0.031250
vt 0.140625 0.406250
vt 0.125000 0.812500
vt 0.125000 0.375000
vt 0.125000 0.781250
vt 0.125000 0.343750
vt 0.140625 0.750000
vt 0.125000 0.312500
vt 0.125000 0.718750
vt 0.125000 0.281250
vt 0.109375 0.593750
vt 0.125000 0.593750
vt 0.109375 0.187500
vt 0.109375 0.562500
vt 0.109375 0.968750
vt 0.117188 1.000000
vt 0.109375 0.125000
vt 0.109375 0.937500
vt 0.125000 0.093750
vt 0.125000 0.500000
vt 0.109375 0.531250
vt 0.125000 0.906250
vt 0.109375 0.062500
vt 0.109375 0.468750
vt 0.109375 0.875000
vt 0.109375 0.437500
vt 0.109375 0.843750
vt 0.117188 0.000000
vt 0.109375 0.031250
vt 0.125000 0.406250
vt 0.109375 0.812500
vt 0.109375 0.406250
vt 0.109375 0.781250
vt 0.109375 0.343750
vt 0.125000 0.750000
vt 0.109375 0.312500
vt 0.109375 0.718750
vt 0.109375 0.281250
vt 0.125000 0.250000
vt 0.109375 0.687500
vt 0.109375 0.218750
vt 0.109375 0.656250
vt 0.093750 0.562500
vt 0.093750 0.937500
vt 0.093750 0.093750
vt 0.109375 0.093750
vt 0.109375 0.500000
vt 0.093750 0.531250
vt 0.109375 0.906250
vt 0.093750 0.062500
vt 0.093750 0.468750
vt 0.093750 0.875000
vt 0.093750 0.437500
vt 0.093750 0.843750
vt 0.101562 0.000000
vt 0.093750 0.031250
vt 0.093750 0.812500
vt 0.093750 0.375000
vt 0.109375 0.375000
vt 0.093750 0.781250
vt 0.093750 0.343750
vt 0.109375 0.750000
vt 0.093750 0.312500
vt 0.093750 0.718750
vt 0.093750 0.281250
vt 0.093750 0.687500
vt 0.109375 0.250000
vt 0.093750 0.218750
vt 0.109375 0.625000
vt 0.093750 0.656250
vt 0.093750 0.625000
vt 0.109375 0.156250
vt 0.093750 0.187500
vt 0.093750 0.968750
vt 0.101562 1.000000
vt 0.093750 0.125000
vt 0.078125 0.468750
vt 0.093750 0.500000
vt 0.078125 0.875000
vt 0.093750 0.906250
vt 0.078125 0.062500
vt 0.078125 0.437500
vt 0.078125 0.843750
vt 0.085937 0.000000
vt 0.078125 0.031250
vt 0.093750 0.406250
vt 0.078125 0.812500
vt 0.078125 0.406250
vt 0.078125 0.781250
vt 0.078125 0.343750
vt 0.093750 0.750000
vt 0.078125 0.312500
vt 0.078125 0.718750
vt 0.078125 0.281250
vt 0.093750 0.250000
vt 0.078125 0.687500
vt 0.078125 0.218750
vt 0.078125 0.656250
vt 0.078125 0.187500
vt 0.078125 0.593750
vt 0.093750 0.593750
vt 0.093750 0.156250
vt 0.078125 0.562500
vt 0.078125 0.968750
vt 0.085937 1.000000
vt 0.078125 0.125000
vt 0.078125 0.937500
vt 0.078125 0.531250
vt 0.062500 0.437500
vt 0.062500 0.812500
vt 0.062500 0.375000
vt 0.078125 0.375000
vt 0.062500 0.781250
vt 0.062500 0.343750
vt 0.078125 0.750000
vt 0.062500 0.312500
vt 0.062500 0.718750
vt 0.062500 0.687500
vt 0.078125 0.250000
vt 0.062500 0.281250
vt 0.062500 0.218750
vt 0.078125 0.625000
vt 0.062500 0.656250
vt 0.062500 0.187500
vt 0.062500 0.625000
vt 0.078125 0.156250
vt 0.062500 0.562500
vt 0.062500 0.968750
vt 0.070312 1.000000
vt 0.062500 0.125000
vt 0.062500 0.937500
vt 0.062500 0.093750
vt 0.078125 0.093750
vt 0.078125 0.500000
vt 0.062500 0.531250
vt 0.078125 0.906250
vt 0.062500 0.062500
vt 0.062500 0.468750
vt 0.062500 0.875000
vt 0.062500 0.843750
vt 0.070312 0.000000
vt 0.062500 0.031250
vt 0.046875 0.343750
vt 0.062500 0.750000
vt 0.046875 0.781250
vt 0.046875 0.312500
vt 0.046875 0.718750
vt 0.046875 0.687500
vt 0.062500 0.250000
vt 0.046875 0.281250
vt 0.046875 0.218750
vt 0.046875 0.656250
vt 0.046875 0.187500
vt 0.046875 0.593750
vt 0.062500 0.593750
vt 0.062500 0.156250
vt 0.046875 0.562500
vt 0.046875 0.968750
vt 0.054688 1.000000
vt 0.046875 0.125000
vt 0.046875 0.937500
vt 0.062500 0.500000
vt 0.046875 0.531250
vt 0.046875 0.906250
vt 0.062500 0.906250
vt 0.046875 0.062500
vt 0.046875 0.468750
vt 0.046875 0.875000
vt 0.046875 0.031250
vt 0.046875 0.437500
vt 0.046875 0.843750
vt 0.054688 0.000000
vt 0.062500 0.406250
vt 0.046875 0.812500
vt 0.046875 0.406250
vt 0.031250 0.312500
vt 0.031250 0.687500
vt 0.046875 0.250000
vt 0.031250 0.281250
vt 0.031250 0.218750
vt 0.046875 0.625000
vt 0.031250 0.656250
vt 0.031250 0.593750
vt 0.046875 0.156250
vt 0.031250 0.187500
vt 0.031250 0.562500
vt 0.031250 0.968750
vt 0.039062 1.000000
vt 0.031250 0.125000
vt 0.031250 0.937500
vt 0.031250 0.093750
vt 0.046875 0.093750
vt 0.046875 0.500000
vt 0.031250 0.531250
vt 0.031250 0.062500
vt 0.031250 0.468750
vt 0.031250 0.875000
vt 0.031250 0.031250
vt 0.031250 0.437500
vt 0.039062 0.000000
vt 0.031250 0.812500
vt 0.046875 0.375000
vt 0.031250 0.406250
vt 0.031250 0.781250
vt 0.031250 0.343750
vt 0.046875 0.750000
vt 0.031250 0.718750
vt 0.015625 0.218750
vt 0.031250 0.250000
vt 0.015625 0.625000
vt 0.031250 0.625000
vt 0.031250 0.156250
vt 0.015625 0.187500
vt 0.015625 0.562500
vt 0.015625 0.968750
vt 0.023438 1.000000
vt 0.015625 0.125000
vt 0.015625 0.937500
vt 0.015625 0.093750
vt 0.031250 0.500000
vt 0.015625 0.531250
vt 0.015625 0.906250
vt 0.031250 0.906250
vt 0.015625 0.062500
vt 0.015625 0.468750
vt 0.015625 0.437500
vt 0.015625 0.843750
vt 0.031250 0.843750
vt 0.023438 0.000000
vt 0.015625 0.031250
vt 0.015625 0.812500
vt 0.015625 0.375000
vt 0.031250 0.375000
vt 0.015625 0.781250
vt 0.015625 0.343750
vt 0.031250 0.750000
vt 0.015625 0.312500
vt 0.015625 0.718750
vt 0.015625 0.687500
vt 0.015625 0.281250
vt 0.015625 0.156250
vt 0.000000 0.187500
vt 0.000000 0.562500
vt 0.015625 0.593750
vt 0.000000 0.968750
vt 0.007812 1.000000
vt 0.000000 0.125000
vt 0.000000 0.937500
vt 0.015625 0.500000
vt 0.000000 0.531250
vt 0.000000 0.906250
vt 0.000000 0.062500
vt 0.000000 0.468750
vt 0.000000 0.875000
vt 0.015625 0.875000
vt 0.000000 0.437500
vt 0.000000 0.843750
vt 0.007812 0.000000
vt 0.000000 0.031250
vt 0.015625 0.406250
vt 0.000000 0.812500
vt 0.000000 0.406250
vt 0.000000 0.781250
vt 0.000000 0.343750
vt 0.015625 0.750000
vt 0.000000 0.312500
vt 0.000000 0.718750
vt 0.000000 0.687500
vt 0.015625 0.250000
vt 0.000000 0.281250
vt 0.015625 0.656250
vt 0.000000 0.218750
vt 0.000000 0.656250
vt 0.000000 0.593750
vt 0.984375 0.093750
vt 1.000000 0.125000
vt 1.000000 0.093750
vt 1.000000 0.500000
vt 0.984375 0.531250
vt 1.000000 0.531250
vt 1.000000 0.906250
vt 0.984375 0.937500
vt 1.000000 0.937500
vt 0.984375 0.062500
vt 1.000000 0.062500
vt 0.984375 0.468750
vt 1.000000 0.468750
vt 0.984375 0.875000
vt 1.000000 0.875000
vt 1.000000 0.031250
vt 0.984375 0.437500
vt 1.000000 0.437500
vt 0.984375 0.843750
vt 1.000000 0.843750
vt 0.992188 0.000000
vt 0.984375 0.031250
vt 1.000000 0.406250
vt 0.984375 0.812500
vt 1.000000 0.812500
vt 0.984375 0.375000
vt 1.000000 0.375000
vt 0.984375 0.781250
vt 1.000000 0.781250
vt 0.984375 0.343750
vt 1.000000 0.343750
vt 1.000000 0.750000
vt 0.984375 0.312500
vt 1.000000 0.312500
vt 0.984375 0.718750
vt 1.000000 0.718750
vt 1.000000 0.281250
vt 0.984375 0.687500
vt 1.000000 0.687500
vt 1.000000 0.250000
vt 0.984375 0.281250
vt 1.000000 0.656250
vt 0.984375 0.218750
vt 1.000000 0.218750
vt 0.984375 0.625000
vt 1.000000 0.625000
vt 1.000000 0.187500
vt 1.000000 0.593750
vt 1.000000 0.156250
vt 0.984375 0.187500
vt 0.984375 0.562500
vt 1.000000 0.562500
vt 1.000000 0.968750
vt 0.984375 0.968750
vt 0.992188 1.000000
vt 0.984375 0.125000
vt 0.968750 0.031250
vt 0.968750 0.437500
vt 0.968750 0.875000
vt 0.976562 0.000000
vt 0.984375 0.406250
vt 0.968750 0.812500
vt 0.968750 0.375000
vt 0.968750 0.781250
vt 0.968750 0.343750
vt 0.984375 0.750000
vt 0.968750 0.312500
vt 0.968750 0.718750
vt 0.968750 0.687500
vt 0.984375 0.250000
vt 0.968750 0.281250
vt 0.984375 0.656250
vt 0.968750 0.218750
vt 0.968750 0.656250
vt 0.968750 0.187500
vt 0.984375 0.593750
vt 0.968750 0.625000
vt 0.984375 0.156250
vt 0.968750 0.562500
vt 0.968750 0.968750
vt 0.976562 1.000000
vt 0.968750 0.125000
vt 0.968750 0.937500
vt 0.984375 0.500000
vt 0.968750 0.531250
vt 0.968750 0.906250
vt 0.984375 0.906250
vt 0.968750 0.062500
vt 0.968750 0.468750
vt 0.953125 0.375000
vt 0.968750 0.406250
vt 0.953125 0.781250
vt 0.953125 0.343750
vt 0.968750 0.750000
vt 0.953125 0.312500
vt 0.953125 0.718750
vt 0.953125 0.687500
vt 0.968750 0.250000
vt 0.953125 0.281250
vt 0.953125 0.218750
vt 0.953125 0.656250
vt 0.968750 0.593750
vt 0.953125 0.625000
vt 0.968750 0.156250
vt 0.953125 0.187500
vt 0.953125 0.562500
vt 0.953125 0.968750
vt 0.960938 1.000000
vt 0.953125 0.125000
vt 0.953125 0.937500
vt 0.968750 0.093750
vt 0.968750 0.500000
vt 0.953125 0.531250
vt 0.953125 0.906250
vt 0.953125 0.093750
vt 0.953125 0.468750
vt 0.953125 0.875000
vt 0.953125 0.062500
vt 0.953125 0.437500
vt 0.953125 0.843750
vt 0.968750 0.843750
vt 0.960938 0.000000
vt 0.953125 0.031250
vt 0.953125 0.812500
vt 0.953125 0.156250
vt 0.937500 0.187500
vt 0.937500 0.562500
vt 0.953125 0.593750
vt 0.937500 0.968750
vt 0.945312 1.000000
vt 0.937500 0.156250
vt 0.937500 0.937500
vt 0.937500 0.125000
vt 0.953125 0.500000
vt 0.937500 0.531250
vt 0.937500 0.906250
vt 0.937500 0.062500
vt 0.937500 0.468750
vt 0.937500 0.875000
vt 0.937500 0.031250
vt 0.937500 0.437500
vt 0.937500 0.843750
vt 0.945312 0.000000
vt 0.953125 0.406250
vt 0.937500 0.812500
vt 0.937500 0.375000
vt 0.937500 0.781250
vt 0.937500 0.343750
vt 0.953125 0.750000
vt 0.937500 0.312500
vt 0.937500 0.718750
vt 0.937500 0.687500
vt 0.953125 0.250000
vt 0.937500 0.281250
vt 0.937500 0.218750
vt 0.937500 0.656250
vt 0.937500 0.625000
vt 0.921875 0.093750
vt 0.937500 0.093750
vt 0.937500 0.500000
vt 0.921875 0.531250
vt 0.921875 0.906250
vt 0.921875 0.062500
vt 0.921875 0.468750
vt 0.921875 0.031250
vt 0.921875 0.437500
vt 0.921875 0.875000
vt 0.929687 0.000000
vt 0.937500 0.406250
vt 0.921875 0.812500
vt 0.921875 0.375000
vt 0.921875 0.343750
vt 0.937500 0.750000
vt 0.921875 0.781250
vt 0.921875 0.312500
vt 0.921875 0.718750
vt 0.921875 0.687500
vt 0.937500 0.250000
vt 0.921875 0.281250
vt 0.921875 0.218750
vt 0.921875 0.656250
vt 0.921875 0.187500
vt 0.921875 0.593750
vt 0.937500 0.593750
vt 0.921875 0.562500
vt 0.921875 0.968750
vt 0.929687 1.000000
vt 0.921875 0.125000
vt 0.906250 0.062500
vt 0.906250 0.437500
vt 0.921875 0.843750
vt 0.906250 0.875000
vt 0.914062 0.000000
vt 0.906250 0.031250
vt 0.921875 0.406250
vt 0.906250 0.812500
vt 0.906250 0.375000
vt 0.906250 0.781250
vt 0.906250 0.343750
vt 0.921875 0.750000
vt 0.906250 0.312500
vt 0.906250 0.718750
vt 0.906250 0.281250
vt 0.906250 0.687500
vt 0.921875 0.250000
vt 0.906250 0.218750
vt 0.921875 0.625000
vt 0.906250 0.656250
vt 0.906250 0.625000
vt 0.921875 0.156250
vt 0.906250 0.187500
vt 0.906250 0.562500
vt 0.906250 0.968750
vt 0.914062 1.000000
vt 0.906250 0.125000
vt 0.906250 0.937500
vt 0.921875 0.937500
vt 0.906250 0.093750
vt 0.921875 0.500000
vt 0.906250 0.531250
vt 0.906250 0.906250
vt 0.906250 0.468750
vt 0.890625 0.375000
vt 0.906250 0.406250
vt 0.890625 0.812500
vt 0.890625 0.343750
vt 0.906250 0.750000
vt 0.890625 0.781250
vt 0.890625 0.312500
vt 0.890625 0.718750
vt 0.890625 0.687500
vt 0.906250 0.250000
vt 0.890625 0.281250
vt 0.890625 0.218750
vt 0.890625 0.625000
vt 0.890625 0.187500
vt 0.906250 0.593750
vt 0.906250 0.156250
vt 0.890625 0.562500
vt 0.890625 0.968750
vt 0.898438 1.000000
vt 0.890625 0.125000
vt 0.890625 0.937500
vt 0.906250 0.500000
vt 0.890625 0.531250
vt 0.890625 0.906250
vt 0.890625 0.062500
vt 0.890625 0.468750
vt 0.890625 0.875000
vt 0.890625 0.031250
vt 0.890625 0.437500
vt 0.906250 0.843750
vt 0.898438 0.000000
vt 0.875000 0.312500
vt 0.875000 0.718750
vt 0.890625 0.750000
vt 0.875000 0.687500
vt 0.890625 0.250000
vt 0.875000 0.281250
vt 0.890625 0.656250
vt 0.875000 0.218750
vt 0.875000 0.656250
vt 0.875000 0.187500
vt 0.890625 0.593750
vt 0.875000 0.625000
vt 0.890625 0.156250
vt 0.875000 0.562500
vt 0.875000 0.968750
vt 0.882812 1.000000
vt 0.875000 0.156250
vt 0.875000 0.937500
vt 0.875000 0.093750
vt 0.890625 0.093750
vt 0.890625 0.500000
vt 0.875000 0.531250
vt 0.875000 0.062500
vt 0.875000 0.468750
vt 0.875000 0.875000
vt 0.875000 0.437500
vt 0.890625 0.843750
vt 0.882812 0.000000
vt 0.875000 0.031250
vt 0.890625 0.406250
vt 0.875000 0.812500
vt 0.875000 0.375000
vt 0.875000 0.781250
vt 0.875000 0.343750
vt 0.875000 0.250000
vt 0.859375 0.281250
vt 0.859375 0.687500
vt 0.859375 0.218750
vt 0.859375 0.656250
vt 0.859375 0.593750
vt 0.875000 0.593750
vt 0.859375 0.187500
vt 0.859375 0.562500
vt 0.859375 0.968750
vt 0.867188 1.000000
vt 0.875000 0.125000
vt 0.859375 0.156250
vt 0.859375 0.531250
vt 0.859375 0.937500
vt 0.859375 0.093750
vt 0.875000 0.500000
vt 0.875000 0.906250
vt 0.859375 0.062500
vt 0.859375 0.468750
vt 0.859375 0.875000
vt 0.859375 0.031250
vt 0.859375 0.437500
vt 0.859375 0.843750
vt 0.875000 0.843750
vt 0.867188 0.000000
vt 0.875000 0.406250
vt 0.859375 0.812500
vt 0.859375 0.406250
vt 0.859375 0.781250
vt 0.859375 0.343750
vt 0.875000 0.750000
vt 0.859375 0.312500
vt 0.859375 0.718750
vt 0.843750 0.218750
vt 0.843750 0.625000
vt 0.859375 0.625000
vt 0.843750 0.187500
vt 0.843750 0.562500
vt 0.843750 0.968750
vt 0.851562 1.000000
vt 0.843750 0.125000
vt 0.859375 0.125000
vt 0.843750 0.937500
vt 0.843750 0.093750
vt 0.859375 0.500000
vt 0.843750 0.531250
vt 0.859375 0.906250
vt 0.843750 0.062500
vt 0.843750 0.468750
vt 0.843750 0.875000
vt 0.843750 0.437500
vt 0.851562 0.000000
vt 0.843750 0.031250
vt 0.843750 0.812500
vt 0.843750 0.375000
vt 0.859375 0.375000
vt 0.843750 0.781250
vt 0.843750 0.343750
vt 0.859375 0.750000
vt 0.843750 0.312500
vt 0.843750 0.718750
vt 0.843750 0.687500
vt 0.859375 0.250000
vt 0.843750 0.281250
vt 0.843750 0.656250
vt 0.828125 0.968750
vt 0.835938 1.000000
vt 0.828125 0.125000
vt 0.843750 0.156250
vt 0.828125 0.562500
vt 0.828125 0.937500
vt 0.828125 0.093750
vt 0.843750 0.500000
vt 0.828125 0.531250
vt 0.843750 0.906250
vt 0.828125 0.062500
vt 0.828125 0.468750
vt 0.828125 0.875000
vt 0.828125 0.437500
vt 0.828125 0.843750
vt 0.843750 0.843750
vt 0.835938 0.000000
vt 0.828125 0.031250
vt 0.843750 0.406250
vt 0.828125 0.812500
vt 0.828125 0.375000
vt 0.828125 0.781250
vt 0.828125 0.343750
vt 0.843750 0.750000
vt 0.828125 0.312500
vt 0.828125 0.718750
vt 0.828125 0.687500
vt 0.843750 0.250000
vt 0.828125 0.281250
vt 0.828125 0.218750
vt 0.828125 0.625000
vt 0.828125 0.187500
vt 0.843750 0.593750
vt 0.828125 0.906250
vt 0.812500 0.937500
vt 0.812500 0.062500
vt 0.812500 0.468750
vt 0.828125 0.500000
vt 0.812500 0.906250
vt 0.812500 0.031250
vt 0.812500 0.437500
vt 0.812500 0.875000
vt 0.820312 0.000000
vt 0.828125 0.406250
vt 0.812500 0.812500
vt 0.812500 0.375000
vt 0.812500 0.781250
vt 0.828125 0.750000
vt 0.812500 0.312500
vt 0.812500 0.718750
vt 0.812500 0.687500
vt 0.828125 0.250000
vt 0.812500 0.281250
vt 0.828125 0.656250
vt 0.812500 0.218750
vt 0.812500 0.625000
vt 0.812500 0.187500
vt 0.828125 0.593750
vt 0.828125 0.156250
vt 0.812500 0.562500
vt 0.812500 0.968750
vt 0.820312 1.000000
vt 0.812500 0.125000
vt 0.812500 0.093750
vt 0.812500 0.531250
vt 0.796875 0.843750
vt 0.812500 0.843750
vt 0.804688 0.000000
vt 0.796875 0.031250
vt 0.812500 0.406250
vt 0.796875 0.437500
vt 0.796875 0.812500
vt 0.796875 0.375000
vt 0.796875 0.343750
vt 0.812500 0.343750
vt 0.812500 0.750000
vt 0.796875 0.781250
vt 0.796875 0.312500
vt 0.796875 0.718750
vt 0.796875 0.687500
vt 0.812500 0.250000
vt 0.796875 0.281250
vt 0.812500 0.656250
vt 0.796875 0.218750
vt 0.796875 0.625000
vt 0.796875 0.187500
vt 0.812500 0.593750
vt 0.796875 0.156250
vt 0.812500 0.156250
vt 0.796875 0.562500
vt 0.796875 0.968750
vt 0.804688 1.000000
vt 0.796875 0.937500
vt 0.796875 0.093750
vt 0.812500 0.500000
vt 0.796875 0.531250
vt 0.796875 0.906250
vt 0.796875 0.062500
vt 0.796875 0.468750
vt 0.796875 0.875000
vt 0.781250 0.781250
vt 0.781250 0.375000
vt 0.796875 0.750000
vt 0.781250 0.312500
vt 0.781250 0.718750
vt 0.781250 0.687500
vt 0.796875 0.250000
vt 0.781250 0.281250
vt 0.796875 0.656250
vt 0.781250 0.218750
vt 0.781250 0.625000
vt 0.796875 0.593750
vt 0.781250 0.187500
vt 0.781250 0.562500
vt 0.781250 0.968750
vt 0.789062 1.000000
vt 0.781250 0.125000
vt 0.796875 0.125000
vt 0.781250 0.937500
vt 0.781250 0.093750
vt 0.796875 0.500000
vt 0.781250 0.531250
vt 0.781250 0.062500
vt 0.781250 0.468750
vt 0.781250 0.875000
vt 0.781250 0.031250
vt 0.781250 0.437500
vt 0.781250 0.843750
vt 0.789062 0.000000
vt 0.796875 0.406250
vt 0.781250 0.812500
vt 0.765625 0.718750
vt 0.781250 0.750000
vt 0.765625 0.312500
vt 0.765625 0.687500
vt 0.781250 0.250000
vt 0.765625 0.281250
vt 0.781250 0.656250
vt 0.765625 0.218750
vt 0.765625 0.625000
vt 0.765625 0.187500
vt 0.781250 0.593750
vt 0.781250 0.156250
vt 0.765625 0.562500
vt 0.765625 0.968750
vt 0.773438 1.000000
vt 0.765625 0.156250
vt 0.765625 0.937500
vt 0.765625 0.093750
vt 0.781250 0.500000
vt 0.765625 0.531250
vt 0.765625 0.906250
vt 0.781250 0.906250
vt 0.765625 0.062500
vt 0.765625 0.468750
vt 0.765625 0.437500
vt 0.765625 0.843750
vt 0.773438 0.000000
vt 0.765625 0.031250
vt 0.781250 0.406250
vt 0.765625 0.812500
vt 0.765625 0.375000
vt 0.781250 0.343750
vt 0.765625 0.781250
vt 0.765625 0.656250
vt 0.765625 0.250000
vt 0.765625 0.593750
vt 0.757812 1.000000
vt 0.765625 0.125000
vt 0.765625 0.500000
vt 0.765625 0.875000
vt 0.757812 0.000000
vt 0.765625 0.406250
vt 0.765625 0.343750
vt 0.765625 0.750000
vt 0.000000 0.156250
vt 0.000000 0.093750
vt 0.000000 0.500000
vt 0.000000 0.375000
vt 0.000000 0.750000
vt 0.000000 0.250000
vt 0.000000 0.625000
s 1
usemtl Material.001
f 1984/1/1 41/2/2 1983/3/3
f 1977/4/4 28/5/5 7/6/6
f 1/7/7 16/8/8 1039/9/9
f 43/10/10 1984/1/1 1985/11/11
f 30/12/12 1977/4/4 8/13/13
f 17/14/14 1/7/7 2/15/15
f 44/16/16 1985/11/11 14/17/17
f 31/18/18 8/13/13 9/19/19
f 3/20/20 17/14/14 2/15/15
f 45/21/21 14/17/17 1986/22/22
f 32/23/23 9/19/19 10/24/24
f 1971/25/25 18/26/26 3/20/20
f 46/27/27 1986/22/22 15/28/28
f 33/29/29 10/24/24 1978/30/30
f 4/31/31 19/32/32 1971/25/25
f 1226/33/33 46/27/27 15/28/28
f 34/34/34 1978/30/30 11/35/35
f 21/36/36 4/31/31 1972/37/37
f 35/38/38 11/35/35 12/39/39
f 22/40/40 1972/37/37 1973/41/41
f 36/42/42 12/39/39 13/43/43
f 1974/44/44 22/40/40 1973/41/41
f 37/45/45 13/43/43 1979/46/46
f 1975/47/47 23/48/48 1974/44/44
f 38/49/49 1979/46/46 1980/50/50
f 25/51/51 1975/47/47 1976/52/52
f 39/53/53 1980/50/50 1981/54/54
f 5/55/55 25/51/51 1976/52/52
f 40/56/56 1981/54/54 1982/57/57
f 27/58/58 5/55/55 6/59/59
f 1983/3/3 40/56/56 1982/57/57
f 7/6/6 27/58/58 6/59/59
f 68/60/60 36/42/42 37/45/45
f 24/61/61 54/62/62 23/48/48
f 69/63/63 37/45/45 38/49/49
f 25/51/51 55/64/64 24/61/61
f 70/65/65 38/49/49 39/53/53
f 26/66/66 56/67/67 25/51/51
f 40/56/56 70/65/65 39/53/53
f 58/68/68 26/66/66 27/58/58
f 41/2/2 71/69/69 40/56/56
f 28/5/5 58/68/68 27/58/58
f 73/70/70 41/2/2 42/71/71
f 60/72/72 28/5/5 29/73/73
f 16/8/8 47/74/74 1039/75/9
f 43/10/10 73/70/70 42/71/71
f 61/76/75 29/73/73 30/12/12
f 17/14/14 47/74/74 16/8/8
f 75/77/76 43/10/10 44/16/16
f 62/78/77 30/12/12 31/18/18
f 49/79/78 17/14/14 18/26/26
f 45/21/21 75/77/76 44/16/16
f 63/80/79 31/18/18 32/23/23
f 50/81/80 18/26/26 19/32/32
f 77/82/81 45/21/21 46/27/27
f 33/29/29 63/80/79 32/23/23
f 51/83/82 19/32/32 20/84/83
f 1226/85/33 77/82/81 46/27/27
f 34/34/34 64/86/84 33/29/29
f 52/87/85 20/84/83 21/36/36
f 66/88/86 34/34/34 35/38/38
f 53/89/87 21/36/36 22/40/40
f 36/42/42 66/88/86 35/38/38
f 54/62/62 22/40/40 23/48/48
f 70/65/65 100/90/88 69/63/63
f 88/91/89 56/67/67 57/92/90
f 102/93/91 70/65/65 71/69/69
f 89/94/92 57/92/90 58/68/68
f 103/95/93 71/69/69 72/96/94
f 59/97/95 89/94/92 58/68/68
f 104/98/96 72/96/94 73/70/70
f 91/99/97 59/97/95 60/72/72
f 47/74/74 78/100/98 1039/101/9
f 105/102/99 73/70/70 74/103/100
f 61/76/75 91/99/97 60/72/72
f 79/104/101 47/74/74 48/105/102
f 75/77/76 105/102/99 74/103/100
f 93/106/103 61/76/75 62/78/77
f 80/107/104 48/105/102 49/79/78
f 107/108/105 75/77/76 76/109/106
f 94/110/107 62/78/77 63/80/79
f 81/111/108 49/79/78 50/81/80
f 108/112/109 76/109/106 77/82/81
f 95/113/110 63/80/79 64/86/84
f 82/114/111 50/81/80 51/83/82
f 1226/115/33 108/112/109 77/82/81
f 65/116/112 95/113/110 64/86/84
f 52/87/85 82/114/111 51/83/82
f 97/117/113 65/116/112 66/88/86
f 53/89/87 83/118/114 52/87/85
f 67/119/115 97/117/113 66/88/86
f 85/120/116 53/89/87 54/62/62
f 99/121/117 67/119/115 68/60/60
f 86/122/118 54/62/62 55/64/64
f 100/90/88 68/60/60 69/63/63
f 56/67/67 86/122/118 55/64/64
f 134/123/119 102/93/91 103/95/93
f 121/124/120 89/94/92 90/125/121
f 135/126/122 103/95/93 104/98/96
f 91/99/97 121/124/120 90/125/121
f 78/100/98 109/127/123 1039/128/9
f 136/129/124 104/98/96 105/102/99
f 123/130/125 91/99/97 92/131/126
f 110/132/127 78/100/98 79/104/101
f 106/133/128 136/129/124 105/102/99
f 93/106/103 123/130/125 92/131/126
f 111/134/129 79/104/101 80/107/104
f 138/135/130 106/133/128 107/108/105
f 125/136/131 93/106/103 94/110/107
f 112/137/132 80/107/104 81/111/108
f 139/138/133 107/108/105 108/112/109
f 95/113/110 125/136/131 94/110/107
f 113/139/134 81/111/108 82/114/111
f 1226/140/33 139/138/133 108/112/109
f 127/141/135 95/113/110 96/142/136
f 114/143/137 82/114/111 83/118/114
f 128/144/138 96/142/136 97/117/113
f 84/145/139 114/143/137 83/118/114
f 98/146/140 128/144/138 97/117/113
f 116/147/141 84/145/139 85/120/116
f 130/148/142 98/146/140 99/121/117
f 117/149/143 85/120/116 86/122/118
f 131/150/144 99/121/117 100/90/88
f 87/151/145 117/149/143 86/122/118
f 101/152/146 131/150/144 100/90/88
f 119/153/147 87/151/145 88/91/89
f 133/154/148 101/152/146 102/93/91
f 120/155/149 88/91/89 89/94/92
f 109/127/123 140/156/150 1039/157/9
f 136/129/124 166/158/151 135/126/122
f 154/159/152 122/160/153 123/130/125
f 141/161/154 109/127/123 110/132/127
f 168/162/155 136/129/124 137/163/156
f 124/164/157 154/159/152 123/130/125
f 111/134/129 141/161/154 110/132/127
f 169/165/158 137/163/156 138/135/130
f 156/166/159 124/164/157 125/136/131
f 112/137/132 142/167/160 111/134/129
f 139/138/133 169/165/158 138/135/130
f 126/168/161 156/166/159 125/136/131
f 144/169/162 112/137/132 113/139/134
f 1226/170/33 170/171/163 139/138/133
f 158/172/164 126/168/161 127/141/135
f 145/173/165 113/139/134 114/143/137
f 159/174/166 127/141/135 128/144/138
f 115/175/167 145/173/165 114/143/137
f 129/176/168 159/174/166 128/144/138
f 147/177/169 115/175/167 116/147/141
f 130/148/142 160/178/170 129/176/168
f 148/179/171 116/147/141 117/149/143
f 162/180/172 130/148/142 131/150/144
f 118/181/173 148/179/171 117/149/143
f 132/182/174 162/180/172 131/150/144
f 150/183/175 118/181/173 119/153/147
f 133/154/148 163/184/176 132/182/174
f 151/185/177 119/153/147 120/155/149
f 165/186/178 133/154/148 134/123/119
f 152/187/179 120/155/149 121/124/120
f 166/158/151 134/123/119 135/126/122
f 122/160/153 152/187/179 121/124/120
f 173/188/180 141/161/154 142/167/160
f 200/189/181 168/162/155 169/165/158
f 187/190/182 155/191/183 156/166/159
f 143/192/184 173/188/180 142/167/160
f 201/193/185 169/165/158 170/171/163
f 157/194/186 187/190/182 156/166/159
f 144/169/162 174/195/187 143/192/184
f 1226/196/33 201/193/185 170/171/163
f 189/197/188 157/194/186 158/172/164
f 176/198/189 144/169/162 145/173/165
f 190/199/190 158/172/164 159/174/166
f 177/200/191 145/173/165 146/201/192
f 191/202/193 159/174/166 160/178/170
f 147/177/169 177/200/191 146/201/192
f 192/203/194 160/178/170 161/204/195
f 179/205/196 147/177/169 148/179/171
f 193/206/197 161/204/195 162/180/172
f 149/207/198 179/205/196 148/179/171
f 163/184/176 193/206/197 162/180/172
f 150/183/175 180/208/199 149/207/198
f 195/209/200 163/184/176 164/210/201
f 151/185/177 181/211/202 150/183/175
f 165/186/178 195/209/200 164/210/201
f 183/212/203 151/185/177 152/187/179
f 197/213/204 165/186/178 166/158/151
f 184/214/205 152/187/179 153/215/206
f 140/156/150 171/216/207 1039/217/9
f 198/218/208 166/158/151 167/219/209
f 185/220/210 153/215/206 154/159/152
f 172/221/211 140/156/150 141/161/154
f 199/222/212 167/219/209 168/162/155
f 155/191/183 185/220/210 154/159/152
f 175/223/213 205/224/214 174/195/187
f 1226/225/33 232/226/215 201/193/185
f 220/227/216 188/228/217 189/197/188
f 207/229/218 175/223/213 176/198/189
f 190/199/190 220/227/216 189/197/188
f 177/200/191 207/229/218 176/198/189
f 222/230/219 190/199/190 191/202/193
f 178/231/220 208/232/221 177/200/191
f 223/233/222 191/202/193 192/203/194
f 210/234/223 178/231/220 179/205/196
f 224/235/224 192/203/194 193/206/197
f 180/208/199 210/234/223 179/205/196
f 194/236/225 224/235/224 193/206/197
f 181/211/202 211/237/226 180/208/199
f 226/238/227 194/236/225 195/209/200
f 213/239/228 181/211/202 182/240/229
f 227/241/230 195/209/200 196/242/231
f 214/243/232 182/240/229 183/212/203
f 197/213/204 227/241/230 196/242/231
f 184/214/205 214/243/232 183/212/203
f 171/216/207 202/244/233 1039/245/9
f 229/246/234 197/213/204 198/218/208
f 216/247/235 184/214/205 185/220/210
f 203/248/236 171/216/207 172/221/211
f 230/249/237 198/218/208 199/222/212
f 186/250/238 216/247/235 185/220/210
f 173/188/180 203/248/236 172/221/211
f 231/251/239 199/222/212 200/189/181
f 218/252/240 186/250/238 187/190/182
f 174/195/187 204/253/241 173/188/180
f 232/226/215 200/189/181 201/193/185
f 188/228/217 218/252/240 187/190/182
f 239/254/242 207/229/218 208/232/221
f 253/255/243 221/256/244 222/230/219
f 209/257/245 239/254/242 208/232/221
f 254/258/246 222/230/219 223/233/222
f 241/259/247 209/257/245 210/234/223
f 224/235/224 254/258/246 223/233/222
f 242/260/248 210/234/223 211/237/226
f 225/261/249 255/262/250 224/235/224
f 212/263/251 242/260/248 211/237/226
f 257/264/252 225/261/249 226/238/227
f 213/239/228 243/265/253 212/263/251
f 258/266/254 226/238/227 227/241/230
f 245/267/255 213/239/228 214/243/232
f 228/268/256 258/266/254 227/241/230
f 215/269/257 245/267/255 214/243/232
f 202/244/233 233/270/258 1039/271/9
f 260/272/259 228/268/256 229/246/234
f 247/273/260 215/269/257 216/247/235
f 203/248/236 233/270/258 202/244/233
f 261/274/261 229/246/234 230/249/237
f 217/275/262 247/273/260 216/247/235
f 204/253/241 234/276/263 203/248/236
f 231/251/239 261/274/261 230/249/237
f 249/277/264 217/275/262 218/252/240
f 236/278/265 204/253/241 205/224/214
f 263/279/266 231/251/239 232/226/215
f 250/280/267 218/252/240 219/281/268
f 206/282/269 236/278/265 205/224/214
f 1226/283/33 263/279/266 232/226/215
f 251/284/270 219/281/268 220/227/216
f 238/285/271 206/282/269 207/229/218
f 221/256/244 251/284/270 220/227/216
f 272/286/272 240/287/273 241/259/247
f 286/288/274 254/258/246 255/262/250
f 242/260/248 272/286/272 241/259/247
f 256/289/275 286/288/274 255/262/250
f 243/265/253 273/290/276 242/260/248
f 288/291/277 256/289/275 257/264/252
f 244/292/278 274/293/279 243/265/253
f 289/294/280 257/264/252 258/266/254
f 276/295/281 244/292/278 245/267/255
f 259/296/282 289/294/280 258/266/254
f 246/297/283 276/295/281 245/267/255
f 233/270/258 264/298/284 1039/299/9
f 291/300/285 259/296/282 260/272/259
f 278/301/286 246/297/283 247/273/260
f 265/302/287 233/270/258 234/276/263
f 292/303/288 260/272/259 261/274/261
f 248/304/289 278/301/286 247/273/260
f 235/305/290 265/302/287 234/276/263
f 293/306/291 261/274/261 262/307/292
f 280/308/293 248/304/289 249/277/264
f 267/309/294 235/305/290 236/278/265
f 294/310/295 262/307/292 263/279/266
f 250/280/267 280/308/293 249/277/264
f 268/311/296 236/278/265 237/312/297
f 1226/313/33 294/310/295 263/279/266
f 282/314/298 250/280/267 251/284/270
f 269/315/299 237/312/297 238/285/271
f 252/316/300 282/314/298 251/284/270
f 239/254/242 269/315/299 238/285/271
f 284/317/301 252/316/300 253/255/243
f 240/287/273 270/318/302 239/254/242
f 285/319/303 253/255/243 254/258/246
f 274/293/279 304/320/304 273/290/276
f 319/321/305 287/322/306 288/291/277
f 306/323/307 274/293/279 275/324/308
f 289/294/280 319/321/305 288/291/277
f 307/325/309 275/324/308 276/295/281
f 290/326/310 320/327/311 289/294/280
f 277/328/312 307/325/309 276/295/281
f 264/298/284 295/329/313 1039/330/9
f 322/331/314 290/326/310 291/300/285
f 309/332/315 277/328/312 278/301/286
f 296/333/316 264/298/284 265/302/287
f 292/303/288 322/331/314 291/300/285
f 279/334/317 309/332/315 278/301/286
f 297/335/318 265/302/287 266/336/319
f 324/337/320 292/303/288 293/306/291
f 311/338/321 279/334/317 280/308/293
f 298/339/322 266/336/319 267/309/294
f 325/340/323 293/306/291 294/310/295
f 312/341/324 280/308/293 281/342/325
f 268/311/296 298/339/322 267/309/294
f 1226/343/33 325/340/323 294/310/295
f 313/344/326 281/342/325 282/314/298
f 300/345/327 268/311/296 269/315/299
f 283/346/328 313/344/326 282/314/298
f 301/347/329 269/315/299 270/318/302
f 284/317/301 314/348/330 283/346/328
f 271/349/331 301/347/329 270/318/302
f 316/350/332 284/317/301 285/319/303
f 303/351/333 271/349/331 272/286/272
f 286/288/274 316/350/332 285/319/303
f 304/320/304 272/286/272 273/290/276
f 287/322/306 317/352/334 286/288/274
f 338/353/335 306/323/307 307/325/309
f 321/354/336 351/355/337 320/327/311
f 308/356/338 338/353/335 307/325/309
f 295/329/313 326/357/339 1039/358/9
f 353/359/340 321/354/336 322/331/314
f 340/360/341 308/356/338 309/332/315
f 327/361/342 295/329/313 296/333/316
f 323/362/343 353/359/340 322/331/314
f 310/363/344 340/360/341 309/332/315
f 297/335/318 327/361/342 296/333/316
f 324/337/320 354/364/345 323/362/343
f 342/365/346 310/363/344 311/338/321
f 329/366/347 297/335/318 298/339/322
f 356/367/348 324/337/320 325/340/323
f 343/368/349 311/338/321 312/341/324
f 330/369/350 298/339/322 299/370/351
f 1226/371/33 356/367/348 325/340/323
f 344/372/352 312/341/324 313/344/326
f 331/373/353 299/370/351 300/345/327
f 314/348/330 344/372/352 313/344/326
f 332/374/354 300/345/327 301/347/329
f 346/375/355 314/348/330 315/376/356
f 302/377/357 332/374/354 301/347/329
f 347/378/358 315/376/356 316/350/332
f 334/379/359 302/377/357 303/351/333
f 348/380/360 316/350/332 317/352/334
f 335/381/361 303/351/333 304/320/304
f 318/382/362 348/380/360 317/352/334
f 305/383/363 335/381/361 304/320/304
f 350/384/364 318/382/362 319/321/305
f 306/323/307 336/385/365 305/383/363
f 320/327/311 350/384/364 319/321/305
f 340/360/341 370/386/366 339/387/367
f 358/388/368 326/357/339 327/361/342
f 385/389/369 353/359/340 354/364/345
f 372/390/370 340/360/341 341/391/371
f 328/392/372 358/388/368 327/361/342
f 386/393/373 354/364/345 355/394/374
f 342/365/346 372/390/370 341/391/371
f 329/366/347 359/395/375 328/392/372
f 387/396/376 355/394/374 356/367/348
f 374/397/377 342/365/346 343/368/349
f 361/398/378 329/366/347 330/369/350
f 1226/399/33 387/396/376 356/367/348
f 375/400/379 343/368/349 344/372/352
f 362/401/380 330/369/350 331/373/353
f 345/402/381 375/400/379 344/372/352
f 332/374/354 362/401/380 331/373/353
f 377/403/382 345/402/381 346/375/355
f 333/404/383 363/405/384 332/374/354
f 378/406/385 346/375/355 347/378/358
f 365/407/386 333/404/383 334/379/359
f 348/380/360 378/406/385 347/378/358
f 366/408/387 334/379/359 335/381/361
f 349/409/388 379/410/389 348/380/360
f 336/385/365 366/408/387 335/381/361
f 381/411/390 349/409/388 350/384/364
f 337/412/391 367/413/392 336/385/365
f 382/414/393 350/384/364 351/355/337
f 369/415/394 337/412/391 338/353/335
f 352/416/395 382/414/393 351/355/337
f 339/387/367 369/415/394 338/353/335
f 326/357/339 357/417/396 1039/418/9
f 384/419/397 352/416/395 353/359/340
f 373/420/398 403/421/399 372/390/370
f 391/422/400 359/395/375 360/423/401
f 418/424/402 386/393/373 387/396/376
f 405/425/403 373/420/398 374/397/377
f 361/398/378 391/422/400 360/423/401
f 1226/426/33 418/424/402 387/396/376
f 406/427/404 374/397/377 375/400/379
f 393/428/405 361/398/378 362/401/380
f 376/429/406 406/427/404 375/400/379
f 394/430/407 362/401/380 363/405/384
f 377/403/382 407/431/408 376/429/406
f 364/432/409 394/430/407 363/405/384
f 409/433/410 377/403/382 378/406/385
f 396/434/411 364/432/409 365/407/386
f 410/435/412 378/406/385 379/410/389
f 366/408/387 396/434/411 365/407/386
f 380/436/413 410/435/412 379/410/389
f 367/413/392 397/437/414 366/408/387
f 412/438/415 380/436/413 381/411/390
f 399/439/416 367/413/392 368/440/417
f 382/414/393 412/438/415 381/411/390
f 400/441/418 368/440/417 369/415/394
f 414/442/419 382/414/393 383/443/420
f 370/386/366 400/441/418 369/415/394
f 357/417/396 388/444/421 1039/445/9
f 415/446/422 383/443/420 384/419/397
f 371/447/423 401/448/424 370/386/366
f 389/449/425 357/417/396 358/388/368
f 416/450/426 384/419/397 385/389/369
f 403/421/399 371/447/423 372/390/370
f 359/395/375 389/449/425 358/388/368
f 417/451/427 385/389/369 386/393/373
f 437/452/428 405/425/403 406/427/404
f 424/453/429 392/454/430 393/428/405
f 407/431/408 437/452/428 406/427/404
f 394/430/407 424/453/429 393/428/405
f 439/455/431 407/431/408 408/456/432
f 395/457/433 425/458/434 394/430/407
f 440/459/435 408/456/432 409/433/410
f 427/460/436 395/457/433 396/434/411
f 441/461/437 409/433/410 410/435/412
f 428/462/438 396/434/411 397/437/414
f 411/463/439 441/461/437 410/435/412
f 398/464/440 428/462/438 397/437/414
f 443/465/441 411/463/439 412/438/415
f 430/466/442 398/464/440 399/439/416
f 413/467/443 443/465/441 412/438/415
f 431/468/444 399/439/416 400/441/418
f 445/469/445 413/467/443 414/442/419
f 401/448/424 431/468/444 400/441/418
f 388/444/421 419/470/446 1039/471/9
f 446/472/447 414/442/419 415/446/422
f 402/473/448 432/474/449 401/448/424
f 389/449/425 419/470/446 388/444/421
f 447/475/450 415/446/422 416/450/426
f 434/476/451 402/473/448 403/421/399
f 421/477/452 389/449/425 390/478/453
f 448/479/454 416/450/426 417/451/427
f 404/480/455 434/476/451 403/421/399
f 391/422/400 421/477/452 390/478/453
f 449/481/456 417/451/427 418/424/402
f 436/482/457 404/480/455 405/425/403
f 423/483/458 391/422/400 392/454/430
f 1226/484/33 449/481/456 418/424/402
f 470/485/459 438/486/460 439/455/431
f 426/487/461 456/488/462 425/458/434
f 471/489/463 439/455/431 440/459/435
f 458/490/464 426/487/461 427/460/436
f 441/461/437 471/489/463 440/459/435
f 459/491/465 427/460/436 428/462/438
f 442/492/466 472/493/467 441/461/437
f 429/494/468 459/491/465 428/462/438
f 474/495/469 442/492/466 443/465/441
f 430/466/442 460/496/470 429/494/468
f 475/497/471 443/465/441 444/498/472
f 462/499/473 430/466/442 431/468/444
f 476/500/474 444/498/472 445/469/445
f 432/474/449 462/499/473 431/468/444
f 419/470/446 450/501/475 1039/502/9
f 477/503/476 445/469/445 446/472/447
f 433/504/477 463/505/478 432/474/449
f 451/506/479 419/470/446 420/507/480
f 478/508/481 446/472/447 447/475/450
f 465/509/482 433/504/477 434/476/451
f 452/510/483 420/507/480 421/477/452
f 448/479/454 478/508/481 447/475/450
f 435/511/484 465/509/482 434/476/451
f 422/512/485 452/510/483 421/477/452
f 449/481/456 479/513/486 448/479/454
f 467/514/487 435/511/484 436/482/457
f 454/515/488 422/512/485 423/483/458
f 1226/516/33 480/517/489 449/481/456
f 468/518/490 436/482/457 437/452/428
f 455/519/491 423/483/458 424/453/429
f 438/486/460 468/518/490 437/452/428
f 425/458/434 455/519/491 424/453/429
f 472/493/467 502/520/492 471/489/463
f 490/521/493 458/490/464 459/491/465
f 473/522/494 503/523/495 472/493/467
f 460/496/470 490/521/493 459/491/465
f 505/524/496 473/522/494 474/495/469
f 492/525/497 460/496/470 461/526/498
f 506/527/499 474/495/469 475/497/471
f 493/528/500 461/526/498 462/499/473
f 476/500/474 506/527/499 475/497/471
f 463/505/478 493/528/500 462/499/473
f 450/501/475 481/529/501 1039/530/9
f 508/531/502 476/500/474 477/503/476
f 464/532/503 494/533/504 463/505/478
f 482/534/505 450/501/475 451/506/479
f 478/508/481 508/531/502 477/503/476
f 496/535/506 464/532/503 465/509/482
f 483/536/507 451/506/479 452/510/483
f 479/513/486 509/537/508 478/508/481
f 466/538/509 496/535/506 465/509/482
f 484/539/510 452/510/483 453/540/511
f 511/541/512 479/513/486 480/517/489
f 498/542/513 466/538/509 467/514/487
f 454/515/488 484/539/510 453/540/511
f 1226/543/33 511/541/512 480/517/489
f 499/544/514 467/514/487 468/518/490
f 486/545/515 454/515/488 455/519/491
f 469/546/516 499/544/514 468/518/490
f 487/547/517 455/519/491 456/488/462
f 501/548/518 469/546/516 470/485/459
f 457/549/519 487/547/517 456/488/462
f 502/520/492 470/485/459 471/489/463
f 489/550/520 457/549/519 458/490/464
f 536/551/521 504/552/522 505/524/496
f 492/525/497 522/553/523 491/554/524
f 506/527/499 536/551/521 505/524/496
f 524/555/525 492/525/497 493/528/500
f 507/556/526 537/557/527 506/527/499
f 494/533/504 524/555/525 493/528/500
f 481/529/501 512/558/528 1039/559/9
f 539/560/529 507/556/526 508/531/502
f 495/561/530 525/562/531 494/533/504
f 513/563/532 481/529/501 482/534/505
f 509/537/508 539/560/529 508/531/502
f 527/564/533 495/561/530 496/535/506
f 483/536/507 513/563/532 482/534/505
f 541/565/534 509/537/508 510/566/535
f 497/567/536 527/564/533 496/535/506
f 515/568/537 483/536/507 484/539/510
f 542/569/538 510/566/535 511/541/512
f 529/570/539 497/567/536 498/542/513
f 485/571/540 515/568/537 484/539/510
f 1226/572/33 542/569/538 511/541/512
f 530/573/541 498/542/513 499/544/514
f 517/574/542 485/571/540 486/545/515
f 500/575/543 530/573/541 499/544/514
f 518/576/544 486/545/515 487/547/517
f 532/577/545 500/575/543 501/548/518
f 488/578/546 518/576/544 487/547/517
f 533/579/547 501/548/518 502/520/492
f 520/580/548 488/578/546 489/550/520
f 503/523/495 533/579/547 502/520/492
f 521/581/549 489/550/520 490/521/493
f 504/552/522 534/582/550 503/523/495
f 491/554/524 521/581/549 490/521/493
f 538/583/551 568/584/552 537/557/527
f 525/562/531 555/585/553 524/555/525
f 512/558/528 543/586/554 1039/587/9
f 539/560/529 569/588/555 538/583/551
f 526/589/556 556/590/557 525/562/531
f 544/591/558 512/558/528 513/563/532
f 540/592/559 570/593/560 539/560/529
f 558/594/561 526/589/556 527/564/533
f 514/595/562 544/591/558 513/563/532
f 572/596/563 540/592/559 541/565/534
f 528/597/564 558/594/561 527/564/533
f 546/598/565 514/595/562 515/568/537
f 573/599/566 541/565/534 542/569/538
f 560/600/567 528/597/564 529/570/539
f 547/601/568 515/568/537 516/602/569
f 1226/603/33 573/599/566 542/569/538
f 561/604/570 529/570/539 530/573/541
f 548/605/571 516/602/569 517/574/542
f 531/606/572 561/604/570 530/573/541
f 549/607/573 517/574/542 518/576/544
f 563/608/574 531/606/572 532/577/545
f 519/609/575 549/607/573 518/576/544
f 564/610/576 532/577/545 533/579/547
f 551/611/577 519/609/575 520/580/548
f 534/582/550 564/610/576 533/579/547
f 552/612/578 520/580/548 521/581/549
f 535/613/579 565/614/580 534/582/550
f 522/553/523 552/612/578 521/581/549
f 567/615/581 535/613/579 536/551/521
f 554/616/582 522/553/523 523/617/583
f 537/557/527 567/615/581 536/551/521
f 555/585/553 523/617/583 524/555/525
f 575/618/584 543/586/554 544/591/558
f 571/619/585 601/620/586 570/593/560
f 589/621/587 557/622/588 558/594/561
f 576/623/589 544/591/558 545/624/590
f 603/625/591 571/619/585 572/596/563
f 559/626/592 589/621/587 558/594/561
f 577/627/593 545/624/590 546/598/565
f 604/628/594 572/596/563 573/599/566
f 591/629/595 559/626/592 560/600/567
f 578/630/596 546/598/565 547/601/568
f 1226/631/33 604/628/594 573/599/566
f 592/632/597 560/600/567 561/604/570
f 579/633/598 547/601/568 548/605/571
f 562/634/599 592/632/597 561/604/570
f 549/607/573 579/633/598 548/605/571
f 563/608/574 593/635/600 562/634/599
f 550/636/601 580/637/602 549/607/573
f 595/638/603 563/608/574 564/610/576
f 582/639/604 550/636/601 551/611/577
f 596/640/605 564/610/576 565/614/580
f 583/641/606 551/611/577 552/612/578
f 566/642/607 596/640/605 565/614/580
f 553/643/608 583/641/606 552/612/578
f 598/644/609 566/642/607 567/615/581
f 585/645/610 553/643/608 554/616/582
f 599/646/611 567/615/581 568/584/552
f 586/647/612 554/616/582 555/585/553
f 600/648/613 568/584/552 569/588/555
f 556/590/557 586/647/612 555/585/553
f 543/586/554 574/649/614 1039/650/9
f 570/593/560 600/648/613 569/588/555
f 557/622/588 587/651/615 556/590/557
f 608/652/616 576/623/589 577/627/593
f 635/653/617 603/625/591 604/628/594
f 622/654/618 590/655/619 591/629/595
f 578/630/596 608/652/616 577/627/593
f 1226/656/33 635/653/617 604/628/594
f 623/657/620 591/629/595 592/632/597
f 610/658/621 578/630/596 579/633/598
f 593/635/600 623/657/620 592/632/597
f 580/637/602 610/658/621 579/633/598
f 594/659/622 624/660/623 593/635/600
f 581/661/624 611/662/625 580/637/602
f 626/663/626 594/659/622 595/638/603
f 613/664/627 581/661/624 582/639/604
f 596/640/605 626/663/626 595/638/603
f 614/665/628 582/639/604 583/641/606
f 597/666/629 627/667/630 596/640/605
f 584/668/631 614/665/628 583/641/606
f 629/669/632 597/666/629 598/644/609
f 616/670/633 584/668/631 585/645/610
f 630/671/634 598/644/609 599/646/611
f 617/672/635 585/645/610 586/647/612
f 600/648/613 630/671/634 599/646/611
f 587/651/615 617/672/635 586/647/612
f 574/649/614 605/673/636 1039/674/9
f 632/675/637 600/648/613 601/620/586
f 588/676/638 618/677/639 587/651/615
f 606/678/640 574/649/614 575/618/584
f 602/679/641 632/675/637 601/620/586
f 620/680/642 588/676/638 589/621/587
f 607/681/643 575/618/584 576/623/589
f 634/682/644 602/679/641 603/625/591
f 590/655/619 620/680/642 589/621/587
f 641/683/645 609/684/646 610/658/621
f 624/660/623 654/685/647 623/657/620
f 611/662/625 641/683/645 610/658/621
f 625/686/648 655/687/649 624/660/623
f 612/688/650 642/689/651 611/662/625
f 657/690/652 625/686/648 626/663/626
f 644/691/653 612/688/650 613/664/627
f 658/692/654 626/663/626 627/667/630
f 645/693/655 613/664/627 614/665/628
f 628/694/656 658/692/654 627/667/630
f 615/695/657 645/693/655 614/665/628
f 660/696/658 628/694/656 629/669/632
f 647/697/659 615/695/657 616/670/633
f 661/698/660 629/669/632 630/671/634
f 648/699/661 616/670/633 617/672/635
f 631/700/662 661/698/660 630/671/634
f 649/701/663 617/672/635 618/677/639
f 605/673/636 636/702/664 1039/703/9
f 663/704/665 631/700/662 632/675/637
f 619/705/666 649/701/663 618/677/639
f 637/706/667 605/673/636 606/678/640
f 633/707/668 663/704/665 632/675/637
f 651/708/669 619/705/666 620/680/642
f 638/709/670 606/678/640 607/681/643
f 665/710/671 633/707/668 634/682/644
f 621/711/672 651/708/669 620/680/642
f 639/712/673 607/681/643 608/652/616
f 635/653/617 665/710/671 634/682/644
f 653/713/674 621/711/672 622/654/618
f 609/684/646 639/712/673 608/652/616
f 1226/714/33 666/715/675 635/653/617
f 654/685/647 622/654/618 623/657/620
f 643/716/676 673/717/677 642/689/651
f 688/718/678 656/719/679 657/690/652
f 675/720/680 643/716/676 644/691/653
f 689/721/681 657/690/652 658/692/654
f 645/693/655 675/720/680 644/691/653
f 659/722/682 689/721/681 658/692/654
f 646/723/683 676/724/684 645/693/655
f 691/725/685 659/722/682 660/696/658
f 678/726/686 646/723/683 647/697/659
f 692/727/687 660/696/658 661/698/660
f 679/728/688 647/697/659 648/699/661
f 662/729/689 692/727/687 661/698/660
f 649/701/663 679/728/688 648/699/661
f 636/702/664 667/730/690 1039/731/9
f 663/704/665 693/732/691 662/729/689
f 650/733/692 680/734/693 649/701/663
f 668/735/694 636/702/664 637/706/667
f 695/736/695 663/704/665 664/737/696
f 682/738/697 650/733/692 651/708/669
f 638/709/670 668/735/694 637/706/667
f 696/739/698 664/737/696 665/710/671
f 652/740/699 682/738/697 651/708/669
f 670/741/700 638/709/670 639/712/673
f 666/715/675 696/739/698 665/710/671
f 684/742/701 652/740/699 653/713/674
f 671/743/702 639/712/673 640/744/703
f 1226/745/33 697/746/704 666/715/675
f 685/747/705 653/713/674 654/685/647
f 672/748/706 640/744/703 641/683/645
f 655/687/649 685/747/705 654/685/647
f 642/689/651 672/748/706 641/683/645
f 656/719/679 686/749/707 655/687/649
f 707/750/708 675/720/680 676/724/684
f 690/751/709 720/752/710 689/721/681
f 677/753/711 707/750/708 676/724/684
f 722/754/712 690/751/709 691/725/685
f 678/726/686 708/755/713 677/753/711
f 723/756/714 691/725/685 692/727/687
f 710/757/715 678/726/686 679/728/688
f 693/732/691 723/756/714 692/727/687
f 680/734/693 710/757/715 679/728/688
f 667/730/690 698/758/716 1039/759/9
f 725/760/717 693/732/691 694/761/718
f 681/762/719 711/763/720 680/734/693
f 699/764/721 667/730/690 668/735/694
f 695/736/695 725/760/717 694/761/718
f 713/765/722 681/762/719 682/738/697
f 669/766/723 699/764/721 668/735/694
f 727/767/724 695/736/695 696/739/698
f 714/768/725 682/738/697 683/769/726
f 701/770/727 669/766/723 670/741/700
f 697/746/704 727/767/724 696/739/698
f 715/771/728 683/769/726 684/742/701
f 702/772/729 670/741/700 671/743/702
f 1226/773/33 728/774/730 697/746/704
f 716/775/731 684/742/701 685/747/705
f 703/776/732 671/743/702 672/748/706
f 686/749/707 716/775/731 685/747/705
f 673/717/677 703/776/732 672/748/706
f 718/777/733 686/749/707 687/778/734
f 674/779/735 704/780/736 673/717/677
f 719/781/737 687/778/734 688/718/678
f 706/782/738 674/779/735 675/720/680
f 720/752/710 688/718/678 689/721/681
f 709/783/739 739/784/740 708/755/713
f 754/785/741 722/754/712 723/756/714
f 741/786/742 709/783/739 710/757/715
f 724/787/743 754/785/741 723/756/714
f 742/788/744 710/757/715 711/763/720
f 698/758/716 729/789/745 1039/790/9
f 756/791/746 724/787/743 725/760/717
f 712/792/747 742/788/744 711/763/720
f 730/793/748 698/758/716 699/764/721
f 757/794/749 725/760/717 726/795/750
f 713/765/722 743/796/751 712/792/747
f 731/797/752 699/764/721 700/798/753
f 758/799/754 726/795/750 727/767/724
f 745/800/755 713/765/722 714/768/725
f 732/801/756 700/798/753 701/770/727
f 728/774/730 758/799/754 727/767/724
f 746/802/757 714/768/725 715/771/728
f 733/803/758 701/770/727 702/772/729
f 1226/804/33 759/805/759 728/774/730
f 716/775/731 746/802/757 715/771/728
f 734/806/760 702/772/729 703/776/732
f 717/807/761 747/808/762 716/775/731
f 704/780/736 734/806/760 703/776/732
f 749/809/763 717/807/761 718/777/733
f 705/810/764 735/811/765 704/780/736
f 750/812/766 718/777/733 719/781/737
f 737/813/767 705/810/764 706/782/738
f 751/814/768 719/781/737 720/752/710
f 707/750/708 737/813/767 706/782/738
f 721/815/769 751/814/768 720/752/710
f 708/755/713 738/816/770 707/750/708
f 753/817/771 721/815/769 722/754/712
f 773/818/772 741/786/742 742/788/744
f 729/789/745 760/819/773 1039/820/9
f 787/821/774 755/822/775 756/791/746
f 743/796/751 773/818/772 742/788/744
f 761/823/776 729/789/745 730/793/748
f 757/794/749 787/821/774 756/791/746
f 744/824/777 774/825/778 743/796/751
f 762/826/779 730/793/748 731/797/752
f 789/827/780 757/794/749 758/799/754
f 776/828/781 744/824/777 745/800/755
f 763/829/782 731/797/752 732/801/756
f 790/830/783 758/799/754 759/805/759
f 777/831/784 745/800/755 746/802/757
f 764/832/785 732/801/756 733/803/758
f 1226/833/33 790/830/783 759/805/759
f 747/808/762 777/831/784 746/802/757
f 765/834/786 733/803/758 734/806/760
f 748/835/787 778/836/788 747/808/762
f 735/811/765 765/834/786 734/806/760
f 780/837/789 748/835/787 749/809/763
f 736/838/790 766/839/791 735/811/765
f 781/840/792 749/809/763 750/812/766
f 768/841/793 736/838/790 737/813/767
f 782/842/794 750/812/766 751/814/768
f 738/816/770 768/841/793 737/813/767
f 752/843/795 782/842/794 751/814/768
f 739/784/740 769/844/796 738/816/770
f 784/845/797 752/843/795 753/817/771
f 740/846/798 770/847/799 739/784/740
f 785/848/800 753/817/771 754/785/741
f 772/849/801 740/846/798 741/786/742
f 755/822/775 785/848/800 754/785/741
f 775/850/802 805/851/803 774/825/778
f 762/826/779 792/852/804 761/823/776
f 820/853/805 788/854/806 789/827/780
f 807/855/807 775/850/802 776/828/781
f 763/829/782 793/856/808 762/826/779
f 790/830/783 820/853/805 789/827/780
f 808/857/809 776/828/781 777/831/784
f 795/858/810 763/829/782 764/832/785
f 1226/859/33 821/860/811 790/830/783
f 809/861/812 777/831/784 778/836/788
f 796/862/813 764/832/785 765/834/786
f 779/863/814 809/861/812 778/836/788
f 797/864/815 765/834/786 766/839/791
f 811/865/816 779/863/814 780/837/789
f 767/866/817 797/864/815 766/839/791
f 812/867/818 780/837/789 781/840/792
f 799/868/819 767/866/817 768/841/793
f 813/869/820 781/840/792 782/842/794
f 800/870/821 768/841/793 769/844/796
f 783/871/822 813/869/820 782/842/794
f 770/847/799 800/870/821 769/844/796
f 815/872/823 783/871/822 784/845/797
f 771/873/824 801/874/825 770/847/799
f 816/875/826 784/845/797 785/848/800
f 803/876/827 771/873/824 772/849/801
f 786/877/828 816/875/826 785/848/800
f 804/878/829 772/849/801 773/818/772
f 760/819/773 791/879/830 1039/880/9
f 787/821/774 817/881/831 786/877/828
f 774/825/778 804/878/829 773/818/772
f 792/852/804 760/819/773 761/823/776
f 819/882/832 787/821/774 788/854/806
f 802/883/833 832/884/834 801/874/825
f 847/885/835 815/872/823 816/875/826
f 834/886/836 802/883/833 803/876/827
f 817/881/831 847/885/835 816/875/826
f 835/887/837 803/876/827 804/878/829
f 791/879/830 822/888/838 1039/889/9
f 849/890/839 817/881/831 818/891/840
f 805/851/803 835/887/837 804/878/829
f 823/892/841 791/879/830 792/852/804
f 850/893/842 818/891/840 819/882/832
f 806/894/843 836/895/844 805/851/803
f 824/896/845 792/852/804 793/856/808
f 851/897/846 819/882/832 820/853/805
f 838/898/847 806/894/843 807/855/807
f 825/899/848 793/856/808 794/900/849
f 821/860/811 851/897/846 820/853/805
f 839/901/850 807/855/807 808/857/809
f 826/902/851 794/900/849 795/858/810
f 1226/903/33 852/904/852 821/860/811
f 809/861/812 839/901/850 808/857/809
f 827/905/853 795/858/810 796/862/813
f 810/906/854 840/907/855 809/861/812
f 797/864/815 827/905/853 796/862/813
f 842/908/856 810/906/854 811/865/816
f 798/909/857 828/910/858 797/864/815
f 843/911/859 811/865/816 812/867/818
f 830/912/860 798/909/857 799/868/819
f 813/869/820 843/911/859 812/867/818
f 831/913/861 799/868/819 800/870/821
f 814/914/862 844/915/863 813/869/820
f 801/874/825 831/913/861 800/870/821
f 846/916/864 814/914/862 815/872/823
f 866/917/865 834/886/836 835/887/837
f 822/888/838 853/918/866 1039/919/9
f 880/920/867 848/921/868 849/890/839
f 836/895/844 866/917/865 835/887/837
f 854/922/869 822/888/838 823/892/841
f 881/923/870 849/890/839 850/893/842
f 868/924/871 836/895/844 837/925/872
f 824/896/845 854/922/869 823/892/841
f 882/926/873 850/893/842 851/897/846
f 869/927/874 837/925/872 838/898/847
f 825/899/848 855/928/875 824/896/845
f 852/904/852 882/926/873 851/897/846
f 870/929/876 838/898/847 839/901/850
f 857/930/877 825/899/848 826/902/851
f 1226/931/33 883/932/878 852/904/852
f 840/907/855 870/929/876 839/901/850
f 858/933/879 826/902/851 827/905/853
f 841/934/880 871/935/881 840/907/855
f 859/936/882 827/905/853 828/910/858
f 873/937/883 841/934/880 842/908/856
f 829/938/884 859/936/882 828/910/858
f 874/939/885 842/908/856 843/911/859
f 861/940/886 829/938/884 830/912/860
f 875/941/887 843/911/859 844/915/863
f 862/942/888 830/912/860 831/913/861
f 845/943/889 875/941/887 844/915/863
f 832/884/834 862/942/888 831/913/861
f 877/944/890 845/943/889 846/916/864
f 833/945/891 863/946/892 832/884/834
f 878/947/893 846/916/864 847/885/835
f 865/948/894 833/945/891 834/886/836
f 848/921/868 878/947/893 847/885/835
f 868/924/871 898/949/895 867/950/896
f 855/928/875 885/951/897 854/922/869
f 913/952/898 881/923/870 882/926/873
f 900/953/899 868/924/871 869/927/874
f 887/954/900 855/928/875 856/955/901
f 914/956/902 882/926/873 883/932/878
f 901/957/903 869/927/874 870/929/876
f 888/958/904 856/955/901 857/930/877
f 1226/959/33 914/956/902 883/932/878
f 871/935/881 901/957/903 870/929/876
f 889/960/905 857/930/877 858/933/879
f 872/961/906 902/962/907 871/935/881
f 890/963/908 858/933/879 859/936/882
f 904/964/909 872/961/906 873/937/883
f 860/965/910 890/963/908 859/936/882
f 905/966/911 873/937/883 874/939/885
f 892/967/912 860/965/910 861/940/886
f 875/941/887 905/966/911 874/939/885
f 893/968/913 861/940/886 862/942/888
f 876/969/914 906/970/915 875/941/887
f 863/946/892 893/968/913 862/942/888
f 908/971/916 876/969/914 877/944/890
f 864/972/917 894/973/918 863/946/892
f 878/947/893 908/971/916 877/944/890
f 896/974/919 864/972/917 865/948/894
f 879/975/920 909/976/921 878/947/893
f 897/977/922 865/948/894 866/917/865
f 853/918/866 884/978/923 1039/979/9
f 911/980/924 879/975/920 880/920/867
f 867/950/896 897/977/922 866/917/865
f 885/951/897 853/918/866 854/922/869
f 881/923/870 911/980/924 880/920/867
f 932/981/925 900/953/899 901/957/903
f 919/982/926 887/954/900 888/958/904
f 1226/983/33 945/984/927 914/956/902
f 902/962/907 932/981/925 901/957/903
f 920/985/928 888/958/904 889/960/905
f 903/986/929 933/987/930 902/962/907
f 921/988/931 889/960/905 890/963/908
f 935/989/932 903/986/929 904/964/909
f 891/990/933 921/988/931 890/963/908
f 936/991/934 904/964/909 905/966/911
f 923/992/935 891/990/933 892/967/912
f 906/970/915 936/991/934 905/966/911
f 924/993/936 892/967/912 893/968/913
f 907/994/937 937/995/938 906/970/915
f 894/973/918 924/993/936 893/968/913
f 939/996/939 907/994/937 908/971/916
f 926/997/940 894/973/918 895/998/941
f 940/999/942 908/971/916 909/976/921
f 927/1000/943 895/998/941 896/974/919
f 910/1001/944 940/999/942 909/976/921
f 928/1002/945 896/974/919 897/977/922
f 884/978/923 915/1003/946 1039/1004/9
f 942/1005/947 910/1001/944 911/980/924
f 898/949/895 928/1002/945 897/977/922
f 916/1006/948 884/978/923 885/951/897
f 943/1007/949 911/980/924 912/1008/950
f 899/1009/951 929/1010/952 898/949/895
f 886/1011/953 916/1006/948 885/951/897
f 944/1012/954 912/1008/950 913/952/898
f 931/1013/955 899/1009/951 900/953/899
f 918/1014/956 886/1011/953 887/954/900
f 945/984/927 913/952/898 914/956/902
f 934/1015/957 964/1016/958 933/987/930
f 952/1017/959 920/985/928 921/988/931
f 935/989/932 965/1018/960 934/1015/957
f 922/1019/961 952/1017/959 921/988/931
f 967/1020/962 935/989/932 936/991/934
f 954/1021/963 922/1019/961 923/992/935
f 937/995/938 967/1020/962 936/991/934
f 955/1022/964 923/992/935 924/993/936
f 938/1023/965 968/1024/966 937/995/938
f 925/1025/967 955/1022/964 924/993/936
f 970/1026/968 938/1023/965 939/996/939
f 957/1027/969 925/1025/967 926/997/940
f 971/1028/970 939/996/939 940/999/942
f 958/1029/971 926/997/940 927/1000/943
f 941/1030/972 971/1028/970 940/999/942
f 959/1031/973 927/1000/943 928/1002/945
f 915/1003/946 946/1032/974 1039/1033/9
f 973/1034/975 941/1030/972 942/1005/947
f 929/1010/952 959/1031/973 928/1002/945
f 947/1035/976 915/1003/946 916/1006/948
f 974/1036/977 942/1005/947 943/1007/949
f 930/1037/978 960/1038/979 929/1010/952
f 948/1039/980 916/1006/948 917/1040/981
f 975/1041/982 943/1007/949 944/1012/954
f 962/1042/983 930/1037/978 931/1013/955
f 918/1014/956 948/1039/980 917/1040/981
f 945/984/927 975/1041/982 944/1012/954
f 963/1043/984 931/1013/955 932/981/925
f 950/1044/985 918/1014/956 919/982/926
f 1226/1045/33 976/1046/986 945/984/927
f 933/987/930 963/1043/984 932/981/925
f 951/1047/987 919/982/926 920/985/928
f 998/1048/988 966/1049/989 967/1020/962
f 985/1050/990 953/1051/991 954/1021/963
f 968/1024/966 998/1048/988 967/1020/962
f 986/1052/992 954/1021/963 955/1022/964
f 969/1053/993 999/1054/994 968/1024/966
f 956/1055/995 986/1052/992 955/1022/964
f 1001/1056/996 969/1053/993 970/1026/968
f 988/1057/997 956/1055/995 957/1027/969
f 1002/1058/998 970/1026/968 971/1028/970
f 989/1059/999 957/1027/969 958/1029/971
f 972/1060/1000 1002/1058/998 971/1028/970
f 990/1061/1001 958/1029/971 959/1031/973
f 946/1032/974 977/1062/1002 1039/1063/9
f 1004/1064/1003 972/1060/1000 973/1034/975
f 960/1038/979 990/1061/1001 959/1031/973
f 947/1035/976 977/1062/1002 946/1032/974
f 974/1036/977 1004/1064/1003 973/1034/975
f 961/1065/1004 991/1066/1005 960/1038/979
f 979/1067/1006 947/1035/976 948/1039/980
f 1006/1068/1007 974/1036/977 975/1041/982
f 993/1069/1008 961/1065/1004 962/1042/983
f 980/1070/1009 948/1039/980 949/1071/1010
f 1007/1072/1011 975/1041/982 976/1046/986
f 994/1073/1012 962/1042/983 963/1043/984
f 950/1044/985 980/1070/1009 949/1071/1010
f 1226/1074/33 1007/1072/1011 976/1046/986
f 964/1016/958 994/1073/1012 963/1043/984
f 982/1075/1013 950/1044/985 951/1047/987
f 965/1018/960 995/1076/1014 964/1016/958
f 983/1077/1015 951/1047/987 952/1017/959
f 997/1078/1016 965/1018/960 966/1049/989
f 953/1051/991 983/1077/1015 952/1017/959
f 1000/1079/1017 1030/1080/1018 999/1054/994
f 987/1081/1019 1017/1082/1020 986/1052/992
f 1032/1083/1021 1000/1079/1017 1001/1056/996
f 988/1057/997 1018/1084/1022 987/1081/1019
f 1002/1058/998 1032/1083/1021 1001/1056/996
f 989/1059/999 1019/1085/1023 988/1057/997
f 1003/1086/1024 1033/1087/1025 1002/1058/998
f 1021/1088/1026 989/1059/999 990/1061/1001
f 977/1062/1002 1008/1089/1027 1039/1090/9
f 1035/1091/1028 1003/1086/1024 1004/1064/1003
f 991/1066/1005 1021/1088/1026 990/1061/1001
f 1009/1092/1029 977/1062/1002 978/1093/1030
f 1005/1094/1031 1035/1091/1028 1004/1064/1003
f 992/1095/1032 1022/1096/1033 991/1066/1005
f 979/1067/1006 1009/1092/1029 978/1093/1030
f 1037/1097/1034 1005/1094/1031 1006/1068/1007
f 1024/1098/1035 992/1095/1032 993/1069/1008
f 1011/1099/1036 979/1067/1006 980/1070/1009
f 1038/1100/1037 1006/1068/1007 1007/1072/1011
f 1025/1101/1038 993/1069/1008 994/1073/1012
f 981/1102/1039 1011/1099/1036 980/1070/1009
f 1226/1103/33 1038/1100/1037 1007/1072/1011
f 995/1076/1014 1025/1101/1038 994/1073/1012
f 1013/1104/1040 981/1102/1039 982/1075/1013
f 1027/1105/1041 995/1076/1014 996/1106/1042
f 1014/1107/1043 982/1075/1013 983/1077/1015
f 1028/1108/1044 996/1106/1042 997/1078/1016
f 984/1109/1045 1014/1107/1043 983/1077/1015
f 1029/1110/1046 997/1078/1016 998/1048/988
f 1016/1111/1047 984/1109/1045 985/1050/990
f 999/1054/994 1029/1110/1046 998/1048/988
f 1017/1082/1020 985/1050/990 986/1052/992
f 1065/1112/1048 1032/1083/1021 1033/1087/1025
f 1052/1113/1049 1019/1085/1023 1020/1114/1050
f 1034/1115/1051 1065/1112/1048 1033/1087/1025
f 1053/1116/1052 1020/1114/1050 1021/1088/1026
f 1008/1089/1027 1040/1117/1053 1039/1118/9
f 1067/1119/1054 1034/1115/1051 1035/1091/1028
f 1022/1096/1033 1053/1116/1052 1021/1088/1026
f 1009/1092/1029 1040/1117/1053 1008/1089/1027
f 1036/1120/1055 1067/1119/1054 1035/1091/1028
f 1023/1121/1056 1054/1122/1057 1022/1096/1033
f 1010/1123/1058 1041/1124/1059 1009/1092/1029
f 1069/1125/1060 1036/1120/1055 1037/1097/1034
f 1056/1126/1061 1023/1121/1056 1024/1098/1035
f 1043/1127/1062 1010/1123/1058 1011/1099/1036
f 1070/1128/1063 1037/1097/1034 1038/1100/1037
f 1057/1129/1064 1024/1098/1035 1025/1101/1038
f 1044/1130/1065 1011/1099/1036 1012/1131/1066
f 1226/1132/33 1070/1128/1063 1038/1100/1037
f 1026/1133/1067 1057/1129/1064 1025/1101/1038
f 1045/1134/1068 1012/1131/1066 1013/1104/1040
f 1027/1105/1041 1058/1135/1069 1026/1133/1067
f 1014/1107/1043 1045/1134/1068 1013/1104/1040
f 1060/1136/1070 1027/1105/1041 1028/1108/1044
f 1015/1137/1071 1046/1138/1072 1014/1107/1043
f 1061/1139/1073 1028/1108/1044 1029/1110/1046
f 1048/1140/1074 1015/1137/1071 1016/1111/1047
f 1062/1141/1075 1029/1110/1046 1030/1080/1018
f 1017/1082/1020 1048/1140/1074 1016/1111/1047
f 1031/1142/1076 1062/1141/1075 1030/1080/1018
f 1018/1084/1022 1049/1143/1077 1017/1082/1020
f 1064/1144/1078 1031/1142/1076 1032/1083/1021
f 1019/1085/1023 1050/1145/1079 1018/1084/1022
f 1040/1117/1053 1071/1146/1080 1039/1147/9
f 1067/1119/1054 1097/1148/1081 1066/1149/1082
f 1054/1122/1057 1084/1150/1083 1053/1116/1052
f 1072/1151/1084 1040/1117/1053 1041/1124/1059
f 1068/1152/1085 1098/1153/1086 1067/1119/1054
f 1055/1154/1087 1085/1155/1088 1054/1122/1057
f 1073/1156/1089 1041/1124/1059 1042/1157/1090
f 1100/1158/1091 1068/1152/1085 1069/1125/1060
f 1087/1159/1092 1055/1154/1087 1056/1126/1061
f 1074/1160/1093 1042/1157/1090 1043/1127/1062
f 1070/1128/1063 1100/1158/1091 1069/1125/1060
f 1088/1161/1094 1056/1126/1061 1057/1129/1064
f 1075/1162/1095 1043/1127/1062 1044/1130/1065
f 1226/1163/33 1101/1164/1096 1070/1128/1063
f 1058/1135/1069 1088/1161/1094 1057/1129/1064
f 1076/1165/1097 1044/1130/1065 1045/1134/1068
f 1090/1166/1098 1058/1135/1069 1059/1167/1099
f 1077/1168/1100 1045/1134/1068 1046/1138/1072
f 1091/1169/1101 1059/1167/1099 1060/1136/1070
f 1047/1170/1102 1077/1168/1100 1046/1138/1072
f 1092/1171/1103 1060/1136/1070 1061/1139/1073
f 1079/1172/1104 1047/1170/1102 1048/1140/1074
f 1062/1141/1075 1092/1171/1103 1061/1139/1073
f 1080/1173/1105 1048/1140/1074 1049/1143/1077
f 1063/1174/1106 1093/1175/1107 1062/1141/1075
f 1050/1145/1079 1080/1173/1105 1049/1143/1077
f 1095/1176/1108 1063/1174/1106 1064/1144/1078
f 1051/1177/1109 1081/1178/1110 1050/1145/1079
f 1096/1179/1111 1064/1144/1078 1065/1112/1048
f 1052/1113/1049 1082/1180/1112 1051/1177/1109
f 1066/1149/1082 1096/1179/1111 1065/1112/1048
f 1084/1150/1083 1052/1113/1049 1053/1116/1052
f 1104/1181/1113 1072/1151/1084 1073/1156/1089
f 1131/1182/1114 1099/1183/1115 1100/1158/1091
f 1118/1184/1116 1086/1185/1117 1087/1159/1092
f 1105/1186/1118 1073/1156/1089 1074/1160/1093
f 1132/1187/1119 1100/1158/1091 1101/1164/1096
f 1119/1188/1120 1087/1159/1092 1088/1161/1094
f 1106/1189/1121 1074/1160/1093 1075/1162/1095
f 1226/1190/33 1132/1187/1119 1101/1164/1096
f 1089/1191/1122 1119/1188/1120 1088/1161/1094
f 1107/1192/1123 1075/1162/1095 1076/1165/1097
f 1121/1193/1124 1089/1191/1122 1090/1166/1098
f 1077/1168/1100 1107/1192/1123 1076/1165/1097
f 1091/1169/1101 1121/1193/1124 1090/1166/1098
f 1078/1194/1125 1108/1195/1126 1077/1168/1100
f 1123/1196/1127 1091/1169/1101 1092/1171/1103
f 1110/1197/1128 1078/1194/1125 1079/1172/1104
f 1124/1198/1129 1092/1171/1103 1093/1175/1107
f 1111/1199/1130 1079/1172/1104 1080/1173/1105
f 1094/1200/1131 1124/1198/1129 1093/1175/1107
f 1081/1178/1110 1111/1199/1130 1080/1173/1105
f 1126/1201/1132 1094/1200/1131 1095/1176/1108
f 1113/1202/1133 1081/1178/1110 1082/1180/1112
f 1096/1179/1111 1126/1201/1132 1095/1176/1108
f 1083/1203/1134 1113/1202/1133 1082/1180/1112
f 1097/1148/1081 1127/1204/1135 1096/1179/1111
f 1115/1205/1136 1083/1203/1134 1084/1150/1083
f 1071/1146/1080 1102/1206/1137 1039/1207/9
f 1129/1208/1138 1097/1148/1081 1098/1153/1086
f 1085/1155/1088 1115/1205/1136 1084/1150/1083
f 1072/1151/1084 1102/1206/1137 1071/1146/1080
f 1130/1209/1139 1098/1153/1086 1099/1183/1115
f 1086/1185/1117 1116/1210/1140 1085/1155/1088
f 1106/1189/1121 1136/1211/1141 1105/1186/1118
f 1226/1212/33 1163/1213/1142 1132/1187/1119
f 1120/1214/1143 1150/1215/1144 1119/1188/1120
f 1138/1216/1145 1106/1189/1121 1107/1192/1123
f 1152/1217/1146 1120/1214/1143 1121/1193/1124
f 1108/1195/1126 1138/1216/1145 1107/1192/1123
f 1153/1218/1147 1121/1193/1124 1122/1219/1148
f 1109/1220/1149 1139/1221/1150 1108/1195/1126
f 1154/1222/1151 1122/1219/1148 1123/1196/1127
f 1141/1223/1152 1109/1220/1149 1110/1197/1128
f 1124/1198/1129 1154/1222/1151 1123/1196/1127
f 1142/1224/1153 1110/1197/1128 1111/1199/1130
f 1125/1225/1154 1155/1226/1155 1124/1198/1129
f 1112/1227/1156 1142/1224/1153 1111/1199/1130
f 1157/1228/1157 1125/1225/1154 1126/1201/1132
f 1144/1229/1158 1112/1227/1156 1113/1202/1133
f 1158/1230/1159 1126/1201/1132 1127/1204/1135
f 1114/1231/1160 1144/1229/1158 1113/1202/1133
f 1128/1232/1161 1158/1230/1159 1127/1204/1135
f 1146/1233/1162 1114/1231/1160 1115/1205/1136
f 1102/1206/1137 1133/1234/1163 1039/1235/9
f 1160/1236/1164 1128/1232/1161 1129/1208/1138
f 1116/1210/1140 1146/1233/1162 1115/1205/1136
f 1134/1237/1165 1102/1206/1137 1103/1238/1166
f 1130/1209/1139 1160/1236/1164 1129/1208/1138
f 1117/1239/1167 1147/1240/1168 1116/1210/1140
f 1135/1241/1169 1103/1238/1166 1104/1181/1113
f 1162/1242/1170 1130/1209/1139 1131/1182/1114
f 1149/1243/1171 1117/1239/1167 1118/1184/1116
f 1136/1211/1141 1104/1181/1113 1105/1186/1118
f 1132/1187/1119 1162/1242/1170 1131/1182/1114
f 1150/1215/1144 1118/1184/1116 1119/1188/1120
f 1139/1221/1150 1169/1244/1172 1138/1216/1145
f 1153/1218/1147 1183/1245/1173 1152/1217/1146
f 1140/1246/1174 1170/1247/1175 1139/1221/1150
f 1185/1248/1176 1153/1218/1147 1154/1222/1151
f 1172/1249/1177 1140/1246/1174 1141/1223/1152
f 1186/1250/1178 1154/1222/1151 1155/1226/1155
f 1142/1224/1153 1172/1249/1177 1141/1223/1152
f 1156/1251/1179 1186/1250/1178 1155/1226/1155
f 1143/1252/1180 1173/1253/1181 1142/1224/1153
f 1188/1254/1182 1156/1251/1179 1157/1228/1157
f 1175/1255/1183 1143/1252/1180 1144/1229/1158
f 1189/1256/1184 1157/1228/1157 1158/1230/1159
f 1145/1257/1185 1175/1255/1183 1144/1229/1158
f 1159/1258/1186 1189/1256/1184 1158/1230/1159
f 1177/1259/1187 1145/1257/1185 1146/1233/1162
f 1133/1234/1163 1164/1260/1188 1039/1261/9
f 1191/1262/1189 1159/1258/1186 1160/1236/1164
f 1147/1240/1168 1177/1259/1187 1146/1233/1162
f 1165/1263/1190 1133/1234/1163 1134/1237/1165
f 1192/1264/1191 1160/1236/1164 1161/1265/1192
f 1148/1266/1193 1178/1267/1194 1147/1240/1168
f 1166/1268/1195 1134/1237/1165 1135/1241/1169
f 1193/1269/1196 1161/1265/1192 1162/1242/1170
f 1180/1270/1197 1148/1266/1193 1149/1243/1171
f 1167/1271/1198 1135/1241/1169 1136/1211/1141
f 1194/1272/1199 1162/1242/1170 1163/1213/1142
f 1181/1273/1200 1149/1243/1171 1150/1215/1144
f 1168/1274/1201 1136/1211/1141 1137/1275/1202
f 1226/1276/33 1194/1272/1199 1163/1213/1142
f 1151/1277/1203 1181/1273/1200 1150/1215/1144
f 1169/1244/1172 1137/1275/1202 1138/1216/1145
f 1183/1245/1173 1151/1277/1203 1152/1217/1146
f 1203/1278/1204 1171/1279/1205 1172/1249/1177
f 1217/1280/1206 1185/1248/1176 1186/1250/1178
f 1204/1281/1207 1172/1249/1177 1173/1253/1181
f 1187/1282/1208 1217/1280/1206 1186/1250/1178
f 1174/1283/1209 1204/1281/1207 1173/1253/1181
f 1219/1284/1210 1187/1282/1208 1188/1254/1182
f 1175/1255/1183 1205/1285/1211 1174/1283/1209
f 1189/1256/1184 1219/1284/1210 1188/1254/1182
f 1176/1286/1212 1206/1287/1213 1175/1255/1183
f 1190/1288/1214 1220/1289/1215 1189/1256/1184
f 1208/1290/1216 1176/1286/1212 1177/1259/1187
f 1164/1260/1188 1195/1291/1217 1039/1292/9
f 1222/1293/1218 1190/1288/1214 1191/1262/1189
f 1178/1267/1194 1208/1290/1216 1177/1259/1187
f 1196/1294/1219 1164/1260/1188 1165/1263/1190
f 1192/1264/1191 1222/1293/1218 1191/1262/1189
f 1179/1295/1220 1209/1296/1221 1178/1267/1194
f 1166/1268/1195 1196/1294/1219 1165/1263/1190
f 1224/1297/1222 1192/1264/1191 1193/1269/1196
f 1211/1298/1223 1179/1295/1220 1180/1270/1197
f 1198/1299/1224 1166/1268/1195 1167/1271/1198
f 1194/1272/1199 1224/1297/1222 1193/1269/1196
f 1212/1300/1225 1180/1270/1197 1181/1273/1200
f 1199/1301/1226 1167/1271/1198 1168/1274/1201
f 1226/1302/33 1225/1303/1227 1194/1272/1199
f 1182/1304/1228 1212/1300/1225 1181/1273/1200
f 1200/1305/1229 1168/1274/1201 1169/1244/1172
f 1214/1306/1230 1182/1304/1228 1183/1245/1173
f 1201/1307/1231 1169/1244/1172 1170/1247/1175
f 1215/1308/1232 1183/1245/1173 1184/1309/1233
f 1171/1279/1205 1201/1307/1231 1170/1247/1175
f 1216/1310/1234 1184/1309/1233 1185/1248/1176
f 1205/1285/1211 1236/1311/1235 1204/1281/1207
f 1251/1312/1236 1218/1313/1237 1219/1284/1210
f 1206/1287/1213 1237/1314/1238 1205/1285/1211
f 1252/1315/1239 1219/1284/1210 1220/1289/1215
f 1207/1316/1240 1238/1317/1241 1206/1287/1213
f 1221/1318/1242 1252/1315/1239 1220/1289/1215
f 1240/1319/1243 1207/1316/1240 1208/1290/1216
f 1195/1291/1217 1227/1320/1244 1039/1321/9
f 1222/1293/1218 1253/1322/1245 1221/1318/1242
f 1209/1296/1221 1240/1319/1243 1208/1290/1216
f 1228/1323/1246 1195/1291/1217 1196/1294/1219
f 1223/1324/1247 1254/1325/1248 1222/1293/1218
f 1210/1326/1249 1241/1327/1250 1209/1296/1221
f 1197/1328/1251 1228/1323/1246 1196/1294/1219
f 1256/1329/1252 1223/1324/1247 1224/1297/1222
f 1243/1330/1253 1210/1326/1249 1211/1298/1223
f 1230/1331/1254 1197/1328/1251 1198/1299/1224
f 1225/1303/1227 1256/1329/1252 1224/1297/1222
f 1244/1332/1255 1211/1298/1223 1212/1300/1225
f 1231/1333/1256 1198/1299/1224 1199/1301/1226
f 1226/1334/33 1257/1335/1257 1225/1303/1227
f 1213/1336/1258 1244/1332/1255 1212/1300/1225
f 1232/1337/1259 1199/1301/1226 1200/1305/1229
f 1246/1338/1260 1213/1336/1258 1214/1306/1230
f 1233/1339/1261 1200/1305/1229 1201/1307/1231
f 1247/1340/1262 1214/1306/1230 1215/1308/1232
f 1202/1341/1263 1233/1339/1261 1201/1307/1231
f 1248/1342/1264 1215/1308/1232 1216/1310/1234
f 1235/1343/1265 1202/1341/1263 1203/1278/1204
f 1217/1280/1206 1248/1342/1264 1216/1310/1234
f 1236/1311/1235 1203/1278/1204 1204/1281/1207
f 1218/1313/1237 1249/1344/1266 1217/1280/1206
f 1270/1345/1267 1238/1317/1241 1239/1346/1268
f 1253/1322/1245 1283/1347/1269 1252/1315/1239
f 1271/1348/1270 1239/1346/1268 1240/1319/1243
f 1227/1320/1244 1258/1349/1271 1039/1350/9
f 1285/1351/1272 1253/1322/1245 1254/1325/1248
f 1241/1327/1250 1271/1348/1270 1240/1319/1243
f 1259/1352/1273 1227/1320/1244 1228/1323/1246
f 1255/1353/1274 1285/1351/1272 1254/1325/1248
f 1242/1354/1275 1272/1355/1276 1241/1327/1250
f 1229/1356/1277 1259/1352/1273 1228/1323/1246
f 1287/1357/1278 1255/1353/1274 1256/1329/1252
f 1274/1358/1279 1242/1354/1275 1243/1330/1253
f 1261/1359/1280 1229/1356/1277 1230/1331/1254
f 1257/1335/1257 1287/1357/1278 1256/1329/1252
f 1275/1360/1281 1243/1330/1253 1244/1332/1255
f 1262/1361/1282 1230/1331/1254 1231/1333/1256
f 1226/1362/33 1288/1363/1283 1257/1335/1257
f 1245/1364/1284 1275/1360/1281 1244/1332/1255
f 1263/1365/1285 1231/1333/1256 1232/1337/1259
f 1246/1338/1260 1276/1366/1286 1245/1364/1284
f 1264/1367/1287 1232/1337/1259 1233/1339/1261
f 1278/1368/1288 1246/1338/1260 1247/1340/1262
f 1234/1369/1289 1264/1367/1287 1233/1339/1261
f 1279/1370/1290 1247/1340/1262 1248/1342/1264
f 1266/1371/1291 1234/1369/1289 1235/1343/1265
f 1280/1372/1292 1248/1342/1264 1249/1344/1266
f 1236/1311/1235 1266/1371/1291 1235/1343/1265
f 1250/1373/1293 1280/1372/1292 1249/1344/1266
f 1237/1314/1238 1267/1374/1294 1236/1311/1235
f 1282/1375/1295 1250/1373/1293 1251/1312/1236
f 1238/1317/1241 1268/1376/1296 1237/1314/1238
f 1252/1315/1239 1282/1375/1295 1251/1312/1236
f 1272/1355/1276 1302/1377/1297 1271/1348/1270
f 1290/1378/1298 1258/1349/1271 1259/1352/1273
f 1317/1379/1299 1285/1351/1272 1286/1380/1300
f 1273/1381/1301 1303/1382/1302 1272/1355/1276
f 1260/1383/1303 1290/1378/1298 1259/1352/1273
f 1318/1384/1304 1286/1380/1300 1287/1357/1278
f 1305/1385/1305 1273/1381/1301 1274/1358/1279
f 1292/1386/1306 1260/1383/1303 1261/1359/1280
f 1288/1363/1283 1318/1384/1304 1287/1357/1278
f 1306/1387/1307 1274/1358/1279 1275/1360/1281
f 1293/1388/1308 1261/1359/1280 1262/1361/1282
f 1226/1389/33 1319/1390/1309 1288/1363/1283
f 1276/1366/1286 1306/1387/1307 1275/1360/1281
f 1294/1391/1310 1262/1361/1282 1263/1365/1285
f 1308/1392/1311 1276/1366/1286 1277/1393/1312
f 1295/1394/1313 1263/1365/1285 1264/1367/1287
f 1309/1395/1314 1277/1393/1312 1278/1368/1288
f 1265/1396/1315 1295/1394/1313 1264/1367/1287
f 1310/1397/1316 1278/1368/1288 1279/1370/1290
f 1297/1398/1317 1265/1396/1315 1266/1371/1291
f 1311/1399/1318 1279/1370/1290 1280/1372/1292
f 1298/1400/1319 1266/1371/1291 1267/1374/1294
f 1281/1401/1320 1311/1399/1318 1280/1372/1292
f 1268/1376/1296 1298/1400/1319 1267/1374/1294
f 1313/1402/1321 1281/1401/1320 1282/1375/1295
f 1269/1403/1322 1299/1404/1323 1268/1376/1296
f 1283/1347/1269 1313/1402/1321 1282/1375/1295
f 1270/1345/1267 1300/1405/1324 1269/1403/1322
f 1284/1406/1325 1314/1407/1326 1283/1347/1269
f 1302/1377/1297 1270/1345/1267 1271/1348/1270
f 1258/1349/1271 1289/1408/1327 1039/1409/9
f 1316/1410/1328 1284/1406/1325 1285/1351/1272
f 1336/1411/1329 1304/1412/1330 1305/1385/1305
f 1323/1413/1331 1291/1414/1332 1292/1386/1306
f 1319/1390/1309 1349/1415/1333 1318/1384/1304
f 1337/1416/1334 1305/1385/1305 1306/1387/1307
f 1324/1417/1335 1292/1386/1306 1293/1388/1308
f 1226/1418/33 1350/1419/1336 1319/1390/1309
f 1307/1420/1337 1337/1416/1334 1306/1387/1307
f 1325/1421/1338 1293/1388/1308 1294/1391/1310
f 1308/1392/1311 1338/1422/1339 1307/1420/1337
f 1326/1423/1340 1294/1391/1310 1295/1394/1313
f 1340/1424/1341 1308/1392/1311 1309/1395/1314
f 1296/1425/1342 1326/1423/1340 1295/1394/1313
f 1341/1426/1343 1309/1395/1314 1310/1397/1316
f 1328/1427/1344 1296/1425/1342 1297/1398/1317
f 1342/1428/1345 1310/1397/1316 1311/1399/1318
f 1298/1400/1319 1328/1427/1344 1297/1398/1317
f 1312/1429/1346 1342/1428/1345 1311/1399/1318
f 1299/1404/1323 1329/1430/1347 1298/1400/1319
f 1344/1431/1348 1312/1429/1346 1313/1402/1321
f 1300/1405/1324 1330/1432/1349 1299/1404/1323
f 1345/1433/1350 1313/1402/1321 1314/1407/1326
f 1332/1434/1351 1300/1405/1324 1301/1435/1352
f 1315/1436/1353 1345/1433/1350 1314/1407/1326
f 1333/1437/1354 1301/1435/1352 1302/1377/1297
f 1289/1408/1327 1320/1438/1355 1039/1439/9
f 1347/1440/1356 1315/1436/1353 1316/1410/1328
f 1303/1382/1302 1333/1437/1354 1302/1377/1297
f 1321/1441/1357 1289/1408/1327 1290/1378/1298
f 1317/1379/1299 1347/1440/1356 1316/1410/1328
f 1304/1412/1330 1334/1442/1358 1303/1382/1302
f 1291/1414/1332 1321/1441/1357 1290/1378/1298
f 1349/1415/1333 1317/1379/1299 1318/1384/1304
f 1338/1422/1339 1368/1443/1359 1337/1416/1334
f 1356/1444/1360 1324/1417/1335 1325/1421/1338
f 1370/1445/1361 1338/1422/1339 1339/1446/1362
f 1357/1447/1363 1325/1421/1338 1326/1423/1340
f 1371/1448/1364 1339/1446/1362 1340/1424/1341
f 1327/1449/1365 1357/1447/1363 1326/1423/1340
f 1372/1450/1366 1340/1424/1341 1341/1426/1343
f 1359/1451/1367 1327/1449/1365 1328/1427/1344
f 1342/1428/1345 1372/1450/1366 1341/1426/1343
f 1360/1452/1368 1328/1427/1344 1329/1430/1347
f 1343/1453/1369 1373/1454/1370 1342/1428/1345
f 1330/1432/1349 1360/1452/1368 1329/1430/1347
f 1375/1455/1371 1343/1453/1369 1344/1431/1348
f 1331/1456/1372 1361/1457/1373 1330/1432/1349
f 1376/1458/1374 1344/1431/1348 1345/1433/1350
f 1332/1434/1351 1362/1459/1375 1331/1456/1372
f 1346/1460/1376 1376/1458/1374 1345/1433/1350
f 1364/1461/1377 1332/1434/1351 1333/1437/1354
f 1320/1438/1355 1351/1462/1378 1039/1463/9
f 1378/1464/1379 1346/1460/1376 1347/1440/1356
f 1334/1442/1358 1364/1461/1377 1333/1437/1354
f 1352/1465/1380 1320/1438/1355 1321/1441/1357
f 1379/1466/1381 1347/1440/1356 1348/1467/1382
f 1335/1468/1383 1365/1469/1384 1334/1442/1358
f 1322/1470/1385 1352/1465/1380 1321/1441/1357
f 1380/1471/1386 1348/1467/1382 1349/1415/1333
f 1367/1472/1387 1335/1468/1383 1336/1411/1329
f 1354/1473/1388 1322/1470/1385 1323/1413/1331
f 1350/1419/1336 1380/1471/1386 1349/1415/1333
f 1368/1443/1359 1336/1411/1329 1337/1416/1334
f 1355/1474/1389 1323/1413/1331 1324/1417/1335
f 1226/1475/33 1381/1476/1390 1350/1419/1336
f 1402/1477/1391 1370/1445/1361 1371/1448/1364
f 1358/1478/1392 1388/1479/1393 1357/1447/1363
f 1403/1480/1394 1371/1448/1364 1372/1450/1366
f 1390/1481/1395 1358/1478/1392 1359/1451/1367
f 1373/1454/1370 1403/1480/1394 1372/1450/1366
f 1391/1482/1396 1359/1451/1367 1360/1452/1368
f 1374/1483/1397 1404/1484/1398 1373/1454/1370
f 1361/1457/1373 1391/1482/1396 1360/1452/1368
f 1406/1485/1399 1374/1483/1397 1375/1455/1371
f 1362/1459/1375 1392/1486/1400 1361/1457/1373
f 1407/1487/1401 1375/1455/1371 1376/1458/1374
f 1394/1488/1402 1362/1459/1375 1363/1489/1403
f 1377/1490/1404 1407/1487/1401 1376/1458/1374
f 1395/1491/1405 1363/1489/1403 1364/1461/1377
f 1351/1462/1378 1382/1492/1406 1039/1493/9
f 1409/1494/1407 1377/1490/1404 1378/1464/1379
f 1365/1469/1384 1395/1491/1405 1364/1461/1377
f 1383/1495/1408 1351/1462/1378 1352/1465/1380
f 1379/1466/1381 1409/1494/1407 1378/1464/1379
f 1366/1496/1409 1396/1497/1410 1365/1469/1384
f 1384/1498/1411 1352/1465/1380 1353/1499/1412
f 1411/1500/1413 1379/1466/1381 1380/1471/1386
f 1398/1501/1414 1366/1496/1409 1367/1472/1387
f 1385/1502/1415 1353/1499/1412 1354/1473/1388
f 1412/1503/1416 1380/1471/1386 1381/1476/1390
f 1399/1504/1417 1367/1472/1387 1368/1443/1359
f 1386/1505/1418 1354/1473/1388 1355/1474/1389
f 1226/1506/33 1412/1503/1416 1381/1476/1390
f 1369/1507/1419 1399/1504/1417 1368/1443/1359
f 1387/1508/1420 1355/1474/1389 1356/1444/1360
f 1370/1445/1361 1400/1509/1421 1369/1507/1419
f 1357/1447/1363 1387/1508/1420 1356/1444/1360
f 1404/1484/1398 1434/1510/1422 1403/1480/1394
f 1422/1511/1423 1390/1481/1395 1391/1482/1396
f 1405/1512/1424 1435/1513/1425 1404/1484/1398
f 1392/1486/1400 1422/1511/1423 1391/1482/1396
f 1437/1514/1426 1405/1512/1424 1406/1485/1399
f 1393/1515/1427 1423/1516/1428 1392/1486/1400
f 1407/1487/1401 1437/1514/1426 1406/1485/1399
f 1425/1517/1429 1393/1515/1427 1394/1488/1402
f 1408/1518/1430 1438/1519/1431 1407/1487/1401
f 1426/1520/1432 1394/1488/1402 1395/1491/1405
f 1382/1492/1406 1413/1521/1433 1039/1522/9
f 1440/1523/1434 1408/1518/1430 1409/1494/1407
f 1396/1497/1410 1426/1520/1432 1395/1491/1405
f 1414/1524/1435 1382/1492/1406 1383/1495/1408
f 1441/1525/1436 1409/1494/1407 1410/1526/1437
f 1397/1527/1438 1427/1528/1439 1396/1497/1410
f 1384/1498/1411 1414/1524/1435 1383/1495/1408
f 1442/1529/1440 1410/1526/1437 1411/1500/1413
f 1429/1530/1441 1397/1527/1438 1398/1501/1414
f 1416/1531/1442 1384/1498/1411 1385/1502/1415
f 1443/1532/1443 1411/1500/1413 1412/1503/1416
f 1430/1533/1444 1398/1501/1414 1399/1504/1417
f 1386/1505/1418 1416/1531/1442 1385/1502/1415
f 1226/1534/33 1443/1532/1443 1412/1503/1416
f 1400/1509/1421 1430/1533/1444 1399/1504/1417
f 1418/1535/1445 1386/1505/1418 1387/1508/1420
f 1401/1536/1446 1431/1537/1447 1400/1509/1421
f 1419/1538/1448 1387/1508/1420 1388/1479/1393
f 1433/1539/1449 1401/1536/1446 1402/1477/1391
f 1389/1540/1450 1419/1538/1448 1388/1479/1393
f 1434/1510/1422 1402/1477/1391 1403/1480/1394
f 1421/1541/1451 1389/1540/1450 1390/1481/1395
f 1468/1542/1452 1436/1543/1453 1437/1514/1426
f 1455/1544/1454 1423/1516/1428 1424/1545/1455
f 1438/1519/1431 1468/1542/1452 1437/1514/1426
f 1425/1517/1429 1455/1544/1454 1424/1545/1455
f 1439/1546/1456 1469/1547/1457 1438/1519/1431
f 1457/1548/1458 1425/1517/1429 1426/1520/1432
f 1413/1521/1433 1444/1549/1459 1039/1550/9
f 1471/1551/1460 1439/1546/1456 1440/1523/1434
f 1427/1528/1439 1457/1548/1458 1426/1520/1432
f 1445/1552/1461 1413/1521/1433 1414/1524/1435
f 1472/1553/1462 1440/1523/1434 1441/1525/1436
f 1428/1554/1463 1458/1555/1464 1427/1528/1439
f 1446/1556/1465 1414/1524/1435 1415/1557/1466
f 1473/1558/1467 1441/1525/1436 1442/1529/1440
f 1460/1559/1468 1428/1554/1463 1429/1530/1441
f 1416/1531/1442 1446/1556/1465 1415/1557/1466
f 1443/1532/1443 1473/1558/1467 1442/1529/1440
f 1461/1560/1469 1429/1530/1441 1430/1533/1444
f 1448/1561/1470 1416/1531/1442 1417/1562/1471
f 1226/1563/33 1474/1564/1472 1443/1532/1443
f 1431/1537/1447 1461/1560/1469 1430/1533/1444
f 1449/1565/1473 1417/1562/1471 1418/1535/1445
f 1463/1566/1474 1431/1537/1447 1432/1567/1475
f 1450/1568/1476 1418/1535/1445 1419/1538/1448
f 1464/1569/1477 1432/1567/1475 1433/1539/1449
f 1420/1570/1478 1450/1568/1476 1419/1538/1448
f 1465/1571/1479 1433/1539/1449 1434/1510/1422
f 1452/1572/1480 1420/1570/1478 1421/1541/1451
f 1435/1513/1425 1465/1571/1479 1434/1510/1422
f 1453/1573/1481 1421/1541/1451 1422/1511/1423
f 1436/1543/1453 1466/1574/1482 1435/1513/1425
f 1423/1516/1428 1453/1573/1481 1422/1511/1423
f 1470/1575/1483 1500/1576/1484 1469/1547/1457
f 1488/1577/1485 1456/1578/1486 1457/1548/1458
f 1444/1549/1459 1475/1579/1487 1039/1580/9
f 1502/1581/1488 1470/1575/1483 1471/1551/1460
f 1458/1555/1464 1488/1577/1485 1457/1548/1458
f 1476/1582/1489 1444/1549/1459 1445/1552/1461
f 1472/1553/1462 1502/1581/1488 1471/1551/1460
f 1459/1583/1490 1489/1584/1491 1458/1555/1464
f 1477/1585/1492 1445/1552/1461 1446/1556/1465
f 1504/1586/1493 1472/1553/1462 1473/1558/1467
f 1491/1587/1494 1459/1583/1490 1460/1559/1468
f 1478/1588/1495 1446/1556/1465 1447/1589/1496
f 1474/1564/1472 1504/1586/1493 1473/1558/1467
f 1492/1590/1497 1460/1559/1468 1461/1560/1469
f 1479/1591/1498 1447/1589/1496 1448/1561/1470
f 1226/1592/33 1505/1593/1499 1474/1564/1472
f 1462/1594/1500 1492/1590/1497 1461/1560/1469
f 1480/1595/1501 1448/1561/1470 1449/1565/1473
f 1463/1566/1474 1493/1596/1502 1462/1594/1500
f 1481/1597/1503 1449/1565/1473 1450/1568/1476
f 1495/1598/1504 1463/1566/1474 1464/1569/1477
f 1451/1599/1505 1481/1597/1503 1450/1568/1476
f 1496/1600/1506 1464/1569/1477 1465/1571/1479
f 1483/1601/1507 1451/1599/1505 1452/1572/1480
f 1466/1574/1482 1496/1600/1506 1465/1571/1479
f 1484/1602/1508 1452/1572/1480 1453/1573/1481
f 1467/1603/1509 1497/1604/1510 1466/1574/1482
f 1454/1605/1511 1484/1602/1508 1453/1573/1481
f 1499/1606/1512 1467/1603/1509 1468/1542/1452
f 1455/1544/1454 1485/1607/1513 1454/1605/1511
f 1500/1576/1484 1468/1542/1452 1469/1547/1457
f 1487/1608/1514 1455/1544/1454 1456/1578/1486
f 1534/1609/1515 1502/1610/1488 1503/1611/1516
f 1490/1612/1517 1520/1613/1518 1489/1614/1491
f 1477/1615/1492 1507/1616/1519 1476/1617/1489
f 1535/1618/1520 1503/1611/1516 1504/1619/1493
f 1522/1620/1521 1490/1612/1517 1491/1621/1494
f 1509/1622/1522 1477/1615/1492 1478/1623/1495
f 1505/1624/1499 1535/1618/1520 1504/1619/1493
f 1523/1625/1523 1491/1621/1494 1492/1626/1497
f 1510/1627/1524 1478/1623/1495 1479/1628/1498
f 1226/1629/33 1536/1630/1525 1505/1624/1499
f 1493/1631/1502 1523/1625/1523 1492/1626/1497
f 1511/1632/1526 1479/1628/1498 1480/1633/1501
f 1525/1634/1527 1493/1631/1502 1494/1635/1528
f 1512/1636/1529 1480/1633/1501 1481/1637/1503
f 1526/1638/1530 1494/1635/1528 1495/1639/1504
f 1482/1640/1531 1512/1636/1529 1481/1637/1503
f 1527/1641/1532 1495/1639/1504 1496/1642/1506
f 1514/1643/1533 1482/1640/1531 1483/1644/1507
f 1497/1645/1510 1527/1641/1532 1496/1642/1506
f 1515/1646/1534 1483/1644/1507 1484/1647/1508
f 1498/1648/1535 1528/1649/1536 1497/1645/1510
f 1485/1650/1513 1515/1646/1534 1484/1647/1508
f 1530/1651/1537 1498/1648/1535 1499/1652/1512
f 1517/1653/1538 1485/1650/1513 1486/1654/1539
f 1500/1655/1484 1530/1651/1537 1499/1652/1512
f 1487/1656/1514 1517/1653/1538 1486/1654/1539
f 1501/1657/1540 1531/1658/1541 1500/1655/1484
f 1519/1659/1542 1487/1656/1514 1488/1660/1485
f 1475/1661/1487 1506/1662/1543 1039/1663/9
f 1533/1664/1544 1501/1657/1540 1502/1610/1488
f 1489/1614/1491 1519/1659/1542 1488/1660/1485
f 1507/1616/1519 1475/1661/1487 1476/1617/1489
f 1567/1665/1545 1535/1618/1520 1536/1630/1525
f 1554/1666/1546 1522/1620/1521 1523/1625/1523
f 1510/1627/1524 1540/1667/1547 1509/1622/1522
f 1226/1668/33 1567/1665/1545 1536/1630/1525
f 1524/1669/1548 1554/1666/1546 1523/1625/1523
f 1542/1670/1549 1510/1627/1524 1511/1632/1526
f 1556/1671/1550 1524/1669/1548 1525/1634/1527
f 1543/1672/1551 1511/1632/1526 1512/1636/1529
f 1557/1673/1552 1525/1634/1527 1526/1638/1530
f 1513/1674/1553 1543/1672/1551 1512/1636/1529
f 1558/1675/1554 1526/1638/1530 1527/1641/1532
f 1545/1676/1555 1513/1674/1553 1514/1643/1533
f 1528/1649/1536 1558/1675/1554 1527/1641/1532
f 1546/1677/1556 1514/1643/1533 1515/1646/1534
f 1529/1678/1557 1559/1679/1558 1528/1649/1536
f 1516/1680/1559 1546/1677/1556 1515/1646/1534
f 1561/1681/1560 1529/1678/1557 1530/1651/1537
f 1517/1653/1538 1547/1682/1561 1516/1680/1559
f 1562/1683/1562 1530/1651/1537 1531/1658/1541
f 1518/1684/1563 1548/1685/1564 1517/1653/1538
f 1532/1686/1565 1562/1683/1562 1531/1658/1541
f 1550/1687/1566 1518/1684/1563 1519/1659/1542
f 1506/1662/1543 1537/1688/1567 1039/1689/9
f 1564/1690/1568 1532/1686/1565 1533/1664/1544
f 1520/1613/1518 1550/1687/1566 1519/1659/1542
f 1538/1691/1569 1506/1662/1543 1507/1616/1519
f 1534/1609/1515 1564/1690/1568 1533/1664/1544
f 1521/1692/1570 1551/1693/1571 1520/1613/1518
f 1539/1694/1572 1507/1616/1519 1508/1695/1573
f 1566/1696/1574 1534/1609/1515 1535/1618/1520
f 1553/1697/1575 1521/1692/1570 1522/1620/1521
f 1540/1667/1547 1508/1695/1573 1509/1622/1522
f 1587/1698/1576 1555/1699/1577 1556/1671/1550
f 1574/1700/1578 1542/1670/1549 1543/1672/1551
f 1588/1701/1579 1556/1671/1550 1557/1673/1552
f 1544/1702/1580 1574/1700/1578 1543/1672/1551
f 1589/1703/1581 1557/1673/1552 1558/1675/1554
f 1576/1704/1582 1544/1702/1580 1545/1676/1555
f 1559/1679/1558 1589/1703/1581 1558/1675/1554
f 1577/1705/1583 1545/1676/1555 1546/1677/1556
f 1560/1706/1584 1590/1707/1585 1559/1679/1558
f 1547/1682/1561 1577/1705/1583 1546/1677/1556
f 1592/1708/1586 1560/1706/1584 1561/1681/1560
f 1548/1685/1564 1578/1709/1587 1547/1682/1561
f 1562/1683/1562 1592/1708/1586 1561/1681/1560
f 1549/1710/1588 1579/1711/1589 1548/1685/1564
f 1563/1712/1590 1593/1713/1591 1562/1683/1562
f 1581/1714/1592 1549/1710/1588 1550/1687/1566
f 1537/1688/1567 1568/1715/1593 1039/1716/9
f 1595/1717/1594 1563/1712/1590 1564/1690/1568
f 1551/1693/1571 1581/1714/1592 1550/1687/1566
f 1569/1718/1595 1537/1688/1567 1538/1691/1569
f 1565/1719/1596 1595/1717/1594 1564/1690/1568
f 1552/1720/1597 1582/1721/1598 1551/1693/1571
f 1570/1722/1599 1538/1691/1569 1539/1694/1572
f 1566/1696/1574 1596/1723/1600 1565/1719/1596
f 1584/1724/1601 1552/1720/1597 1553/1697/1575
f 1571/1725/1602 1539/1694/1572 1540/1667/1547
f 1567/1665/1545 1597/1726/1603 1566/1696/1574
f 1585/1727/1604 1553/1697/1575 1554/1666/1546
f 1572/1728/1605 1540/1667/1547 1541/1729/1606
f 1226/1730/33 1598/1731/1607 1567/1665/1545
f 1555/1699/1577 1585/1727/1604 1554/1666/1546
f 1573/1732/1608 1541/1729/1606 1542/1670/1549
f 1594/1733/1609 1624/1734/1610 1593/1713/1591
f 1612/1735/1611 1580/1736/1612 1581/1714/1592
f 1568/1715/1593 1599/1737/1613 1039/1738/9
f 1595/1717/1594 1625/1739/1614 1594/1733/1609
f 1582/1721/1598 1612/1735/1611 1581/1714/1592
f 1600/1740/1615 1568/1715/1593 1569/1718/1595
f 1596/1723/1600 1626/1741/1616 1595/1717/1594
f 1583/1742/1617 1613/1743/1618 1582/1721/1598
f 1601/1744/1619 1569/1718/1595 1570/1722/1599
f 1628/1745/1620 1596/1723/1600 1597/1726/1603
f 1615/1746/1621 1583/1742/1617 1584/1724/1601
f 1602/1747/1622 1570/1722/1599 1571/1725/1602
f 1629/1748/1623 1597/1726/1603 1598/1731/1607
f 1616/1749/1624 1584/1724/1601 1585/1727/1604
f 1603/1750/1625 1571/1725/1602 1572/1728/1605
f 1226/1751/33 1629/1748/1623 1598/1731/1607
f 1586/1752/1626 1616/1749/1624 1585/1727/1604
f 1604/1753/1627 1572/1728/1605 1573/1732/1608
f 1618/1754/1628 1586/1752/1626 1587/1698/1576
f 1605/1755/1629 1573/1732/1608 1574/1700/1578
f 1619/1756/1630 1587/1698/1576 1588/1701/1579
f 1575/1757/1631 1605/1755/1629 1574/1700/1578
f 1620/1758/1632 1588/1701/1579 1589/1703/1581
f 1607/1759/1633 1575/1757/1631 1576/1704/1582
f 1590/1707/1585 1620/1758/1632 1589/1703/1581
f 1608/1760/1634 1576/1704/1582 1577/1705/1583
f 1591/1761/1635 1621/1762/1636 1590/1707/1585
f 1578/1709/1587 1608/1760/1634 1577/1705/1583
f 1623/1763/1637 1591/1761/1635 1592/1708/1586
f 1579/1711/1589 1609/1764/1638 1578/1709/1587
f 1593/1713/1591 1623/1763/1637 1592/1708/1586
f 1580/1736/1612 1610/1765/1639 1579/1711/1589
f 1658/1766/1640 1626/1741/1616 1627/1767/1641
f 1614/1768/1642 1644/1769/1643 1613/1743/1618
f 1632/1770/1644 1600/1740/1615 1601/1744/1619
f 1659/1771/1645 1627/1767/1641 1628/1745/1620
f 1646/1772/1646 1614/1768/1642 1615/1746/1621
f 1602/1747/1622 1632/1770/1644 1601/1744/1619
f 1660/1773/1647 1628/1745/1620 1629/1748/1623
f 1647/1774/1648 1615/1746/1621 1616/1749/1624
f 1603/1750/1625 1633/1775/1649 1602/1747/1622
f 1226/1776/33 1660/1773/1647 1629/1748/1623
f 1617/1777/1650 1647/1774/1648 1616/1749/1624
f 1635/1778/1651 1603/1750/1625 1604/1753/1627
f 1649/1779/1652 1617/1777/1650 1618/1754/1628
f 1605/1755/1629 1635/1778/1651 1604/1753/1627
f 1650/1780/1653 1618/1754/1628 1619/1756/1630
f 1606/1781/1654 1636/1782/1655 1605/1755/1629
f 1651/1783/1656 1619/1756/1630 1620/1758/1632
f 1638/1784/1657 1606/1781/1654 1607/1759/1633
f 1621/1762/1636 1651/1783/1656 1620/1758/1632
f 1639/1785/1658 1607/1759/1633 1608/1760/1634
f 1622/1786/1659 1652/1787/1660 1621/1762/1636
f 1609/1764/1638 1639/1785/1658 1608/1760/1634
f 1654/1788/1661 1622/1786/1659 1623/1763/1637
f 1610/1765/1639 1640/1789/1662 1609/1764/1638
f 1655/1790/1663 1623/1763/1637 1624/1734/1610
f 1642/1791/1664 1610/1765/1639 1611/1792/1665
f 1625/1739/1614 1655/1790/1663 1624/1734/1610
f 1643/1793/1666 1611/1792/1665 1612/1735/1611
f 1599/1737/1613 1630/1794/1667 1039/1795/9
f 1657/1796/1668 1625/1739/1614 1626/1741/1616
f 1613/1743/1618 1643/1793/1666 1612/1735/1611
f 1600/1740/1615 1630/1794/1667 1599/1737/1613
f 1660/1773/1647 1690/1797/1669 1659/1771/1645
f 1678/1798/1670 1646/1772/1646 1647/1774/1648
f 1634/1799/1671 1664/1800/1672 1633/1775/1649
f 1226/1801/33 1691/1802/1673 1660/1773/1647
f 1648/1803/1674 1678/1798/1670 1647/1774/1648
f 1666/1804/1675 1634/1799/1671 1635/1778/1651
f 1680/1805/1676 1648/1803/1674 1649/1779/1652
f 1667/1806/1677 1635/1778/1651 1636/1782/1655
f 1681/1807/1678 1649/1779/1652 1650/1780/1653
f 1637/1808/1679 1667/1806/1677 1636/1782/1655
f 1682/1809/1680 1650/1780/1653 1651/1783/1656
f 1669/1810/1681 1637/1808/1679 1638/1784/1657
f 1683/1811/1682 1651/1783/1656 1652/1787/1660
f 1670/1812/1683 1638/1784/1657 1639/1785/1658
f 1653/1813/1684 1683/1811/1682 1652/1787/1660
f 1640/1789/1662 1670/1812/1683 1639/1785/1658
f 1685/1814/1685 1653/1813/1684 1654/1788/1661
f 1641/1815/1686 1671/1816/1687 1640/1789/1662
f 1655/1790/1663 1685/1814/1685 1654/1788/1661
f 1642/1791/1664 1672/1817/1688 1641/1815/1686
f 1656/1818/1689 1686/1819/1690 1655/1790/1663
f 1674/1820/1691 1642/1791/1664 1643/1793/1666
f 1630/1794/1667 1661/1821/1692 1039/1822/9
f 1688/1823/1693 1656/1818/1689 1657/1796/1668
f 1644/1769/1643 1674/1820/1691 1643/1793/1666
f 1662/1824/1694 1630/1794/1667 1631/1825/1695
f 1689/1826/1696 1657/1796/1668 1658/1766/1640
f 1645/1827/1697 1675/1828/1698 1644/1769/1643
f 1663/1829/1699 1631/1825/1695 1632/1770/1644
f 1659/1771/1645 1689/1826/1696 1658/1766/1640
f 1677/1830/1700 1645/1827/1697 1646/1772/1646
f 1633/1775/1649 1663/1829/1699 1632/1770/1644
f 1711/1831/1701 1679/1832/1702 1680/1805/1676
f 1667/1806/1677 1697/1833/1703 1666/1804/1675
f 1712/1834/1704 1680/1805/1676 1681/1807/1678
f 1668/1835/1705 1698/1836/1706 1667/1806/1677
f 1713/1837/1707 1681/1807/1678 1682/1809/1680
f 1700/1838/1708 1668/1835/1705 1669/1810/1681
f 1683/1811/1682 1713/1837/1707 1682/1809/1680
f 1701/1839/1709 1669/1810/1681 1670/1812/1683
f 1684/1840/1710 1714/1841/1711 1683/1811/1682
f 1671/1816/1687 1701/1839/1709 1670/1812/1683
f 1716/1842/1712 1684/1840/1710 1685/1814/1685
f 1703/1843/1713 1671/1816/1687 1672/1817/1688
f 1717/1844/1714 1685/1814/1685 1686/1819/1690
f 1673/1845/1715 1703/1843/1713 1672/1817/1688
f 1687/1846/1716 1717/1844/1714 1686/1819/1690
f 1705/1847/1717 1673/1845/1715 1674/1820/1691
f 1661/1821/1692 1692/1848/1718 1039/1849/9
f 1719/1850/1719 1687/1846/1716 1688/1823/1693
f 1675/1828/1698 1705/1847/1717 1674/1820/1691
f 1693/1851/1720 1661/1821/1692 1662/1824/1694
f 1689/1826/1696 1719/1850/1719 1688/1823/1693
f 1676/1852/1721 1706/1853/1722 1675/1828/1698
f 1694/1854/1723 1662/1824/1694 1663/1829/1699
f 1721/1855/1724 1689/1826/1696 1690/1797/1669
f 1708/1856/1725 1676/1852/1721 1677/1830/1700
f 1695/1857/1726 1663/1829/1699 1664/1800/1672
f 1722/1858/1727 1690/1797/1669 1691/1802/1673
f 1709/1859/1728 1677/1830/1700 1678/1798/1670
f 1665/1860/1729 1695/1857/1726 1664/1800/1672
f 1226/1861/33 1722/1858/1727 1691/1802/1673
f 1679/1832/1702 1709/1859/1728 1678/1798/1670
f 1697/1833/1703 1665/1860/1729 1666/1804/1675
f 1744/1862/1730 1712/1834/1704 1713/1837/1707
f 1731/1863/1731 1699/1864/1732 1700/1838/1708
f 1714/1841/1711 1744/1862/1730 1713/1837/1707
f 1732/1865/1733 1700/1838/1708 1701/1839/1709
f 1715/1866/1734 1745/1867/1735 1714/1841/1711
f 1702/1868/1736 1732/1865/1733 1701/1839/1709
f 1747/1869/1737 1715/1866/1734 1716/1842/1712
f 1703/1843/1713 1733/1870/1738 1702/1868/1736
f 1748/1871/1739 1716/1842/1712 1717/1844/1714
f 1704/1872/1740 1734/1873/1741 1703/1843/1713
f 1718/1874/1742 1748/1871/1739 1717/1844/1714
f 1736/1875/1743 1704/1872/1740 1705/1847/1717
f 1692/1848/1718 1723/1876/1744 1039/1877/9
f 1719/1850/1719 1749/1878/1745 1718/1874/1742
f 1706/1853/1722 1736/1875/1743 1705/1847/1717
f 1724/1879/1746 1692/1848/1718 1693/1851/1720
f 1751/1880/1747 1719/1850/1719 1720/1881/1748
f 1707/1882/1749 1737/1883/1750 1706/1853/1722
f 1694/1854/1723 1724/1879/1746 1693/1851/1720
f 1752/1884/1751 1720/1881/1748 1721/1855/1724
f 1739/1885/1752 1707/1882/1749 1708/1856/1725
f 1726/1886/1753 1694/1854/1723 1695/1857/1726
f 1722/1858/1727 1752/1884/1751 1721/1855/1724
f 1740/1887/1754 1708/1856/1725 1709/1859/1728
f 1696/1888/1755 1726/1886/1753 1695/1857/1726
f 1226/1889/33 1753/1890/1756 1722/1858/1727
f 1710/1891/1757 1740/1887/1754 1709/1859/1728
f 1728/1892/1758 1696/1888/1755 1697/1833/1703
f 1742/1893/1759 1710/1891/1757 1711/1831/1701
f 1729/1894/1760 1697/1833/1703 1698/1836/1706
f 1743/1895/1761 1711/1831/1701 1712/1834/1704
f 1699/1864/1732 1729/1894/1760 1698/1836/1706
f 1746/1896/1762 1776/1897/1763 1745/1867/1735
f 1733/1870/1738 1763/1898/1764 1732/1865/1733
f 1778/1899/1765 1746/1896/1762 1747/1869/1737
f 1734/1873/1741 1764/1900/1766 1733/1870/1738
f 1748/1871/1739 1778/1899/1765 1747/1869/1737
f 1766/1901/1767 1734/1873/1741 1735/1902/1768
f 1749/1878/1745 1779/1903/1769 1748/1871/1739
f 1767/1904/1770 1735/1902/1768 1736/1875/1743
f 1723/1876/1744 1754/1905/1771 1039/1906/9
f 1750/1907/1772 1780/1908/1773 1749/1878/1745
f 1768/1909/1774 1736/1875/1743 1737/1883/1750
f 1755/1910/1775 1723/1876/1744 1724/1879/1746
f 1782/1911/1776 1750/1907/1772 1751/1880/1747
f 1738/1912/1777 1768/1909/1774 1737/1883/1750
f 1725/1913/1778 1755/1910/1775 1724/1879/1746
f 1783/1914/1779 1751/1880/1747 1752/1884/1751
f 1770/1915/1780 1738/1912/1777 1739/1885/1752
f 1757/1916/1781 1725/1913/1778 1726/1886/1753
f 1784/1917/1782 1752/1884/1751 1753/1890/1756
f 1771/1918/1783 1739/1885/1752 1740/1887/1754
f 1758/1919/1784 1726/1886/1753 1727/1920/1785
f 1226/1921/33 1784/1917/1782 1753/1890/1756
f 1741/1922/1786 1771/1918/1783 1740/1887/1754
f 1759/1923/1787 1727/1920/1785 1728/1892/1758
f 1742/1893/1759 1772/1924/1788 1741/1922/1786
f 1760/1925/1789 1728/1892/1758 1729/1894/1760
f 1774/1926/1790 1742/1893/1759 1743/1895/1761
f 1730/1927/1791 1760/1925/1789 1729/1894/1760
f 1775/1928/1792 1743/1895/1761 1744/1862/1730
f 1762/1929/1793 1730/1927/1791 1731/1863/1731
f 1745/1867/1735 1775/1928/1792 1744/1862/1730
f 1763/1898/1764 1731/1863/1731 1732/1865/1733
f 1779/1903/1769 1809/1930/1794 1778/1899/1765
f 1766/1901/1767 1796/1931/1795 1765/1932/1796
f 1780/1908/1773 1810/1933/1797 1779/1903/1769
f 1798/1934/1798 1766/1901/1767 1767/1904/1770
f 1754/1905/1771 1785/1935/1799 1039/1936/9
f 1812/1937/1800 1780/1908/1773 1781/1938/1801
f 1768/1909/1774 1798/1934/1798 1767/1904/1770
f 1786/1939/1802 1754/1905/1771 1755/1910/1775
f 1813/1940/1803 1781/1938/1801 1782/1911/1776
f 1769/1941/1804 1799/1942/1805 1768/1909/1774
f 1756/1943/1806 1786/1939/1802 1755/1910/1775
f 1814/1944/1807 1782/1911/1776 1783/1914/1779
f 1801/1945/1808 1769/1941/1804 1770/1915/1780
f 1788/1946/1809 1756/1943/1806 1757/1916/1781
f 1784/1917/1782 1814/1944/1807 1783/1914/1779
f 1802/1947/1810 1770/1915/1780 1771/1918/1783
f 1758/1919/1784 1788/1946/1809 1757/1916/1781
f 1226/1948/33 1815/1949/1811 1784/1917/1782
f 1772/1924/1788 1802/1947/1810 1771/1918/1783
f 1790/1950/1812 1758/1919/1784 1759/1923/1787
f 1804/1951/1813 1772/1924/1788 1773/1952/1814
f 1791/1953/1815 1759/1923/1787 1760/1925/1789
f 1805/1954/1816 1773/1952/1814 1774/1926/1790
f 1761/1955/1817 1791/1953/1815 1760/1925/1789
f 1806/1956/1818 1774/1926/1790 1775/1928/1792
f 1793/1957/1819 1761/1955/1817 1762/1929/1793
f 1776/1897/1763 1806/1956/1818 1775/1928/1792
f 1794/1958/1820 1762/1929/1793 1763/1898/1764
f 1777/1959/1821 1807/1960/1822 1776/1897/1763
f 1764/1900/1766 1794/1958/1820 1763/1898/1764
f 1809/1930/1794 1777/1959/1821 1778/1899/1765
f 1765/1932/1796 1795/1961/1823 1764/1900/1766
f 1785/1935/1799 1816/1962/1824 1039/1963/9
f 1843/1964/1825 1811/1965/1826 1812/1937/1800
f 1799/1942/1805 1829/1966/1827 1798/1934/1798
f 1817/1967/1828 1785/1935/1799 1786/1939/1802
f 1844/1968/1829 1812/1937/1800 1813/1940/1803
f 1800/1969/1830 1830/1970/1831 1799/1942/1805
f 1787/1971/1832 1817/1967/1828 1786/1939/1802
f 1845/1972/1833 1813/1940/1803 1814/1944/1807
f 1832/1973/1834 1800/1969/1830 1801/1945/1808
f 1819/1974/1835 1787/1971/1832 1788/1946/1809
f 1815/1949/1811 1845/1972/1833 1814/1944/1807
f 1833/1975/1836 1801/1945/1808 1802/1947/1810
f 1820/1976/1837 1788/1946/1809 1789/1977/1838
f 1226/1978/33 1846/1979/1839 1815/1949/1811
f 1803/1980/1840 1833/1975/1836 1802/1947/1810
f 1821/1981/1841 1789/1977/1838 1790/1950/1812
f 1835/1982/1842 1803/1980/1840 1804/1951/1813
f 1822/1983/1843 1790/1950/1812 1791/1953/1815
f 1836/1984/1844 1804/1951/1813 1805/1954/1816
f 1792/1985/1845 1822/1983/1843 1791/1953/1815
f 1837/1986/1846 1805/1954/1816 1806/1956/1818
f 1824/1987/1847 1792/1985/1845 1793/1957/1819
f 1807/1960/1822 1837/1986/1846 1806/1956/1818
f 1825/1988/1848 1793/1957/1819 1794/1958/1820
f 1808/1989/1849 1838/1990/1850 1807/1960/1822
f 1795/1961/1823 1825/1988/1848 1794/1958/1820
f 1840/1991/1851 1808/1989/1849 1809/1930/1794
f 1827/1992/1852 1795/1961/1823 1796/1931/1795
f 1841/1993/1853 1809/1930/1794 1810/1933/1797
f 1797/1994/1854 1827/1992/1852 1796/1931/1795
f 1811/1965/1826 1841/1993/1853 1810/1933/1797
f 1829/1966/1827 1797/1994/1854 1798/1934/1798
f 1818/1995/1855 1848/1996/1856 1817/1967/1828
f 1876/1997/1857 1844/1968/1829 1845/1972/1833
f 1863/1998/1858 1831/1999/1859 1832/1973/1834
f 1819/1974/1835 1849/2000/1860 1818/1995/1855
f 1877/2001/1861 1845/1972/1833 1846/1979/1839
f 1864/2002/1862 1832/1973/1834 1833/1975/1836
f 1820/1976/1837 1850/2003/1863 1819/1974/1835
f 1226/2004/33 1877/2001/1861 1846/1979/1839
f 1834/2005/1864 1864/2002/1862 1833/1975/1836
f 1852/2006/1865 1820/1976/1837 1821/1981/1841
f 1866/2007/1866 1834/2005/1864 1835/1982/1842
f 1853/2008/1867 1821/1981/1841 1822/1983/1843
f 1836/1984/1844 1866/2007/1866 1835/1982/1842
f 1823/2009/1868 1853/2008/1867 1822/1983/1843
f 1868/2010/1869 1836/1984/1844 1837/1986/1846
f 1855/2011/1870 1823/2009/1868 1824/1987/1847
f 1838/1990/1850 1868/2010/1869 1837/1986/1846
f 1856/2012/1871 1824/1987/1847 1825/1988/1848
f 1839/2013/1872 1869/2014/1873 1838/1990/1850
f 1826/2015/1874 1856/2012/1871 1825/1988/1848
f 1871/2016/1875 1839/2013/1872 1840/1991/1851
f 1858/2017/1876 1826/2015/1874 1827/1992/1852
f 1872/2018/1877 1840/1991/1851 1841/1993/1853
f 1828/2019/1878 1858/2017/1876 1827/1992/1852
f 1842/2020/1879 1872/2018/1877 1841/1993/1853
f 1860/2021/1880 1828/2019/1878 1829/1966/1827
f 1816/1962/1824 1847/2022/1881 1039/2023/9
f 1874/2024/1882 1842/2020/1879 1843/1964/1825
f 1830/1970/1831 1860/2021/1880 1829/1966/1827
f 1848/1996/1856 1816/1962/1824 1817/1967/1828
f 1875/2025/1883 1843/1964/1825 1844/1968/1829
f 1831/1999/1859 1861/2026/1884 1830/1970/1831
f 1882/2027/1885 1850/2003/1863 1851/2028/1886
f 1226/2029/33 1908/2030/1887 1877/2001/1861
f 1865/2031/1888 1895/2032/1889 1864/2002/1862
f 1883/2033/1890 1851/2028/1886 1852/2006/1865
f 1897/2034/1891 1865/2031/1888 1866/2007/1866
f 1853/2008/1867 1883/2033/1890 1852/2006/1865
f 1898/2035/1892 1866/2007/1866 1867/2036/1893
f 1854/2037/1894 1884/2038/1895 1853/2008/1867
f 1899/2039/1896 1867/2036/1893 1868/2010/1869
f 1886/2040/1897 1854/2037/1894 1855/2011/1870
f 1869/2014/1873 1899/2039/1896 1868/2010/1869
f 1887/2041/1898 1855/2011/1870 1856/2012/1871
f 1870/2042/1899 1900/2043/1900 1869/2014/1873
f 1857/2044/1901 1887/2041/1898 1856/2012/1871
f 1902/2045/1902 1870/2042/1899 1871/2016/1875
f 1889/2046/1903 1857/2044/1901 1858/2017/1876
f 1903/2047/1904 1871/2016/1875 1872/2018/1877
f 1859/2048/1905 1889/2046/1903 1858/2017/1876
f 1904/2049/1906 1872/2018/1877 1873/2050/1907
f 1891/2051/1908 1859/2048/1905 1860/2021/1880
f 1847/2022/1881 1878/2052/1909 1039/2053/9
f 1874/2024/1882 1904/2049/1906 1873/2050/1907
f 1861/2026/1884 1891/2051/1908 1860/2021/1880
f 1879/2054/1910 1847/2022/1881 1848/1996/1856
f 1906/2055/1911 1874/2024/1882 1875/2025/1883
f 1862/2056/1912 1892/2057/1913 1861/2026/1884
f 1880/2058/1914 1848/1996/1856 1849/2000/1860
f 1907/2059/1915 1875/2025/1883 1876/1997/1857
f 1894/2060/1916 1862/2056/1912 1863/1998/1858
f 1881/2061/1917 1849/2000/1860 1850/2003/1863
f 1877/2001/1861 1907/2059/1915 1876/1997/1857
f 1895/2032/1889 1863/1998/1858 1864/2002/1862
f 1915/2062/1918 1883/2033/1890 1884/2038/1895
f 1898/2035/1892 1928/2063/1919 1897/2034/1891
f 1885/2064/1920 1915/2062/1918 1884/2038/1895
f 1930/2065/1921 1898/2035/1892 1899/2039/1896
f 1917/2066/1922 1885/2064/1920 1886/2040/1897
f 1900/2043/1900 1930/2065/1921 1899/2039/1896
f 1918/2067/1923 1886/2040/1897 1887/2041/1898
f 1901/2068/1924 1931/2069/1925 1900/2043/1900
f 1888/2070/1926 1918/2067/1923 1887/2041/1898
f 1933/2071/1927 1901/2068/1924 1902/2045/1902
f 1920/2072/1928 1888/2070/1926 1889/2046/1903
f 1903/2047/1904 1933/2071/1927 1902/2045/1902
f 1890/2073/1929 1920/2072/1928 1889/2046/1903
f 1904/2049/1906 1934/2074/1930 1903/2047/1904
f 1922/2075/1931 1890/2073/1929 1891/2051/1908
f 1878/2052/1909 1909/2076/1932 1039/2077/9
f 1936/2078/1933 1904/2049/1906 1905/2079/1934
f 1892/2057/1913 1922/2075/1931 1891/2051/1908
f 1910/2080/1935 1878/2052/1909 1879/2054/1910
f 1937/2081/1936 1905/2079/1934 1906/2055/1911
f 1893/2082/1937 1923/2083/1938 1892/2057/1913
f 1880/2058/1914 1910/2080/1935 1879/2054/1910
f 1938/2084/1939 1906/2055/1911 1907/2059/1915
f 1925/2085/1940 1893/2082/1937 1894/2060/1916
f 1912/2086/1941 1880/2058/1914 1881/2061/1917
f 1939/2087/1942 1907/2059/1915 1908/2030/1887
f 1926/2088/1943 1894/2060/1916 1895/2032/1889
f 1913/2089/1944 1881/2061/1917 1882/2027/1885
f 1226/2090/33 1939/2087/1942 1908/2030/1887
f 1896/2091/1945 1926/2088/1943 1895/2032/1889
f 1914/2092/1946 1882/2027/1885 1883/2033/1890
f 1928/2063/1919 1896/2091/1945 1897/2034/1891
f 1948/2093/1947 1916/2094/1948 1917/2066/1922
f 1931/2069/1925 1961/2095/1949 1930/2065/1921
f 1949/2096/1950 1917/2066/1922 1918/2067/1923
f 1932/2097/1951 1962/2098/1952 1931/2069/1925
f 1919/2099/1953 1949/2096/1950 1918/2067/1923
f 1964/2100/1954 1932/2097/1951 1933/2071/1927
f 1951/2101/1955 1919/2099/1953 1920/2072/1928
f 1965/2102/1956 1933/2071/1927 1934/2074/1930
f 1921/2103/1957 1951/2101/1955 1920/2072/1928
f 1935/2104/1958 1965/2102/1956 1934/2074/1930
f 1953/2105/1959 1921/2103/1957 1922/2075/1931
f 1909/2076/1932 1940/2106/1960 1039/2107/9
f 1936/2078/1933 1966/2108/1961 1935/2104/1958
f 1923/2083/1938 1953/2105/1959 1922/2075/1931
f 1941/2109/1962 1909/2076/1932 1910/2080/1935
f 1968/2110/1963 1936/2078/1933 1937/2081/1936
f 1924/2111/1964 1954/2112/1965 1923/2083/1938
f 1942/2113/1966 1910/2080/1935 1911/2114/1967
f 1969/2115/1968 1937/2081/1936 1938/2084/1939
f 1956/2116/1969 1924/2111/1964 1925/2085/1940
f 1912/2086/1941 1942/2113/1966 1911/2114/1967
f 1939/2087/1942 1969/2115/1968 1938/2084/1939
f 1957/2117/1970 1925/2085/1940 1926/2088/1943
f 1944/2118/1971 1912/2086/1941 1913/2089/1944
f 1226/2119/33 1970/2120/1972 1939/2087/1942
f 1927/2121/1973 1957/2117/1970 1926/2088/1943
f 1945/2122/1974 1913/2089/1944 1914/2092/1946
f 1959/2123/1975 1927/2121/1973 1928/2063/1919
f 1915/2062/1918 1945/2122/1974 1914/2092/1946
f 1929/2124/1976 1959/2123/1975 1928/2063/1919
f 1916/2094/1948 1946/2125/1977 1915/2062/1918
f 1961/2095/1949 1929/2124/1976 1930/2065/1921
f 1950/2126/1978 1976/52/52 1949/2096/1950
f 1982/57/57 1963/2127/1979 1964/2100/1954
f 1951/2101/1955 5/55/55 1950/2126/1978
f 1983/3/3 1964/2100/1954 1965/2102/1956
f 1952/2128/1980 6/59/59 1951/2101/1955
f 1966/2108/1961 1983/3/3 1965/2102/1956
f 1977/4/4 1952/2128/1980 1953/2105/1959
f 1940/2106/1960 1/7/7 1039/2129/9
f 1985/11/11 1966/2108/1961 1967/2130/1981
f 1954/2112/1965 1977/4/4 1953/2105/1959
f 1941/2109/1962 1/7/7 1940/2106/1960
f 1968/2110/1963 1985/11/11 1967/2130/1981
f 1955/2131/1982 8/13/13 1954/2112/1965
f 3/20/20 1941/2109/1962 1942/2113/1966
f 1969/2115/1968 14/17/17 1968/2110/1963
f 10/24/24 1955/2131/1982 1956/2116/1969
f 1971/25/25 1942/2113/1966 1943/2132/1983
f 15/28/28 1969/2115/1968 1970/2120/1972
f 1978/30/30 1956/2116/1969 1957/2117/1970
f 1944/2118/1971 1971/25/25 1943/2132/1983
f 1226/2133/33 15/28/28 1970/2120/1972
f 1958/2134/1984 1978/30/30 1957/2117/1970
f 1945/2122/1974 4/31/31 1944/2118/1971
f 12/39/39 1958/2134/1984 1959/2123/1975
f 1973/41/41 1945/2122/1974 1946/2125/1977
f 13/43/43 1959/2123/1975 1960/2135/1985
f 1947/2136/1986 1973/41/41 1946/2125/1977
f 1979/46/46 1960/2135/1985 1961/2095/1949
f 1975/47/47 1947/2136/1986 1948/2093/1947
f 1962/2098/1952 1979/46/46 1961/2095/1949
f 1976/52/52 1948/2093/1947 1949/2096/1950
f 1963/2127/1979 1980/50/50 1962/2098/1952
f 1984/1/1 42/71/71 41/2/2
f 1977/4/4 29/73/73 28/5/5
f 43/10/10 42/71/71 1984/1/1
f 30/12/12 29/73/73 1977/4/4
f 17/14/14 16/8/8 1/7/7
f 44/16/16 43/10/10 1985/11/11
f 31/18/18 30/12/12 8/13/13
f 3/20/20 18/26/26 17/14/14
f 45/21/21 44/16/16 14/17/17
f 32/23/23 31/18/18 9/19/19
f 1971/25/25 19/32/32 18/26/26
f 46/27/27 45/21/21 1986/22/22
f 33/29/29 32/23/23 10/24/24
f 4/31/31 20/84/83 19/32/32
f 34/34/34 33/29/29 1978/30/30
f 21/36/36 20/84/83 4/31/31
f 35/38/38 34/34/34 11/35/35
f 22/40/40 21/36/36 1972/37/37
f 36/42/42 35/38/38 12/39/39
f 1974/44/44 23/48/48 22/40/40
f 37/45/45 36/42/42 13/43/43
f 1975/47/47 24/61/61 23/48/48
f 38/49/49 37/45/45 1979/46/46
f 25/51/51 24/61/61 1975/47/47
f 39/53/53 38/49/49 1980/50/50
f 5/55/55 26/66/66 25/51/51
f 40/56/56 39/53/53 1981/54/54
f 27/58/58 26/66/66 5/55/55
f 1983/3/3 41/2/2 40/56/56
f 7/6/6 28/5/5 27/58/58
f 68/60/60 67/119/115 36/42/42
f 24/61/61 55/64/64 54/62/62
f 69/63/63 68/60/60 37/45/45
f 25/51/51 56/67/67 55/64/64
f 70/65/65 69/63/63 38/49/49
f 26/66/66 57/92/90 56/67/67
f 40/56/56 71/69/69 70/65/65
f 58/68/68 57/92/90 26/66/66
f 41/2/2 72/96/94 71/69/69
f 28/5/5 59/97/95 58/68/68
f 73/70/70 72/96/94 41/2/2
f 60/72/72 59/97/95 28/5/5
f 43/10/10 74/103/100 73/70/70
f 61/76/75 60/72/72 29/73/73
f 17/14/14 48/105/102 47/74/74
f 75/77/76 74/103/100 43/10/10
f 62/78/77 61/76/75 30/12/12
f 49/79/78 48/105/102 17/14/14
f 45/21/21 76/109/106 75/77/76
f 63/80/79 62/78/77 31/18/18
f 50/81/80 49/79/78 18/26/26
f 77/82/81 76/109/106 45/21/21
f 33/29/29 64/86/84 63/80/79
f 51/83/82 50/81/80 19/32/32
f 34/34/34 65/116/112 64/86/84
f 52/87/85 51/83/82 20/84/83
f 66/88/86 65/116/112 34/34/34
f 53/89/87 52/87/85 21/36/36
f 36/42/42 67/119/115 66/88/86
f 54/62/62 53/89/87 22/40/40
f 70/65/65 101/152/146 100/90/88
f 88/91/89 87/151/145 56/67/67
f 102/93/91 101/152/146 70/65/65
f 89/94/92 88/91/89 57/92/90
f 103/95/93 102/93/91 71/69/69
f 59/97/95 90/125/121 89/94/92
f 104/98/96 103/95/93 72/96/94
f 91/99/97 90/125/121 59/97/95
f 105/102/99 104/98/96 73/70/70
f 61/76/75 92/131/126 91/99/97
f 79/104/101 78/100/98 47/74/74
f 75/77/76 106/133/128 105/102/99
f 93/106/103 92/131/126 61/76/75
f 80/107/104 79/104/101 48/105/102
f 107/108/105 106/133/128 75/77/76
f 94/110/107 93/106/103 62/78/77
f 81/111/108 80/107/104 49/79/78
f 108/112/109 107/108/105 76/109/106
f 95/113/110 94/110/107 63/80/79
f 82/114/111 81/111/108 50/81/80
f 65/116/112 96/142/136 95/113/110
f 52/87/85 83/118/114 82/114/111
f 97/117/113 96/142/136 65/116/112
f 53/89/87 84/145/139 83/118/114
f 67/119/115 98/146/140 97/117/113
f 85/120/116 84/145/139 53/89/87
f 99/121/117 98/146/140 67/119/115
f 86/122/118 85/120/116 54/62/62
f 100/90/88 99/121/117 68/60/60
f 56/67/67 87/151/145 86/122/118
f 134/123/119 133/154/148 102/93/91
f 121/124/120 120/155/149 89/94/92
f 135/126/122 134/123/119 103/95/93
f 91/99/97 122/160/153 121/124/120
f 136/129/124 135/126/122 104/98/96
f 123/130/125 122/160/153 91/99/97
f 110/132/127 109/127/123 78/100/98
f 106/133/128 137/163/156 136/129/124
f 93/106/103 124/164/157 123/130/125
f 111/134/129 110/132/127 79/104/101
f 138/135/130 137/163/156 106/133/128
f 125/136/131 124/164/157 93/106/103
f 112/137/132 111/134/129 80/107/104
f 139/138/133 138/135/130 107/108/105
f 95/113/110 126/168/161 125/136/131
f 113/139/134 112/137/132 81/111/108
f 127/141/135 126/168/161 95/113/110
f 114/143/137 113/139/134 82/114/111
f 128/144/138 127/141/135 96/142/136
f 84/145/139 115/175/167 114/143/137
f 98/146/140 129/176/168 128/144/138
f 116/147/141 115/175/167 84/145/139
f 130/148/142 129/176/168 98/146/140
f 117/149/143 116/147/141 85/120/116
f 131/150/144 130/148/142 99/121/117
f 87/151/145 118/181/173 117/149/143
f 101/152/146 132/182/174 131/150/144
f 119/153/147 118/181/173 87/151/145
f 133/154/148 132/182/174 101/152/146
f 120/155/149 119/153/147 88/91/89
f 136/129/124 167/219/209 166/158/151
f 154/159/152 153/215/206 122/160/153
f 141/161/154 140/156/150 109/127/123
f 168/162/155 167/219/209 136/129/124
f 124/164/157 155/191/183 154/159/152
f 111/134/129 142/167/160 141/161/154
f 169/165/158 168/162/155 137/163/156
f 156/166/159 155/191/183 124/164/157
f 112/137/132 143/192/184 142/167/160
f 139/138/133 170/171/163 169/165/158
f 126/168/161 157/194/186 156/166/159
f 144/169/162 143/192/184 112/137/132
f 158/172/164 157/194/186 126/168/161
f 145/173/165 144/169/162 113/139/134
f 159/174/166 158/172/164 127/141/135
f 115/175/167 146/201/192 145/173/165
f 129/176/168 160/178/170 159/174/166
f 147/177/169 146/201/192 115/175/167
f 130/148/142 161/204/195 160/178/170
f 148/179/171 147/177/169 116/147/141
f 162/180/172 161/204/195 130/148/142
f 118/181/173 149/207/198 148/179/171
f 132/182/174 163/184/176 162/180/172
f 150/183/175 149/207/198 118/181/173
f 133/154/148 164/210/201 163/184/176
f 151/185/177 150/183/175 119/153/147
f 165/186/178 164/210/201 133/154/148
f 152/187/179 151/185/177 120/155/149
f 166/158/151 165/186/178 134/123/119
f 122/160/153 153/215/206 152/187/179
f 173/188/180 172/221/211 141/161/154
f 200/189/181 199/222/212 168/162/155
f 187/190/182 186/250/238 155/191/183
f 143/192/184 174/195/187 173/188/180
f 201/193/185 200/189/181 169/165/158
f 157/194/186 188/228/217 187/190/182
f 144/169/162 175/223/213 174/195/187
f 189/197/188 188/228/217 157/194/186
f 176/198/189 175/223/213 144/169/162
f 190/199/190 189/197/188 158/172/164
f 177/200/191 176/198/189 145/173/165
f 191/202/193 190/199/190 159/174/166
f 147/177/169 178/231/220 177/200/191
f 192/203/194 191/202/193 160/178/170
f 179/205/196 178/231/220 147/177/169
f 193/206/197 192/203/194 161/204/195
f 149/207/198 180/208/199 179/205/196
f 163/184/176 194/236/225 193/206/197
f 150/183/175 181/211/202 180/208/199
f 195/209/200 194/236/225 163/184/176
f 151/185/177 182/240/229 181/211/202
f 165/186/178 196/242/231 195/209/200
f 183/212/203 182/240/229 151/185/177
f 197/213/204 196/242/231 165/186/178
f 184/214/205 183/212/203 152/187/179
f 198/218/208 197/213/204 166/158/151
f 185/220/210 184/214/205 153/215/206
f 172/221/211 171/216/207 140/156/150
f 199/222/212 198/218/208 167/219/209
f 155/191/183 186/250/238 185/220/210
f 175/223/213 206/282/269 205/224/214
f 220/227/216 219/281/268 188/228/217
f 207/229/218 206/282/269 175/223/213
f 190/199/190 221/256/244 220/227/216
f 177/200/191 208/232/221 207/229/218
f 222/230/219 221/256/244 190/199/190
f 178/231/220 209/257/245 208/232/221
f 223/233/222 222/230/219 191/202/193
f 210/234/223 209/257/245 178/231/220
f 224/235/224 223/233/222 192/203/194
f 180/208/199 211/237/226 210/234/223
f 194/236/225 225/261/249 224/235/224
f 181/211/202 212/263/251 211/237/226
f 226/238/227 225/261/249 194/236/225
f 213/239/228 212/263/251 181/211/202
f 227/241/230 226/238/227 195/209/200
f 214/243/232 213/239/228 182/240/229
f 197/213/204 228/268/256 227/241/230
f 184/214/205 215/269/257 214/243/232
f 229/246/234 228/268/256 197/213/204
f 216/247/235 215/269/257 184/214/205
f 203/248/236 202/244/233 171/216/207
f 230/249/237 229/246/234 198/218/208
f 186/250/238 217/275/262 216/247/235
f 173/188/180 204/253/241 203/248/236
f 231/251/239 230/249/237 199/222/212
f 218/252/240 217/275/262 186/250/238
f 174/195/187 205/224/214 204/253/241
f 232/226/215 231/251/239 200/189/181
f 188/228/217 219/281/268 218/252/240
f 239/254/242 238/285/271 207/229/218
f 253/255/243 252/316/300 221/256/244
f 209/257/245 240/287/273 239/254/242
f 254/258/246 253/255/243 222/230/219
f 241/259/247 240/287/273 209/257/245
f 224/235/224 255/262/250 254/258/246
f 242/260/248 241/259/247 210/234/223
f 225/261/249 256/289/275 255/262/250
f 212/263/251 243/265/253 242/260/248
f 257/264/252 256/289/275 225/261/249
f 213/239/228 244/292/278 243/265/253
f 258/266/254 257/264/252 226/238/227
f 245/267/255 244/292/278 213/239/228
f 228/268/256 259/296/282 258/266/254
f 215/269/257 246/297/283 245/267/255
f 260/272/259 259/296/282 228/268/256
f 247/273/260 246/297/283 215/269/257
f 203/248/236 234/276/263 233/270/258
f 261/274/261 260/272/259 229/246/234
f 217/275/262 248/304/289 247/273/260
f 204/253/241 235/305/290 234/276/263
f 231/251/239 262/307/292 261/274/261
f 249/277/264 248/304/289 217/275/262
f 236/278/265 235/305/290 204/253/241
f 263/279/266 262/307/292 231/251/239
f 250/280/267 249/277/264 218/252/240
f 206/282/269 237/312/297 236/278/265
f 251/284/270 250/280/267 219/281/268
f 238/285/271 237/312/297 206/282/269
f 221/256/244 252/316/300 251/284/270
f 272/286/272 271/349/331 240/287/273
f 286/288/274 285/319/303 254/258/246
f 242/260/248 273/290/276 272/286/272
f 256/289/275 287/322/306 286/288/274
f 243/265/253 274/293/279 273/290/276
f 288/291/277 287/322/306 256/289/275
f 244/292/278 275/324/308 274/293/279
f 289/294/280 288/291/277 257/264/252
f 276/295/281 275/324/308 244/292/278
f 259/296/282 290/326/310 289/294/280
f 246/297/283 277/328/312 276/295/281
f 291/300/285 290/326/310 259/296/282
f 278/301/286 277/328/312 246/297/283
f 265/302/287 264/298/284 233/270/258
f 292/303/288 291/300/285 260/272/259
f 248/304/289 279/334/317 278/301/286
f 235/305/290 266/336/319 265/302/287
f 293/306/291 292/303/288 261/274/261
f 280/308/293 279/334/317 248/304/289
f 267/309/294 266/336/319 235/305/290
f 294/310/295 293/306/291 262/307/292
f 250/280/267 281/342/325 280/308/293
f 268/311/296 267/309/294 236/278/265
f 282/314/298 281/342/325 250/280/267
f 269/315/299 268/311/296 237/312/297
f 252/316/300 283/346/328 282/314/298
f 239/254/242 270/318/302 269/315/299
f 284/317/301 283/346/328 252/316/300
f 240/287/273 271/349/331 270/318/302
f 285/319/303 284/317/301 253/255/243
f 274/293/279 305/383/363 304/320/304
f 319/321/305 318/382/362 287/322/306
f 306/323/307 305/383/363 274/293/279
f 289/294/280 320/327/311 319/321/305
f 307/325/309 306/323/307 275/324/308
f 290/326/310 321/354/336 320/327/311
f 277/328/312 308/356/338 307/325/309
f 322/331/314 321/354/336 290/326/310
f 309/332/315 308/356/338 277/328/312
f 296/333/316 295/329/313 264/298/284
f 292/303/288 323/362/343 322/331/314
f 279/334/317 310/363/344 309/332/315
f 297/335/318 296/333/316 265/302/287
f 324/337/320 323/362/343 292/303/288
f 311/338/321 310/363/344 279/334/317
f 298/339/322 297/335/318 266/336/319
f 325/340/323 324/337/320 293/306/291
f 312/341/324 311/338/321 280/308/293
f 268/311/296 299/370/351 298/339/322
f 313/344/326 312/341/324 281/342/325
f 300/345/327 299/370/351 268/311/296
f 283/346/328 314/348/330 313/344/326
f 301/347/329 300/345/327 269/315/299
f 284/317/301 315/376/356 314/348/330
f 271/349/331 302/377/357 301/347/329
f 316/350/332 315/376/356 284/317/301
f 303/351/333 302/377/357 271/349/331
f 286/288/274 317/352/334 316/350/332
f 304/320/304 303/351/333 272/286/272
f 287/322/306 318/382/362 317/352/334
f 338/353/335 337/412/391 306/323/307
f 321/354/336 352/416/395 351/355/337
f 308/356/338 339/387/367 338/353/335
f 353/359/340 352/416/395 321/354/336
f 340/360/341 339/387/367 308/356/338
f 327/361/342 326/357/339 295/329/313
f 323/362/343 354/364/345 353/359/340
f 310/363/344 341/391/371 340/360/341
f 297/335/318 328/392/372 327/361/342
f 324/337/320 355/394/374 354/364/345
f 342/365/346 341/391/371 310/363/344
f 329/366/347 328/392/372 297/335/318
f 356/367/348 355/394/374 324/337/320
f 343/368/349 342/365/346 311/338/321
f 330/369/350 329/366/347 298/339/322
f 344/372/352 343/368/349 312/341/324
f 331/373/353 330/369/350 299/370/351
f 314/348/330 345/402/381 344/372/352
f 332/374/354 331/373/353 300/345/327
f 346/375/355 345/402/381 314/348/330
f 302/377/357 333/404/383 332/374/354
f 347/378/358 346/375/355 315/376/356
f 334/379/359 333/404/383 302/377/357
f 348/380/360 347/378/358 316/350/332
f 335/381/361 334/379/359 303/351/333
f 318/382/362 349/409/388 348/380/360
f 305/383/363 336/385/365 335/381/361
f 350/384/364 349/409/388 318/382/362
f 306/323/307 337/412/391 336/385/365
f 320/327/311 351/355/337 350/384/364
f 340/360/341 371/447/423 370/386/366
f 358/388/368 357/417/396 326/357/339
f 385/389/369 384/419/397 353/359/340
f 372/390/370 371/447/423 340/360/341
f 328/392/372 359/395/375 358/388/368
f 386/393/373 385/389/369 354/364/345
f 342/365/346 373/420/398 372/390/370
f 329/366/347 360/423/401 359/395/375
f 387/396/376 386/393/373 355/394/374
f 374/397/377 373/420/398 342/365/346
f 361/398/378 360/423/401 329/366/347
f 375/400/379 374/397/377 343/368/349
f 362/401/380 361/398/378 330/369/350
f 345/402/381 376/429/406 375/400/379
f 332/374/354 363/405/384 362/401/380
f 377/403/382 376/429/406 345/402/381
f 333/404/383 364/432/409 363/405/384
f 378/406/385 377/403/382 346/375/355
f 365/407/386 364/432/409 333/404/383
f 348/380/360 379/410/389 378/406/385
f 366/408/387 365/407/386 334/379/359
f 349/409/388 380/436/413 379/410/389
f 336/385/365 367/413/392 366/408/387
f 381/411/390 380/436/413 349/409/388
f 337/412/391 368/440/417 367/413/392
f 382/414/393 381/411/390 350/384/364
f 369/415/394 368/440/417 337/412/391
f 352/416/395 383/443/420 382/414/393
f 339/387/367 370/386/366 369/415/394
f 384/419/397 383/443/420 352/416/395
f 373/420/398 404/480/455 403/421/399
f 391/422/400 390/478/453 359/395/375
f 418/424/402 417/451/427 386/393/373
f 405/425/403 404/480/455 373/420/398
f 361/398/378 392/454/430 391/422/400
f 406/427/404 405/425/403 374/397/377
f 393/428/405 392/454/430 361/398/378
f 376/429/406 407/431/408 406/427/404
f 394/430/407 393/428/405 362/401/380
f 377/403/382 408/456/432 407/431/408
f 364/432/409 395/457/433 394/430/407
f 409/433/410 408/456/432 377/403/382
f 396/434/411 395/457/433 364/432/409
f 410/435/412 409/433/410 378/406/385
f 366/408/387 397/437/414 396/434/411
f 380/436/413 411/463/439 410/435/412
f 367/413/392 398/464/440 397/437/414
f 412/438/415 411/463/439 380/436/413
f 399/439/416 398/464/440 367/413/392
f 382/414/393 413/467/443 412/438/415
f 400/441/418 399/439/416 368/440/417
f 414/442/419 413/467/443 382/414/393
f 370/386/366 401/448/424 400/441/418
f 415/446/422 414/442/419 383/443/420
f 371/447/423 402/473/448 401/448/424
f 389/449/425 388/444/421 357/417/396
f 416/450/426 415/446/422 384/419/397
f 403/421/399 402/473/448 371/447/423
f 359/395/375 390/478/453 389/449/425
f 417/451/427 416/450/426 385/389/369
f 437/452/428 436/482/457 405/425/403
f 424/453/429 423/483/458 392/454/430
f 407/431/408 438/486/460 437/452/428
f 394/430/407 425/458/434 424/453/429
f 439/455/431 438/486/460 407/431/408
f 395/457/433 426/487/461 425/458/434
f 440/459/435 439/455/431 408/456/432
f 427/460/436 426/487/461 395/457/433
f 441/461/437 440/459/435 409/433/410
f 428/462/438 427/460/436 396/434/411
f 411/463/439 442/492/466 441/461/437
f 398/464/440 429/494/468 428/462/438
f 443/465/441 442/492/466 411/463/439
f 430/466/442 429/494/468 398/464/440
f 413/467/443 444/498/472 443/465/441
f 431/468/444 430/466/442 399/439/416
f 445/469/445 444/498/472 413/467/443
f 401/448/424 432/474/449 431/468/444
f 446/472/447 445/469/445 414/442/419
f 402/473/448 433/504/477 432/474/449
f 389/449/425 420/507/480 419/470/446
f 447/475/450 446/472/447 415/446/422
f 434/476/451 433/504/477 402/473/448
f 421/477/452 420/507/480 389/449/425
f 448/479/454 447/475/450 416/450/426
f 404/480/455 435/511/484 434/476/451
f 391/422/400 422/512/485 421/477/452
f 449/481/456 448/479/454 417/451/427
f 436/482/457 435/511/484 404/480/455
f 423/483/458 422/512/485 391/422/400
f 470/485/459 469/546/516 438/486/460
f 426/487/461 457/549/519 456/488/462
f 471/489/463 470/485/459 439/455/431
f 458/490/464 457/549/519 426/487/461
f 441/461/437 472/493/467 471/489/463
f 459/491/465 458/490/464 427/460/436
f 442/492/466 473/522/494 472/493/467
f 429/494/468 460/496/470 459/491/465
f 474/495/469 473/522/494 442/492/466
f 430/466/442 461/526/498 460/496/470
f 475/497/471 474/495/469 443/465/441
f 462/499/473 461/526/498 430/466/442
f 476/500/474 475/497/471 444/498/472
f 432/474/449 463/505/478 462/499/473
f 477/503/476 476/500/474 445/469/445
f 433/504/477 464/532/503 463/505/478
f 451/506/479 450/501/475 419/470/446
f 478/508/481 477/503/476 446/472/447
f 465/509/482 464/532/503 433/504/477
f 452/510/483 451/506/479 420/507/480
f 448/479/454 479/513/486 478/508/481
f 435/511/484 466/538/509 465/509/482
f 422/512/485 453/540/511 452/510/483
f 449/481/456 480/517/489 479/513/486
f 467/514/487 466/538/509 435/511/484
f 454/515/488 453/540/511 422/512/485
f 468/518/490 467/514/487 436/482/457
f 455/519/491 454/515/488 423/483/458
f 438/486/460 469/546/516 468/518/490
f 425/458/434 456/488/462 455/519/491
f 472/493/467 503/523/495 502/520/492
f 490/521/493 489/550/520 458/490/464
f 473/522/494 504/552/522 503/523/495
f 460/496/470 491/554/524 490/521/493
f 505/524/496 504/552/522 473/522/494
f 492/525/497 491/554/524 460/496/470
f 506/527/499 505/524/496 474/495/469
f 493/528/500 492/525/497 461/526/498
f 476/500/474 507/556/526 506/527/499
f 463/505/478 494/533/504 493/528/500
f 508/531/502 507/556/526 476/500/474
f 464/532/503 495/561/530 494/533/504
f 482/534/505 481/529/501 450/501/475
f 478/508/481 509/537/508 508/531/502
f 496/535/506 495/561/530 464/532/503
f 483/536/507 482/534/505 451/506/479
f 479/513/486 510/566/535 509/537/508
f 466/538/509 497/567/536 496/535/506
f 484/539/510 483/536/507 452/510/483
f 511/541/512 510/566/535 479/513/486
f 498/542/513 497/567/536 466/538/509
f 454/515/488 485/571/540 484/539/510
f 499/544/514 498/542/513 467/514/487
f 486/545/515 485/571/540 454/515/488
f 469/546/516 500/575/543 499/544/514
f 487/547/517 486/545/515 455/519/491
f 501/548/518 500/575/543 469/546/516
f 457/549/519 488/578/546 487/547/517
f 502/520/492 501/548/518 470/485/459
f 489/550/520 488/578/546 457/549/519
f 536/551/521 535/613/579 504/552/522
f 492/525/497 523/617/583 522/553/523
f 506/527/499 537/557/527 536/551/521
f 524/555/525 523/617/583 492/525/497
f 507/556/526 538/583/551 537/557/527
f 494/533/504 525/562/531 524/555/525
f 539/560/529 538/583/551 507/556/526
f 495/561/530 526/589/556 525/562/531
f 513/563/532 512/558/528 481/529/501
f 509/537/508 540/592/559 539/560/529
f 527/564/533 526/589/556 495/561/530
f 483/536/507 514/595/562 513/563/532
f 541/565/534 540/592/559 509/537/508
f 497/567/536 528/597/564 527/564/533
f 515/568/537 514/595/562 483/536/507
f 542/569/538 541/565/534 510/566/535
f 529/570/539 528/597/564 497/567/536
f 485/571/540 516/602/569 515/568/537
f 530/573/541 529/570/539 498/542/513
f 517/574/542 516/602/569 485/571/540
f 500/575/543 531/606/572 530/573/541
f 518/576/544 517/574/542 486/545/515
f 532/577/545 531/606/572 500/575/543
f 488/578/546 519/609/575 518/576/544
f 533/579/547 532/577/545 501/548/518
f 520/580/548 519/609/575 488/578/546
f 503/523/495 534/582/550 533/579/547
f 521/581/549 520/580/548 489/550/520
f 504/552/522 535/613/579 534/582/550
f 491/554/524 522/553/523 521/581/549
f 538/583/551 569/588/555 568/584/552
f 525/562/531 556/590/557 555/585/553
f 539/560/529 570/593/560 569/588/555
f 526/589/556 557/622/588 556/590/557
f 544/591/558 543/586/554 512/558/528
f 540/592/559 571/619/585 570/593/560
f 558/594/561 557/622/588 526/589/556
f 514/595/562 545/624/590 544/591/558
f 572/596/563 571/619/585 540/592/559
f 528/597/564 559/626/592 558/594/561
f 546/598/565 545/624/590 514/595/562
f 573/599/566 572/596/563 541/565/534
f 560/600/567 559/626/592 528/597/564
f 547/601/568 546/598/565 515/568/537
f 561/604/570 560/600/567 529/570/539
f 548/605/571 547/601/568 516/602/569
f 531/606/572 562/634/599 561/604/570
f 549/607/573 548/605/571 517/574/542
f 563/608/574 562/634/599 531/606/572
f 519/609/575 550/636/601 549/607/573
f 564/610/576 563/608/574 532/577/545
f 551/611/577 550/636/601 519/609/575
f 534/582/550 565/614/580 564/610/576
f 552/612/578 551/611/577 520/580/548
f 535/613/579 566/642/607 565/614/580
f 522/553/523 553/643/608 552/612/578
f 567/615/581 566/642/607 535/613/579
f 554/616/582 553/643/608 522/553/523
f 537/557/527 568/584/552 567/615/581
f 555/585/553 554/616/582 523/617/583
f 575/618/584 574/649/614 543/586/554
f 571/619/585 602/679/641 601/620/586
f 589/621/587 588/676/638 557/622/588
f 576/623/589 575/618/584 544/591/558
f 603/625/591 602/679/641 571/619/585
f 559/626/592 590/655/619 589/621/587
f 577/627/593 576/623/589 545/624/590
f 604/628/594 603/625/591 572/596/563
f 591/629/595 590/655/619 559/626/592
f 578/630/596 577/627/593 546/598/565
f 592/632/597 591/629/595 560/600/567
f 579/633/598 578/630/596 547/601/568
f 562/634/599 593/635/600 592/632/597
f 549/607/573 580/637/602 579/633/598
f 563/608/574 594/659/622 593/635/600
f 550/636/601 581/661/624 580/637/602
f 595/638/603 594/659/622 563/608/574
f 582/639/604 581/661/624 550/636/601
f 596/640/605 595/638/603 564/610/576
f 583/641/606 582/639/604 551/611/577
f 566/642/607 597/666/629 596/640/605
f 553/643/608 584/668/631 583/641/606
f 598/644/609 597/666/629 566/642/607
f 585/645/610 584/668/631 553/643/608
f 599/646/611 598/644/609 567/615/581
f 586/647/612 585/645/610 554/616/582
f 600/648/613 599/646/611 568/584/552
f 556/590/557 587/651/615 586/647/612
f 570/593/560 601/620/586 600/648/613
f 557/622/588 588/676/638 587/651/615
f 608/652/616 607/681/643 576/623/589
f 635/653/617 634/682/644 603/625/591
f 622/654/618 621/711/672 590/655/619
f 578/630/596 609/684/646 608/652/616
f 623/657/620 622/654/618 591/629/595
f 610/658/621 609/684/646 578/630/596
f 593/635/600 624/660/623 623/657/620
f 580/637/602 611/662/625 610/658/621
f 594/659/622 625/686/648 624/660/623
f 581/661/624 612/688/650 611/662/625
f 626/663/626 625/686/648 594/659/622
f 613/664/627 612/688/650 581/661/624
f 596/640/605 627/667/630 626/663/626
f 614/665/628 613/664/627 582/639/604
f 597/666/629 628/694/656 627/667/630
f 584/668/631 615/695/657 614/665/628
f 629/669/632 628/694/656 597/666/629
f 616/670/633 615/695/657 584/668/631
f 630/671/634 629/669/632 598/644/609
f 617/672/635 616/670/633 585/645/610
f 600/648/613 631/700/662 630/671/634
f 587/651/615 618/677/639 617/672/635
f 632/675/637 631/700/662 600/648/613
f 588/676/638 619/705/666 618/677/639
f 606/678/640 605/673/636 574/649/614
f 602/679/641 633/707/668 632/675/637
f 620/680/642 619/705/666 588/676/638
f 607/681/643 606/678/640 575/618/584
f 634/682/644 633/707/668 602/679/641
f 590/655/619 621/711/672 620/680/642
f 641/683/645 640/744/703 609/684/646
f 624/660/623 655/687/649 654/685/647
f 611/662/625 642/689/651 641/683/645
f 625/686/648 656/719/679 655/687/649
f 612/688/650 643/716/676 642/689/651
f 657/690/652 656/719/679 625/686/648
f 644/691/653 643/716/676 612/688/650
f 658/692/654 657/690/652 626/663/626
f 645/693/655 644/691/653 613/664/627
f 628/694/656 659/722/682 658/692/654
f 615/695/657 646/723/683 645/693/655
f 660/696/658 659/722/682 628/694/656
f 647/697/659 646/723/683 615/695/657
f 661/698/660 660/696/658 629/669/632
f 648/699/661 647/697/659 616/670/633
f 631/700/662 662/729/689 661/698/660
f 649/701/663 648/699/661 617/672/635
f 663/704/665 662/729/689 631/700/662
f 619/705/666 650/733/692 649/701/663
f 637/706/667 636/702/664 605/673/636
f 633/707/668 664/737/696 663/704/665
f 651/708/669 650/733/692 619/705/666
f 638/709/670 637/706/667 606/678/640
f 665/710/671 664/737/696 633/707/668
f 621/711/672 652/740/699 651/708/669
f 639/712/673 638/709/670 607/681/643
f 635/653/617 666/715/675 665/710/671
f 653/713/674 652/740/699 621/711/672
f 609/684/646 640/744/703 639/712/673
f 654/685/647 653/713/674 622/654/618
f 643/716/676 674/779/735 673/717/677
f 688/718/678 687/778/734 656/719/679
f 675/720/680 674/779/735 643/716/676
f 689/721/681 688/718/678 657/690/652
f 645/693/655 676/724/684 675/720/680
f 659/722/682 690/751/709 689/721/681
f 646/723/683 677/753/711 676/724/684
f 691/725/685 690/751/709 659/722/682
f 678/726/686 677/753/711 646/723/683
f 692/727/687 691/725/685 660/696/658
f 679/728/688 678/726/686 647/697/659
f 662/729/689 693/732/691 692/727/687
f 649/701/663 680/734/693 679/728/688
f 663/704/665 694/761/718 693/732/691
f 650/733/692 681/762/719 680/734/693
f 668/735/694 667/730/690 636/702/664
f 695/736/695 694/761/718 663/704/665
f 682/738/697 681/762/719 650/733/692
f 638/709/670 669/766/723 668/735/694
f 696/739/698 695/736/695 664/737/696
f 652/740/699 683/769/726 682/738/697
f 670/741/700 669/766/723 638/709/670
f 666/715/675 697/746/704 696/739/698
f 684/742/701 683/769/726 652/740/699
f 671/743/702 670/741/700 639/712/673
f 685/747/705 684/742/701 653/713/674
f 672/748/706 671/743/702 640/744/703
f 655/687/649 686/749/707 685/747/705
f 642/689/651 673/717/677 672/748/706
f 656/719/679 687/778/734 686/749/707
f 707/750/708 706/782/738 675/720/680
f 690/751/709 721/815/769 720/752/710
f 677/753/711 708/755/713 707/750/708
f 722/754/712 721/815/769 690/751/709
f 678/726/686 709/783/739 708/755/713
f 723/756/714 722/754/712 691/725/685
f 710/757/715 709/783/739 678/726/686
f 693/732/691 724/787/743 723/756/714
f 680/734/693 711/763/720 710/757/715
f 725/760/717 724/787/743 693/732/691
f 681/762/719 712/792/747 711/763/720
f 699/764/721 698/758/716 667/730/690
f 695/736/695 726/795/750 725/760/717
f 713/765/722 712/792/747 681/762/719
f 669/766/723 700/798/753 699/764/721
f 727/767/724 726/795/750 695/736/695
f 714/768/725 713/765/722 682/738/697
f 701/770/727 700/798/753 669/766/723
f 697/746/704 728/774/730 727/767/724
f 715/771/728 714/768/725 683/769/726
f 702/772/729 701/770/727 670/741/700
f 716/775/731 715/771/728 684/742/701
f 703/776/732 702/772/729 671/743/702
f 686/749/707 717/807/761 716/775/731
f 673/717/677 704/780/736 703/776/732
f 718/777/733 717/807/761 686/749/707
f 674/779/735 705/810/764 704/780/736
f 719/781/737 718/777/733 687/778/734
f 706/782/738 705/810/764 674/779/735
f 720/752/710 719/781/737 688/718/678
f 709/783/739 740/846/798 739/784/740
f 754/785/741 753/817/771 722/754/712
f 741/786/742 740/846/798 709/783/739
f 724/787/743 755/822/775 754/785/741
f 742/788/744 741/786/742 710/757/715
f 756/791/746 755/822/775 724/787/743
f 712/792/747 743/796/751 742/788/744
f 730/793/748 729/789/745 698/758/716
f 757/794/749 756/791/746 725/760/717
f 713/765/722 744/824/777 743/796/751
f 731/797/752 730/793/748 699/764/721
f 758/799/754 757/794/749 726/795/750
f 745/800/755 744/824/777 713/765/722
f 732/801/756 731/797/752 700/798/753
f 728/774/730 759/805/759 758/799/754
f 746/802/757 745/800/755 714/768/725
f 733/803/758 732/801/756 701/770/727
f 716/775/731 747/808/762 746/802/757
f 734/806/760 733/803/758 702/772/729
f 717/807/761 748/835/787 747/808/762
f 704/780/736 735/811/765 734/806/760
f 749/809/763 748/835/787 717/807/761
f 705/810/764 736/838/790 735/811/765
f 750/812/766 749/809/763 718/777/733
f 737/813/767 736/838/790 705/810/764
f 751/814/768 750/812/766 719/781/737
f 707/750/708 738/816/770 737/813/767
f 721/815/769 752/843/795 751/814/768
f 708/755/713 739/784/740 738/816/770
f 753/817/771 752/843/795 721/815/769
f 773/818/772 772/849/801 741/786/742
f 787/821/774 786/877/828 755/822/775
f 743/796/751 774/825/778 773/818/772
f 761/823/776 760/819/773 729/789/745
f 757/794/749 788/854/806 787/821/774
f 744/824/777 775/850/802 774/825/778
f 762/826/779 761/823/776 730/793/748
f 789/827/780 788/854/806 757/794/749
f 776/828/781 775/850/802 744/824/777
f 763/829/782 762/826/779 731/797/752
f 790/830/783 789/827/780 758/799/754
f 777/831/784 776/828/781 745/800/755
f 764/832/785 763/829/782 732/801/756
f 747/808/762 778/836/788 777/831/784
f 765/834/786 764/832/785 733/803/758
f 748/835/787 779/863/814 778/836/788
f 735/811/765 766/839/791 765/834/786
f 780/837/789 779/863/814 748/835/787
f 736/838/790 767/866/817 766/839/791
f 781/840/792 780/837/789 749/809/763
f 768/841/793 767/866/817 736/838/790
f 782/842/794 781/840/792 750/812/766
f 738/816/770 769/844/796 768/841/793
f 752/843/795 783/871/822 782/842/794
f 739/784/740 770/847/799 769/844/796
f 784/845/797 783/871/822 752/843/795
f 740/846/798 771/873/824 770/847/799
f 785/848/800 784/845/797 753/817/771
f 772/849/801 771/873/824 740/846/798
f 755/822/775 786/877/828 785/848/800
f 775/850/802 806/894/843 805/851/803
f 762/826/779 793/856/808 792/852/804
f 820/853/805 819/882/832 788/854/806
f 807/855/807 806/894/843 775/850/802
f 763/829/782 794/900/849 793/856/808
f 790/830/783 821/860/811 820/853/805
f 808/857/809 807/855/807 776/828/781
f 795/858/810 794/900/849 763/829/782
f 809/861/812 808/857/809 777/831/784
f 796/862/813 795/858/810 764/832/785
f 779/863/814 810/906/854 809/861/812
f 797/864/815 796/862/813 765/834/786
f 811/865/816 810/906/854 779/863/814
f 767/866/817 798/909/857 797/864/815
f 812/867/818 811/865/816 780/837/789
f 799/868/819 798/909/857 767/866/817
f 813/869/820 812/867/818 781/840/792
f 800/870/821 799/868/819 768/841/793
f 783/871/822 814/914/862 813/869/820
f 770/847/799 801/874/825 800/870/821
f 815/872/823 814/914/862 783/871/822
f 771/873/824 802/883/833 801/874/825
f 816/875/826 815/872/823 784/845/797
f 803/876/827 802/883/833 771/873/824
f 786/877/828 817/881/831 816/875/826
f 804/878/829 803/876/827 772/849/801
f 787/821/774 818/891/840 817/881/831
f 774/825/778 805/851/803 804/878/829
f 792/852/804 791/879/830 760/819/773
f 819/882/832 818/891/840 787/821/774
f 802/883/833 833/945/891 832/884/834
f 847/885/835 846/916/864 815/872/823
f 834/886/836 833/945/891 802/883/833
f 817/881/831 848/921/868 847/885/835
f 835/887/837 834/886/836 803/876/827
f 849/890/839 848/921/868 817/881/831
f 805/851/803 836/895/844 835/887/837
f 823/892/841 822/888/838 791/879/830
f 850/893/842 849/890/839 818/891/840
f 806/894/843 837/925/872 836/895/844
f 824/896/845 823/892/841 792/852/804
f 851/897/846 850/893/842 819/882/832
f 838/898/847 837/925/872 806/894/843
f 825/899/848 824/896/845 793/856/808
f 821/860/811 852/904/852 851/897/846
f 839/901/850 838/898/847 807/855/807
f 826/902/851 825/899/848 794/900/849
f 809/861/812 840/907/855 839/901/850
f 827/905/853 826/902/851 795/858/810
f 810/906/854 841/934/880 840/907/855
f 797/864/815 828/910/858 827/905/853
f 842/908/856 841/934/880 810/906/854
f 798/909/857 829/938/884 828/910/858
f 843/911/859 842/908/856 811/865/816
f 830/912/860 829/938/884 798/909/857
f 813/869/820 844/915/863 843/911/859
f 831/913/861 830/912/860 799/868/819
f 814/914/862 845/943/889 844/915/863
f 801/874/825 832/884/834 831/913/861
f 846/916/864 845/943/889 814/914/862
f 866/917/865 865/948/894 834/886/836
f 880/920/867 879/975/920 848/921/868
f 836/895/844 867/950/896 866/917/865
f 854/922/869 853/918/866 822/888/838
f 881/923/870 880/920/867 849/890/839
f 868/924/871 867/950/896 836/895/844
f 824/896/845 855/928/875 854/922/869
f 882/926/873 881/923/870 850/893/842
f 869/927/874 868/924/871 837/925/872
f 825/899/848 856/955/901 855/928/875
f 852/904/852 883/932/878 882/926/873
f 870/929/876 869/927/874 838/898/847
f 857/930/877 856/955/901 825/899/848
f 840/907/855 871/935/881 870/929/876
f 858/933/879 857/930/877 826/902/851
f 841/934/880 872/961/906 871/935/881
f 859/936/882 858/933/879 827/905/853
f 873/937/883 872/961/906 841/934/880
f 829/938/884 860/965/910 859/936/882
f 874/939/885 873/937/883 842/908/856
f 861/940/886 860/965/910 829/938/884
f 875/941/887 874/939/885 843/911/859
f 862/942/888 861/940/886 830/912/860
f 845/943/889 876/969/914 875/941/887
f 832/884/834 863/946/892 862/942/888
f 877/944/890 876/969/914 845/943/889
f 833/945/891 864/972/917 863/946/892
f 878/947/893 877/944/890 846/916/864
f 865/948/894 864/972/917 833/945/891
f 848/921/868 879/975/920 878/947/893
f 868/924/871 899/1009/951 898/949/895
f 855/928/875 886/1011/953 885/951/897
f 913/952/898 912/1008/950 881/923/870
f 900/953/899 899/1009/951 868/924/871
f 887/954/900 886/1011/953 855/928/875
f 914/956/902 913/952/898 882/926/873
f 901/957/903 900/953/899 869/927/874
f 888/958/904 887/954/900 856/955/901
f 871/935/881 902/962/907 901/957/903
f 889/960/905 888/958/904 857/930/877
f 872/961/906 903/986/929 902/962/907
f 890/963/908 889/960/905 858/933/879
f 904/964/909 903/986/929 872/961/906
f 860/965/910 891/990/933 890/963/908
f 905/966/911 904/964/909 873/937/883
f 892/967/912 891/990/933 860/965/910
f 875/941/887 906/970/915 905/966/911
f 893/968/913 892/967/912 861/940/886
f 876/969/914 907/994/937 906/970/915
f 863/946/892 894/973/918 893/968/913
f 908/971/916 907/994/937 876/969/914
f 864/972/917 895/998/941 894/973/918
f 878/947/893 909/976/921 908/971/916
f 896/974/919 895/998/941 864/972/917
f 879/975/920 910/1001/944 909/976/921
f 897/977/922 896/974/919 865/948/894
f 911/980/924 910/1001/944 879/975/920
f 867/950/896 898/949/895 897/977/922
f 885/951/897 884/978/923 853/918/866
f 881/923/870 912/1008/950 911/980/924
f 932/981/925 931/1013/955 900/953/899
f 919/982/926 918/1014/956 887/954/900
f 902/962/907 933/987/930 932/981/925
f 920/985/928 919/982/926 888/958/904
f 903/986/929 934/1015/957 933/987/930
f 921/988/931 920/985/928 889/960/905
f 935/989/932 934/1015/957 903/986/929
f 891/990/933 922/1019/961 921/988/931
f 936/991/934 935/989/932 904/964/909
f 923/992/935 922/1019/961 891/990/933
f 906/970/915 937/995/938 936/991/934
f 924/993/936 923/992/935 892/967/912
f 907/994/937 938/1023/965 937/995/938
f 894/973/918 925/1025/967 924/993/936
f 939/996/939 938/1023/965 907/994/937
f 926/997/940 925/1025/967 894/973/918
f 940/999/942 939/996/939 908/971/916
f 927/1000/943 926/997/940 895/998/941
f 910/1001/944 941/1030/972 940/999/942
f 928/1002/945 927/1000/943 896/974/919
f 942/1005/947 941/1030/972 910/1001/944
f 898/949/895 929/1010/952 928/1002/945
f 916/1006/948 915/1003/946 884/978/923
f 943/1007/949 942/1005/947 911/980/924
f 899/1009/951 930/1037/978 929/1010/952
f 886/1011/953 917/1040/981 916/1006/948
f 944/1012/954 943/1007/949 912/1008/950
f 931/1013/955 930/1037/978 899/1009/951
f 918/1014/956 917/1040/981 886/1011/953
f 945/984/927 944/1012/954 913/952/898
f 934/1015/957 965/1018/960 964/1016/958
f 952/1017/959 951/1047/987 920/985/928
f 935/989/932 966/1049/989 965/1018/960
f 922/1019/961 953/1051/991 952/1017/959
f 967/1020/962 966/1049/989 935/989/932
f 954/1021/963 953/1051/991 922/1019/961
f 937/995/938 968/1024/966 967/1020/962
f 955/1022/964 954/1021/963 923/992/935
f 938/1023/965 969/1053/993 968/1024/966
f 925/1025/967 956/1055/995 955/1022/964
f 970/1026/968 969/1053/993 938/1023/965
f 957/1027/969 956/1055/995 925/1025/967
f 971/1028/970 970/1026/968 939/996/939
f 958/1029/971 957/1027/969 926/997/940
f 941/1030/972 972/1060/1000 971/1028/970
f 959/1031/973 958/1029/971 927/1000/943
f 973/1034/975 972/1060/1000 941/1030/972
f 929/1010/952 960/1038/979 959/1031/973
f 947/1035/976 946/1032/974 915/1003/946
f 974/1036/977 973/1034/975 942/1005/947
f 930/1037/978 961/1065/1004 960/1038/979
f 948/1039/980 947/1035/976 916/1006/948
f 975/1041/982 974/1036/977 943/1007/949
f 962/1042/983 961/1065/1004 930/1037/978
f 918/1014/956 949/1071/1010 948/1039/980
f 945/984/927 976/1046/986 975/1041/982
f 963/1043/984 962/1042/983 931/1013/955
f 950/1044/985 949/1071/1010 918/1014/956
f 933/987/930 964/1016/958 963/1043/984
f 951/1047/987 950/1044/985 919/982/926
f 998/1048/988 997/1078/1016 966/1049/989
f 985/1050/990 984/1109/1045 953/1051/991
f 968/1024/966 999/1054/994 998/1048/988
f 986/1052/992 985/1050/990 954/1021/963
f 969/1053/993 1000/1079/1017 999/1054/994
f 956/1055/995 987/1081/1019 986/1052/992
f 1001/1056/996 1000/1079/1017 969/1053/993
f 988/1057/997 987/1081/1019 956/1055/995
f 1002/1058/998 1001/1056/996 970/1026/968
f 989/1059/999 988/1057/997 957/1027/969
f 972/1060/1000 1003/1086/1024 1002/1058/998
f 990/1061/1001 989/1059/999 958/1029/971
f 1004/1064/1003 1003/1086/1024 972/1060/1000
f 960/1038/979 991/1066/1005 990/1061/1001
f 947/1035/976 978/1093/1030 977/1062/1002
f 974/1036/977 1005/1094/1031 1004/1064/1003
f 961/1065/1004 992/1095/1032 991/1066/1005
f 979/1067/1006 978/1093/1030 947/1035/976
f 1006/1068/1007 1005/1094/1031 974/1036/977
f 993/1069/1008 992/1095/1032 961/1065/1004
f 980/1070/1009 979/1067/1006 948/1039/980
f 1007/1072/1011 1006/1068/1007 975/1041/982
f 994/1073/1012 993/1069/1008 962/1042/983
f 950/1044/985 981/1102/1039 980/1070/1009
f 964/1016/958 995/1076/1014 994/1073/1012
f 982/1075/1013 981/1102/1039 950/1044/985
f 965/1018/960 996/1106/1042 995/1076/1014
f 983/1077/1015 982/1075/1013 951/1047/987
f 997/1078/1016 996/1106/1042 965/1018/960
f 953/1051/991 984/1109/1045 983/1077/1015
f 1000/1079/1017 1031/1142/1076 1030/1080/1018
f 987/1081/1019 1018/1084/1022 1017/1082/1020
f 1032/1083/1021 1031/1142/1076 1000/1079/1017
f 988/1057/997 1019/1085/1023 1018/1084/1022
f 1002/1058/998 1033/1087/1025 1032/1083/1021
f 989/1059/999 1020/1114/1050 1019/1085/1023
f 1003/1086/1024 1034/1115/1051 1033/1087/1025
f 1021/1088/1026 1020/1114/1050 989/1059/999
f 1035/1091/1028 1034/1115/1051 1003/1086/1024
f 991/1066/1005 1022/1096/1033 1021/1088/1026
f 1009/1092/1029 1008/1089/1027 977/1062/1002
f 1005/1094/1031 1036/1120/1055 1035/1091/1028
f 992/1095/1032 1023/1121/1056 1022/1096/1033
f 979/1067/1006 1010/1123/1058 1009/1092/1029
f 1037/1097/1034 1036/1120/1055 1005/1094/1031
f 1024/1098/1035 1023/1121/1056 992/1095/1032
f 1011/1099/1036 1010/1123/1058 979/1067/1006
f 1038/1100/1037 1037/1097/1034 1006/1068/1007
f 1025/1101/1038 1024/1098/1035 993/1069/1008
f 981/1102/1039 1012/1131/1066 1011/1099/1036
f 995/1076/1014 1026/1133/1067 1025/1101/1038
f 1013/1104/1040 1012/1131/1066 981/1102/1039
f 1027/1105/1041 1026/1133/1067 995/1076/1014
f 1014/1107/1043 1013/1104/1040 982/1075/1013
f 1028/1108/1044 1027/1105/1041 996/1106/1042
f 984/1109/1045 1015/1137/1071 1014/1107/1043
f 1029/1110/1046 1028/1108/1044 997/1078/1016
f 1016/1111/1047 1015/1137/1071 984/1109/1045
f 999/1054/994 1030/1080/1018 1029/1110/1046
f 1017/1082/1020 1016/1111/1047 985/1050/990
f 1065/1112/1048 1064/1144/1078 1032/1083/1021
f 1052/1113/1049 1051/1177/1109 1019/1085/1023
f 1034/1115/1051 1066/1149/1082 1065/1112/1048
f 1053/1116/1052 1052/1113/1049 1020/1114/1050
f 1067/1119/1054 1066/1149/1082 1034/1115/1051
f 1022/1096/1033 1054/1122/1057 1053/1116/1052
f 1009/1092/1029 1041/1124/1059 1040/1117/1053
f 1036/1120/1055 1068/1152/1085 1067/1119/1054
f 1023/1121/1056 1055/1154/1087 1054/1122/1057
f 1010/1123/1058 1042/1157/1090 1041/1124/1059
f 1069/1125/1060 1068/1152/1085 1036/1120/1055
f 1056/1126/1061 1055/1154/1087 1023/1121/1056
f 1043/1127/1062 1042/1157/1090 1010/1123/1058
f 1070/1128/1063 1069/1125/1060 1037/1097/1034
f 1057/1129/1064 1056/1126/1061 1024/1098/1035
f 1044/1130/1065 1043/1127/1062 1011/1099/1036
f 1026/1133/1067 1058/1135/1069 1057/1129/1064
f 1045/1134/1068 1044/1130/1065 1012/1131/1066
f 1027/1105/1041 1059/1167/1099 1058/1135/1069
f 1014/1107/1043 1046/1138/1072 1045/1134/1068
f 1060/1136/1070 1059/1167/1099 1027/1105/1041
f 1015/1137/1071 1047/1170/1102 1046/1138/1072
f 1061/1139/1073 1060/1136/1070 1028/1108/1044
f 1048/1140/1074 1047/1170/1102 1015/1137/1071
f 1062/1141/1075 1061/1139/1073 1029/1110/1046
f 1017/1082/1020 1049/1143/1077 1048/1140/1074
f 1031/1142/1076 1063/1174/1106 1062/1141/1075
f 1018/1084/1022 1050/1145/1079 1049/1143/1077
f 1064/1144/1078 1063/1174/1106 1031/1142/1076
f 1019/1085/1023 1051/1177/1109 1050/1145/1079
f 1067/1119/1054 1098/1153/1086 1097/1148/1081
f 1054/1122/1057 1085/1155/1088 1084/1150/1083
f 1072/1151/1084 1071/1146/1080 1040/1117/1053
f 1068/1152/1085 1099/1183/1115 1098/1153/1086
f 1055/1154/1087 1086/1185/1117 1085/1155/1088
f 1073/1156/1089 1072/1151/1084 1041/1124/1059
f 1100/1158/1091 1099/1183/1115 1068/1152/1085
f 1087/1159/1092 1086/1185/1117 1055/1154/1087
f 1074/1160/1093 1073/1156/1089 1042/1157/1090
f 1070/1128/1063 1101/1164/1096 1100/1158/1091
f 1088/1161/1094 1087/1159/1092 1056/1126/1061
f 1075/1162/1095 1074/1160/1093 1043/1127/1062
f 1058/1135/1069 1089/1191/1122 1088/1161/1094
f 1076/1165/1097 1075/1162/1095 1044/1130/1065
f 1090/1166/1098 1089/1191/1122 1058/1135/1069
f 1077/1168/1100 1076/1165/1097 1045/1134/1068
f 1091/1169/1101 1090/1166/1098 1059/1167/1099
f 1047/1170/1102 1078/1194/1125 1077/1168/1100
f 1092/1171/1103 1091/1169/1101 1060/1136/1070
f 1079/1172/1104 1078/1194/1125 1047/1170/1102
f 1062/1141/1075 1093/1175/1107 1092/1171/1103
f 1080/1173/1105 1079/1172/1104 1048/1140/1074
f 1063/1174/1106 1094/1200/1131 1093/1175/1107
f 1050/1145/1079 1081/1178/1110 1080/1173/1105
f 1095/1176/1108 1094/1200/1131 1063/1174/1106
f 1051/1177/1109 1082/1180/1112 1081/1178/1110
f 1096/1179/1111 1095/1176/1108 1064/1144/1078
f 1052/1113/1049 1083/1203/1134 1082/1180/1112
f 1066/1149/1082 1097/1148/1081 1096/1179/1111
f 1084/1150/1083 1083/1203/1134 1052/1113/1049
f 1104/1181/1113 1103/1238/1166 1072/1151/1084
f 1131/1182/1114 1130/1209/1139 1099/1183/1115
f 1118/1184/1116 1117/1239/1167 1086/1185/1117
f 1105/1186/1118 1104/1181/1113 1073/1156/1089
f 1132/1187/1119 1131/1182/1114 1100/1158/1091
f 1119/1188/1120 1118/1184/1116 1087/1159/1092
f 1106/1189/1121 1105/1186/1118 1074/1160/1093
f 1089/1191/1122 1120/1214/1143 1119/1188/1120
f 1107/1192/1123 1106/1189/1121 1075/1162/1095
f 1121/1193/1124 1120/1214/1143 1089/1191/1122
f 1077/1168/1100 1108/1195/1126 1107/1192/1123
f 1091/1169/1101 1122/1219/1148 1121/1193/1124
f 1078/1194/1125 1109/1220/1149 1108/1195/1126
f 1123/1196/1127 1122/1219/1148 1091/1169/1101
f 1110/1197/1128 1109/1220/1149 1078/1194/1125
f 1124/1198/1129 1123/1196/1127 1092/1171/1103
f 1111/1199/1130 1110/1197/1128 1079/1172/1104
f 1094/1200/1131 1125/1225/1154 1124/1198/1129
f 1081/1178/1110 1112/1227/1156 1111/1199/1130
f 1126/1201/1132 1125/1225/1154 1094/1200/1131
f 1113/1202/1133 1112/1227/1156 1081/1178/1110
f 1096/1179/1111 1127/1204/1135 1126/1201/1132
f 1083/1203/1134 1114/1231/1160 1113/1202/1133
f 1097/1148/1081 1128/1232/1161 1127/1204/1135
f 1115/1205/1136 1114/1231/1160 1083/1203/1134
f 1129/1208/1138 1128/1232/1161 1097/1148/1081
f 1085/1155/1088 1116/1210/1140 1115/1205/1136
f 1072/1151/1084 1103/1238/1166 1102/1206/1137
f 1130/1209/1139 1129/1208/1138 1098/1153/1086
f 1086/1185/1117 1117/1239/1167 1116/1210/1140
f 1106/1189/1121 1137/1275/1202 1136/1211/1141
f 1120/1214/1143 1151/1277/1203 1150/1215/1144
f 1138/1216/1145 1137/1275/1202 1106/1189/1121
f 1152/1217/1146 1151/1277/1203 1120/1214/1143
f 1108/1195/1126 1139/1221/1150 1138/1216/1145
f 1153/1218/1147 1152/1217/1146 1121/1193/1124
f 1109/1220/1149 1140/1246/1174 1139/1221/1150
f 1154/1222/1151 1153/1218/1147 1122/1219/1148
f 1141/1223/1152 1140/1246/1174 1109/1220/1149
f 1124/1198/1129 1155/1226/1155 1154/1222/1151
f 1142/1224/1153 1141/1223/1152 1110/1197/1128
f 1125/1225/1154 1156/1251/1179 1155/1226/1155
f 1112/1227/1156 1143/1252/1180 1142/1224/1153
f 1157/1228/1157 1156/1251/1179 1125/1225/1154
f 1144/1229/1158 1143/1252/1180 1112/1227/1156
f 1158/1230/1159 1157/1228/1157 1126/1201/1132
f 1114/1231/1160 1145/1257/1185 1144/1229/1158
f 1128/1232/1161 1159/1258/1186 1158/1230/1159
f 1146/1233/1162 1145/1257/1185 1114/1231/1160
f 1160/1236/1164 1159/1258/1186 1128/1232/1161
f 1116/1210/1140 1147/1240/1168 1146/1233/1162
f 1134/1237/1165 1133/1234/1163 1102/1206/1137
f 1130/1209/1139 1161/1265/1192 1160/1236/1164
f 1117/1239/1167 1148/1266/1193 1147/1240/1168
f 1135/1241/1169 1134/1237/1165 1103/1238/1166
f 1162/1242/1170 1161/1265/1192 1130/1209/1139
f 1149/1243/1171 1148/1266/1193 1117/1239/1167
f 1136/1211/1141 1135/1241/1169 1104/1181/1113
f 1132/1187/1119 1163/1213/1142 1162/1242/1170
f 1150/1215/1144 1149/1243/1171 1118/1184/1116
f 1139/1221/1150 1170/1247/1175 1169/1244/1172
f 1153/1218/1147 1184/1309/1233 1183/1245/1173
f 1140/1246/1174 1171/1279/1205 1170/1247/1175
f 1185/1248/1176 1184/1309/1233 1153/1218/1147
f 1172/1249/1177 1171/1279/1205 1140/1246/1174
f 1186/1250/1178 1185/1248/1176 1154/1222/1151
f 1142/1224/1153 1173/1253/1181 1172/1249/1177
f 1156/1251/1179 1187/1282/1208 1186/1250/1178
f 1143/1252/1180 1174/1283/1209 1173/1253/1181
f 1188/1254/1182 1187/1282/1208 1156/1251/1179
f 1175/1255/1183 1174/1283/1209 1143/1252/1180
f 1189/1256/1184 1188/1254/1182 1157/1228/1157
f 1145/1257/1185 1176/1286/1212 1175/1255/1183
f 1159/1258/1186 1190/1288/1214 1189/1256/1184
f 1177/1259/1187 1176/1286/1212 1145/1257/1185
f 1191/1262/1189 1190/1288/1214 1159/1258/1186
f 1147/1240/1168 1178/1267/1194 1177/1259/1187
f 1165/1263/1190 1164/1260/1188 1133/1234/1163
f 1192/1264/1191 1191/1262/1189 1160/1236/1164
f 1148/1266/1193 1179/1295/1220 1178/1267/1194
f 1166/1268/1195 1165/1263/1190 1134/1237/1165
f 1193/1269/1196 1192/1264/1191 1161/1265/1192
f 1180/1270/1197 1179/1295/1220 1148/1266/1193
f 1167/1271/1198 1166/1268/1195 1135/1241/1169
f 1194/1272/1199 1193/1269/1196 1162/1242/1170
f 1181/1273/1200 1180/1270/1197 1149/1243/1171
f 1168/1274/1201 1167/1271/1198 1136/1211/1141
f 1151/1277/1203 1182/1304/1228 1181/1273/1200
f 1169/1244/1172 1168/1274/1201 1137/1275/1202
f 1183/1245/1173 1182/1304/1228 1151/1277/1203
f 1203/1278/1204 1202/1341/1263 1171/1279/1205
f 1217/1280/1206 1216/1310/1234 1185/1248/1176
f 1204/1281/1207 1203/1278/1204 1172/1249/1177
f 1187/1282/1208 1218/1313/1237 1217/1280/1206
f 1174/1283/1209 1205/1285/1211 1204/1281/1207
f 1219/1284/1210 1218/1313/1237 1187/1282/1208
f 1175/1255/1183 1206/1287/1213 1205/1285/1211
f 1189/1256/1184 1220/1289/1215 1219/1284/1210
f 1176/1286/1212 1207/1316/1240 1206/1287/1213
f 1190/1288/1214 1221/1318/1242 1220/1289/1215
f 1208/1290/1216 1207/1316/1240 1176/1286/1212
f 1222/1293/1218 1221/1318/1242 1190/1288/1214
f 1178/1267/1194 1209/1296/1221 1208/1290/1216
f 1196/1294/1219 1195/1291/1217 1164/1260/1188
f 1192/1264/1191 1223/1324/1247 1222/1293/1218
f 1179/1295/1220 1210/1326/1249 1209/1296/1221
f 1166/1268/1195 1197/1328/1251 1196/1294/1219
f 1224/1297/1222 1223/1324/1247 1192/1264/1191
f 1211/1298/1223 1210/1326/1249 1179/1295/1220
f 1198/1299/1224 1197/1328/1251 1166/1268/1195
f 1194/1272/1199 1225/1303/1227 1224/1297/1222
f 1212/1300/1225 1211/1298/1223 1180/1270/1197
f 1199/1301/1226 1198/1299/1224 1167/1271/1198
f 1182/1304/1228 1213/1336/1258 1212/1300/1225
f 1200/1305/1229 1199/1301/1226 1168/1274/1201
f 1214/1306/1230 1213/1336/1258 1182/1304/1228
f 1201/1307/1231 1200/1305/1229 1169/1244/1172
f 1215/1308/1232 1214/1306/1230 1183/1245/1173
f 1171/1279/1205 1202/1341/1263 1201/1307/1231
f 1216/1310/1234 1215/1308/1232 1184/1309/1233
f 1205/1285/1211 1237/1314/1238 1236/1311/1235
f 1251/1312/1236 1250/1373/1293 1218/1313/1237
f 1206/1287/1213 1238/1317/1241 1237/1314/1238
f 1252/1315/1239 1251/1312/1236 1219/1284/1210
f 1207/1316/1240 1239/1346/1268 1238/1317/1241
f 1221/1318/1242 1253/1322/1245 1252/1315/1239
f 1240/1319/1243 1239/1346/1268 1207/1316/1240
f 1222/1293/1218 1254/1325/1248 1253/1322/1245
f 1209/1296/1221 1241/1327/1250 1240/1319/1243
f 1228/1323/1246 1227/1320/1244 1195/1291/1217
f 1223/1324/1247 1255/1353/1274 1254/1325/1248
f 1210/1326/1249 1242/1354/1275 1241/1327/1250
f 1197/1328/1251 1229/1356/1277 1228/1323/1246
f 1256/1329/1252 1255/1353/1274 1223/1324/1247
f 1243/1330/1253 1242/1354/1275 1210/1326/1249
f 1230/1331/1254 1229/1356/1277 1197/1328/1251
f 1225/1303/1227 1257/1335/1257 1256/1329/1252
f 1244/1332/1255 1243/1330/1253 1211/1298/1223
f 1231/1333/1256 1230/1331/1254 1198/1299/1224
f 1213/1336/1258 1245/1364/1284 1244/1332/1255
f 1232/1337/1259 1231/1333/1256 1199/1301/1226
f 1246/1338/1260 1245/1364/1284 1213/1336/1258
f 1233/1339/1261 1232/1337/1259 1200/1305/1229
f 1247/1340/1262 1246/1338/1260 1214/1306/1230
f 1202/1341/1263 1234/1369/1289 1233/1339/1261
f 1248/1342/1264 1247/1340/1262 1215/1308/1232
f 1235/1343/1265 1234/1369/1289 1202/1341/1263
f 1217/1280/1206 1249/1344/1266 1248/1342/1264
f 1236/1311/1235 1235/1343/1265 1203/1278/1204
f 1218/1313/1237 1250/1373/1293 1249/1344/1266
f 1270/1345/1267 1269/1403/1322 1238/1317/1241
f 1253/1322/1245 1284/1406/1325 1283/1347/1269
f 1271/1348/1270 1270/1345/1267 1239/1346/1268
f 1285/1351/1272 1284/1406/1325 1253/1322/1245
f 1241/1327/1250 1272/1355/1276 1271/1348/1270
f 1259/1352/1273 1258/1349/1271 1227/1320/1244
f 1255/1353/1274 1286/1380/1300 1285/1351/1272
f 1242/1354/1275 1273/1381/1301 1272/1355/1276
f 1229/1356/1277 1260/1383/1303 1259/1352/1273
f 1287/1357/1278 1286/1380/1300 1255/1353/1274
f 1274/1358/1279 1273/1381/1301 1242/1354/1275
f 1261/1359/1280 1260/1383/1303 1229/1356/1277
f 1257/1335/1257 1288/1363/1283 1287/1357/1278
f 1275/1360/1281 1274/1358/1279 1243/1330/1253
f 1262/1361/1282 1261/1359/1280 1230/1331/1254
f 1245/1364/1284 1276/1366/1286 1275/1360/1281
f 1263/1365/1285 1262/1361/1282 1231/1333/1256
f 1246/1338/1260 1277/1393/1312 1276/1366/1286
f 1264/1367/1287 1263/1365/1285 1232/1337/1259
f 1278/1368/1288 1277/1393/1312 1246/1338/1260
f 1234/1369/1289 1265/1396/1315 1264/1367/1287
f 1279/1370/1290 1278/1368/1288 1247/1340/1262
f 1266/1371/1291 1265/1396/1315 1234/1369/1289
f 1280/1372/1292 1279/1370/1290 1248/1342/1264
f 1236/1311/1235 1267/1374/1294 1266/1371/1291
f 1250/1373/1293 1281/1401/1320 1280/1372/1292
f 1237/1314/1238 1268/1376/1296 1267/1374/1294
f 1282/1375/1295 1281/1401/1320 1250/1373/1293
f 1238/1317/1241 1269/1403/1322 1268/1376/1296
f 1252/1315/1239 1283/1347/1269 1282/1375/1295
f 1272/1355/1276 1303/1382/1302 1302/1377/1297
f 1290/1378/1298 1289/1408/1327 1258/1349/1271
f 1317/1379/1299 1316/1410/1328 1285/1351/1272
f 1273/1381/1301 1304/1412/1330 1303/1382/1302
f 1260/1383/1303 1291/1414/1332 1290/1378/1298
f 1318/1384/1304 1317/1379/1299 1286/1380/1300
f 1305/1385/1305 1304/1412/1330 1273/1381/1301
f 1292/1386/1306 1291/1414/1332 1260/1383/1303
f 1288/1363/1283 1319/1390/1309 1318/1384/1304
f 1306/1387/1307 1305/1385/1305 1274/1358/1279
f 1293/1388/1308 1292/1386/1306 1261/1359/1280
f 1276/1366/1286 1307/1420/1337 1306/1387/1307
f 1294/1391/1310 1293/1388/1308 1262/1361/1282
f 1308/1392/1311 1307/1420/1337 1276/1366/1286
f 1295/1394/1313 1294/1391/1310 1263/1365/1285
f 1309/1395/1314 1308/1392/1311 1277/1393/1312
f 1265/1396/1315 1296/1425/1342 1295/1394/1313
f 1310/1397/1316 1309/1395/1314 1278/1368/1288
f 1297/1398/1317 1296/1425/1342 1265/1396/1315
f 1311/1399/1318 1310/1397/1316 1279/1370/1290
f 1298/1400/1319 1297/1398/1317 1266/1371/1291
f 1281/1401/1320 1312/1429/1346 1311/1399/1318
f 1268/1376/1296 1299/1404/1323 1298/1400/1319
f 1313/1402/1321 1312/1429/1346 1281/1401/1320
f 1269/1403/1322 1300/1405/1324 1299/1404/1323
f 1283/1347/1269 1314/1407/1326 1313/1402/1321
f 1270/1345/1267 1301/1435/1352 1300/1405/1324
f 1284/1406/1325 1315/1436/1353 1314/1407/1326
f 1302/1377/1297 1301/1435/1352 1270/1345/1267
f 1316/1410/1328 1315/1436/1353 1284/1406/1325
f 1336/1411/1329 1335/1468/1383 1304/1412/1330
f 1323/1413/1331 1322/1470/1385 1291/1414/1332
f 1319/1390/1309 1350/1419/1336 1349/1415/1333
f 1337/1416/1334 1336/1411/1329 1305/1385/1305
f 1324/1417/1335 1323/1413/1331 1292/1386/1306
f 1307/1420/1337 1338/1422/1339 1337/1416/1334
f 1325/1421/1338 1324/1417/1335 1293/1388/1308
f 1308/1392/1311 1339/1446/1362 1338/1422/1339
f 1326/1423/1340 1325/1421/1338 1294/1391/1310
f 1340/1424/1341 1339/1446/1362 1308/1392/1311
f 1296/1425/1342 1327/1449/1365 1326/1423/1340
f 1341/1426/1343 1340/1424/1341 1309/1395/1314
f 1328/1427/1344 1327/1449/1365 1296/1425/1342
f 1342/1428/1345 1341/1426/1343 1310/1397/1316
f 1298/1400/1319 1329/1430/1347 1328/1427/1344
f 1312/1429/1346 1343/1453/1369 1342/1428/1345
f 1299/1404/1323 1330/1432/1349 1329/1430/1347
f 1344/1431/1348 1343/1453/1369 1312/1429/1346
f 1300/1405/1324 1331/1456/1372 1330/1432/1349
f 1345/1433/1350 1344/1431/1348 1313/1402/1321
f 1332/1434/1351 1331/1456/1372 1300/1405/1324
f 1315/1436/1353 1346/1460/1376 1345/1433/1350
f 1333/1437/1354 1332/1434/1351 1301/1435/1352
f 1347/1440/1356 1346/1460/1376 1315/1436/1353
f 1303/1382/1302 1334/1442/1358 1333/1437/1354
f 1321/1441/1357 1320/1438/1355 1289/1408/1327
f 1317/1379/1299 1348/1467/1382 1347/1440/1356
f 1304/1412/1330 1335/1468/1383 1334/1442/1358
f 1291/1414/1332 1322/1470/1385 1321/1441/1357
f 1349/1415/1333 1348/1467/1382 1317/1379/1299
f 1338/1422/1339 1369/1507/1419 1368/1443/1359
f 1356/1444/1360 1355/1474/1389 1324/1417/1335
f 1370/1445/1361 1369/1507/1419 1338/1422/1339
f 1357/1447/1363 1356/1444/1360 1325/1421/1338
f 1371/1448/1364 1370/1445/1361 1339/1446/1362
f 1327/1449/1365 1358/1478/1392 1357/1447/1363
f 1372/1450/1366 1371/1448/1364 1340/1424/1341
f 1359/1451/1367 1358/1478/1392 1327/1449/1365
f 1342/1428/1345 1373/1454/1370 1372/1450/1366
f 1360/1452/1368 1359/1451/1367 1328/1427/1344
f 1343/1453/1369 1374/1483/1397 1373/1454/1370
f 1330/1432/1349 1361/1457/1373 1360/1452/1368
f 1375/1455/1371 1374/1483/1397 1343/1453/1369
f 1331/1456/1372 1362/1459/1375 1361/1457/1373
f 1376/1458/1374 1375/1455/1371 1344/1431/1348
f 1332/1434/1351 1363/1489/1403 1362/1459/1375
f 1346/1460/1376 1377/1490/1404 1376/1458/1374
f 1364/1461/1377 1363/1489/1403 1332/1434/1351
f 1378/1464/1379 1377/1490/1404 1346/1460/1376
f 1334/1442/1358 1365/1469/1384 1364/1461/1377
f 1352/1465/1380 1351/1462/1378 1320/1438/1355
f 1379/1466/1381 1378/1464/1379 1347/1440/1356
f 1335/1468/1383 1366/1496/1409 1365/1469/1384
f 1322/1470/1385 1353/1499/1412 1352/1465/1380
f 1380/1471/1386 1379/1466/1381 1348/1467/1382
f 1367/1472/1387 1366/1496/1409 1335/1468/1383
f 1354/1473/1388 1353/1499/1412 1322/1470/1385
f 1350/1419/1336 1381/1476/1390 1380/1471/1386
f 1368/1443/1359 1367/1472/1387 1336/1411/1329
f 1355/1474/1389 1354/1473/1388 1323/1413/1331
f 1402/1477/1391 1401/1536/1446 1370/1445/1361
f 1358/1478/1392 1389/1540/1450 1388/1479/1393
f 1403/1480/1394 1402/1477/1391 1371/1448/1364
f 1390/1481/1395 1389/1540/1450 1358/1478/1392
f 1373/1454/1370 1404/1484/1398 1403/1480/1394
f 1391/1482/1396 1390/1481/1395 1359/1451/1367
f 1374/1483/1397 1405/1512/1424 1404/1484/1398
f 1361/1457/1373 1392/1486/1400 1391/1482/1396
f 1406/1485/1399 1405/1512/1424 1374/1483/1397
f 1362/1459/1375 1393/1515/1427 1392/1486/1400
f 1407/1487/1401 1406/1485/1399 1375/1455/1371
f 1394/1488/1402 1393/1515/1427 1362/1459/1375
f 1377/1490/1404 1408/1518/1430 1407/1487/1401
f 1395/1491/1405 1394/1488/1402 1363/1489/1403
f 1409/1494/1407 1408/1518/1430 1377/1490/1404
f 1365/1469/1384 1396/1497/1410 1395/1491/1405
f 1383/1495/1408 1382/1492/1406 1351/1462/1378
f 1379/1466/1381 1410/1526/1437 1409/1494/1407
f 1366/1496/1409 1397/1527/1438 1396/1497/1410
f 1384/1498/1411 1383/1495/1408 1352/1465/1380
f 1411/1500/1413 1410/1526/1437 1379/1466/1381
f 1398/1501/1414 1397/1527/1438 1366/1496/1409
f 1385/1502/1415 1384/1498/1411 1353/1499/1412
f 1412/1503/1416 1411/1500/1413 1380/1471/1386
f 1399/1504/1417 1398/1501/1414 1367/1472/1387
f 1386/1505/1418 1385/1502/1415 1354/1473/1388
f 1369/1507/1419 1400/1509/1421 1399/1504/1417
f 1387/1508/1420 1386/1505/1418 1355/1474/1389
f 1370/1445/1361 1401/1536/1446 1400/1509/1421
f 1357/1447/1363 1388/1479/1393 1387/1508/1420
f 1404/1484/1398 1435/1513/1425 1434/1510/1422
f 1422/1511/1423 1421/1541/1451 1390/1481/1395
f 1405/1512/1424 1436/1543/1453 1435/1513/1425
f 1392/1486/1400 1423/1516/1428 1422/1511/1423
f 1437/1514/1426 1436/1543/1453 1405/1512/1424
f 1393/1515/1427 1424/1545/1455 1423/1516/1428
f 1407/1487/1401 1438/1519/1431 1437/1514/1426
f 1425/1517/1429 1424/1545/1455 1393/1515/1427
f 1408/1518/1430 1439/1546/1456 1438/1519/1431
f 1426/1520/1432 1425/1517/1429 1394/1488/1402
f 1440/1523/1434 1439/1546/1456 1408/1518/1430
f 1396/1497/1410 1427/1528/1439 1426/1520/1432
f 1414/1524/1435 1413/1521/1433 1382/1492/1406
f 1441/1525/1436 1440/1523/1434 1409/1494/1407
f 1397/1527/1438 1428/1554/1463 1427/1528/1439
f 1384/1498/1411 1415/1557/1466 1414/1524/1435
f 1442/1529/1440 1441/1525/1436 1410/1526/1437
f 1429/1530/1441 1428/1554/1463 1397/1527/1438
f 1416/1531/1442 1415/1557/1466 1384/1498/1411
f 1443/1532/1443 1442/1529/1440 1411/1500/1413
f 1430/1533/1444 1429/1530/1441 1398/1501/1414
f 1386/1505/1418 1417/1562/1471 1416/1531/1442
f 1400/1509/1421 1431/1537/1447 1430/1533/1444
f 1418/1535/1445 1417/1562/1471 1386/1505/1418
f 1401/1536/1446 1432/1567/1475 1431/1537/1447
f 1419/1538/1448 1418/1535/1445 1387/1508/1420
f 1433/1539/1449 1432/1567/1475 1401/1536/1446
f 1389/1540/1450 1420/1570/1478 1419/1538/1448
f 1434/1510/1422 1433/1539/1449 1402/1477/1391
f 1421/1541/1451 1420/1570/1478 1389/1540/1450
f 1468/1542/1452 1467/1603/1509 1436/1543/1453
f 1455/1544/1454 1454/1605/1511 1423/1516/1428
f 1438/1519/1431 1469/1547/1457 1468/1542/1452
f 1425/1517/1429 1456/1578/1486 1455/1544/1454
f 1439/1546/1456 1470/1575/1483 1469/1547/1457
f 1457/1548/1458 1456/1578/1486 1425/1517/1429
f 1471/1551/1460 1470/1575/1483 1439/1546/1456
f 1427/1528/1439 1458/1555/1464 1457/1548/1458
f 1445/1552/1461 1444/1549/1459 1413/1521/1433
f 1472/1553/1462 1471/1551/1460 1440/1523/1434
f 1428/1554/1463 1459/1583/1490 1458/1555/1464
f 1446/1556/1465 1445/1552/1461 1414/1524/1435
f 1473/1558/1467 1472/1553/1462 1441/1525/1436
f 1460/1559/1468 1459/1583/1490 1428/1554/1463
f 1416/1531/1442 1447/1589/1496 1446/1556/1465
f 1443/1532/1443 1474/1564/1472 1473/1558/1467
f 1461/1560/1469 1460/1559/1468 1429/1530/1441
f 1448/1561/1470 1447/1589/1496 1416/1531/1442
f 1431/1537/1447 1462/1594/1500 1461/1560/1469
f 1449/1565/1473 1448/1561/1470 1417/1562/1471
f 1463/1566/1474 1462/1594/1500 1431/1537/1447
f 1450/1568/1476 1449/1565/1473 1418/1535/1445
f 1464/1569/1477 1463/1566/1474 1432/1567/1475
f 1420/1570/1478 1451/1599/1505 1450/1568/1476
f 1465/1571/1479 1464/1569/1477 1433/1539/1449
f 1452/1572/1480 1451/1599/1505 1420/1570/1478
f 1435/1513/1425 1466/1574/1482 1465/1571/1479
f 1453/1573/1481 1452/1572/1480 1421/1541/1451
f 1436/1543/1453 1467/1603/1509 1466/1574/1482
f 1423/1516/1428 1454/1605/1511 1453/1573/1481
f 1470/1575/1483 1501/2137/1540 1500/1576/1484
f 1488/1577/1485 1487/1608/1514 1456/1578/1486
f 1502/1581/1488 1501/2137/1540 1470/1575/1483
f 1458/1555/1464 1489/1584/1491 1488/1577/1485
f 1476/1582/1489 1475/1579/1487 1444/1549/1459
f 1472/1553/1462 1503/2138/1516 1502/1581/1488
f 1459/1583/1490 1490/2139/1517 1489/1584/1491
f 1477/1585/1492 1476/1582/1489 1445/1552/1461
f 1504/1586/1493 1503/2138/1516 1472/1553/1462
f 1491/1587/1494 1490/2139/1517 1459/1583/1490
f 1478/1588/1495 1477/1585/1492 1446/1556/1465
f 1474/1564/1472 1505/1593/1499 1504/1586/1493
f 1492/1590/1497 1491/1587/1494 1460/1559/1468
f 1479/1591/1498 1478/1588/1495 1447/1589/1496
f 1462/1594/1500 1493/1596/1502 1492/1590/1497
f 1480/1595/1501 1479/1591/1498 1448/1561/1470
f 1463/1566/1474 1494/2140/1528 1493/1596/1502
f 1481/1597/1503 1480/1595/1501 1449/1565/1473
f 1495/1598/1504 1494/2140/1528 1463/1566/1474
f 1451/1599/1505 1482/2141/1531 1481/1597/1503
f 1496/1600/1506 1495/1598/1504 1464/1569/1477
f 1483/1601/1507 1482/2141/1531 1451/1599/1505
f 1466/1574/1482 1497/1604/1510 1496/1600/1506
f 1484/1602/1508 1483/1601/1507 1452/1572/1480
f 1467/1603/1509 1498/2142/1535 1497/1604/1510
f 1454/1605/1511 1485/1607/1513 1484/1602/1508
f 1499/1606/1512 1498/2142/1535 1467/1603/1509
f 1455/1544/1454 1486/2143/1539 1485/1607/1513
f 1500/1576/1484 1499/1606/1512 1468/1542/1452
f 1487/1608/1514 1486/2143/1539 1455/1544/1454
f 1534/1609/1515 1533/1664/1544 1502/1610/1488
f 1490/1612/1517 1521/1692/1570 1520/1613/1518
f 1477/1615/1492 1508/1695/1573 1507/1616/1519
f 1535/1618/1520 1534/1609/1515 1503/1611/1516
f 1522/1620/1521 1521/1692/1570 1490/1612/1517
f 1509/1622/1522 1508/1695/1573 1477/1615/1492
f 1505/1624/1499 1536/1630/1525 1535/1618/1520
f 1523/1625/1523 1522/1620/1521 1491/1621/1494
f 1510/1627/1524 1509/1622/1522 1478/1623/1495
f 1493/1631/1502 1524/1669/1548 1523/1625/1523
f 1511/1632/1526 1510/1627/1524 1479/1628/1498
f 1525/1634/1527 1524/1669/1548 1493/1631/1502
f 1512/1636/1529 1511/1632/1526 1480/1633/1501
f 1526/1638/1530 1525/1634/1527 1494/1635/1528
f 1482/1640/1531 1513/1674/1553 1512/1636/1529
f 1527/1641/1532 1526/1638/1530 1495/1639/1504
f 1514/1643/1533 1513/1674/1553 1482/1640/1531
f 1497/1645/1510 1528/1649/1536 1527/1641/1532
f 1515/1646/1534 1514/1643/1533 1483/1644/1507
f 1498/1648/1535 1529/1678/1557 1528/1649/1536
f 1485/1650/1513 1516/1680/1559 1515/1646/1534
f 1530/1651/1537 1529/1678/1557 1498/1648/1535
f 1517/1653/1538 1516/1680/1559 1485/1650/1513
f 1500/1655/1484 1531/1658/1541 1530/1651/1537
f 1487/1656/1514 1518/1684/1563 1517/1653/1538
f 1501/1657/1540 1532/1686/1565 1531/1658/1541
f 1519/1659/1542 1518/1684/1563 1487/1656/1514
f 1533/1664/1544 1532/1686/1565 1501/1657/1540
f 1489/1614/1491 1520/1613/1518 1519/1659/1542
f 1507/1616/1519 1506/1662/1543 1475/1661/1487
f 1567/1665/1545 1566/1696/1574 1535/1618/1520
f 1554/1666/1546 1553/1697/1575 1522/1620/1521
f 1510/1627/1524 1541/1729/1606 1540/1667/1547
f 1524/1669/1548 1555/1699/1577 1554/1666/1546
f 1542/1670/1549 1541/1729/1606 1510/1627/1524
f 1556/1671/1550 1555/1699/1577 1524/1669/1548
f 1543/1672/1551 1542/1670/1549 1511/1632/1526
f 1557/1673/1552 1556/1671/1550 1525/1634/1527
f 1513/1674/1553 1544/1702/1580 1543/1672/1551
f 1558/1675/1554 1557/1673/1552 1526/1638/1530
f 1545/1676/1555 1544/1702/1580 1513/1674/1553
f 1528/1649/1536 1559/1679/1558 1558/1675/1554
f 1546/1677/1556 1545/1676/1555 1514/1643/1533
f 1529/1678/1557 1560/1706/1584 1559/1679/1558
f 1516/1680/1559 1547/1682/1561 1546/1677/1556
f 1561/1681/1560 1560/1706/1584 1529/1678/1557
f 1517/1653/1538 1548/1685/1564 1547/1682/1561
f 1562/1683/1562 1561/1681/1560 1530/1651/1537
f 1518/1684/1563 1549/1710/1588 1548/1685/1564
f 1532/1686/1565 1563/1712/1590 1562/1683/1562
f 1550/1687/1566 1549/1710/1588 1518/1684/1563
f 1564/1690/1568 1563/1712/1590 1532/1686/1565
f 1520/1613/1518 1551/1693/1571 1550/1687/1566
f 1538/1691/1569 1537/1688/1567 1506/1662/1543
f 1534/1609/1515 1565/1719/1596 1564/1690/1568
f 1521/1692/1570 1552/1720/1597 1551/1693/1571
f 1539/1694/1572 1538/1691/1569 1507/1616/1519
f 1566/1696/1574 1565/1719/1596 1534/1609/1515
f 1553/1697/1575 1552/1720/1597 1521/1692/1570
f 1540/1667/1547 1539/1694/1572 1508/1695/1573
f 1587/1698/1576 1586/1752/1626 1555/1699/1577
f 1574/1700/1578 1573/1732/1608 1542/1670/1549
f 1588/1701/1579 1587/1698/1576 1556/1671/1550
f 1544/1702/1580 1575/1757/1631 1574/1700/1578
f 1589/1703/1581 1588/1701/1579 1557/1673/1552
f 1576/1704/1582 1575/1757/1631 1544/1702/1580
f 1559/1679/1558 1590/1707/1585 1589/1703/1581
f 1577/1705/1583 1576/1704/1582 1545/1676/1555
f 1560/1706/1584 1591/1761/1635 1590/1707/1585
f 1547/1682/1561 1578/1709/1587 1577/1705/1583
f 1592/1708/1586 1591/1761/1635 1560/1706/1584
f 1548/1685/1564 1579/1711/1589 1578/1709/1587
f 1562/1683/1562 1593/1713/1591 1592/1708/1586
f 1549/1710/1588 1580/1736/1612 1579/1711/1589
f 1563/1712/1590 1594/1733/1609 1593/1713/1591
f 1581/1714/1592 1580/1736/1612 1549/1710/1588
f 1595/1717/1594 1594/1733/1609 1563/1712/1590
f 1551/1693/1571 1582/1721/1598 1581/1714/1592
f 1569/1718/1595 1568/1715/1593 1537/1688/1567
f 1565/1719/1596 1596/1723/1600 1595/1717/1594
f 1552/1720/1597 1583/1742/1617 1582/1721/1598
f 1570/1722/1599 1569/1718/1595 1538/1691/1569
f 1566/1696/1574 1597/1726/1603 1596/1723/1600
f 1584/1724/1601 1583/1742/1617 1552/1720/1597
f 1571/1725/1602 1570/1722/1599 1539/1694/1572
f 1567/1665/1545 1598/1731/1607 1597/1726/1603
f 1585/1727/1604 1584/1724/1601 1553/1697/1575
f 1572/1728/1605 1571/1725/1602 1540/1667/1547
f 1555/1699/1577 1586/1752/1626 1585/1727/1604
f 1573/1732/1608 1572/1728/1605 1541/1729/1606
f 1594/1733/1609 1625/1739/1614 1624/1734/1610
f 1612/1735/1611 1611/1792/1665 1580/1736/1612
f 1595/1717/1594 1626/1741/1616 1625/1739/1614
f 1582/1721/1598 1613/1743/1618 1612/1735/1611
f 1600/1740/1615 1599/1737/1613 1568/1715/1593
f 1596/1723/1600 1627/1767/1641 1626/1741/1616
f 1583/1742/1617 1614/1768/1642 1613/1743/1618
f 1601/1744/1619 1600/1740/1615 1569/1718/1595
f 1628/1745/1620 1627/1767/1641 1596/1723/1600
f 1615/1746/1621 1614/1768/1642 1583/1742/1617
f 1602/1747/1622 1601/1744/1619 1570/1722/1599
f 1629/1748/1623 1628/1745/1620 1597/1726/1603
f 1616/1749/1624 1615/1746/1621 1584/1724/1601
f 1603/1750/1625 1602/1747/1622 1571/1725/1602
f 1586/1752/1626 1617/1777/1650 1616/1749/1624
f 1604/1753/1627 1603/1750/1625 1572/1728/1605
f 1618/1754/1628 1617/1777/1650 1586/1752/1626
f 1605/1755/1629 1604/1753/1627 1573/1732/1608
f 1619/1756/1630 1618/1754/1628 1587/1698/1576
f 1575/1757/1631 1606/1781/1654 1605/1755/1629
f 1620/1758/1632 1619/1756/1630 1588/1701/1579
f 1607/1759/1633 1606/1781/1654 1575/1757/1631
f 1590/1707/1585 1621/1762/1636 1620/1758/1632
f 1608/1760/1634 1607/1759/1633 1576/1704/1582
f 1591/1761/1635 1622/1786/1659 1621/1762/1636
f 1578/1709/1587 1609/1764/1638 1608/1760/1634
f 1623/1763/1637 1622/1786/1659 1591/1761/1635
f 1579/1711/1589 1610/1765/1639 1609/1764/1638
f 1593/1713/1591 1624/1734/1610 1623/1763/1637
f 1580/1736/1612 1611/1792/1665 1610/1765/1639
f 1658/1766/1640 1657/1796/1668 1626/1741/1616
f 1614/1768/1642 1645/1827/1697 1644/1769/1643
f 1632/1770/1644 1631/1825/1695 1600/1740/1615
f 1659/1771/1645 1658/1766/1640 1627/1767/1641
f 1646/1772/1646 1645/1827/1697 1614/1768/1642
f 1602/1747/1622 1633/1775/1649 1632/1770/1644
f 1660/1773/1647 1659/1771/1645 1628/1745/1620
f 1647/1774/1648 1646/1772/1646 1615/1746/1621
f 1603/1750/1625 1634/1799/1671 1633/1775/1649
f 1617/1777/1650 1648/1803/1674 1647/1774/1648
f 1635/1778/1651 1634/1799/1671 1603/1750/1625
f 1649/1779/1652 1648/1803/1674 1617/1777/1650
f 1605/1755/1629 1636/1782/1655 1635/1778/1651
f 1650/1780/1653 1649/1779/1652 1618/1754/1628
f 1606/1781/1654 1637/1808/1679 1636/1782/1655
f 1651/1783/1656 1650/1780/1653 1619/1756/1630
f 1638/1784/1657 1637/1808/1679 1606/1781/1654
f 1621/1762/1636 1652/1787/1660 1651/1783/1656
f 1639/1785/1658 1638/1784/1657 1607/1759/1633
f 1622/1786/1659 1653/1813/1684 1652/1787/1660
f 1609/1764/1638 1640/1789/1662 1639/1785/1658
f 1654/1788/1661 1653/1813/1684 1622/1786/1659
f 1610/1765/1639 1641/1815/1686 1640/1789/1662
f 1655/1790/1663 1654/1788/1661 1623/1763/1637
f 1642/1791/1664 1641/1815/1686 1610/1765/1639
f 1625/1739/1614 1656/1818/1689 1655/1790/1663
f 1643/1793/1666 1642/1791/1664 1611/1792/1665
f 1657/1796/1668 1656/1818/1689 1625/1739/1614
f 1613/1743/1618 1644/1769/1643 1643/1793/1666
f 1600/1740/1615 1631/1825/1695 1630/1794/1667
f 1660/1773/1647 1691/1802/1673 1690/1797/1669
f 1678/1798/1670 1677/1830/1700 1646/1772/1646
f 1634/1799/1671 1665/1860/1729 1664/1800/1672
f 1648/1803/1674 1679/1832/1702 1678/1798/1670
f 1666/1804/1675 1665/1860/1729 1634/1799/1671
f 1680/1805/1676 1679/1832/1702 1648/1803/1674
f 1667/1806/1677 1666/1804/1675 1635/1778/1651
f 1681/1807/1678 1680/1805/1676 1649/1779/1652
f 1637/1808/1679 1668/1835/1705 1667/1806/1677
f 1682/1809/1680 1681/1807/1678 1650/1780/1653
f 1669/1810/1681 1668/1835/1705 1637/1808/1679
f 1683/1811/1682 1682/1809/1680 1651/1783/1656
f 1670/1812/1683 1669/1810/1681 1638/1784/1657
f 1653/1813/1684 1684/1840/1710 1683/1811/1682
f 1640/1789/1662 1671/1816/1687 1670/1812/1683
f 1685/1814/1685 1684/1840/1710 1653/1813/1684
f 1641/1815/1686 1672/1817/1688 1671/1816/1687
f 1655/1790/1663 1686/1819/1690 1685/1814/1685
f 1642/1791/1664 1673/1845/1715 1672/1817/1688
f 1656/1818/1689 1687/1846/1716 1686/1819/1690
f 1674/1820/1691 1673/1845/1715 1642/1791/1664
f 1688/1823/1693 1687/1846/1716 1656/1818/1689
f 1644/1769/1643 1675/1828/1698 1674/1820/1691
f 1662/1824/1694 1661/1821/1692 1630/1794/1667
f 1689/1826/1696 1688/1823/1693 1657/1796/1668
f 1645/1827/1697 1676/1852/1721 1675/1828/1698
f 1663/1829/1699 1662/1824/1694 1631/1825/1695
f 1659/1771/1645 1690/1797/1669 1689/1826/1696
f 1677/1830/1700 1676/1852/1721 1645/1827/1697
f 1633/1775/1649 1664/1800/1672 1663/1829/1699
f 1711/1831/1701 1710/1891/1757 1679/1832/1702
f 1667/1806/1677 1698/1836/1706 1697/1833/1703
f 1712/1834/1704 1711/1831/1701 1680/1805/1676
f 1668/1835/1705 1699/1864/1732 1698/1836/1706
f 1713/1837/1707 1712/1834/1704 1681/1807/1678
f 1700/1838/1708 1699/1864/1732 1668/1835/1705
f 1683/1811/1682 1714/1841/1711 1713/1837/1707
f 1701/1839/1709 1700/1838/1708 1669/1810/1681
f 1684/1840/1710 1715/1866/1734 1714/1841/1711
f 1671/1816/1687 1702/1868/1736 1701/1839/1709
f 1716/1842/1712 1715/1866/1734 1684/1840/1710
f 1703/1843/1713 1702/1868/1736 1671/1816/1687
f 1717/1844/1714 1716/1842/1712 1685/1814/1685
f 1673/1845/1715 1704/1872/1740 1703/1843/1713
f 1687/1846/1716 1718/1874/1742 1717/1844/1714
f 1705/1847/1717 1704/1872/1740 1673/1845/1715
f 1719/1850/1719 1718/1874/1742 1687/1846/1716
f 1675/1828/1698 1706/1853/1722 1705/1847/1717
f 1693/1851/1720 1692/1848/1718 1661/1821/1692
f 1689/1826/1696 1720/1881/1748 1719/1850/1719
f 1676/1852/1721 1707/1882/1749 1706/1853/1722
f 1694/1854/1723 1693/1851/1720 1662/1824/1694
f 1721/1855/1724 1720/1881/1748 1689/1826/1696
f 1708/1856/1725 1707/1882/1749 1676/1852/1721
f 1695/1857/1726 1694/1854/1723 1663/1829/1699
f 1722/1858/1727 1721/1855/1724 1690/1797/1669
f 1709/1859/1728 1708/1856/1725 1677/1830/1700
f 1665/1860/1729 1696/1888/1755 1695/1857/1726
f 1679/1832/1702 1710/1891/1757 1709/1859/1728
f 1697/1833/1703 1696/1888/1755 1665/1860/1729
f 1744/1862/1730 1743/1895/1761 1712/1834/1704
f 1731/1863/1731 1730/1927/1791 1699/1864/1732
f 1714/1841/1711 1745/1867/1735 1744/1862/1730
f 1732/1865/1733 1731/1863/1731 1700/1838/1708
f 1715/1866/1734 1746/1896/1762 1745/1867/1735
f 1702/1868/1736 1733/1870/1738 1732/1865/1733
f 1747/1869/1737 1746/1896/1762 1715/1866/1734
f 1703/1843/1713 1734/1873/1741 1733/1870/1738
f 1748/1871/1739 1747/1869/1737 1716/1842/1712
f 1704/1872/1740 1735/1902/1768 1734/1873/1741
f 1718/1874/1742 1749/1878/1745 1748/1871/1739
f 1736/1875/1743 1735/1902/1768 1704/1872/1740
f 1719/1850/1719 1750/1907/1772 1749/1878/1745
f 1706/1853/1722 1737/1883/1750 1736/1875/1743
f 1724/1879/1746 1723/1876/1744 1692/1848/1718
f 1751/1880/1747 1750/1907/1772 1719/1850/1719
f 1707/1882/1749 1738/1912/1777 1737/1883/1750
f 1694/1854/1723 1725/1913/1778 1724/1879/1746
f 1752/1884/1751 1751/1880/1747 1720/1881/1748
f 1739/1885/1752 1738/1912/1777 1707/1882/1749
f 1726/1886/1753 1725/1913/1778 1694/1854/1723
f 1722/1858/1727 1753/1890/1756 1752/1884/1751
f 1740/1887/1754 1739/1885/1752 1708/1856/1725
f 1696/1888/1755 1727/1920/1785 1726/1886/1753
f 1710/1891/1757 1741/1922/1786 1740/1887/1754
f 1728/1892/1758 1727/1920/1785 1696/1888/1755
f 1742/1893/1759 1741/1922/1786 1710/1891/1757
f 1729/1894/1760 1728/1892/1758 1697/1833/1703
f 1743/1895/1761 1742/1893/1759 1711/1831/1701
f 1699/1864/1732 1730/1927/1791 1729/1894/1760
f 1746/1896/1762 1777/1959/1821 1776/1897/1763
f 1733/1870/1738 1764/1900/1766 1763/1898/1764
f 1778/1899/1765 1777/1959/1821 1746/1896/1762
f 1734/1873/1741 1765/1932/1796 1764/1900/1766
f 1748/1871/1739 1779/1903/1769 1778/1899/1765
f 1766/1901/1767 1765/1932/1796 1734/1873/1741
f 1749/1878/1745 1780/1908/1773 1779/1903/1769
f 1767/1904/1770 1766/1901/1767 1735/1902/1768
f 1750/1907/1772 1781/1938/1801 1780/1908/1773
f 1768/1909/1774 1767/1904/1770 1736/1875/1743
f 1755/1910/1775 1754/1905/1771 1723/1876/1744
f 1782/1911/1776 1781/1938/1801 1750/1907/1772
f 1738/1912/1777 1769/1941/1804 1768/1909/1774
f 1725/1913/1778 1756/1943/1806 1755/1910/1775
f 1783/1914/1779 1782/1911/1776 1751/1880/1747
f 1770/1915/1780 1769/1941/1804 1738/1912/1777
f 1757/1916/1781 1756/1943/1806 1725/1913/1778
f 1784/1917/1782 1783/1914/1779 1752/1884/1751
f 1771/1918/1783 1770/1915/1780 1739/1885/1752
f 1758/1919/1784 1757/1916/1781 1726/1886/1753
f 1741/1922/1786 1772/1924/1788 1771/1918/1783
f 1759/1923/1787 1758/1919/1784 1727/1920/1785
f 1742/1893/1759 1773/1952/1814 1772/1924/1788
f 1760/1925/1789 1759/1923/1787 1728/1892/1758
f 1774/1926/1790 1773/1952/1814 1742/1893/1759
f 1730/1927/1791 1761/1955/1817 1760/1925/1789
f 1775/1928/1792 1774/1926/1790 1743/1895/1761
f 1762/1929/1793 1761/1955/1817 1730/1927/1791
f 1745/1867/1735 1776/1897/1763 1775/1928/1792
f 1763/1898/1764 1762/1929/1793 1731/1863/1731
f 1779/1903/1769 1810/1933/1797 1809/1930/1794
f 1766/1901/1767 1797/1994/1854 1796/1931/1795
f 1780/1908/1773 1811/1965/1826 1810/1933/1797
f 1798/1934/1798 1797/1994/1854 1766/1901/1767
f 1812/1937/1800 1811/1965/1826 1780/1908/1773
f 1768/1909/1774 1799/1942/1805 1798/1934/1798
f 1786/1939/1802 1785/1935/1799 1754/1905/1771
f 1813/1940/1803 1812/1937/1800 1781/1938/1801
f 1769/1941/1804 1800/1969/1830 1799/1942/1805
f 1756/1943/1806 1787/1971/1832 1786/1939/1802
f 1814/1944/1807 1813/1940/1803 1782/1911/1776
f 1801/1945/1808 1800/1969/1830 1769/1941/1804
f 1788/1946/1809 1787/1971/1832 1756/1943/1806
f 1784/1917/1782 1815/1949/1811 1814/1944/1807
f 1802/1947/1810 1801/1945/1808 1770/1915/1780
f 1758/1919/1784 1789/1977/1838 1788/1946/1809
f 1772/1924/1788 1803/1980/1840 1802/1947/1810
f 1790/1950/1812 1789/1977/1838 1758/1919/1784
f 1804/1951/1813 1803/1980/1840 1772/1924/1788
f 1791/1953/1815 1790/1950/1812 1759/1923/1787
f 1805/1954/1816 1804/1951/1813 1773/1952/1814
f 1761/1955/1817 1792/1985/1845 1791/1953/1815
f 1806/1956/1818 1805/1954/1816 1774/1926/1790
f 1793/1957/1819 1792/1985/1845 1761/1955/1817
f 1776/1897/1763 1807/1960/1822 1806/1956/1818
f 1794/1958/1820 1793/1957/1819 1762/1929/1793
f 1777/1959/1821 1808/1989/1849 1807/1960/1822
f 1764/1900/1766 1795/1961/1823 1794/1958/1820
f 1809/1930/1794 1808/1989/1849 1777/1959/1821
f 1765/1932/1796 1796/1931/1795 1795/1961/1823
f 1843/1964/1825 1842/2020/1879 1811/1965/1826
f 1799/1942/1805 1830/1970/1831 1829/1966/1827
f 1817/1967/1828 1816/1962/1824 1785/1935/1799
f 1844/1968/1829 1843/1964/1825 1812/1937/1800
f 1800/1969/1830 1831/1999/1859 1830/1970/1831
f 1787/1971/1832 1818/1995/1855 1817/1967/1828
f 1845/1972/1833 1844/1968/1829 1813/1940/1803
f 1832/1973/1834 1831/1999/1859 1800/1969/1830
f 1819/1974/1835 1818/1995/1855 1787/1971/1832
f 1815/1949/1811 1846/1979/1839 1845/1972/1833
f 1833/1975/1836 1832/1973/1834 1801/1945/1808
f 1820/1976/1837 1819/1974/1835 1788/1946/1809
f 1803/1980/1840 1834/2005/1864 1833/1975/1836
f 1821/1981/1841 1820/1976/1837 1789/1977/1838
f 1835/1982/1842 1834/2005/1864 1803/1980/1840
f 1822/1983/1843 1821/1981/1841 1790/1950/1812
f 1836/1984/1844 1835/1982/1842 1804/1951/1813
f 1792/1985/1845 1823/2009/1868 1822/1983/1843
f 1837/1986/1846 1836/1984/1844 1805/1954/1816
f 1824/1987/1847 1823/2009/1868 1792/1985/1845
f 1807/1960/1822 1838/1990/1850 1837/1986/1846
f 1825/1988/1848 1824/1987/1847 1793/1957/1819
f 1808/1989/1849 1839/2013/1872 1838/1990/1850
f 1795/1961/1823 1826/2015/1874 1825/1988/1848
f 1840/1991/1851 1839/2013/1872 1808/1989/1849
f 1827/1992/1852 1826/2015/1874 1795/1961/1823
f 1841/1993/1853 1840/1991/1851 1809/1930/1794
f 1797/1994/1854 1828/2019/1878 1827/1992/1852
f 1811/1965/1826 1842/2020/1879 1841/1993/1853
f 1829/1966/1827 1828/2019/1878 1797/1994/1854
f 1818/1995/1855 1849/2000/1860 1848/1996/1856
f 1876/1997/1857 1875/2025/1883 1844/1968/1829
f 1863/1998/1858 1862/2056/1912 1831/1999/1859
f 1819/1974/1835 1850/2003/1863 1849/2000/1860
f 1877/2001/1861 1876/1997/1857 1845/1972/1833
f 1864/2002/1862 1863/1998/1858 1832/1973/1834
f 1820/1976/1837 1851/2028/1886 1850/2003/1863
f 1834/2005/1864 1865/2031/1888 1864/2002/1862
f 1852/2006/1865 1851/2028/1886 1820/1976/1837
f 1866/2007/1866 1865/2031/1888 1834/2005/1864
f 1853/2008/1867 1852/2006/1865 1821/1981/1841
f 1836/1984/1844 1867/2036/1893 1866/2007/1866
f 1823/2009/1868 1854/2037/1894 1853/2008/1867
f 1868/2010/1869 1867/2036/1893 1836/1984/1844
f 1855/2011/1870 1854/2037/1894 1823/2009/1868
f 1838/1990/1850 1869/2014/1873 1868/2010/1869
f 1856/2012/1871 1855/2011/1870 1824/1987/1847
f 1839/2013/1872 1870/2042/1899 1869/2014/1873
f 1826/2015/1874 1857/2044/1901 1856/2012/1871
f 1871/2016/1875 1870/2042/1899 1839/2013/1872
f 1858/2017/1876 1857/2044/1901 1826/2015/1874
f 1872/2018/1877 1871/2016/1875 1840/1991/1851
f 1828/2019/1878 1859/2048/1905 1858/2017/1876
f 1842/2020/1879 1873/2050/1907 1872/2018/1877
f 1860/2021/1880 1859/2048/1905 1828/2019/1878
f 1874/2024/1882 1873/2050/1907 1842/2020/1879
f 1830/1970/1831 1861/2026/1884 1860/2021/1880
f 1848/1996/1856 1847/2022/1881 1816/1962/1824
f 1875/2025/1883 1874/2024/1882 1843/1964/1825
f 1831/1999/1859 1862/2056/1912 1861/2026/1884
f 1882/2027/1885 1881/2061/1917 1850/2003/1863
f 1865/2031/1888 1896/2091/1945 1895/2032/1889
f 1883/2033/1890 1882/2027/1885 1851/2028/1886
f 1897/2034/1891 1896/2091/1945 1865/2031/1888
f 1853/2008/1867 1884/2038/1895 1883/2033/1890
f 1898/2035/1892 1897/2034/1891 1866/2007/1866
f 1854/2037/1894 1885/2064/1920 1884/2038/1895
f 1899/2039/1896 1898/2035/1892 1867/2036/1893
f 1886/2040/1897 1885/2064/1920 1854/2037/1894
f 1869/2014/1873 1900/2043/1900 1899/2039/1896
f 1887/2041/1898 1886/2040/1897 1855/2011/1870
f 1870/2042/1899 1901/2068/1924 1900/2043/1900
f 1857/2044/1901 1888/2070/1926 1887/2041/1898
f 1902/2045/1902 1901/2068/1924 1870/2042/1899
f 1889/2046/1903 1888/2070/1926 1857/2044/1901
f 1903/2047/1904 1902/2045/1902 1871/2016/1875
f 1859/2048/1905 1890/2073/1929 1889/2046/1903
f 1904/2049/1906 1903/2047/1904 1872/2018/1877
f 1891/2051/1908 1890/2073/1929 1859/2048/1905
f 1874/2024/1882 1905/2079/1934 1904/2049/1906
f 1861/2026/1884 1892/2057/1913 1891/2051/1908
f 1879/2054/1910 1878/2052/1909 1847/2022/1881
f 1906/2055/1911 1905/2079/1934 1874/2024/1882
f 1862/2056/1912 1893/2082/1937 1892/2057/1913
f 1880/2058/1914 1879/2054/1910 1848/1996/1856
f 1907/2059/1915 1906/2055/1911 1875/2025/1883
f 1894/2060/1916 1893/2082/1937 1862/2056/1912
f 1881/2061/1917 1880/2058/1914 1849/2000/1860
f 1877/2001/1861 1908/2030/1887 1907/2059/1915
f 1895/2032/1889 1894/2060/1916 1863/1998/1858
f 1915/2062/1918 1914/2092/1946 1883/2033/1890
f 1898/2035/1892 1929/2124/1976 1928/2063/1919
f 1885/2064/1920 1916/2094/1948 1915/2062/1918
f 1930/2065/1921 1929/2124/1976 1898/2035/1892
f 1917/2066/1922 1916/2094/1948 1885/2064/1920
f 1900/2043/1900 1931/2069/1925 1930/2065/1921
f 1918/2067/1923 1917/2066/1922 1886/2040/1897
f 1901/2068/1924 1932/2097/1951 1931/2069/1925
f 1888/2070/1926 1919/2099/1953 1918/2067/1923
f 1933/2071/1927 1932/2097/1951 1901/2068/1924
f 1920/2072/1928 1919/2099/1953 1888/2070/1926
f 1903/2047/1904 1934/2074/1930 1933/2071/1927
f 1890/2073/1929 1921/2103/1957 1920/2072/1928
f 1904/2049/1906 1935/2104/1958 1934/2074/1930
f 1922/2075/1931 1921/2103/1957 1890/2073/1929
f 1936/2078/1933 1935/2104/1958 1904/2049/1906
f 1892/2057/1913 1923/2083/1938 1922/2075/1931
f 1910/2080/1935 1909/2076/1932 1878/2052/1909
f 1937/2081/1936 1936/2078/1933 1905/2079/1934
f 1893/2082/1937 1924/2111/1964 1923/2083/1938
f 1880/2058/1914 1911/2114/1967 1910/2080/1935
f 1938/2084/1939 1937/2081/1936 1906/2055/1911
f 1925/2085/1940 1924/2111/1964 1893/2082/1937
f 1912/2086/1941 1911/2114/1967 1880/2058/1914
f 1939/2087/1942 1938/2084/1939 1907/2059/1915
f 1926/2088/1943 1925/2085/1940 1894/2060/1916
f 1913/2089/1944 1912/2086/1941 1881/2061/1917
f 1896/2091/1945 1927/2121/1973 1926/2088/1943
f 1914/2092/1946 1913/2089/1944 1882/2027/1885
f 1928/2063/1919 1927/2121/1973 1896/2091/1945
f 1948/2093/1947 1947/2136/1986 1916/2094/1948
f 1931/2069/1925 1962/2098/1952 1961/2095/1949
f 1949/2096/1950 1948/2093/1947 1917/2066/1922
f 1932/2097/1951 1963/2127/1979 1962/2098/1952
f 1919/2099/1953 1950/2126/1978 1949/2096/1950
f 1964/2100/1954 1963/2127/1979 1932/2097/1951
f 1951/2101/1955 1950/2126/1978 1919/2099/1953
f 1965/2102/1956 1964/2100/1954 1933/2071/1927
f 1921/2103/1957 1952/2128/1980 1951/2101/1955
f 1935/2104/1958 1966/2108/1961 1965/2102/1956
f 1953/2105/1959 1952/2128/1980 1921/2103/1957
f 1936/2078/1933 1967/2130/1981 1966/2108/1961
f 1923/2083/1938 1954/2112/1965 1953/2105/1959
f 1941/2109/1962 1940/2106/1960 1909/2076/1932
f 1968/2110/1963 1967/2130/1981 1936/2078/1933
f 1924/2111/1964 1955/2131/1982 1954/2112/1965
f 1942/2113/1966 1941/2109/1962 1910/2080/1935
f 1969/2115/1968 1968/2110/1963 1937/2081/1936
f 1956/2116/1969 1955/2131/1982 1924/2111/1964
f 1912/2086/1941 1943/2132/1983 1942/2113/1966
f 1939/2087/1942 1970/2120/1972 1969/2115/1968
f 1957/2117/1970 1956/2116/1969 1925/2085/1940
f 1944/2118/1971 1943/2132/1983 1912/2086/1941
f 1927/2121/1973 1958/2134/1984 1957/2117/1970
f 1945/2122/1974 1944/2118/1971 1913/2089/1944
f 1959/2123/1975 1958/2134/1984 1927/2121/1973
f 1915/2062/1918 1946/2125/1977 1945/2122/1974
f 1929/2124/1976 1960/2135/1985 1959/2123/1975
f 1916/2094/1948 1947/2136/1986 1946/2125/1977
f 1961/2095/1949 1960/2135/1985 1929/2124/1976
f 1950/2126/1978 5/55/55 1976/52/52
f 1982/57/57 1981/54/54 1963/2127/1979
f 1951/2101/1955 6/59/59 5/55/55
f 1983/3/3 1982/57/57 1964/2100/1954
f 1952/2128/1980 7/6/6 6/59/59
f 1966/2108/1961 1984/1/1 1983/3/3
f 1977/4/4 7/6/6 1952/2128/1980
f 1985/11/11 1984/1/1 1966/2108/1961
f 1954/2112/1965 8/13/13 1977/4/4
f 1941/2109/1962 2/15/15 1/7/7
f 1968/2110/1963 14/17/17 1985/11/11
f 1955/2131/1982 9/19/19 8/13/13
f 3/20/20 2/15/15 1941/2109/1962
f 1969/2115/1968 1986/22/22 14/17/17
f 10/24/24 9/19/19 1955/2131/1982
f 1971/25/25 3/20/20 1942/2113/1966
f 15/28/28 1986/22/22 1969/2115/1968
f 1978/30/30 10/24/24 1956/2116/1969
f 1944/2118/1971 4/31/31 1971/25/25
f 1958/2134/1984 11/35/35 1978/30/30
f 1945/2122/1974 1972/37/37 4/31/31
f 12/39/39 11/35/35 1958/2134/1984
f 1973/41/41 1972/37/37 1945/2122/1974
f 13/43/43 12/39/39 1959/2123/1975
f 1947/2136/1986 1974/44/44 1973/41/41
f 1979/46/46 13/43/43 1960/2135/1985
f 1975/47/47 1974/44/44 1947/2136/1986
f 1962/2098/1952 1980/50/50 1979/46/46
f 1976/52/52 1975/47/47 1948/2093/1947
f 1963/2127/1979 1981/54/54 1980/50/50
