# File produced by Open Asset Import Library (http://www.assimp.sf.net)
# (assimp v3.1.128981410)

mtllib FlowerPot_OBJ.mtl

# vertex positions
v 24.273903 -60.141525 -82.766472
v -24.326426 -60.141525 -82.751053
v -65.203285 -60.141525 -56.462753
v -85.378563 -60.141525 -12.247932
v -78.446754 -60.141525 35.855522
v -46.608650 -60.141525 72.575104
v 0.027371 -60.141525 86.252602
v 46.654701 -60.141525 72.545502
v 78.469490 -60.141525 35.805725
v 85.370773 -60.141525 -12.302116
v 65.167442 -60.141525 -56.504124
v -85.378563 -76.747696 -12.247932
v -65.203285 -76.747696 -56.462753
v -24.326426 -76.747696 -82.751053
v 24.273903 -76.747696 -82.766472
v 65.167442 -76.747696 -56.504124
v 85.370773 -76.747696 -12.302116
v 78.469490 -76.747696 35.805725
v 46.654701 -76.747696 72.545502
v 0.027371 -76.747696 86.252602
v -46.608650 -76.747696 72.575104
v -78.446754 -76.747696 35.855522
v -19.671200 66.511566 -15.250209
v -19.888325 66.839966 -15.374010
v -23.361605 61.992081 -19.625362
v -23.052698 61.740524 -19.517605
v -15.269683 69.255219 -13.234057
v -15.376428 69.632339 -13.363297
v -10.283401 69.940247 -12.999176
v -10.270620 70.333786 -13.122786
v -5.139424 68.507980 -14.565681
v -5.008214 68.884232 -14.673074
v -0.220068 64.877319 -18.442060
v 0.018332 65.204056 -18.524036
v -0.114836 64.509323 -19.602766
v 0.123564 64.836060 -19.684744
v -4.139060 65.009689 -25.599705
v -4.007851 65.385941 -25.707096
v -8.876316 65.019669 -28.519321
v -8.863537 65.413208 -28.642931
v -13.862600 64.334641 -28.754200
v -13.969343 64.711761 -28.883442
v -18.670835 63.013290 -26.284233
v -18.887960 63.341686 -26.408033
v -22.947466 61.372528 -20.678310
v -23.256376 61.624084 -20.786068
v -5.956703 66.932388 -38.735798
v -6.037184 67.294586 -38.916477
v -0.246998 65.641357 -43.085445
v -0.183514 65.345230 -42.805103
v -8.679172 67.863373 -33.972683
v -8.769755 68.260620 -34.038223
v -8.776994 67.906219 -28.935217
v -8.869923 68.304489 -28.880007
v -6.241790 67.057251 -24.054865
v -6.329104 67.422440 -23.883633
v -0.631449 65.541412 -19.738113
v -0.705670 65.842239 -19.465525
v 0.559229 65.816345 -19.717329
v 0.485008 66.117172 -19.444740
v 5.077156 69.670822 -23.857290
v 4.989842 70.036026 -23.686058
v 7.143913 71.582397 -28.657316
v 7.050984 71.980682 -28.602106
v 7.241735 71.539566 -33.694782
v 7.151151 71.936813 -33.760323
v 5.362243 69.545975 -38.538227
v 5.281762 69.908173 -38.718903
v 1.007163 65.620163 -42.784321
v 0.943679 65.916290 -43.064659
v 18.225754 71.215805 -25.539688
v 18.288008 71.606293 -25.657845
v 22.752819 71.851746 -19.857420
v 22.575571 71.492157 -19.759483
v 13.409297 70.398209 -28.204107
v 13.351221 70.786148 -28.332361
v 8.596988 68.905640 -28.167187
v 8.423559 69.257797 -28.294558
v 4.200999 66.865936 -25.432095
v 3.927072 67.152161 -25.547670
v 0.539582 64.657547 -19.590429
v 0.188616 64.853302 -19.684313
v 0.434350 65.025543 -18.429724
v 0.083385 65.221298 -18.523607
v 3.200635 70.364212 -14.398069
v 2.926708 70.650436 -14.513647
v 7.189904 73.826233 -12.647043
v 7.016476 74.178375 -12.774415
v 12.002213 75.318802 -12.683962
v 11.944139 75.706726 -12.812219
v 17.225391 74.714081 -14.505664
v 17.287642 75.104568 -14.623820
v 22.470339 71.860153 -18.598778
v 22.647585 72.219742 -18.696714
v 2.340235 80.113953 -5.205453
v 2.250180 80.509644 -5.280523
v -2.941269 79.501984 -0.213649
v -2.848233 79.102509 -0.259262
v 5.087327 79.073532 -9.931644
v 5.007966 79.431549 -10.120966
v 5.817007 76.222595 -14.021532
v 5.755136 76.512268 -14.308888
v 4.466778 71.805328 -17.124819
v 4.427697 72.001846 -17.485601
v 0.493036 66.047821 -18.987217
v 0.480092 66.134354 -19.390522
v -0.697642 65.772888 -19.007999
v -0.710585 65.859436 -19.411306
v -6.852168 69.191742 -17.322392
v -6.891249 69.388260 -17.683174
v -10.103900 72.546417 -14.299432
v -10.165770 72.836090 -14.586790
v -10.833579 75.397354 -10.209545
v -10.912941 75.755356 -10.398865
v -8.978711 77.500366 -5.403026
v -9.068767 77.896057 -5.478096
v -4.038911 78.827576 -0.280045
v -4.131947 79.227051 -0.234433
v 8.425076 66.511566 -23.420996
v 8.475722 66.839966 -23.665751
v 11.445695 61.992081 -28.282778
v 11.438669 61.740524 -27.955688
v 7.867745 69.255219 -18.611881
v 7.957674 69.632339 -18.753338
v 9.185205 69.940247 -13.797062
v 9.306715 70.333786 -13.823104
v 12.264617 68.507980 -9.388926
v 12.407299 68.884232 -9.297324
v 17.471437 64.877319 -5.908207
v 17.623072 65.204056 -5.706807
v 18.607853 64.509323 -6.166804
v 18.759487 64.836060 -5.965404
v 23.067728 65.009689 -11.847224
v 23.210409 65.385941 -11.755622
v 24.380552 65.019669 -17.254833
v 24.502062 65.413208 -17.280876
v 23.063093 64.334641 -22.069651
v 23.153019 64.711761 -22.211109
v 19.228186 63.013290 -25.879295
v 19.278831 63.341686 -26.124048
v 12.575084 61.372528 -28.214287
v 12.582110 61.624084 -28.541376
v 34.999210 66.932388 -17.635181
v 35.146175 67.294586 -17.767555
v 40.900364 65.641357 -13.549044
v 40.653366 65.345230 -13.402037
v 29.627928 67.863373 -18.752520
v 29.662270 68.260620 -18.858923
v 24.806787 67.906219 -17.288891
v 24.725561 68.304489 -17.360210
v 20.948715 67.057251 -13.369656
v 20.758883 67.422440 -13.399784
v 18.576933 65.541412 -6.699956
v 18.294750 65.842239 -6.686310
v 18.925106 65.816345 -5.561131
v 18.642923 66.117172 -5.547485
v 24.258560 69.670822 -2.543646
v 24.068726 70.036026 -2.573773
v 29.462317 71.582397 -2.061333
v 29.381094 71.980682 -2.132653
v 34.283459 71.539566 -3.524961
v 34.317802 71.936813 -3.631364
v 38.309055 69.545975 -6.809171
v 38.456020 69.908173 -6.941545
v 41.001534 65.620163 -12.263213
v 41.248539 65.916290 -12.410219
v 29.921755 71.215805 9.441525
v 30.053366 71.606293 9.464218
v 25.916536 71.851746 15.502937
v 25.768620 71.492157 15.364628
v 30.967398 70.398209 4.037451
v 31.071434 70.786148 3.942585
v 29.445202 68.905640 -0.527918
v 29.512747 69.257797 -0.732219
v 25.485538 66.865936 -3.863561
v 25.510811 67.152161 -4.159798
v 18.798346 64.657547 -5.540603
v 18.779179 64.853302 -5.903402
v 17.661930 65.025543 -5.282006
v 17.642765 65.221298 -5.644806
v 14.682428 70.364212 -1.405263
v 14.707700 70.650436 -1.701499
v 14.249855 73.826233 2.929854
v 14.317400 74.178375 2.725554
v 15.772053 75.318802 7.495224
v 15.876085 75.706726 7.400358
v 19.118645 74.714081 11.899824
v 19.250256 75.104568 11.922518
v 24.632204 71.860153 15.623223
v 24.780121 72.219742 15.761533
v 5.673853 80.113953 0.617122
v 5.717419 80.509644 0.508277
v -0.705709 79.501984 -2.863334
v -0.633580 79.102509 -2.788947
v 11.017626 79.073532 1.769289
v 11.173157 79.431549 1.635308
v 15.132823 76.222595 1.199411
v 15.386997 76.512268 1.051770
v 17.666981 71.805328 -1.043701
v 17.998028 72.001846 -1.192357
v 18.210272 66.047821 -5.398468
v 18.589840 66.134354 -5.535406
v 17.862099 65.772888 -6.537292
v 18.241667 65.859436 -6.674230
v 14.357136 69.191742 -11.869712
v 14.688185 69.388260 -12.018367
v 10.477291 72.546417 -14.028147
v 10.731465 72.836090 -14.175787
v 6.362094 75.397354 -13.458269
v 6.517624 75.755356 -13.592249
v 2.364009 77.500366 -10.208889
v 2.407576 77.896057 -10.317734
v -0.981753 78.827576 -3.927771
v -1.053883 79.227051 -4.002158
v 24.878183 66.511566 0.775237
v 25.126610 66.839966 0.747771
v 30.435436 61.992081 2.145643
v 30.122185 61.740524 2.240037
v 20.132217 69.255219 1.731282
v 20.294540 69.632339 1.773098
v 15.960170 69.940247 4.472123
v 16.022486 70.333786 4.579638
v 12.719375 68.507980 8.763006
v 12.676348 68.884232 8.927011
v 11.018010 64.877319 14.790587
v 10.873324 65.204056 14.997037
v 11.615121 64.509323 15.791471
v 11.470436 64.836060 15.997920
v 18.395700 65.009689 18.277719
v 18.352673 65.385941 18.441723
v 23.944328 65.019669 17.855246
v 24.006643 65.413208 17.962761
v 28.116373 64.334641 15.114407
v 28.278698 64.711761 15.156221
v 30.554508 63.013290 10.289948
v 30.802935 63.341686 10.262484
v 30.719296 61.372528 3.240922
v 31.032547 61.624084 3.146528
v 27.587404 66.932388 27.836657
v 27.758715 67.294586 27.935524
v 25.524813 65.641357 34.711670
v 25.308676 65.345230 34.522190
v 26.990236 67.863373 22.382988
v 27.102047 68.260620 22.382767
v 24.108431 67.906219 18.250095
v 24.151161 68.304489 18.150806
v 19.188808 67.057251 15.791961
v 19.158800 67.422440 15.602109
v 12.112624 65.541412 15.597312
v 12.012447 65.842239 15.333158
v 11.137130 65.816345 16.280361
v 11.036952 66.117172 16.016207
v 9.915459 69.670822 22.285231
v 9.885449 70.036026 22.095379
v 11.064801 71.582397 27.383343
v 11.107531 71.980682 27.284056
v 13.946609 71.539566 31.516233
v 14.058416 71.936813 31.516014
v 18.314056 69.545975 34.329926
v 18.485365 69.908173 34.428791
v 24.333181 65.620163 35.205238
v 24.549320 65.916290 35.394718
v 0.266906 71.215805 31.374872
v 0.285994 71.606293 31.507053
v -6.735519 71.851746 29.438759
v -6.649688 71.492157 29.255342
v 5.729609 70.398209 30.699389
v 5.851979 70.786148 30.769014
v 9.601149 68.905640 27.840914
v 9.816321 69.257797 27.842022
v 11.549930 66.865936 23.044281
v 11.839477 67.152161 22.976776
v 11.078433 64.657547 16.166147
v 11.417555 64.853302 16.035807
v 10.481321 65.025543 15.165264
v 10.820443 65.221298 15.034925
v 5.873605 70.364212 13.529570
v 6.163152 70.650436 13.462063
v 1.616991 73.826233 14.457792
v 1.832165 74.178375 14.458899
v -2.254549 75.318802 17.316265
v -2.132178 75.706726 17.385891
v -5.409419 74.714081 21.860159
v -5.390332 75.104568 21.992342
v -7.246799 71.860153 28.254461
v -7.332631 72.219742 28.437878
v 1.166399 80.113953 5.586856
v 1.283380 80.509644 5.594655
v 2.505116 79.501984 -1.555988
v 2.456660 79.102509 -1.464402
v 1.721940 79.073532 11.025125
v 1.897425 79.431549 11.131641
v 3.535592 76.222595 14.762807
v 3.754551 76.512268 14.958919
v 6.452016 71.805328 16.479774
v 6.695695 72.001846 16.748684
v 10.761532 66.047821 15.650780
v 11.009061 66.134354 15.969453
v 11.737025 65.772888 14.967731
v 11.984555 65.859436 15.286405
v 15.725366 69.191742 9.986506
v 15.969046 69.388260 10.255413
v 16.579222 72.546417 5.629560
v 16.798182 72.836090 5.825670
v 14.765569 75.397354 1.891877
v 14.941054 75.755356 1.998393
v 10.439749 77.500366 -0.906414
v 10.556729 77.896057 -0.898615
v 3.432154 78.827576 -2.147451
v 3.480611 79.227051 -2.239037
v 6.950488 66.511566 23.900120
v 7.053377 66.839966 24.127899
v 7.364438 61.992081 29.608860
v 7.177865 61.740524 29.340109
v 4.574650 69.255219 19.681873
v 4.585042 69.632339 19.849171
v 0.678722 69.940247 16.560986
v 0.595727 70.333786 16.653477
v -4.403611 68.507980 14.804762
v -4.572886 68.884232 14.814521
v -10.661932 64.877319 15.049293
v -10.902987 65.204056 14.975485
v -11.429311 64.509323 15.926469
v -11.670367 64.836060 15.852662
v -11.698560 65.009689 23.143476
v -11.867834 65.385941 23.153234
v -9.582145 65.019669 28.289982
v -9.665140 65.413208 28.382473
v -5.686217 64.334641 31.410870
v -5.675825 64.711761 31.578169
v -0.344461 63.013290 32.238834
v -0.241572 63.341686 32.466614
v 6.410485 61.372528 30.217285
v 6.597058 61.624084 30.486036
v -17.949257 66.932388 34.839184
v -17.990347 67.294586 35.032658
v -25.125162 65.641357 35.002037
v -25.011744 65.345230 34.737923
v -12.947043 67.863373 32.585964
v -12.912283 68.260620 32.692234
v -9.906958 67.906219 28.568069
v -9.799324 68.304489 28.578026
v -9.089380 67.057251 23.129625
v -8.918094 67.422440 23.042418
v -11.090919 65.541412 16.339624
v -10.870649 65.842239 16.162724
v -12.041982 65.816345 15.622948
v -11.821711 66.117172 15.446046
v -18.130468 69.670822 16.316677
v -17.959181 70.036026 16.229469
v -22.623894 71.582397 18.985170
v -22.516262 71.980682 18.995127
v -25.663982 71.539566 23.003063
v -25.629221 71.936813 23.109333
v -26.990347 69.545975 28.026234
v -27.031435 69.908173 28.219709
v -25.962805 65.620163 34.021248
v -26.076225 65.916290 34.285362
v -29.756796 71.215805 9.949212
v -29.876610 71.606293 10.008211
v -30.079315 71.851746 2.691218
v -29.878353 71.492157 2.716169
v -27.426306 70.398209 14.935815
v -27.454712 70.786148 15.073711
v -23.511368 68.905640 17.734550
v -23.445927 69.257797 17.939535
v -18.347290 66.865936 18.105711
v -18.193613 67.152161 18.360226
v -11.951496 64.657547 15.531832
v -11.722742 64.853302 15.814077
v -11.184116 65.025543 14.654655
v -10.955362 65.221298 14.936900
v -11.052341 70.364212 9.766996
v -10.898664 70.650436 10.021512
v -13.250501 73.826233 6.005553
v -13.185061 74.178375 6.210538
v -17.165440 75.318802 3.206816
v -17.193844 75.706726 3.344714
v -22.461849 74.714081 1.610497
v -22.581663 75.104568 1.669497
v -29.110973 71.860153 1.838992
v -29.311935 72.219742 1.814041
v -4.952979 80.113953 2.835744
v -4.924247 80.509644 2.949410
v 2.253956 79.501984 1.901680
v 2.151879 79.102509 1.883897
v -9.953408 79.073532 5.044613
v -10.000484 79.431549 5.244424
v -12.947707 76.222595 7.924507
v -13.066557 76.512268 8.193351
v -13.679415 71.805328 11.228763
v -13.859860 72.001846 11.543612
v -11.559278 66.047821 15.071181
v -11.785866 66.134354 15.405071
v -10.608217 65.772888 15.787858
v -10.834804 65.859436 16.121748
v -4.638326 69.191742 18.041712
v -4.818771 69.388260 18.356562
v -0.230769 72.546417 17.507406
v -0.349619 72.836090 17.776251
v 2.763530 75.397354 14.627513
v 2.716455 75.755356 14.827326
v 4.088110 77.500366 9.648693
v 4.116842 77.896057 9.762360
v 3.102941 78.827576 2.600574
v 3.205019 79.227051 2.618357
v -20.582544 66.511566 13.995850
v -20.767382 66.839966 14.164089
v -25.883961 61.992081 16.153639
v -25.686018 61.740524 15.893147
v -17.304928 69.255219 10.432784
v -17.460829 69.632339 10.494366
v -15.540697 69.940247 5.763129
v -15.654307 70.333786 5.712777
v -15.440956 68.507980 0.386840
v -15.502546 68.884232 0.228866
v -17.607447 64.877319 -5.489613
v -17.611742 65.204056 -5.741677
v -18.678825 64.509323 -5.948372
v -18.683119 64.836060 -6.200437
v -25.625805 65.009689 -3.974264
v -25.687397 65.385941 -4.132238
v -29.866417 65.019669 -0.371075
v -29.980028 65.413208 -0.421428
v -31.630650 64.334641 4.298579
v -31.786551 64.711761 4.360161
v -30.767397 63.013290 9.634746
v -30.952234 63.341686 9.802986
v -26.757399 61.372528 15.434387
v -26.955341 61.624084 15.694879
v -38.680656 66.932388 -6.304858
v -38.877361 67.294586 -6.284150
v -41.053020 65.641357 -13.079226
v -40.766785 65.345230 -13.052973
v -34.991951 67.863373 -2.243753
v -35.082272 68.260620 -2.177855
v -30.231266 67.906219 -0.594057
v -30.207476 68.304489 -0.488616
v -24.806355 67.057251 -1.497067
v -24.670485 67.422440 -1.361112
v -18.967190 65.541412 -5.498869
v -18.730879 65.842239 -5.344046
v -18.579483 65.816345 -6.624848
v -18.343170 66.117172 -6.470026
v -21.120705 69.670822 -12.200971
v -20.984833 70.036026 -12.065015
v -25.047138 71.582397 -15.649863
v -25.023346 71.980682 -15.544422
v -29.807821 71.539566 -17.299559
v -29.898146 71.936813 -17.233662
v -34.995003 69.545975 -17.008762
v -35.191711 69.908173 -16.988054
v -40.379078 65.620163 -14.178950
v -40.665314 65.916290 -14.205204
v -18.657619 71.215805 -25.225920
v -18.750755 71.606293 -25.321640
v -11.854520 71.851746 -27.775497
v -11.816150 71.492157 -27.576660
v -22.679998 70.398209 -21.468548
v -22.819923 70.786148 -21.452950
v -24.131971 68.905640 -16.880360
v -24.306702 69.257797 -16.754782
v -22.889177 66.865936 -11.854337
v -23.083748 67.152161 -11.629531
v -18.464865 64.657547 -6.566948
v -18.662609 64.853302 -6.262172
v -17.393486 65.025543 -6.108189
v -17.591230 65.221298 -5.803413
v -12.704328 70.364212 -7.493233
v -12.898895 70.650436 -7.268428
v -9.806251 73.826233 -10.746156
v -9.980981 74.178375 -10.620577
v -8.354277 75.318802 -15.334343
v -8.494203 75.706726 -15.318745
v -8.472768 74.714081 -20.864817
v -8.565904 75.104568 -20.960535
v -10.744771 71.860153 -27.117901
v -10.783141 72.219742 -27.316738
v -4.227508 80.113953 -3.834269
v -4.326732 80.509644 -3.771819
v -1.112095 79.501984 2.731292
v -1.126725 79.102509 2.628715
v -7.873484 79.073532 -7.907382
v -8.078064 79.431549 -7.890409
v -11.537714 76.222595 -9.865194
v -11.830128 76.512268 -9.895150
v -14.906360 71.805328 -9.540018
v -15.261559 72.001846 -9.614338
v -17.905560 66.047821 -6.336277
v -18.293125 66.134354 -6.448595
v -18.293264 65.772888 -5.210298
v -18.680832 65.859436 -5.322617
v -18.592009 69.191742 1.163886
v -18.947210 69.388260 1.089566
v -16.721846 72.546417 5.190612
v -17.014257 72.836090 5.160656
v -13.057614 75.397354 7.148423
v -13.262193 75.755356 7.165398
v -7.913158 77.500366 6.869635
v -8.012382 77.896057 6.932084
v -1.514431 78.827576 3.754694
v -1.499800 79.227051 3.857270
v -19.831455 58.329895 -43.770851
v -20.046791 58.628754 -43.956936
v -23.286379 53.071579 -47.458736
v -22.979511 52.847382 -47.297863
v -15.548185 61.452560 -42.077206
v -15.653549 61.800476 -42.272564
v -10.583837 62.256165 -41.765938
v -10.570202 62.623352 -41.953835
v -5.363601 60.671906 -42.863708
v -5.232136 61.026901 -43.028049
v -0.247318 56.527191 -45.872547
v -0.009283 56.839600 -45.999256
v -0.089695 55.970459 -46.949081
v 0.148339 56.282867 -47.075794
v -3.865196 55.379395 -53.097599
v -3.733732 55.734386 -53.261940
v -8.476223 54.811874 -56.160641
v -8.462588 55.179062 -56.348534
v -13.440573 54.008255 -56.471905
v -13.545936 54.356186 -56.667263
v -18.333048 53.037384 -54.004738
v -18.548388 53.336239 -54.190823
v -22.821888 52.290634 -48.374401
v -23.128756 52.514828 -48.535275
v -5.153565 55.024048 -66.430695
v -5.230380 55.349060 -66.673141
v 0.746554 53.119202 -70.270882
v 0.801504 52.875820 -69.942146
v -8.082570 56.697144 -62.004906
v -8.174668 57.075943 -62.140305
v -8.391134 57.588074 -57.055313
v -8.490630 57.988235 -57.072075
v -6.052831 57.620560 -52.005844
v -6.151201 58.007793 -51.902523
v -0.611440 56.955505 -47.277527
v -0.700260 57.296661 -47.062973
v 0.574258 57.251175 -47.256828
v 0.485439 57.592342 -47.042278
v 5.218784 60.431320 -51.809097
v 5.120414 60.818558 -51.705780
v 7.463199 61.541611 -56.778572
v 7.363704 61.941772 -56.795330
v 7.771763 60.650665 -61.728165
v 7.679665 61.029480 -61.863571
v 6.118050 57.834808 -66.233948
v 6.041236 58.159821 -66.476387
v 1.987203 53.171509 -69.921448
v 1.932253 53.414871 -70.250183
v 18.408522 61.904202 -53.210709
v 18.471388 62.270172 -53.390770
v 22.687130 63.570923 -47.544807
v 22.509884 63.229919 -47.394413
v 13.716744 60.562805 -55.885353
v 13.659845 60.922409 -56.079655
v 8.923672 59.012344 -55.785313
v 8.751880 59.334793 -55.977222
v 4.439828 57.385651 -52.919155
v 4.167857 57.643311 -53.092232
v 0.561980 56.130280 -46.936317
v 0.213125 56.301083 -47.075733
v 0.404357 56.687012 -45.859783
v 0.055503 56.857834 -45.999195
v 2.941423 62.678162 -42.685268
v 2.669452 62.935822 -42.858341
v 6.816058 66.456650 -41.390614
v 6.644266 66.779083 -41.582523
v 11.609131 68.007095 -41.490654
v 11.552232 68.366699 -41.684963
v 16.910116 67.196716 -42.976818
v 16.972982 67.562683 -43.156883
v 22.352259 63.786652 -46.317875
v 22.529509 64.127655 -46.468269
v 1.591506 73.822998 -35.318306
v 1.500351 74.198654 -35.462807
v -3.886854 73.968506 -30.506516
v -3.787640 73.568802 -30.480103
v 4.544763 72.048737 -39.688221
v 4.469473 72.368179 -39.938427
v 5.475680 68.561707 -43.204105
v 5.422705 68.797562 -43.538593
v 4.304524 63.660568 -45.564831
v 4.278400 63.792633 -45.954948
v 0.475110 57.601379 -46.579659
v 0.478076 57.618347 -46.991985
v -0.710589 57.305706 -46.600353
v -0.707623 57.322678 -47.012688
v -6.967092 60.849808 -45.761578
v -6.993215 60.981869 -46.151695
v -10.378654 64.608185 -43.480846
v -10.431628 64.844040 -43.815331
v -11.309570 68.095215 -39.964958
v -11.384860 68.414642 -40.215168
v -9.680109 71.012238 -35.515053
v -9.771265 71.387909 -35.659554
v -4.973339 73.273132 -30.500797
v -5.072553 73.672836 -30.527214
v 4.710881 58.329895 -47.822395
v 4.617436 58.628754 -48.091217
v 3.562774 53.071579 -52.743656
v 3.748091 52.847382 -52.450905
v 7.573480 61.452560 -44.214024
v 7.579909 61.800476 -44.435886
v 11.717099 62.256165 -41.462284
v 11.822854 62.623352 -41.618187
v 16.786840 60.671906 -39.802864
v 16.982862 61.026901 -39.879452
v 22.722090 56.527191 -39.850449
v 22.991589 56.839600 -39.841164
v 23.396862 55.970459 -40.703945
v 23.666363 56.282867 -40.694664
v 23.201443 55.379395 -47.916470
v 23.397463 55.734386 -47.993061
v 20.739695 54.811874 -52.874653
v 20.845449 55.179062 -53.030560
v 16.596075 54.008255 -55.626389
v 16.602507 54.356186 -55.848255
v 11.125484 53.037384 -55.935997
v 11.032039 53.336239 -56.204819
v 4.422864 52.290634 -53.304401
v 4.237547 52.514828 -53.597157
v 28.752228 55.024048 -60.107449
v 28.806931 55.349060 -60.355827
v 35.781975 53.119202 -60.483086
v 35.665195 52.875820 -60.170925
v 24.002743 56.697144 -57.739109
v 23.990685 57.075943 -57.902416
v 21.260721 57.588074 -53.606918
v 21.182934 57.988235 -53.671181
v 20.761017 57.620560 -48.064800
v 20.624166 58.007793 -48.024502
v 23.109240 56.955505 -41.249260
v 22.925045 57.296661 -41.107861
v 24.125736 57.251175 -40.638485
v 23.941542 57.592342 -40.497089
v 30.424149 60.431320 -42.258602
v 30.287296 60.818558 -42.218311
v 34.852608 61.541611 -45.440090
v 34.774822 61.941772 -45.504353
v 37.594627 60.650665 -49.572281
v 37.582569 61.029480 -49.735592
v 38.415359 57.834808 -54.301250
v 38.470062 58.159821 -54.549629
v 36.681694 53.171509 -59.560146
v 36.798470 53.414871 -59.872314
v 42.547600 61.904202 -36.877563
v 42.692074 62.270172 -37.002071
v 43.420033 63.570923 -29.831446
v 43.191338 63.229919 -29.789820
v 39.821724 60.562805 -41.539764
v 39.869602 60.922409 -41.736488
v 35.620785 59.012344 -43.849663
v 35.567959 59.334793 -44.101753
v 30.304583 57.385651 -43.609421
v 30.155586 57.643311 -43.895294
v 23.954847 56.130280 -40.367054
v 23.722439 56.301083 -40.662220
v 23.280075 56.687012 -39.513557
v 23.047665 56.857834 -39.808720
v 23.889980 62.678162 -35.495815
v 23.740984 62.935822 -35.781685
v 26.598185 66.456650 -32.437294
v 26.545364 66.779083 -32.689388
v 30.799129 68.007095 -30.127396
v 30.847006 68.366699 -30.324120
v 36.132996 67.196716 -28.763960
v 36.277477 67.562683 -28.888462
v 42.516563 63.786652 -28.936325
v 42.745262 64.127655 -28.977947
v 19.037436 73.822998 -29.790794
v 19.030745 74.198654 -29.961514
v 11.887145 73.968506 -28.362846
v 11.959859 73.568802 -28.290363
v 23.779989 72.048737 -32.098625
v 23.839891 72.368179 -32.352955
v 26.344130 68.561707 -34.678013
v 26.465498 68.797562 -34.994175
v 26.510242 63.660568 -37.308041
v 26.682676 63.792633 -37.658951
v 23.701286 57.601379 -40.101612
v 23.910021 57.618347 -40.457218
v 22.684790 57.305706 -40.712387
v 22.893524 57.322678 -41.067993
v 16.847111 60.849808 -43.114235
v 17.019545 60.981869 -43.465145
v 12.752245 64.608185 -42.844845
v 12.873610 64.844040 -43.161003
v 10.188104 68.095215 -40.265453
v 10.248006 68.414642 -40.519783
v 9.374306 71.012238 -35.596992
v 9.367612 71.387909 -35.767712
v 10.943361 73.273132 -28.901134
v 10.870647 73.672836 -28.973618
v 27.990938 58.329895 -39.059967
v 28.044426 58.628754 -39.339497
v 29.457283 53.071579 -43.895966
v 29.471395 52.847382 -43.549770
v 28.665838 61.452560 -34.503727
v 28.782337 61.800476 -34.692654
v 30.878445 62.256165 -30.048840
v 31.047983 62.623352 -30.130981
v 34.439259 60.671906 -26.076870
v 34.647316 61.026901 -26.045189
v 39.603130 56.527191 -23.150455
v 39.831882 56.839600 -23.007668
v 40.614250 55.970459 -23.552219
v 40.843002 56.282867 -23.409431
v 44.051273 55.379395 -29.896158
v 44.259327 55.734386 -29.864477
v 44.398430 54.811874 -35.420944
v 44.567966 55.179062 -35.503082
v 42.185818 54.008255 -39.875832
v 42.302319 54.356186 -40.064754
v 37.602951 53.037384 -42.879257
v 37.656437 53.336239 -43.158783
v 30.482513 52.290634 -43.951534
v 30.468401 52.514828 -44.297729
v 54.953880 55.024048 -37.678467
v 55.125446 55.349060 -37.866211
v 61.229641 53.119202 -34.488903
v 60.972427 52.875820 -34.276951
v 49.656540 56.697144 -38.002163
v 49.727753 57.075943 -38.149620
v 45.215786 57.588074 -35.794594
v 45.180550 57.988235 -35.889137
v 42.011967 57.620560 -31.244829
v 41.873302 58.007793 -31.278358
v 40.637817 56.955505 -24.168285
v 40.407600 57.296661 -24.137930
v 41.212742 57.251175 -23.131092
v 40.982529 57.592342 -23.100737
v 47.477386 60.431320 -21.384949
v 47.338722 60.818558 -21.418480
v 52.903286 61.541611 -21.925968
v 52.868053 61.941772 -22.020514
v 57.344040 60.650665 -24.133537
v 57.415257 61.029480 -24.281000
v 60.419304 57.834808 -27.818586
v 60.590866 58.159821 -28.006332
v 61.547356 53.171509 -33.239758
v 61.804565 53.414871 -33.451710
v 55.286087 61.904202 -10.663108
v 55.473465 62.270172 -10.698695
v 52.518578 63.570923 -4.124772
v 52.299706 63.229919 -4.203075
v 55.256508 60.562805 -16.063627
v 55.396332 60.922409 -16.210058
v 52.773331 59.012344 -20.164530
v 52.853638 59.334793 -20.409260
v 48.049248 57.385651 -22.614576
v 48.063148 57.643311 -22.936646
v 40.929035 56.130280 -22.981470
v 40.875343 56.301083 -23.353292
v 39.917915 56.687012 -22.579706
v 39.864220 56.857834 -22.951530
v 38.437237 62.678162 -18.795286
v 38.451138 62.935822 -19.117357
v 39.253353 66.456650 -14.792428
v 39.333652 66.779083 -15.037158
v 41.736523 68.007095 -10.691525
v 41.876350 68.366699 -10.837955
v 45.674076 67.196716 -6.843819
v 45.861443 67.562683 -6.879406
v 51.288586 63.786652 -3.801311
v 51.507454 64.127655 -3.723008
v 31.382303 73.822998 -16.280867
v 31.461863 74.198654 -16.432060
v 24.475992 73.968506 -18.619373
v 24.502720 73.568802 -18.520243
v 36.643387 72.048737 -15.908229
v 36.822426 72.368179 -16.098536
v 40.153694 68.561707 -16.859976
v 40.416878 68.797562 -17.073095
v 41.612564 63.660568 -19.054588
v 41.937351 63.792633 -19.272270
v 40.576725 57.601379 -22.878372
v 40.935295 57.618347 -23.081968
v 40.001797 57.305706 -23.915565
v 40.360371 57.322678 -24.119164
v 36.147144 60.849808 -28.914467
v 36.471931 60.981869 -29.132149
v 32.466190 64.608185 -30.728598
v 32.729374 64.844040 -30.941721
v 28.955883 68.095215 -29.776852
v 29.134926 68.414642 -29.967161
v 25.916882 71.012238 -26.140747
v 25.996443 71.387909 -26.291937
v 23.927795 73.273132 -19.557436
v 23.901068 73.672836 -19.656567
v 43.770851 58.329895 -19.831455
v 43.956936 58.628754 -20.046791
v 47.458736 53.071579 -23.286379
v 47.297863 52.847382 -22.979511
v 42.077206 61.452560 -15.548185
v 42.272564 61.800476 -15.653549
v 41.765938 62.256165 -10.583837
v 41.953835 62.623352 -10.570202
v 42.863708 60.671906 -5.363601
v 43.028049 61.026901 -5.232136
v 45.872547 56.527191 -0.247318
v 45.999256 56.839600 -0.009283
v 46.949081 55.970459 -0.089695
v 47.075794 56.282867 0.148339
v 53.097599 55.379395 -3.865196
v 53.261940 55.734386 -3.733732
v 56.160641 54.811874 -8.476223
v 56.348534 55.179062 -8.462588
v 56.471905 54.008255 -13.440573
v 56.667263 54.356186 -13.545936
v 54.004738 53.037384 -18.333048
v 54.190823 53.336239 -18.548388
v 48.374401 52.290634 -22.821888
v 48.535275 52.514828 -23.128756
v 66.430695 55.024048 -5.153565
v 66.673141 55.349060 -5.230380
v 70.270882 53.119202 0.746554
v 69.942146 52.875820 0.801504
v 62.004906 56.697144 -8.082570
v 62.140305 57.075943 -8.174668
v 57.055313 57.588074 -8.391134
v 57.072075 57.988235 -8.490630
v 52.005844 57.620560 -6.052831
v 51.902523 58.007793 -6.151201
v 47.277527 56.955505 -0.611440
v 47.062973 57.296661 -0.700260
v 47.256828 57.251175 0.574258
v 47.042278 57.592342 0.485439
v 51.809097 60.431320 5.218784
v 51.705780 60.818558 5.120414
v 56.778572 61.541611 7.463199
v 56.795330 61.941772 7.363704
v 61.728165 60.650665 7.771763
v 61.863571 61.029480 7.679665
v 66.233948 57.834808 6.118050
v 66.476387 58.159821 6.041236
v 69.921448 53.171509 1.987203
v 70.250183 53.414871 1.932253
v 53.210709 61.904202 18.408522
v 53.390770 62.270172 18.471388
v 47.544807 63.570923 22.687130
v 47.394413 63.229919 22.509884
v 55.885353 60.562805 13.716744
v 56.079655 60.922409 13.659845
v 55.785313 59.012344 8.923672
v 55.977222 59.334793 8.751880
v 52.919155 57.385651 4.439828
v 53.092232 57.643311 4.167857
v 46.936317 56.130280 0.561980
v 47.075733 56.301083 0.213125
v 45.859783 56.687012 0.404357
v 45.999195 56.857834 0.055503
v 42.685268 62.678162 2.941423
v 42.858341 62.935822 2.669452
v 41.390614 66.456650 6.816058
v 41.582523 66.779083 6.644266
v 41.490654 68.007095 11.609131
v 41.684963 68.366699 11.552232
v 42.976818 67.196716 16.910116
v 43.156883 67.562683 16.972982
v 46.317875 63.786652 22.352259
v 46.468269 64.127655 22.529509
v 35.318306 73.822998 1.591506
v 35.462807 74.198654 1.500351
v 30.506516 73.968506 -3.886854
v 30.480103 73.568802 -3.787640
v 39.688221 72.048737 4.544763
v 39.938427 72.368179 4.469473
v 43.204105 68.561707 5.475680
v 43.538593 68.797562 5.422705
v 45.564831 63.660568 4.304524
v 45.954948 63.792633 4.278400
v 46.579659 57.601379 0.475110
v 46.991985 57.618347 0.478076
v 46.600353 57.305706 -0.710589
v 47.012688 57.322678 -0.707623
v 45.761578 60.849808 -6.967092
v 46.151695 60.981869 -6.993215
v 43.480846 64.608185 -10.378654
v 43.815331 64.844040 -10.431628
v 39.964958 68.095215 -11.309570
v 40.215168 68.414642 -11.384860
v 35.515053 71.012238 -9.680109
v 35.659554 71.387909 -9.771265
v 30.500797 73.273132 -4.973339
v 30.527214 73.672836 -5.072553
v 47.822395 58.329895 4.710881
v 48.091217 58.628754 4.617436
v 52.743656 53.071579 3.562774
v 52.450905 52.847382 3.748091
v 44.214024 61.452560 7.573480
v 44.435886 61.800476 7.579909
v 41.462284 62.256165 11.717099
v 41.618187 62.623352 11.822854
v 39.802864 60.671906 16.786840
v 39.879452 61.026901 16.982862
v 39.850449 56.527191 22.722090
v 39.841164 56.839600 22.991589
v 40.703945 55.970459 23.396862
v 40.694664 56.282867 23.666363
v 47.916470 55.379395 23.201443
v 47.993061 55.734386 23.397463
v 52.874653 54.811874 20.739695
v 53.030560 55.179062 20.845449
v 55.626389 54.008255 16.596075
v 55.848255 54.356186 16.602507
v 55.935997 53.037384 11.125484
v 56.204819 53.336239 11.032039
v 53.304401 52.290634 4.422864
v 53.597157 52.514828 4.237547
v 60.107449 55.024048 28.752228
v 60.355827 55.349060 28.806931
v 60.483086 53.119202 35.781975
v 60.170925 52.875820 35.665195
v 57.739109 56.697144 24.002743
v 57.902416 57.075943 23.990685
v 53.606918 57.588074 21.260721
v 53.671181 57.988235 21.182934
v 48.064800 57.620560 20.761017
v 48.024502 58.007793 20.624166
v 41.249260 56.955505 23.109240
v 41.107861 57.296661 22.925045
v 40.638485 57.251175 24.125736
v 40.497089 57.592342 23.941542
v 42.258602 60.431320 30.424149
v 42.218311 60.818558 30.287296
v 45.440090 61.541611 34.852608
v 45.504353 61.941772 34.774822
v 49.572281 60.650665 37.594627
v 49.735592 61.029480 37.582569
v 54.301250 57.834808 38.415359
v 54.549629 58.159821 38.470062
v 59.560146 53.171509 36.681694
v 59.872314 53.414871 36.798470
v 36.877563 61.904202 42.547600
v 37.002071 62.270172 42.692074
v 29.831446 63.570923 43.420033
v 29.789820 63.229919 43.191338
v 41.539764 60.562805 39.821724
v 41.736488 60.922409 39.869602
v 43.849663 59.012344 35.620785
v 44.101753 59.334793 35.567959
v 43.609421 57.385651 30.304583
v 43.895294 57.643311 30.155586
v 40.367054 56.130280 23.954847
v 40.662220 56.301083 23.722439
v 39.513557 56.687012 23.280075
v 39.808720 56.857834 23.047665
v 35.495815 62.678162 23.889980
v 35.781685 62.935822 23.740984
v 32.437294 66.456650 26.598185
v 32.689388 66.779083 26.545364
v 30.127396 68.007095 30.799129
v 30.324120 68.366699 30.847006
v 28.763960 67.196716 36.132996
v 28.888462 67.562683 36.277477
v 28.936325 63.786652 42.516563
v 28.977947 64.127655 42.745262
v 29.790794 73.822998 19.037436
v 29.961514 74.198654 19.030745
v 28.362846 73.968506 11.887145
v 28.290363 73.568802 11.959859
v 32.098625 72.048737 23.779989
v 32.352955 72.368179 23.839891
v 34.678013 68.561707 26.344130
v 34.994175 68.797562 26.465498
v 37.308041 63.660568 26.510242
v 37.658951 63.792633 26.682676
v 40.101612 57.601379 23.701286
v 40.457218 57.618347 23.910021
v 40.712387 57.305706 22.684790
v 41.067993 57.322678 22.893524
v 43.114235 60.849808 16.847111
v 43.465145 60.981869 17.019545
v 42.844845 64.608185 12.752245
v 43.161003 64.844040 12.873610
v 40.265453 68.095215 10.188104
v 40.519783 68.414642 10.248006
v 35.596992 71.012238 9.374306
v 35.767712 71.387909 9.367612
v 28.901134 73.273132 10.943361
v 28.973618 73.672836 10.870647
v 39.059967 58.329895 27.990938
v 39.339497 58.628754 28.044426
v 43.895966 53.071579 29.457283
v 43.549770 52.847382 29.471395
v 34.503727 61.452560 28.665838
v 34.692654 61.800476 28.782337
v 30.048840 62.256165 30.878445
v 30.130981 62.623352 31.047983
v 26.076870 60.671906 34.439259
v 26.045189 61.026901 34.647316
v 23.150455 56.527191 39.603130
v 23.007668 56.839600 39.831882
v 23.552219 55.970459 40.614250
v 23.409431 56.282867 40.843002
v 29.896158 55.379395 44.051273
v 29.864477 55.734386 44.259327
v 35.420944 54.811874 44.398430
v 35.503082 55.179062 44.567966
v 39.875832 54.008255 42.185818
v 40.064754 54.356186 42.302319
v 42.879257 53.037384 37.602951
v 43.158783 53.336239 37.656437
v 43.951534 52.290634 30.482513
v 44.297729 52.514828 30.468401
v 37.678467 55.024048 54.953880
v 37.866211 55.349060 55.125446
v 34.488903 53.119202 61.229641
v 34.276951 52.875820 60.972427
v 38.002163 56.697144 49.656540
v 38.149620 57.075943 49.727753
v 35.794594 57.588074 45.215786
v 35.889137 57.988235 45.180550
v 31.244829 57.620560 42.011967
v 31.278358 58.007793 41.873302
v 24.168285 56.955505 40.637817
v 24.137930 57.296661 40.407600
v 23.131092 57.251175 41.212742
v 23.100737 57.592342 40.982529
v 21.384949 60.431320 47.477386
v 21.418480 60.818558 47.338722
v 21.925968 61.541611 52.903286
v 22.020514 61.941772 52.868053
v 24.133537 60.650665 57.344040
v 24.281000 61.029480 57.415257
v 27.818586 57.834808 60.419304
v 28.006332 58.159821 60.590866
v 33.239758 53.171509 61.547356
v 33.451710 53.414871 61.804565
v 10.663108 61.904202 55.286087
v 10.698695 62.270172 55.473465
v 4.124772 63.570923 52.518578
v 4.203075 63.229919 52.299706
v 16.063627 60.562805 55.256508
v 16.210058 60.922409 55.396332
v 20.164530 59.012344 52.773331
v 20.409260 59.334793 52.853638
v 22.614576 57.385651 48.049248
v 22.936646 57.643311 48.063148
v 22.981470 56.130280 40.929035
v 23.353292 56.301083 40.875343
v 22.579706 56.687012 39.917915
v 22.951530 56.857834 39.864220
v 18.795286 62.678162 38.437237
v 19.117357 62.935822 38.451138
v 14.792428 66.456650 39.253353
v 15.037158 66.779083 39.333652
v 10.691525 68.007095 41.736523
v 10.837955 68.366699 41.876350
v 6.843819 67.196716 45.674076
v 6.879406 67.562683 45.861443
v 3.801311 63.786652 51.288586
v 3.723008 64.127655 51.507454
v 16.280867 73.822998 31.382303
v 16.432060 74.198654 31.461863
v 18.619373 73.968506 24.475992
v 18.520243 73.568802 24.502720
v 15.908229 72.048737 36.643387
v 16.098536 72.368179 36.822426
v 16.859976 68.561707 40.153694
v 17.073095 68.797562 40.416878
v 19.054588 63.660568 41.612564
v 19.272270 63.792633 41.937351
v 22.878372 57.601379 40.576725
v 23.081968 57.618347 40.935295
v 23.915565 57.305706 40.001797
v 24.119164 57.322678 40.360371
v 28.914467 60.849808 36.147144
v 29.132149 60.981869 36.471931
v 30.728598 64.608185 32.466190
v 30.941721 64.844040 32.729374
v 29.776852 68.095215 28.955883
v 29.967161 68.414642 29.134926
v 26.140747 71.012238 25.916882
v 26.291937 71.387909 25.996443
v 19.557436 73.273132 23.927795
v 19.656567 73.672836 23.901068
v 19.831455 58.329895 43.770851
v 20.046791 58.628754 43.956936
v 23.286379 53.071579 47.458736
v 22.979511 52.847382 47.297863
v 15.548185 61.452560 42.077206
v 15.653549 61.800476 42.272564
v 10.583837 62.256165 41.765938
v 10.570202 62.623352 41.953835
v 5.363601 60.671906 42.863708
v 5.232136 61.026901 43.028049
v 0.247318 56.527191 45.872547
v 0.009283 56.839600 45.999256
v 0.089695 55.970459 46.949081
v -0.148339 56.282867 47.075794
v 3.865196 55.379395 53.097599
v 3.733732 55.734386 53.261940
v 8.476223 54.811874 56.160641
v 8.462588 55.179062 56.348534
v 13.440573 54.008255 56.471905
v 13.545936 54.356186 56.667263
v 18.333048 53.037384 54.004738
v 18.548388 53.336239 54.190823
v 22.821888 52.290634 48.374401
v 23.128756 52.514828 48.535275
v 5.153565 55.024048 66.430695
v 5.230380 55.349060 66.673141
v -0.746554 53.119202 70.270882
v -0.801504 52.875820 69.942146
v 8.082570 56.697144 62.004906
v 8.174668 57.075943 62.140305
v 8.391134 57.588074 57.055313
v 8.490630 57.988235 57.072075
v 6.052831 57.620560 52.005844
v 6.151201 58.007793 51.902523
v 0.611440 56.955505 47.277527
v 0.700260 57.296661 47.062973
v -0.574258 57.251175 47.256828
v -0.485439 57.592342 47.042278
v -5.218784 60.431320 51.809097
v -5.120414 60.818558 51.705780
v -7.463199 61.541611 56.778572
v -7.363704 61.941772 56.795330
v -7.771763 60.650665 61.728165
v -7.679665 61.029480 61.863571
v -6.118050 57.834808 66.233948
v -6.041236 58.159821 66.476387
v -1.987203 53.171509 69.921448
v -1.932253 53.414871 70.250183
v -18.408522 61.904202 53.210709
v -18.471388 62.270172 53.390770
v -22.687130 63.570923 47.544807
v -22.509884 63.229919 47.394413
v -13.716744 60.562805 55.885353
v -13.659845 60.922409 56.079655
v -8.923672 59.012344 55.785313
v -8.751880 59.334793 55.977222
v -4.439828 57.385651 52.919155
v -4.167857 57.643311 53.092232
v -0.561980 56.130280 46.936317
v -0.213125 56.301083 47.075733
v -0.404357 56.687012 45.859783
v -0.055503 56.857834 45.999195
v -2.941423 62.678162 42.685268
v -2.669452 62.935822 42.858341
v -6.816058 66.456650 41.390614
v -6.644266 66.779083 41.582523
v -11.609131 68.007095 41.490654
v -11.552232 68.366699 41.684963
v -16.910116 67.196716 42.976818
v -16.972982 67.562683 43.156883
v -22.352259 63.786652 46.317875
v -22.529509 64.127655 46.468269
v -1.591506 73.822998 35.318306
v -1.500351 74.198654 35.462807
v 3.886854 73.968506 30.506516
v 3.787640 73.568802 30.480103
v -4.544763 72.048737 39.688221
v -4.469473 72.368179 39.938427
v -5.475680 68.561707 43.204105
v -5.422705 68.797562 43.538593
v -4.304524 63.660568 45.564831
v -4.278400 63.792633 45.954948
v -0.475110 57.601379 46.579659
v -0.478076 57.618347 46.991985
v 0.710589 57.305706 46.600353
v 0.707623 57.322678 47.012688
v 6.967092 60.849808 45.761578
v 6.993215 60.981869 46.151695
v 10.378654 64.608185 43.480846
v 10.431628 64.844040 43.815331
v 11.309570 68.095215 39.964958
v 11.384860 68.414642 40.215168
v 9.680109 71.012238 35.515053
v 9.771265 71.387909 35.659554
v 4.973339 73.273132 30.500797
v 5.072553 73.672836 30.527214
v -4.710881 58.329895 47.822395
v -4.617436 58.628754 48.091217
v -3.562774 53.071579 52.743656
v -3.748091 52.847382 52.450905
v -7.573480 61.452560 44.214024
v -7.579909 61.800476 44.435886
v -11.717099 62.256165 41.462284
v -11.822854 62.623352 41.618187
v -16.786840 60.671906 39.802864
v -16.982862 61.026901 39.879452
v -22.722090 56.527191 39.850449
v -22.991589 56.839600 39.841164
v -23.396862 55.970459 40.703945
v -23.666363 56.282867 40.694664
v -23.201443 55.379395 47.916470
v -23.397463 55.734386 47.993061
v -20.739695 54.811874 52.874653
v -20.845449 55.179062 53.030560
v -16.596075 54.008255 55.626389
v -16.602507 54.356186 55.848255
v -11.125484 53.037384 55.935997
v -11.032039 53.336239 56.204819
v -4.422864 52.290634 53.304401
v -4.237547 52.514828 53.597157
v -28.752228 55.024048 60.107449
v -28.806931 55.349060 60.355827
v -35.781975 53.119202 60.483086
v -35.665195 52.875820 60.170925
v -24.002743 56.697144 57.739109
v -23.990685 57.075943 57.902416
v -21.260721 57.588074 53.606918
v -21.182934 57.988235 53.671181
v -20.761017 57.620560 48.064800
v -20.624166 58.007793 48.024502
v -23.109240 56.955505 41.249260
v -22.925045 57.296661 41.107861
v -24.125736 57.251175 40.638485
v -23.941542 57.592342 40.497089
v -30.424149 60.431320 42.258602
v -30.287296 60.818558 42.218311
v -34.852608 61.541611 45.440090
v -34.774822 61.941772 45.504353
v -37.594627 60.650665 49.572281
v -37.582569 61.029480 49.735592
v -38.415359 57.834808 54.301250
v -38.470062 58.159821 54.549629
v -36.681694 53.171509 59.560146
v -36.798470 53.414871 59.872314
v -42.547600 61.904202 36.877563
v -42.692074 62.270172 37.002071
v -43.420033 63.570923 29.831446
v -43.191338 63.229919 29.789820
v -39.821724 60.562805 41.539764
v -39.869602 60.922409 41.736488
v -35.620785 59.012344 43.849663
v -35.567959 59.334793 44.101753
v -30.304583 57.385651 43.609421
v -30.155586 57.643311 43.895294
v -23.954847 56.130280 40.367054
v -23.722439 56.301083 40.662220
v -23.280075 56.687012 39.513557
v -23.047665 56.857834 39.808720
v -23.889980 62.678162 35.495815
v -23.740984 62.935822 35.781685
v -26.598185 66.456650 32.437294
v -26.545364 66.779083 32.689388
v -30.799129 68.007095 30.127396
v -30.847006 68.366699 30.324120
v -36.132996 67.196716 28.763960
v -36.277477 67.562683 28.888462
v -42.516563 63.786652 28.936325
v -42.745262 64.127655 28.977947
v -19.037436 73.822998 29.790794
v -19.030745 74.198654 29.961514
v -11.887145 73.968506 28.362846
v -11.959859 73.568802 28.290363
v -23.779989 72.048737 32.098625
v -23.839891 72.368179 32.352955
v -26.344130 68.561707 34.678013
v -26.465498 68.797562 34.994175
v -26.510242 63.660568 37.308041
v -26.682676 63.792633 37.658951
v -23.701286 57.601379 40.101612
v -23.910021 57.618347 40.457218
v -22.684790 57.305706 40.712387
v -22.893524 57.322678 41.067993
v -16.847111 60.849808 43.114235
v -17.019545 60.981869 43.465145
v -12.752245 64.608185 42.844845
v -12.873610 64.844040 43.161003
v -10.188104 68.095215 40.265453
v -10.248006 68.414642 40.519783
v -9.374306 71.012238 35.596992
v -9.367612 71.387909 35.767712
v -10.943361 73.273132 28.901134
v -10.870647 73.672836 28.973618
v -27.990938 58.329895 39.059967
v -28.044426 58.628754 39.339497
v -29.457283 53.071579 43.895966
v -29.471395 52.847382 43.549770
v -28.665838 61.452560 34.503727
v -28.782337 61.800476 34.692654
v -30.878445 62.256165 30.048840
v -31.047983 62.623352 30.130981
v -34.439259 60.671906 26.076870
v -34.647316 61.026901 26.045189
v -39.603130 56.527191 23.150455
v -39.831882 56.839600 23.007668
v -40.614250 55.970459 23.552219
v -40.843002 56.282867 23.409431
v -44.051273 55.379395 29.896158
v -44.259327 55.734386 29.864477
v -44.398430 54.811874 35.420944
v -44.567966 55.179062 35.503082
v -42.185818 54.008255 39.875832
v -42.302319 54.356186 40.064754
v -37.602951 53.037384 42.879257
v -37.656437 53.336239 43.158783
v -30.482513 52.290634 43.951534
v -30.468401 52.514828 44.297729
v -54.953880 55.024048 37.678467
v -55.125446 55.349060 37.866211
v -61.229641 53.119202 34.488903
v -60.972427 52.875820 34.276951
v -49.656540 56.697144 38.002163
v -49.727753 57.075943 38.149620
v -45.215786 57.588074 35.794594
v -45.180550 57.988235 35.889137
v -42.011967 57.620560 31.244829
v -41.873302 58.007793 31.278358
v -40.637817 56.955505 24.168285
v -40.407600 57.296661 24.137930
v -41.212742 57.251175 23.131092
v -40.982529 57.592342 23.100737
v -47.477386 60.431320 21.384949
v -47.338722 60.818558 21.418480
v -52.903286 61.541611 21.925968
v -52.868053 61.941772 22.020514
v -57.344040 60.650665 24.133537
v -57.415257 61.029480 24.281000
v -60.419304 57.834808 27.818586
v -60.590866 58.159821 28.006332
v -61.547356 53.171509 33.239758
v -61.804565 53.414871 33.451710
v -55.286087 61.904202 10.663108
v -55.473465 62.270172 10.698695
v -52.518578 63.570923 4.124772
v -52.299706 63.229919 4.203075
v -55.256508 60.562805 16.063627
v -55.396332 60.922409 16.210058
v -52.773331 59.012344 20.164530
v -52.853638 59.334793 20.409260
v -48.049248 57.385651 22.614576
v -48.063148 57.643311 22.936646
v -40.929035 56.130280 22.981470
v -40.875343 56.301083 23.353292
v -39.917915 56.687012 22.579706
v -39.864220 56.857834 22.951530
v -38.437237 62.678162 18.795286
v -38.451138 62.935822 19.117357
v -39.253353 66.456650 14.792428
v -39.333652 66.779083 15.037158
v -41.736523 68.007095 10.691525
v -41.876350 68.366699 10.837955
v -45.674076 67.196716 6.843819
v -45.861443 67.562683 6.879406
v -51.288586 63.786652 3.801311
v -51.507454 64.127655 3.723008
v -31.382303 73.822998 16.280867
v -31.461863 74.198654 16.432060
v -24.475992 73.968506 18.619373
v -24.502720 73.568802 18.520243
v -36.643387 72.048737 15.908229
v -36.822426 72.368179 16.098536
v -40.153694 68.561707 16.859976
v -40.416878 68.797562 17.073095
v -41.612564 63.660568 19.054588
v -41.937351 63.792633 19.272270
v -40.576725 57.601379 22.878372
v -40.935295 57.618347 23.081968
v -40.001797 57.305706 23.915565
v -40.360371 57.322678 24.119164
v -36.147144 60.849808 28.914467
v -36.471931 60.981869 29.132149
v -32.466190 64.608185 30.728598
v -32.729374 64.844040 30.941721
v -28.955883 68.095215 29.776852
v -29.134926 68.414642 29.967161
v -25.916882 71.012238 26.140747
v -25.996443 71.387909 26.291937
v -23.927795 73.273132 19.557436
v -23.901068 73.672836 19.656567
v -43.770851 58.329895 19.831455
v -43.956936 58.628754 20.046791
v -47.458736 53.071579 23.286379
v -47.297863 52.847382 22.979511
v -42.077206 61.452560 15.548185
v -42.272564 61.800476 15.653549
v -41.765938 62.256165 10.583837
v -41.953835 62.623352 10.570202
v -42.863708 60.671906 5.363601
v -43.028049 61.026901 5.232136
v -45.872547 56.527191 0.247318
v -45.999256 56.839600 0.009283
v -46.949081 55.970459 0.089695
v -47.075794 56.282867 -0.148339
v -53.097599 55.379395 3.865196
v -53.261940 55.734386 3.733732
v -56.160641 54.811874 8.476223
v -56.348534 55.179062 8.462588
v -56.471905 54.008255 13.440573
v -56.667263 54.356186 13.545936
v -54.004738 53.037384 18.333048
v -54.190823 53.336239 18.548388
v -48.374401 52.290634 22.821888
v -48.535275 52.514828 23.128756
v -66.430695 55.024048 5.153565
v -66.673141 55.349060 5.230380
v -70.270882 53.119202 -0.746554
v -69.942146 52.875820 -0.801504
v -62.004906 56.697144 8.082570
v -62.140305 57.075943 8.174668
v -57.055313 57.588074 8.391134
v -57.072075 57.988235 8.490630
v -52.005844 57.620560 6.052831
v -51.902523 58.007793 6.151201
v -47.277527 56.955505 0.611440
v -47.062973 57.296661 0.700260
v -47.256828 57.251175 -0.574258
v -47.042278 57.592342 -0.485439
v -51.809097 60.431320 -5.218784
v -51.705780 60.818558 -5.120414
v -56.778572 61.541611 -7.463199
v -56.795330 61.941772 -7.363704
v -61.728165 60.650665 -7.771763
v -61.863571 61.029480 -7.679665
v -66.233948 57.834808 -6.118050
v -66.476387 58.159821 -6.041236
v -69.921448 53.171509 -1.987203
v -70.250183 53.414871 -1.932253
v -53.210709 61.904202 -18.408522
v -53.390770 62.270172 -18.471388
v -47.544807 63.570923 -22.687130
v -47.394413 63.229919 -22.509884
v -55.885353 60.562805 -13.716744
v -56.079655 60.922409 -13.659845
v -55.785313 59.012344 -8.923672
v -55.977222 59.334793 -8.751880
v -52.919155 57.385651 -4.439828
v -53.092232 57.643311 -4.167857
v -46.936317 56.130280 -0.561980
v -47.075733 56.301083 -0.213125
v -45.859783 56.687012 -0.404357
v -45.999195 56.857834 -0.055503
v -42.685268 62.678162 -2.941423
v -42.858341 62.935822 -2.669452
v -41.390614 66.456650 -6.816058
v -41.582523 66.779083 -6.644266
v -41.490654 68.007095 -11.609131
v -41.684963 68.366699 -11.552232
v -42.976818 67.196716 -16.910116
v -43.156883 67.562683 -16.972982
v -46.317875 63.786652 -22.352259
v -46.468269 64.127655 -22.529509
v -35.318306 73.822998 -1.591506
v -35.462807 74.198654 -1.500351
v -30.506516 73.968506 3.886854
v -30.480103 73.568802 3.787640
v -39.688221 72.048737 -4.544763
v -39.938427 72.368179 -4.469473
v -43.204105 68.561707 -5.475680
v -43.538593 68.797562 -5.422705
v -45.564831 63.660568 -4.304524
v -45.954948 63.792633 -4.278400
v -46.579659 57.601379 -0.475110
v -46.991985 57.618347 -0.478076
v -46.600353 57.305706 0.710589
v -47.012688 57.322678 0.707623
v -45.761578 60.849808 6.967092
v -46.151695 60.981869 6.993215
v -43.480846 64.608185 10.378654
v -43.815331 64.844040 10.431628
v -39.964958 68.095215 11.309570
v -40.215168 68.414642 11.384860
v -35.515053 71.012238 9.680109
v -35.659554 71.387909 9.771265
v -30.500797 73.273132 4.973339
v -30.527214 73.672836 5.072553
v -47.822395 58.329895 -4.710881
v -48.091217 58.628754 -4.617436
v -52.743656 53.071579 -3.562774
v -52.450905 52.847382 -3.748091
v -44.214024 61.452560 -7.573480
v -44.435886 61.800476 -7.579909
v -41.462284 62.256165 -11.717099
v -41.618187 62.623352 -11.822854
v -39.802864 60.671906 -16.786840
v -39.879452 61.026901 -16.982862
v -39.850449 56.527191 -22.722090
v -39.841164 56.839600 -22.991589
v -40.703945 55.970459 -23.396862
v -40.694664 56.282867 -23.666363
v -47.916470 55.379395 -23.201443
v -47.993061 55.734386 -23.397463
v -52.874653 54.811874 -20.739695
v -53.030560 55.179062 -20.845449
v -55.626389 54.008255 -16.596075
v -55.848255 54.356186 -16.602507
v -55.935997 53.037384 -11.125484
v -56.204819 53.336239 -11.032039
v -53.304401 52.290634 -4.422864
v -53.597157 52.514828 -4.237547
v -60.107449 55.024048 -28.752228
v -60.355827 55.349060 -28.806931
v -60.483086 53.119202 -35.781975
v -60.170925 52.875820 -35.665195
v -57.739109 56.697144 -24.002743
v -57.902416 57.075943 -23.990685
v -53.606918 57.588074 -21.260721
v -53.671181 57.988235 -21.182934
v -48.064800 57.620560 -20.761017
v -48.024502 58.007793 -20.624166
v -41.249260 56.955505 -23.109240
v -41.107861 57.296661 -22.925045
v -40.638485 57.251175 -24.125736
v -40.497089 57.592342 -23.941542
v -42.258602 60.431320 -30.424149
v -42.218311 60.818558 -30.287296
v -45.440090 61.541611 -34.852608
v -45.504353 61.941772 -34.774822
v -49.572281 60.650665 -37.594627
v -49.735592 61.029480 -37.582569
v -54.301250 57.834808 -38.415359
v -54.549629 58.159821 -38.470062
v -59.560146 53.171509 -36.681694
v -59.872314 53.414871 -36.798470
v -36.877563 61.904202 -42.547600
v -37.002071 62.270172 -42.692074
v -29.831446 63.570923 -43.420033
v -29.789820 63.229919 -43.191338
v -41.539764 60.562805 -39.821724
v -41.736488 60.922409 -39.869602
v -43.849663 59.012344 -35.620785
v -44.101753 59.334793 -35.567959
v -43.609421 57.385651 -30.304583
v -43.895294 57.643311 -30.155586
v -40.367054 56.130280 -23.954847
v -40.662220 56.301083 -23.722439
v -39.513557 56.687012 -23.280075
v -39.808720 56.857834 -23.047665
v -35.495815 62.678162 -23.889980
v -35.781685 62.935822 -23.740984
v -32.437294 66.456650 -26.598185
v -32.689388 66.779083 -26.545364
v -30.127396 68.007095 -30.799129
v -30.324120 68.366699 -30.847006
v -28.763960 67.196716 -36.132996
v -28.888462 67.562683 -36.277477
v -28.936325 63.786652 -42.516563
v -28.977947 64.127655 -42.745262
v -29.790794 73.822998 -19.037436
v -29.961514 74.198654 -19.030745
v -28.362846 73.968506 -11.887145
v -28.290363 73.568802 -11.959859
v -32.098625 72.048737 -23.779989
v -32.352955 72.368179 -23.839891
v -34.678013 68.561707 -26.344130
v -34.994175 68.797562 -26.465498
v -37.308041 63.660568 -26.510242
v -37.658951 63.792633 -26.682676
v -40.101612 57.601379 -23.701286
v -40.457218 57.618347 -23.910021
v -40.712387 57.305706 -22.684790
v -41.067993 57.322678 -22.893524
v -43.114235 60.849808 -16.847111
v -43.465145 60.981869 -17.019545
v -42.844845 64.608185 -12.752245
v -43.161003 64.844040 -12.873610
v -40.265453 68.095215 -10.188104
v -40.519783 68.414642 -10.248006
v -35.596992 71.012238 -9.374306
v -35.767712 71.387909 -9.367612
v -28.901134 73.273132 -10.943361
v -28.973618 73.672836 -10.870647
v -39.059967 58.329895 -27.990938
v -39.339497 58.628754 -28.044426
v -43.895966 53.071579 -29.457283
v -43.549770 52.847382 -29.471395
v -34.503727 61.452560 -28.665838
v -34.692654 61.800476 -28.782337
v -30.048840 62.256165 -30.878445
v -30.130981 62.623352 -31.047983
v -26.076870 60.671906 -34.439259
v -26.045189 61.026901 -34.647316
v -23.150455 56.527191 -39.603130
v -23.007668 56.839600 -39.831882
v -23.552219 55.970459 -40.614250
v -23.409431 56.282867 -40.843002
v -29.896158 55.379395 -44.051273
v -29.864477 55.734386 -44.259327
v -35.420944 54.811874 -44.398430
v -35.503082 55.179062 -44.567966
v -39.875832 54.008255 -42.185818
v -40.064754 54.356186 -42.302319
v -42.879257 53.037384 -37.602951
v -43.158783 53.336239 -37.656437
v -43.951534 52.290634 -30.482513
v -44.297729 52.514828 -30.468401
v -37.678467 55.024048 -54.953880
v -37.866211 55.349060 -55.125446
v -34.488903 53.119202 -61.229641
v -34.276951 52.875820 -60.972427
v -38.002163 56.697144 -49.656540
v -38.149620 57.075943 -49.727753
v -35.794594 57.588074 -45.215786
v -35.889137 57.988235 -45.180550
v -31.244829 57.620560 -42.011967
v -31.278358 58.007793 -41.873302
v -24.168285 56.955505 -40.637817
v -24.137930 57.296661 -40.407600
v -23.131092 57.251175 -41.212742
v -23.100737 57.592342 -40.982529
v -21.384949 60.431320 -47.477386
v -21.418480 60.818558 -47.338722
v -21.925968 61.541611 -52.903286
v -22.020514 61.941772 -52.868053
v -24.133537 60.650665 -57.344040
v -24.281000 61.029480 -57.415257
v -27.818586 57.834808 -60.419304
v -28.006332 58.159821 -60.590866
v -33.239758 53.171509 -61.547356
v -33.451710 53.414871 -61.804565
v -10.663108 61.904202 -55.286087
v -10.698695 62.270172 -55.473465
v -4.124772 63.570923 -52.518578
v -4.203075 63.229919 -52.299706
v -16.063627 60.562805 -55.256508
v -16.210058 60.922409 -55.396332
v -20.164530 59.012344 -52.773331
v -20.409260 59.334793 -52.853638
v -22.614576 57.385651 -48.049248
v -22.936646 57.643311 -48.063148
v -22.981470 56.130280 -40.929035
v -23.353292 56.301083 -40.875343
v -22.579706 56.687012 -39.917915
v -22.951530 56.857834 -39.864220
v -18.795286 62.678162 -38.437237
v -19.117357 62.935822 -38.451138
v -14.792428 66.456650 -39.253353
v -15.037158 66.779083 -39.333652
v -10.691525 68.007095 -41.736523
v -10.837955 68.366699 -41.876350
v -6.843819 67.196716 -45.674076
v -6.879406 67.562683 -45.861443
v -3.801311 63.786652 -51.288586
v -3.723008 64.127655 -51.507454
v -16.280867 73.822998 -31.382303
v -16.432060 74.198654 -31.461863
v -18.619373 73.968506 -24.475992
v -18.520243 73.568802 -24.502720
v -15.908229 72.048737 -36.643387
v -16.098536 72.368179 -36.822426
v -16.859976 68.561707 -40.153694
v -17.073095 68.797562 -40.416878
v -19.054588 63.660568 -41.612564
v -19.272270 63.792633 -41.937351
v -22.878372 57.601379 -40.576725
v -23.081968 57.618347 -40.935295
v -23.915565 57.305706 -40.001797
v -24.119164 57.322678 -40.360371
v -28.914467 60.849808 -36.147144
v -29.132149 60.981869 -36.471931
v -30.728598 64.608185 -32.466190
v -30.941721 64.844040 -32.729374
v -29.776852 68.095215 -28.955883
v -29.967161 68.414642 -29.134926
v -26.140747 71.012238 -25.916882
v -26.291937 71.387909 -25.996443
v -19.557436 73.273132 -23.927795
v -19.656567 73.672836 -23.901068
v -28.599463 81.484436 -22.171896
v -28.915134 81.961884 -22.351887
v -33.964855 74.913666 -28.532820
v -33.515739 74.547943 -28.376154
v -22.200211 85.473373 -19.240665
v -22.355402 86.021645 -19.428564
v -14.950778 86.469315 -18.899176
v -14.932198 87.041458 -19.078890
v -7.472079 84.386963 -21.176680
v -7.281318 84.933975 -21.332815
v -0.319951 79.108444 -26.812447
v 0.026653 79.583481 -26.931631
v -0.166958 78.573425 -28.499969
v 0.179647 79.048462 -28.619154
v -6.017675 79.300903 -37.218773
v -5.826913 79.847908 -37.374905
v -12.905055 79.315399 -41.463524
v -12.886475 79.887558 -41.643234
v -20.154488 78.319458 -41.805016
v -20.309679 78.867737 -41.992912
v -27.145061 76.398376 -38.213989
v -27.460733 76.875824 -38.393978
v -33.362747 74.012924 -30.063677
v -33.811859 74.378647 -30.220343
v -8.660301 82.096252 -56.317005
v -8.777310 82.622849 -56.579689
v -0.359105 80.219254 -62.640842
v -0.266807 79.788727 -62.233265
v -12.618431 83.449776 -49.392029
v -12.750127 84.027344 -49.487312
v -12.760652 83.512070 -42.068188
v -12.895758 84.091125 -41.987919
v -9.074782 82.277786 -34.972763
v -9.201726 82.808731 -34.723812
v -0.918047 80.073944 -28.696749
v -1.025956 80.511307 -28.300442
v 0.813049 80.473663 -28.666531
v 0.705140 80.911026 -28.270222
v 7.381550 86.077606 -34.685516
v 7.254605 86.608551 -34.436565
v 10.386355 88.856796 -41.664154
v 10.251249 89.435852 -41.583885
v 10.528576 88.794510 -48.987999
v 10.396879 89.372070 -49.083286
v 7.796030 85.896072 -56.029758
v 7.679022 86.422668 -56.292442
v 1.464290 80.188431 -62.203049
v 1.371992 80.618973 -62.610626
v 26.497969 88.323807 -37.131512
v 26.588474 88.891525 -37.303299
v 33.079754 89.248383 -28.870203
v 32.822056 88.725586 -28.727818
v 19.495441 87.135124 -41.005245
v 19.411007 87.699135 -41.191711
v 12.498945 84.965118 -40.951569
v 12.246802 85.477112 -41.136749
v 6.107728 81.999649 -36.975086
v 5.709471 82.415771 -37.143120
v 0.784484 78.788918 -28.482033
v 0.274225 79.073532 -28.618526
v 0.631491 79.323944 -26.794510
v 0.121231 79.608551 -26.931007
v 4.653324 87.085709 -20.932993
v 4.255067 87.501831 -21.101028
v 10.453221 92.119034 -18.387218
v 10.201078 92.631027 -18.572401
v 17.449717 94.289047 -18.440893
v 17.365284 94.853043 -18.627363
v 25.043564 93.409866 -21.089420
v 25.134073 93.977585 -21.261204
v 32.669064 89.260605 -27.040295
v 32.926762 89.783401 -27.182684
v 3.402409 101.260590 -7.568078
v 3.271480 101.835876 -7.677220
v -4.276237 100.370857 -0.310620
v -4.140975 99.790085 -0.376934
v 7.396337 99.747971 -14.439369
v 7.280955 100.268478 -14.714618
v 8.457201 95.603058 -20.385553
v 8.367249 96.024216 -20.803333
v 6.494136 89.180893 -24.897345
v 6.437318 89.466614 -25.421877
v 0.716812 80.810196 -27.605036
v 0.697994 80.936020 -28.191393
v -1.014284 80.410477 -27.635252
v -1.033102 80.536301 -28.221609
v -9.962195 85.381073 -25.184589
v -10.019013 85.666794 -25.709122
v -14.689806 90.258347 -20.789583
v -14.779758 90.679489 -21.207369
v -15.750670 94.403244 -14.843402
v -15.866052 94.923752 -15.118650
v -13.053923 97.460770 -7.855324
v -13.184852 98.036057 -7.964466
v -5.872071 99.390366 -0.407150
v -6.007333 99.971146 -0.340836
v 12.249006 81.484436 -34.051201
v 12.322639 81.961884 -34.407043
v 16.640610 74.913666 -41.119621
v 16.630394 74.547943 -40.644077
v 11.438717 85.473373 -27.059347
v 11.569463 86.021645 -27.265007
v 13.354140 86.469315 -20.059202
v 13.530798 87.041458 -20.097065
v 17.831219 84.386963 -13.650323
v 18.038662 84.933975 -13.517147
v 25.401285 79.108444 -8.589794
v 25.621740 79.583481 -8.296984
v 27.053488 78.573425 -8.965761
v 27.273947 79.048462 -8.672951
v 33.537590 79.300903 -17.224382
v 33.745033 79.847908 -17.091206
v 35.446274 79.315399 -25.086370
v 35.622932 79.887558 -25.124233
v 33.530849 78.319458 -32.086517
v 33.661598 78.867737 -32.292175
v 27.955379 76.398376 -37.625259
v 28.029011 76.875824 -37.981102
v 18.282600 74.012924 -41.020042
v 18.292814 74.378647 -41.495590
v 50.884472 82.096252 -25.639349
v 51.098141 82.622849 -25.831804
v 59.464012 80.219254 -19.698616
v 59.104908 79.788727 -19.484886
v 43.075302 83.449776 -27.263817
v 43.125229 84.027344 -27.418514
v 36.065968 83.512070 -25.135885
v 35.947876 84.091125 -25.239574
v 30.456814 82.277786 -19.437809
v 30.180819 82.808731 -19.481609
v 27.008535 80.073944 -9.740898
v 26.598278 80.511307 -9.721059
v 27.514738 80.473663 -8.085190
v 27.104479 80.911026 -8.065351
v 35.268913 86.077606 -3.698143
v 34.992920 86.608551 -3.741944
v 42.834526 88.856796 -2.996921
v 42.716434 89.435852 -3.100610
v 49.843864 88.794510 -5.124853
v 49.893787 89.372070 -5.279550
v 55.696575 85.896072 -9.899683
v 55.910244 86.422668 -10.092138
v 59.611111 80.188431 -17.829178
v 59.970215 80.618973 -18.042908
v 43.502487 88.323807 13.726798
v 43.693836 88.891525 13.759791
v 37.679401 89.248383 22.539331
v 37.464352 88.725586 22.338245
v 45.022728 87.135124 5.869949
v 45.173977 87.699135 5.732026
v 42.809643 84.965118 -0.767527
v 42.907845 85.477112 -1.064554
v 37.052788 81.999649 -5.617135
v 37.089527 82.415771 -6.047826
v 27.330442 78.788918 -8.055344
v 27.302576 79.073532 -8.582808
v 25.678236 79.323944 -7.679376
v 25.650373 79.608551 -8.206841
v 21.346415 87.085709 -2.043077
v 21.383158 87.501831 -2.473767
v 20.717508 92.119034 4.259641
v 20.815710 92.631027 3.962614
v 22.930592 94.289047 10.897118
v 23.081844 94.853043 10.759193
v 27.796116 93.409866 17.300856
v 27.987461 93.977585 17.333849
v 35.812145 89.260605 22.714214
v 36.027195 89.783401 22.915297
v 8.249071 101.260590 0.897218
v 8.312412 101.835876 0.738971
v -1.026013 100.370857 -4.162930
v -0.921146 99.790085 -4.054780
v 16.018250 99.747971 2.572324
v 16.244373 100.268478 2.377533
v 22.001232 95.603058 1.743793
v 22.370770 96.024216 1.529142
v 25.685579 89.180893 -1.517411
v 26.166880 89.466614 -1.733539
v 26.475456 80.810196 -7.848697
v 27.027300 80.936020 -8.047789
v 25.969257 80.410477 -9.504405
v 26.521101 80.536301 -9.703496
v 20.873482 85.381073 -17.257076
v 21.354784 85.666794 -17.473204
v 15.232671 90.258347 -20.395172
v 15.602208 90.679489 -20.609823
v 9.249689 94.403244 -19.566641
v 9.475812 94.923752 -19.761433
v 3.436974 97.460770 -14.842447
v 3.500314 98.036057 -15.000694
v -1.427347 99.390366 -5.710488
v -1.532214 99.971146 -5.818637
v 36.169765 81.484436 1.127097
v 36.530949 81.961884 1.087166
v 44.249317 74.913666 3.119497
v 43.793888 74.547943 3.256734
v 29.269724 85.473373 2.517068
v 29.505722 86.021645 2.577862
v 23.204092 86.469315 6.501907
v 23.294691 87.041458 6.658220
v 18.492380 84.386963 12.740315
v 18.429821 84.933975 12.978758
v 16.018808 79.108444 21.503664
v 15.808455 79.583481 21.803816
v 16.886934 78.573425 22.958824
v 16.676580 79.048462 23.258976
v 26.745045 79.300903 26.573517
v 26.682491 79.847908 26.811960
v 34.812057 79.315399 25.959293
v 34.902657 79.887558 26.115608
v 40.877693 78.319458 21.974457
v 41.113689 78.867737 22.035248
v 44.422436 76.398376 14.960299
v 44.783611 76.875824 14.920367
v 44.662014 74.012924 4.711895
v 45.117443 74.378647 4.574658
v 40.108639 82.096252 40.471020
v 40.357700 82.622849 40.614758
v 37.109886 80.219254 50.466434
v 36.795650 79.788727 50.190948
v 39.240433 83.449776 32.542065
v 39.402985 84.027344 32.541744
v 35.050644 83.512070 26.533356
v 35.112766 84.091125 26.389004
v 27.898129 82.277786 22.959538
v 27.854496 82.808731 22.683517
v 17.610241 80.073944 22.676542
v 17.464596 80.511307 22.292494
v 16.191994 80.473663 23.669609
v 16.046349 80.911026 23.285563
v 14.415835 86.077606 32.399940
v 14.372206 86.608551 32.123920
v 16.086838 88.856796 39.811958
v 16.148960 89.435852 39.667603
v 20.276625 88.794510 45.820663
v 20.439178 89.372070 45.820343
v 26.626345 85.896072 49.911423
v 26.875406 86.422668 50.055161
v 35.377403 80.188431 51.184010
v 35.691643 80.618973 51.459499
v 0.388048 88.323807 45.615139
v 0.415799 88.891525 45.807316
v -9.792603 89.248383 42.800278
v -9.667815 88.725586 42.533611
v 8.330134 87.135124 44.633072
v 8.508046 87.699135 44.734299
v 13.958868 84.965118 40.477211
v 14.271705 85.477112 40.478821
v 16.792154 81.999649 33.503506
v 17.213120 82.415771 33.405354
v 16.106655 78.788918 23.503557
v 16.599697 79.073532 23.314062
v 15.238532 79.323944 22.048395
v 15.731571 79.608551 21.858900
v 8.539487 87.085709 19.670301
v 8.960452 87.501831 19.572155
v 2.350902 92.119034 21.019823
v 2.663738 92.631027 21.021433
v -3.277832 94.289047 25.175684
v -3.099920 94.853043 25.276911
v -7.864619 93.409866 31.781937
v -7.836868 93.977585 31.974113
v -10.535940 89.260605 41.078453
v -10.660728 89.783401 41.345116
v 1.695798 101.260590 8.122590
v 1.865873 101.835876 8.133929
v 3.642126 100.370857 -2.262213
v 3.571675 99.790085 -2.129058
v 2.503486 99.747971 16.029152
v 2.758619 100.268478 16.184015
v 5.140309 95.603058 21.463278
v 5.458648 96.024216 21.748398
v 9.380424 89.180893 23.959532
v 9.734704 89.466614 24.350491
v 15.645921 80.810196 22.754276
v 16.005795 80.936020 23.217588
v 17.064167 80.410477 21.761208
v 17.424044 80.536301 22.224520
v 22.862717 85.381073 14.519129
v 23.216995 85.666794 14.910089
v 24.104113 90.258347 8.184676
v 24.422455 90.679489 8.469796
v 21.467293 94.403244 2.750552
v 21.722424 94.923752 2.905414
v 15.178089 97.460770 -1.317812
v 15.348165 98.036057 -1.306473
v 4.989923 99.390366 -3.122125
v 5.060373 99.971146 -3.255280
v 10.105140 81.484436 34.747784
v 10.254727 81.961884 35.078949
v 10.706973 74.913666 43.047581
v 10.435718 74.547943 42.656849
v 6.650969 85.473373 28.614979
v 6.666077 86.021645 28.858213
v 0.986777 86.469315 24.077600
v 0.866112 87.041458 24.212070
v -6.402300 84.386963 21.524271
v -6.648404 84.933975 21.538458
v -15.501115 79.108444 21.879789
v -15.851580 79.583481 21.772484
v -16.616791 78.573425 23.155094
v -16.967255 79.048462 23.047789
v -17.008244 79.300903 33.647720
v -17.254347 79.847908 33.661907
v -13.931240 79.315399 41.130096
v -14.051904 79.887558 41.264568
v -8.267048 78.319458 45.667477
v -8.251940 78.867737 45.910709
v -0.500803 76.398376 46.871227
v -0.351215 76.875824 47.202396
v 9.320044 74.012924 43.932156
v 9.591297 74.378647 44.322884
v -26.095976 82.096252 50.651810
v -26.155714 82.622849 50.933105
v -36.528843 80.219254 50.888588
v -36.363945 79.788727 50.504593
v -18.823381 83.449776 47.375919
v -18.772844 84.027344 47.530418
v -14.403477 83.512070 41.534401
v -14.246992 84.091125 41.548878
v -13.214821 82.277786 33.627583
v -12.965792 82.808731 33.500793
v -16.124809 80.073944 23.755770
v -15.804564 80.511307 23.498577
v -17.507534 80.473663 22.713814
v -17.187290 80.911026 22.456619
v -26.359432 86.077606 23.722406
v -26.110405 86.608551 23.595615
v -32.892315 88.856796 27.602062
v -32.735828 89.435852 27.616537
v -37.312222 88.794510 33.443581
v -37.261681 89.372070 33.598080
v -39.240589 85.896072 40.746639
v -39.300327 86.422668 41.027927
v -37.746674 80.188431 49.462639
v -37.911572 80.618973 49.846626
v -43.262661 88.323807 14.464910
v -43.436859 88.891525 14.550688
v -43.731560 89.248383 3.912694
v -43.439388 88.725586 3.948971
v -39.874420 87.135124 21.714806
v -39.915718 87.699135 21.915293
v -34.182587 84.965118 25.783819
v -34.087448 85.477112 26.081839
v -26.674665 81.999649 26.323439
v -26.451235 82.415771 26.693470
v -17.375980 78.788918 22.581341
v -17.043402 79.073532 22.991690
v -16.260305 79.323944 21.306034
v -15.927727 79.608551 21.716385
v -16.068722 87.085709 14.199991
v -15.845294 87.501831 14.570024
v -19.264568 92.119034 8.731323
v -19.169430 92.631027 9.029346
v -24.956404 94.289047 4.662311
v -24.997700 94.853043 4.862796
v -32.656719 93.409866 2.341462
v -32.830914 93.977585 2.427240
v -42.323715 89.260605 2.673665
v -42.615891 89.783401 2.637388
v -7.201011 101.260590 4.122818
v -7.159239 101.835876 4.288074
v 3.276971 100.370857 2.764806
v 3.128563 99.790085 2.738950
v -14.471010 99.747971 7.334237
v -14.539453 100.268478 7.624738
v -18.824347 95.603058 11.521241
v -18.997141 96.024216 11.912107
v -19.888159 89.180893 16.325216
v -20.150503 89.466614 16.782969
v -16.805748 80.810196 21.911613
v -17.135174 80.936020 22.397047
v -15.423021 80.410477 22.953571
v -15.752449 80.536301 23.439005
v -6.743546 85.381073 26.230392
v -7.005891 85.666794 26.688145
v -0.335509 90.258347 25.453581
v -0.508302 90.679489 25.844446
v 4.017828 94.403244 21.266575
v 3.949385 94.923752 21.557077
v 5.943602 97.460770 14.027993
v 5.985373 98.036057 14.193249
v 4.511289 99.390366 3.780908
v 4.659696 99.971146 3.806764
v -29.924446 81.484436 20.348215
v -30.193176 81.961884 20.592817
v -37.632042 74.913666 23.485371
v -37.344257 74.547943 23.106647
v -25.159203 85.473373 15.167962
v -25.385860 86.021645 15.257495
v -22.594229 86.469315 8.378869
v -22.759405 87.041458 8.305663
v -22.449219 84.386963 0.562416
v -22.538763 84.933975 0.332742
v -25.599026 79.108444 -7.981211
v -25.605270 79.583481 -8.347681
v -27.156675 78.573425 -8.648189
v -27.162920 79.048462 -9.014659
v -37.256718 79.300903 -5.778083
v -37.346264 79.847908 -6.007757
v -43.422039 79.315399 -0.539497
v -43.587208 79.887558 -0.612703
v -45.987011 78.319458 6.249597
v -46.213669 78.867737 6.339128
v -44.731949 76.398376 14.007715
v -45.000679 76.875824 14.252316
v -38.901913 74.012924 22.439671
v -39.189693 74.378647 22.818392
v -56.236839 82.096252 -9.166476
v -56.522820 82.622849 -9.136368
v -59.685955 80.219254 -19.015558
v -59.269798 79.788727 -18.977388
v -50.873920 83.449776 -3.262136
v -51.005241 84.027344 -3.166330
v -43.952484 83.512070 -0.863684
v -43.917892 84.091125 -0.710386
v -36.065338 82.277786 -2.176548
v -35.867798 82.808731 -1.978887
v -27.575922 80.073944 -7.994668
v -27.232355 80.511307 -7.769574
v -27.012243 80.473663 -9.631700
v -26.668676 80.911026 -9.406608
v -30.706863 86.077606 -17.738686
v -30.509323 86.608551 -17.541025
v -36.415405 88.856796 -22.752941
v -36.380817 89.435852 -22.599644
v -43.336845 88.794510 -25.151396
v -43.468166 89.372070 -25.055590
v -50.878361 85.896072 -24.728615
v -51.164349 86.422668 -24.698505
v -58.706123 80.188431 -20.614420
v -59.122280 80.618973 -20.652590
v -27.125843 88.323807 -36.675335
v -27.261253 88.891525 -36.814491
v -17.234989 89.248383 -40.382099
v -17.179205 88.725586 -40.093014
v -32.973881 87.135124 -31.212584
v -33.177315 87.699135 -31.189905
v -35.084866 84.965118 -24.541933
v -35.338905 85.477112 -24.359356
v -33.278004 81.999649 -17.234722
v -33.560883 82.415771 -16.907883
v -26.845604 78.788918 -9.547522
v -27.133099 79.073532 -9.104414
v -25.287954 79.323944 -8.880543
v -25.575447 79.608551 -8.437437
v -18.470503 87.085709 -10.894224
v -18.753382 87.501831 -10.567385
v -14.257062 92.119034 -15.623568
v -14.511097 92.631027 -15.440989
v -12.146073 94.289047 -22.294218
v -12.349508 94.853043 -22.271538
v -12.318343 93.409866 -30.334835
v -12.453753 93.977585 -30.473997
v -15.621553 89.260605 -39.426037
v -15.677340 89.783401 -39.715122
v -6.146268 101.260590 -5.574548
v -6.290527 101.835876 -5.483754
v -1.616847 100.370857 3.970956
v -1.638117 99.790085 3.821822
v -11.447062 99.747971 -11.496345
v -11.744494 100.268478 -11.471666
v -16.774395 95.603058 -14.342758
v -17.199526 96.024216 -14.386311
v -21.671982 89.180893 -13.869993
v -22.188400 89.466614 -13.978045
v -26.032444 80.810196 -9.212153
v -26.595917 80.936020 -9.375452
v -26.596117 80.410477 -7.575121
v -27.159592 80.536301 -7.738419
v -27.030455 85.381073 1.692144
v -27.546875 85.666794 1.584092
v -24.311472 90.258347 7.546501
v -24.736603 90.679489 7.502949
v -18.984138 94.403244 10.392914
v -19.281570 94.923752 10.417592
v -11.504742 97.460770 9.987590
v -11.649000 98.036057 10.078383
v -2.201793 99.390366 5.458855
v -2.180522 99.971146 5.607989
v -28.832455 69.589294 -63.637337
v -29.145529 70.023804 -63.907883
v -33.855480 61.944366 -68.999069
v -33.409336 61.618408 -68.765175
v -22.605118 74.129257 -61.174995
v -22.758303 74.635086 -61.459015
v -15.387574 75.297623 -60.722454
v -15.367751 75.831451 -60.995628
v -7.798005 72.994293 -62.318470
v -7.606872 73.510422 -62.557404
v -0.359569 66.968414 -66.692947
v -0.013496 67.422607 -66.877167
v -0.130406 66.158981 -68.258087
v 0.215667 66.613190 -68.442314
v -5.619512 65.299652 -77.197273
v -5.428379 65.815765 -77.436203
v -12.323368 64.474548 -81.650543
v -12.303546 65.008377 -81.923721
v -19.540909 63.306198 -82.103088
v -19.694096 63.812027 -82.387108
v -26.653961 61.894653 -78.516136
v -26.967035 62.329147 -78.786682
v -33.180172 60.808975 -70.330330
v -33.626320 61.134933 -70.564217
v -7.492640 64.783020 -96.581909
v -7.604318 65.255554 -96.934410
v 1.085396 62.013611 -102.165070
v 1.165287 61.659775 -101.687134
v -11.751045 67.215485 -90.147377
v -11.884945 67.766220 -90.344238
v -12.199660 68.510788 -82.951294
v -12.344314 69.092575 -82.975655
v -8.800059 68.558014 -75.609993
v -8.943076 69.121017 -75.459770
v -0.888958 67.591110 -68.735611
v -1.018090 68.087128 -68.423676
v 0.834900 68.020981 -68.705521
v 0.705767 68.516998 -68.393585
v 7.587460 72.644501 -75.323952
v 7.444441 73.207520 -75.173737
v 10.850558 74.258728 -82.548950
v 10.705904 74.840515 -82.573311
v 11.299172 72.963425 -89.745041
v 11.165272 73.514160 -89.941895
v 8.894878 68.869522 -96.295876
v 8.783201 69.342041 -96.648369
v 2.889145 62.089645 -101.657043
v 2.809253 62.443481 -102.134972
v 26.763689 74.785904 -77.361717
v 26.855085 75.317978 -77.623505
v 32.984249 77.209091 -69.124207
v 32.726555 76.713333 -68.905548
v 19.942429 72.835663 -81.250313
v 19.859707 73.358505 -81.532814
v 12.973903 70.581512 -81.104866
v 12.724139 71.050308 -81.383881
v 6.454954 68.216492 -76.937836
v 6.059543 68.591110 -77.189468
v 0.817048 66.391342 -68.239532
v 0.309857 66.639679 -68.442230
v 0.587885 67.200760 -66.674385
v 0.080694 67.449112 -66.877075
v 4.276461 75.911133 -62.059040
v 3.881050 76.285751 -62.310669
v 9.909696 81.404587 -60.176777
v 9.659932 81.873383 -60.455788
v 16.878225 83.658737 -60.322224
v 16.795500 84.181564 -60.604717
v 24.585196 82.480545 -62.482918
v 24.676594 83.012634 -62.744705
v 32.497391 77.522743 -67.340385
v 32.755085 78.018524 -67.559052
v 2.313851 92.114334 -51.348396
v 2.181323 92.660507 -51.558483
v -5.650999 92.325897 -44.352661
v -5.506755 91.744766 -44.314255
v 6.607517 89.534782 -57.701706
v 6.498056 89.999222 -58.065475
v 7.960954 84.465080 -62.813366
v 7.883934 84.807983 -63.299667
v 6.258240 77.339432 -66.245567
v 6.220260 77.531448 -66.812744
v 0.690750 68.530136 -67.721001
v 0.695063 68.554810 -68.320480
v -1.033107 68.100266 -67.751091
v -1.028795 68.124939 -68.350571
v -10.129280 73.252945 -66.531616
v -10.167260 73.444946 -67.098793
v -15.089264 78.717140 -63.215706
v -15.166283 79.060043 -63.702007
v -16.442701 83.786842 -58.104046
v -16.552162 84.251282 -58.467823
v -14.073668 88.027847 -51.634441
v -14.206197 88.574020 -51.844528
v -7.230612 91.314896 -44.344341
v -7.374857 91.896027 -44.382748
v 6.849032 69.589294 -69.527779
v 6.713175 70.023804 -69.918617
v 5.179828 61.944366 -76.682678
v 5.449255 61.618408 -76.257057
v 11.010892 74.129257 -64.281662
v 11.020241 74.635086 -64.604225
v 17.035196 75.297623 -60.280975
v 17.188951 75.831451 -60.507641
v 24.405966 72.994293 -57.868382
v 24.690958 73.510422 -57.979736
v 33.035076 66.968414 -57.937565
v 33.426895 67.422607 -57.924072
v 34.016113 66.158981 -59.178444
v 34.407932 66.613190 -59.164951
v 33.731995 65.299652 -69.664551
v 34.016987 65.815765 -69.775909
v 30.152922 64.474548 -76.873131
v 30.306677 65.008377 -77.099800
v 24.128618 63.306198 -80.873810
v 24.137968 63.812027 -81.196381
v 16.175062 61.894653 -81.323952
v 16.039204 62.329147 -81.714783
v 6.430292 60.808975 -77.497932
v 6.160864 61.134933 -77.923569
v 41.802143 64.783020 -87.388718
v 41.881672 65.255554 -87.749825
v 52.022511 62.013611 -87.934837
v 51.852730 61.659775 -87.480995
v 34.896988 67.215485 -83.945442
v 34.879456 67.766220 -84.182869
v 30.910431 68.510788 -77.937759
v 30.797338 69.092575 -78.031181
v 30.183922 68.558014 -69.880203
v 29.984955 69.121017 -69.821625
v 33.597946 67.591110 -59.971264
v 33.330147 68.087128 -59.765686
v 35.075806 68.020981 -59.083271
v 34.808006 68.516998 -58.877701
v 44.232906 72.644501 -61.438725
v 44.033943 73.207520 -61.380138
v 50.671329 74.258728 -66.064209
v 50.558243 74.840515 -66.157639
v 54.657890 72.963425 -72.071899
v 54.640358 73.514160 -72.309334
v 55.851128 68.869522 -78.947235
v 55.930656 69.342041 -79.308342
v 53.330593 62.089645 -86.593010
v 53.500378 62.443481 -87.046852
v 61.858894 74.785904 -53.615364
v 62.068943 75.317978 -53.796379
v 63.127300 77.209091 -43.371185
v 62.794800 76.713333 -43.310677
v 57.895809 72.835663 -60.393623
v 57.965412 73.358505 -60.679630
v 51.788162 70.581512 -63.751923
v 51.711369 71.050308 -64.118439
v 44.059074 68.216492 -63.402641
v 43.842453 68.591110 -63.818268
v 34.827354 66.391342 -58.688648
v 34.489460 66.639679 -59.117775
v 33.846313 67.200760 -57.447769
v 33.508423 67.449112 -57.876904
v 34.733044 75.911133 -51.606476
v 34.516422 76.285751 -52.022091
v 38.670437 81.404587 -47.159771
v 38.593639 81.873383 -47.526283
v 44.778084 83.658737 -43.801464
v 44.847691 84.181564 -44.087479
v 52.532864 82.480545 -41.819199
v 52.742912 83.012634 -42.000214
v 61.813766 77.522743 -42.069798
v 62.146259 78.018524 -42.130310
v 27.678053 92.114334 -43.312092
v 27.668322 92.660507 -43.560295
v 17.282421 92.325897 -41.236031
v 17.388138 91.744766 -41.130650
v 34.573132 89.534782 -46.667385
v 34.660221 89.999222 -47.037151
v 38.301071 84.465080 -50.417496
v 38.477524 84.807983 -50.877155
v 38.542580 77.339432 -54.241226
v 38.793274 77.531448 -54.751404
v 34.458706 68.530136 -58.302731
v 34.762180 68.554810 -58.819736
v 32.980846 68.100266 -59.190720
v 33.284321 68.124939 -59.707726
v 24.493593 73.252945 -62.682705
v 24.744289 73.444946 -63.192883
v 18.540169 78.717140 -62.291042
v 18.716619 79.060043 -62.750698
v 14.812229 83.786842 -58.540932
v 14.899319 84.251282 -58.910702
v 13.629067 88.027847 -51.753574
v 13.619337 88.574020 -52.001778
v 15.910278 91.314896 -42.018635
v 15.804563 91.896027 -42.124020
v 40.695328 69.589294 -56.788303
v 40.773087 70.023804 -57.194706
v 42.827206 61.944366 -63.819237
v 42.847721 61.618408 -63.315922
v 41.676544 74.129257 -50.164101
v 41.845921 74.635086 -50.438774
v 44.893402 75.297623 -43.687260
v 45.139889 75.831451 -43.806679
v 50.070377 72.994293 -37.912506
v 50.372864 73.510422 -37.866447
v 57.577999 66.968414 -33.657867
v 57.910576 67.422607 -33.450272
v 59.048042 66.158981 -34.241982
v 59.380615 66.613190 -34.034386
v 64.045044 65.299652 -43.465275
v 64.347527 65.815765 -43.419212
v 64.549767 64.474548 -51.497620
v 64.796242 65.008377 -51.617043
v 61.332901 63.306198 -57.974468
v 61.502281 63.812027 -58.249142
v 54.669987 61.894653 -62.341076
v 54.747746 62.329147 -62.747478
v 44.317760 60.808975 -63.900032
v 44.297245 61.134933 -64.403358
v 79.896072 64.783020 -54.779778
v 80.145500 65.255554 -55.052738
v 89.020241 62.013611 -50.142555
v 88.646286 61.659775 -49.834396
v 72.194397 67.215485 -55.250393
v 72.297935 67.766220 -55.464787
v 65.738098 68.510788 -52.040859
v 65.686867 69.092575 -52.178318
v 61.080143 68.558014 -45.426071
v 60.878544 69.121017 -45.474823
v 59.082302 67.591110 -35.137665
v 58.747601 68.087128 -35.093533
v 59.918175 68.020981 -33.629715
v 59.583469 68.516998 -33.585579
v 69.026184 72.644501 -31.091042
v 68.824585 73.207520 -31.139791
v 76.914764 74.258728 -31.877615
v 76.863541 74.840515 -32.015072
v 83.371071 72.963425 -35.087143
v 83.474602 73.514160 -35.301537
v 87.842110 68.869522 -40.444744
v 88.091537 69.342041 -40.717709
v 89.482155 62.089645 -48.326450
v 89.856110 62.443481 -48.634605
v 80.379059 74.785904 -15.502825
v 80.651474 75.317978 -15.554564
v 76.355438 77.209091 -5.996902
v 76.037231 76.713333 -6.110745
v 80.336052 72.835663 -23.354506
v 80.539337 73.358505 -23.567396
v 76.725822 70.581512 -29.316704
v 76.842575 71.050308 -29.672512
v 69.857597 68.216492 -32.878765
v 69.877800 68.591110 -33.347015
v 59.505695 66.391342 -33.412186
v 59.427639 66.639679 -33.952770
v 58.035656 67.200760 -32.828068
v 57.957596 67.449112 -33.368656
v 55.882938 75.911133 -27.325996
v 55.903145 76.285751 -27.794247
v 57.069462 81.404587 -21.506340
v 57.186211 81.873383 -21.862148
v 60.679691 83.658737 -15.544140
v 60.882977 84.181564 -15.757031
v 66.404396 82.480545 -9.950057
v 66.676811 83.012634 -10.001796
v 74.567192 77.522743 -5.526631
v 74.885399 78.018524 -5.412788
v 45.625942 92.114334 -23.670345
v 45.741619 92.660507 -23.890162
v 35.585033 92.325897 -27.070240
v 35.623894 91.744766 -26.926117
v 53.274899 89.534782 -23.128576
v 53.535210 89.999222 -23.405258
v 58.378448 84.465080 -24.512297
v 58.761089 84.807983 -24.822145
v 60.499466 77.339432 -27.702990
v 60.971664 77.531448 -28.019470
v 58.993481 68.530136 -33.262291
v 59.514797 68.554810 -33.558296
v 58.157612 68.100266 -34.770241
v 58.678928 68.124939 -35.066246
v 52.553425 73.252945 -42.038017
v 53.025623 73.444946 -42.354500
v 47.201778 78.717140 -44.675541
v 47.584415 79.060043 -44.985394
v 42.098232 83.786842 -43.291821
v 42.358536 84.251282 -43.568501
v 37.679905 88.027847 -38.005375
v 37.795582 88.574020 -38.225193
v 34.788025 91.314896 -28.434067
v 34.749157 91.896027 -28.578190
v 63.637337 69.589294 -28.832455
v 63.907883 70.023804 -29.145529
v 68.999069 61.944366 -33.855480
v 68.765175 61.618408 -33.409336
v 61.174995 74.129257 -22.605118
v 61.459015 74.635086 -22.758303
v 60.722454 75.297623 -15.387574
v 60.995628 75.831451 -15.367751
v 62.318470 72.994293 -7.798005
v 62.557404 73.510422 -7.606872
v 66.692947 66.968414 -0.359569
v 66.877167 67.422607 -0.013496
v 68.258087 66.158981 -0.130406
v 68.442314 66.613190 0.215667
v 77.197273 65.299652 -5.619512
v 77.436203 65.815765 -5.428379
v 81.650543 64.474548 -12.323368
v 81.923721 65.008377 -12.303546
v 82.103088 63.306198 -19.540909
v 82.387108 63.812027 -19.694096
v 78.516136 61.894653 -26.653961
v 78.786682 62.329147 -26.967035
v 70.330330 60.808975 -33.180172
v 70.564217 61.134933 -33.626320
v 96.581909 64.783020 -7.492640
v 96.934410 65.255554 -7.604318
v 102.165070 62.013611 1.085396
v 101.687134 61.659775 1.165287
v 90.147377 67.215485 -11.751045
v 90.344238 67.766220 -11.884945
v 82.951294 68.510788 -12.199660
v 82.975655 69.092575 -12.344314
v 75.609993 68.558014 -8.800059
v 75.459770 69.121017 -8.943076
v 68.735611 67.591110 -0.888958
v 68.423676 68.087128 -1.018090
v 68.705521 68.020981 0.834900
v 68.393585 68.516998 0.705767
v 75.323952 72.644501 7.587460
v 75.173737 73.207520 7.444441
v 82.548950 74.258728 10.850558
v 82.573311 74.840515 10.705904
v 89.745041 72.963425 11.299172
v 89.941895 73.514160 11.165272
v 96.295876 68.869522 8.894878
v 96.648369 69.342041 8.783201
v 101.657043 62.089645 2.889145
v 102.134972 62.443481 2.809253
v 77.361717 74.785904 26.763689
v 77.623505 75.317978 26.855085
v 69.124207 77.209091 32.984249
v 68.905548 76.713333 32.726555
v 81.250313 72.835663 19.942429
v 81.532814 73.358505 19.859707
v 81.104866 70.581512 12.973903
v 81.383881 71.050308 12.724139
v 76.937836 68.216492 6.454954
v 77.189468 68.591110 6.059543
v 68.239532 66.391342 0.817048
v 68.442230 66.639679 0.309857
v 66.674385 67.200760 0.587885
v 66.877075 67.449112 0.080694
v 62.059040 75.911133 4.276461
v 62.310669 76.285751 3.881050
v 60.176777 81.404587 9.909696
v 60.455788 81.873383 9.659932
v 60.322224 83.658737 16.878225
v 60.604717 84.181564 16.795500
v 62.482918 82.480545 24.585196
v 62.744705 83.012634 24.676594
v 67.340385 77.522743 32.497391
v 67.559052 78.018524 32.755085
v 51.348396 92.114334 2.313851
v 51.558483 92.660507 2.181323
v 44.352661 92.325897 -5.650999
v 44.314255 91.744766 -5.506755
v 57.701706 89.534782 6.607517
v 58.065475 89.999222 6.498056
v 62.813366 84.465080 7.960954
v 63.299667 84.807983 7.883934
v 66.245567 77.339432 6.258240
v 66.812744 77.531448 6.220260
v 67.721001 68.530136 0.690750
v 68.320480 68.554810 0.695063
v 67.751091 68.100266 -1.033107
v 68.350571 68.124939 -1.028795
v 66.531616 73.252945 -10.129280
v 67.098793 73.444946 -10.167260
v 63.215706 78.717140 -15.089264
v 63.702007 79.060043 -15.166283
v 58.104046 83.786842 -16.442701
v 58.467823 84.251282 -16.552162
v 51.634441 88.027847 -14.073668
v 51.844528 88.574020 -14.206197
v 44.344341 91.314896 -7.230612
v 44.382748 91.896027 -7.374857
v 69.527779 69.589294 6.849032
v 69.918617 70.023804 6.713175
v 76.682678 61.944366 5.179828
v 76.257057 61.618408 5.449255
v 64.281662 74.129257 11.010892
v 64.604225 74.635086 11.020241
v 60.280975 75.297623 17.035196
v 60.507641 75.831451 17.188951
v 57.868382 72.994293 24.405966
v 57.979736 73.510422 24.690958
v 57.937565 66.968414 33.035076
v 57.924072 67.422607 33.426895
v 59.178444 66.158981 34.016113
v 59.164951 66.613190 34.407932
v 69.664551 65.299652 33.731995
v 69.775909 65.815765 34.016987
v 76.873131 64.474548 30.152922
v 77.099800 65.008377 30.306677
v 80.873810 63.306198 24.128618
v 81.196381 63.812027 24.137968
v 81.323952 61.894653 16.175062
v 81.714783 62.329147 16.039204
v 77.497932 60.808975 6.430292
v 77.923569 61.134933 6.160864
v 87.388718 64.783020 41.802143
v 87.749825 65.255554 41.881672
v 87.934837 62.013611 52.022511
v 87.480995 61.659775 51.852730
v 83.945442 67.215485 34.896988
v 84.182869 67.766220 34.879456
v 77.937759 68.510788 30.910431
v 78.031181 69.092575 30.797338
v 69.880203 68.558014 30.183922
v 69.821625 69.121017 29.984955
v 59.971264 67.591110 33.597946
v 59.765686 68.087128 33.330147
v 59.083271 68.020981 35.075806
v 58.877701 68.516998 34.808006
v 61.438725 72.644501 44.232906
v 61.380138 73.207520 44.033943
v 66.064209 74.258728 50.671329
v 66.157639 74.840515 50.558243
v 72.071899 72.963425 54.657890
v 72.309334 73.514160 54.640358
v 78.947235 68.869522 55.851128
v 79.308342 69.342041 55.930656
v 86.593010 62.089645 53.330593
v 87.046852 62.443481 53.500378
v 53.615364 74.785904 61.858894
v 53.796379 75.317978 62.068943
v 43.371185 77.209091 63.127300
v 43.310677 76.713333 62.794800
v 60.393623 72.835663 57.895809
v 60.679630 73.358505 57.965412
v 63.751923 70.581512 51.788162
v 64.118439 71.050308 51.711369
v 63.402641 68.216492 44.059074
v 63.818268 68.591110 43.842453
v 58.688648 66.391342 34.827354
v 59.117775 66.639679 34.489460
v 57.447769 67.200760 33.846313
v 57.876904 67.449112 33.508423
v 51.606476 75.911133 34.733044
v 52.022091 76.285751 34.516422
v 47.159771 81.404587 38.670437
v 47.526283 81.873383 38.593639
v 43.801464 83.658737 44.778084
v 44.087479 84.181564 44.847691
v 41.819199 82.480545 52.532864
v 42.000214 83.012634 52.742912
v 42.069798 77.522743 61.813766
v 42.130310 78.018524 62.146259
v 43.312092 92.114334 27.678053
v 43.560295 92.660507 27.668322
v 41.236031 92.325897 17.282421
v 41.130650 91.744766 17.388138
v 46.667385 89.534782 34.573132
v 47.037151 89.999222 34.660221
v 50.417496 84.465080 38.301071
v 50.877155 84.807983 38.477524
v 54.241226 77.339432 38.542580
v 54.751404 77.531448 38.793274
v 58.302731 68.530136 34.458706
v 58.819736 68.554810 34.762180
v 59.190720 68.100266 32.980846
v 59.707726 68.124939 33.284321
v 62.682705 73.252945 24.493593
v 63.192883 73.444946 24.744289
v 62.291042 78.717140 18.540169
v 62.750698 79.060043 18.716619
v 58.540932 83.786842 14.812229
v 58.910702 84.251282 14.899319
v 51.753574 88.027847 13.629067
v 52.001778 88.574020 13.619337
v 42.018635 91.314896 15.910278
v 42.124020 91.896027 15.804563
v 56.788303 69.589294 40.695328
v 57.194706 70.023804 40.773087
v 63.819237 61.944366 42.827206
v 63.315922 61.618408 42.847721
v 50.164101 74.129257 41.676544
v 50.438774 74.635086 41.845921
v 43.687260 75.297623 44.893402
v 43.806679 75.831451 45.139889
v 37.912506 72.994293 50.070377
v 37.866447 73.510422 50.372864
v 33.657867 66.968414 57.577999
v 33.450272 67.422607 57.910576
v 34.241982 66.158981 59.048042
v 34.034386 66.613190 59.380615
v 43.465275 65.299652 64.045044
v 43.419212 65.815765 64.347527
v 51.497620 64.474548 64.549767
v 51.617043 65.008377 64.796242
v 57.974468 63.306198 61.332901
v 58.249142 63.812027 61.502281
v 62.341076 61.894653 54.669987
v 62.747478 62.329147 54.747746
v 63.900032 60.808975 44.317760
v 64.403358 61.134933 44.297245
v 54.779778 64.783020 79.896072
v 55.052738 65.255554 80.145500
v 50.142555 62.013611 89.020241
v 49.834396 61.659775 88.646286
v 55.250393 67.215485 72.194397
v 55.464787 67.766220 72.297935
v 52.040859 68.510788 65.738098
v 52.178318 69.092575 65.686867
v 45.426071 68.558014 61.080143
v 45.474823 69.121017 60.878544
v 35.137665 67.591110 59.082302
v 35.093533 68.087128 58.747601
v 33.629715 68.020981 59.918175
v 33.585579 68.516998 59.583469
v 31.091042 72.644501 69.026184
v 31.139791 73.207520 68.824585
v 31.877615 74.258728 76.914764
v 32.015072 74.840515 76.863541
v 35.087143 72.963425 83.371071
v 35.301537 73.514160 83.474602
v 40.444744 68.869522 87.842110
v 40.717709 69.342041 88.091537
v 48.326450 62.089645 89.482155
v 48.634605 62.443481 89.856110
v 15.502825 74.785904 80.379059
v 15.554564 75.317978 80.651474
v 5.996902 77.209091 76.355438
v 6.110745 76.713333 76.037231
v 23.354506 72.835663 80.336052
v 23.567396 73.358505 80.539337
v 29.316704 70.581512 76.725822
v 29.672512 71.050308 76.842575
v 32.878765 68.216492 69.857597
v 33.347015 68.591110 69.877800
v 33.412186 66.391342 59.505695
v 33.952770 66.639679 59.427639
v 32.828068 67.200760 58.035656
v 33.368656 67.449112 57.957596
v 27.325996 75.911133 55.882938
v 27.794247 76.285751 55.903145
v 21.506340 81.404587 57.069462
v 21.862148 81.873383 57.186211
v 15.544140 83.658737 60.679691
v 15.757031 84.181564 60.882977
v 9.950057 82.480545 66.404396
v 10.001796 83.012634 66.676811
v 5.526631 77.522743 74.567192
v 5.412788 78.018524 74.885399
v 23.670345 92.114334 45.625942
v 23.890162 92.660507 45.741619
v 27.070240 92.325897 35.585033
v 26.926117 91.744766 35.623894
v 23.128576 89.534782 53.274899
v 23.405258 89.999222 53.535210
v 24.512297 84.465080 58.378448
v 24.822145 84.807983 58.761089
v 27.702990 77.339432 60.499466
v 28.019470 77.531448 60.971664
v 33.262291 68.530136 58.993481
v 33.558296 68.554810 59.514797
v 34.770241 68.100266 58.157612
v 35.066246 68.124939 58.678928
v 42.038017 73.252945 52.553425
v 42.354500 73.444946 53.025623
v 44.675541 78.717140 47.201778
v 44.985394 79.060043 47.584415
v 43.291821 83.786842 42.098232
v 43.568501 84.251282 42.358536
v 38.005375 88.027847 37.679905
v 38.225193 88.574020 37.795582
v 28.434067 91.314896 34.788025
v 28.578190 91.896027 34.749157
v 28.832455 69.589294 63.637337
v 29.145529 70.023804 63.907883
v 33.855480 61.944366 68.999069
v 33.409336 61.618408 68.765175
v 22.605118 74.129257 61.174995
v 22.758303 74.635086 61.459015
v 15.387574 75.297623 60.722454
v 15.367751 75.831451 60.995628
v 7.798005 72.994293 62.318470
v 7.606872 73.510422 62.557404
v 0.359569 66.968414 66.692947
v 0.013496 67.422607 66.877167
v 0.130406 66.158981 68.258087
v -0.215667 66.613190 68.442314
v 5.619512 65.299652 77.197273
v 5.428379 65.815765 77.436203
v 12.323368 64.474548 81.650543
v 12.303546 65.008377 81.923721
v 19.540909 63.306198 82.103088
v 19.694096 63.812027 82.387108
v 26.653961 61.894653 78.516136
v 26.967035 62.329147 78.786682
v 33.180172 60.808975 70.330330
v 33.626320 61.134933 70.564217
v 7.492640 64.783020 96.581909
v 7.604318 65.255554 96.934410
v -1.085396 62.013611 102.165070
v -1.165287 61.659775 101.687134
v 11.751045 67.215485 90.147377
v 11.884945 67.766220 90.344238
v 12.199660 68.510788 82.951294
v 12.344314 69.092575 82.975655
v 8.800059 68.558014 75.609993
v 8.943076 69.121017 75.459770
v 0.888958 67.591110 68.735611
v 1.018090 68.087128 68.423676
v -0.834900 68.020981 68.705521
v -0.705767 68.516998 68.393585
v -7.587460 72.644501 75.323952
v -7.444441 73.207520 75.173737
v -10.850558 74.258728 82.548950
v -10.705904 74.840515 82.573311
v -11.299172 72.963425 89.745041
v -11.165272 73.514160 89.941895
v -8.894878 68.869522 96.295876
v -8.783201 69.342041 96.648369
v -2.889145 62.089645 101.657043
v -2.809253 62.443481 102.134972
v -26.763689 74.785904 77.361717
v -26.855085 75.317978 77.623505
v -32.984249 77.209091 69.124207
v -32.726555 76.713333 68.905548
v -19.942429 72.835663 81.250313
v -19.859707 73.358505 81.532814
v -12.973903 70.581512 81.104866
v -12.724139 71.050308 81.383881
v -6.454954 68.216492 76.937836
v -6.059543 68.591110 77.189468
v -0.817048 66.391342 68.239532
v -0.309857 66.639679 68.442230
v -0.587885 67.200760 66.674385
v -0.080694 67.449112 66.877075
v -4.276461 75.911133 62.059040
v -3.881050 76.285751 62.310669
v -9.909696 81.404587 60.176777
v -9.659932 81.873383 60.455788
v -16.878225 83.658737 60.322224
v -16.795500 84.181564 60.604717
v -24.585196 82.480545 62.482918
v -24.676594 83.012634 62.744705
v -32.497391 77.522743 67.340385
v -32.755085 78.018524 67.559052
v -2.313851 92.114334 51.348396
v -2.181323 92.660507 51.558483
v 5.650999 92.325897 44.352661
v 5.506755 91.744766 44.314255
v -6.607517 89.534782 57.701706
v -6.498056 89.999222 58.065475
v -7.960954 84.465080 62.813366
v -7.883934 84.807983 63.299667
v -6.258240 77.339432 66.245567
v -6.220260 77.531448 66.812744
v -0.690750 68.530136 67.721001
v -0.695063 68.554810 68.320480
v 1.033107 68.100266 67.751091
v 1.028795 68.124939 68.350571
v 10.129280 73.252945 66.531616
v 10.167260 73.444946 67.098793
v 15.089264 78.717140 63.215706
v 15.166283 79.060043 63.702007
v 16.442701 83.786842 58.104046
v 16.552162 84.251282 58.467823
v 14.073668 88.027847 51.634441
v 14.206197 88.574020 51.844528
v 7.230612 91.314896 44.344341
v 7.374857 91.896027 44.382748
v -6.849032 69.589294 69.527779
v -6.713175 70.023804 69.918617
v -5.179828 61.944366 76.682678
v -5.449255 61.618408 76.257057
v -11.010892 74.129257 64.281662
v -11.020241 74.635086 64.604225
v -17.035196 75.297623 60.280975
v -17.188951 75.831451 60.507641
v -24.405966 72.994293 57.868382
v -24.690958 73.510422 57.979736
v -33.035076 66.968414 57.937565
v -33.426895 67.422607 57.924072
v -34.016113 66.158981 59.178444
v -34.407932 66.613190 59.164951
v -33.731995 65.299652 69.664551
v -34.016987 65.815765 69.775909
v -30.152922 64.474548 76.873131
v -30.306677 65.008377 77.099800
v -24.128618 63.306198 80.873810
v -24.137968 63.812027 81.196381
v -16.175062 61.894653 81.323952
v -16.039204 62.329147 81.714783
v -6.430292 60.808975 77.497932
v -6.160864 61.134933 77.923569
v -41.802143 64.783020 87.388718
v -41.881672 65.255554 87.749825
v -52.022511 62.013611 87.934837
v -51.852730 61.659775 87.480995
v -34.896988 67.215485 83.945442
v -34.879456 67.766220 84.182869
v -30.910431 68.510788 77.937759
v -30.797338 69.092575 78.031181
v -30.183922 68.558014 69.880203
v -29.984955 69.121017 69.821625
v -33.597946 67.591110 59.971264
v -33.330147 68.087128 59.765686
v -35.075806 68.020981 59.083271
v -34.808006 68.516998 58.877701
v -44.232906 72.644501 61.438725
v -44.033943 73.207520 61.380138
v -50.671329 74.258728 66.064209
v -50.558243 74.840515 66.157639
v -54.657890 72.963425 72.071899
v -54.640358 73.514160 72.309334
v -55.851128 68.869522 78.947235
v -55.930656 69.342041 79.308342
v -53.330593 62.089645 86.593010
v -53.500378 62.443481 87.046852
v -61.858894 74.785904 53.615364
v -62.068943 75.317978 53.796379
v -63.127300 77.209091 43.371185
v -62.794800 76.713333 43.310677
v -57.895809 72.835663 60.393623
v -57.965412 73.358505 60.679630
v -51.788162 70.581512 63.751923
v -51.711369 71.050308 64.118439
v -44.059074 68.216492 63.402641
v -43.842453 68.591110 63.818268
v -34.827354 66.391342 58.688648
v -34.489460 66.639679 59.117775
v -33.846313 67.200760 57.447769
v -33.508423 67.449112 57.876904
v -34.733044 75.911133 51.606476
v -34.516422 76.285751 52.022091
v -38.670437 81.404587 47.159771
v -38.593639 81.873383 47.526283
v -44.778084 83.658737 43.801464
v -44.847691 84.181564 44.087479
v -52.532864 82.480545 41.819199
v -52.742912 83.012634 42.000214
v -61.813766 77.522743 42.069798
v -62.146259 78.018524 42.130310
v -27.678053 92.114334 43.312092
v -27.668322 92.660507 43.560295
v -17.282421 92.325897 41.236031
v -17.388138 91.744766 41.130650
v -34.573132 89.534782 46.667385
v -34.660221 89.999222 47.037151
v -38.301071 84.465080 50.417496
v -38.477524 84.807983 50.877155
v -38.542580 77.339432 54.241226
v -38.793274 77.531448 54.751404
v -34.458706 68.530136 58.302731
v -34.762180 68.554810 58.819736
v -32.980846 68.100266 59.190720
v -33.284321 68.124939 59.707726
v -24.493593 73.252945 62.682705
v -24.744289 73.444946 63.192883
v -18.540169 78.717140 62.291042
v -18.716619 79.060043 62.750698
v -14.812229 83.786842 58.540932
v -14.899319 84.251282 58.910702
v -13.629067 88.027847 51.753574
v -13.619337 88.574020 52.001778
v -15.910278 91.314896 42.018635
v -15.804563 91.896027 42.124020
v -40.695328 69.589294 56.788303
v -40.773087 70.023804 57.194706
v -42.827206 61.944366 63.819237
v -42.847721 61.618408 63.315922
v -41.676544 74.129257 50.164101
v -41.845921 74.635086 50.438774
v -44.893402 75.297623 43.687260
v -45.139889 75.831451 43.806679
v -50.070377 72.994293 37.912506
v -50.372864 73.510422 37.866447
v -57.577999 66.968414 33.657867
v -57.910576 67.422607 33.450272
v -59.048042 66.158981 34.241982
v -59.380615 66.613190 34.034386
v -64.045044 65.299652 43.465275
v -64.347527 65.815765 43.419212
v -64.549767 64.474548 51.497620
v -64.796242 65.008377 51.617043
v -61.332901 63.306198 57.974468
v -61.502281 63.812027 58.249142
v -54.669987 61.894653 62.341076
v -54.747746 62.329147 62.747478
v -44.317760 60.808975 63.900032
v -44.297245 61.134933 64.403358
v -79.896072 64.783020 54.779778
v -80.145500 65.255554 55.052738
v -89.020241 62.013611 50.142555
v -88.646286 61.659775 49.834396
v -72.194397 67.215485 55.250393
v -72.297935 67.766220 55.464787
v -65.738098 68.510788 52.040859
v -65.686867 69.092575 52.178318
v -61.080143 68.558014 45.426071
v -60.878544 69.121017 45.474823
v -59.082302 67.591110 35.137665
v -58.747601 68.087128 35.093533
v -59.918175 68.020981 33.629715
v -59.583469 68.516998 33.585579
v -69.026184 72.644501 31.091042
v -68.824585 73.207520 31.139791
v -76.914764 74.258728 31.877615
v -76.863541 74.840515 32.015072
v -83.371071 72.963425 35.087143
v -83.474602 73.514160 35.301537
v -87.842110 68.869522 40.444744
v -88.091537 69.342041 40.717709
v -89.482155 62.089645 48.326450
v -89.856110 62.443481 48.634605
v -80.379059 74.785904 15.502825
v -80.651474 75.317978 15.554564
v -76.355438 77.209091 5.996902
v -76.037231 76.713333 6.110745
v -80.336052 72.835663 23.354506
v -80.539337 73.358505 23.567396
v -76.725822 70.581512 29.316704
v -76.842575 71.050308 29.672512
v -69.857597 68.216492 32.878765
v -69.877800 68.591110 33.347015
v -59.505695 66.391342 33.412186
v -59.427639 66.639679 33.952770
v -58.035656 67.200760 32.828068
v -57.957596 67.449112 33.368656
v -55.882938 75.911133 27.325996
v -55.903145 76.285751 27.794247
v -57.069462 81.404587 21.506340
v -57.186211 81.873383 21.862148
v -60.679691 83.658737 15.544140
v -60.882977 84.181564 15.757031
v -66.404396 82.480545 9.950057
v -66.676811 83.012634 10.001796
v -74.567192 77.522743 5.526631
v -74.885399 78.018524 5.412788
v -45.625942 92.114334 23.670345
v -45.741619 92.660507 23.890162
v -35.585033 92.325897 27.070240
v -35.623894 91.744766 26.926117
v -53.274899 89.534782 23.128576
v -53.535210 89.999222 23.405258
v -58.378448 84.465080 24.512297
v -58.761089 84.807983 24.822145
v -60.499466 77.339432 27.702990
v -60.971664 77.531448 28.019470
v -58.993481 68.530136 33.262291
v -59.514797 68.554810 33.558296
v -58.157612 68.100266 34.770241
v -58.678928 68.124939 35.066246
v -52.553425 73.252945 42.038017
v -53.025623 73.444946 42.354500
v -47.201778 78.717140 44.675541
v -47.584415 79.060043 44.985394
v -42.098232 83.786842 43.291821
v -42.358536 84.251282 43.568501
v -37.679905 88.027847 38.005375
v -37.795582 88.574020 38.225193
v -34.788025 91.314896 28.434067
v -34.749157 91.896027 28.578190
v -63.637337 69.589294 28.832455
v -63.907883 70.023804 29.145529
v -68.999069 61.944366 33.855480
v -68.765175 61.618408 33.409336
v -61.174995 74.129257 22.605118
v -61.459015 74.635086 22.758303
v -60.722454 75.297623 15.387574
v -60.995628 75.831451 15.367751
v -62.318470 72.994293 7.798005
v -62.557404 73.510422 7.606872
v -66.692947 66.968414 0.359569
v -66.877167 67.422607 0.013496
v -68.258087 66.158981 0.130406
v -68.442314 66.613190 -0.215667
v -77.197273 65.299652 5.619512
v -77.436203 65.815765 5.428379
v -81.650543 64.474548 12.323368
v -81.923721 65.008377 12.303546
v -82.103088 63.306198 19.540909
v -82.387108 63.812027 19.694096
v -78.516136 61.894653 26.653961
v -78.786682 62.329147 26.967035
v -70.330330 60.808975 33.180172
v -70.564217 61.134933 33.626320
v -96.581909 64.783020 7.492640
v -96.934410 65.255554 7.604318
v -102.165070 62.013611 -1.085396
v -101.687134 61.659775 -1.165287
v -90.147377 67.215485 11.751045
v -90.344238 67.766220 11.884945
v -82.951294 68.510788 12.199660
v -82.975655 69.092575 12.344314
v -75.609993 68.558014 8.800059
v -75.459770 69.121017 8.943076
v -68.735611 67.591110 0.888958
v -68.423676 68.087128 1.018090
v -68.705521 68.020981 -0.834900
v -68.393585 68.516998 -0.705767
v -75.323952 72.644501 -7.587460
v -75.173737 73.207520 -7.444441
v -82.548950 74.258728 -10.850558
v -82.573311 74.840515 -10.705904
v -89.745041 72.963425 -11.299172
v -89.941895 73.514160 -11.165272
v -96.295876 68.869522 -8.894878
v -96.648369 69.342041 -8.783201
v -101.657043 62.089645 -2.889145
v -102.134972 62.443481 -2.809253
v -77.361717 74.785904 -26.763689
v -77.623505 75.317978 -26.855085
v -69.124207 77.209091 -32.984249
v -68.905548 76.713333 -32.726555
v -81.250313 72.835663 -19.942429
v -81.532814 73.358505 -19.859707
v -81.104866 70.581512 -12.973903
v -81.383881 71.050308 -12.724139
v -76.937836 68.216492 -6.454954
v -77.189468 68.591110 -6.059543
v -68.239532 66.391342 -0.817048
v -68.442230 66.639679 -0.309857
v -66.674385 67.200760 -0.587885
v -66.877075 67.449112 -0.080694
v -62.059040 75.911133 -4.276461
v -62.310669 76.285751 -3.881050
v -60.176777 81.404587 -9.909696
v -60.455788 81.873383 -9.659932
v -60.322224 83.658737 -16.878225
v -60.604717 84.181564 -16.795500
v -62.482918 82.480545 -24.585196
v -62.744705 83.012634 -24.676594
v -67.340385 77.522743 -32.497391
v -67.559052 78.018524 -32.755085
v -51.348396 92.114334 -2.313851
v -51.558483 92.660507 -2.181323
v -44.352661 92.325897 5.650999
v -44.314255 91.744766 5.506755
v -57.701706 89.534782 -6.607517
v -58.065475 89.999222 -6.498056
v -62.813366 84.465080 -7.960954
v -63.299667 84.807983 -7.883934
v -66.245567 77.339432 -6.258240
v -66.812744 77.531448 -6.220260
v -67.721001 68.530136 -0.690750
v -68.320480 68.554810 -0.695063
v -67.751091 68.100266 1.033107
v -68.350571 68.124939 1.028795
v -66.531616 73.252945 10.129280
v -67.098793 73.444946 10.167260
v -63.215706 78.717140 15.089264
v -63.702007 79.060043 15.166283
v -58.104046 83.786842 16.442701
v -58.467823 84.251282 16.552162
v -51.634441 88.027847 14.073668
v -51.844528 88.574020 14.206197
v -44.344341 91.314896 7.230612
v -44.382748 91.896027 7.374857
v -69.527779 69.589294 -6.849032
v -69.918617 70.023804 -6.713175
v -76.682678 61.944366 -5.179828
v -76.257057 61.618408 -5.449255
v -64.281662 74.129257 -11.010892
v -64.604225 74.635086 -11.020241
v -60.280975 75.297623 -17.035196
v -60.507641 75.831451 -17.188951
v -57.868382 72.994293 -24.405966
v -57.979736 73.510422 -24.690958
v -57.937565 66.968414 -33.035076
v -57.924072 67.422607 -33.426895
v -59.178444 66.158981 -34.016113
v -59.164951 66.613190 -34.407932
v -69.664551 65.299652 -33.731995
v -69.775909 65.815765 -34.016987
v -76.873131 64.474548 -30.152922
v -77.099800 65.008377 -30.306677
v -80.873810 63.306198 -24.128618
v -81.196381 63.812027 -24.137968
v -81.323952 61.894653 -16.175062
v -81.714783 62.329147 -16.039204
v -77.497932 60.808975 -6.430292
v -77.923569 61.134933 -6.160864
v -87.388718 64.783020 -41.802143
v -87.749825 65.255554 -41.881672
v -87.934837 62.013611 -52.022511
v -87.480995 61.659775 -51.852730
v -83.945442 67.215485 -34.896988
v -84.182869 67.766220 -34.879456
v -77.937759 68.510788 -30.910431
v -78.031181 69.092575 -30.797338
v -69.880203 68.558014 -30.183922
v -69.821625 69.121017 -29.984955
v -59.971264 67.591110 -33.597946
v -59.765686 68.087128 -33.330147
v -59.083271 68.020981 -35.075806
v -58.877701 68.516998 -34.808006
v -61.438725 72.644501 -44.232906
v -61.380138 73.207520 -44.033943
v -66.064209 74.258728 -50.671329
v -66.157639 74.840515 -50.558243
v -72.071899 72.963425 -54.657890
v -72.309334 73.514160 -54.640358
v -78.947235 68.869522 -55.851128
v -79.308342 69.342041 -55.930656
v -86.593010 62.089645 -53.330593
v -87.046852 62.443481 -53.500378
v -53.615364 74.785904 -61.858894
v -53.796379 75.317978 -62.068943
v -43.371185 77.209091 -63.127300
v -43.310677 76.713333 -62.794800
v -60.393623 72.835663 -57.895809
v -60.679630 73.358505 -57.965412
v -63.751923 70.581512 -51.788162
v -64.118439 71.050308 -51.711369
v -63.402641 68.216492 -44.059074
v -63.818268 68.591110 -43.842453
v -58.688648 66.391342 -34.827354
v -59.117775 66.639679 -34.489460
v -57.447769 67.200760 -33.846313
v -57.876904 67.449112 -33.508423
v -51.606476 75.911133 -34.733044
v -52.022091 76.285751 -34.516422
v -47.159771 81.404587 -38.670437
v -47.526283 81.873383 -38.593639
v -43.801464 83.658737 -44.778084
v -44.087479 84.181564 -44.847691
v -41.819199 82.480545 -52.532864
v -42.000214 83.012634 -52.742912
v -42.069798 77.522743 -61.813766
v -42.130310 78.018524 -62.146259
v -43.312092 92.114334 -27.678053
v -43.560295 92.660507 -27.668322
v -41.236031 92.325897 -17.282421
v -41.130650 91.744766 -17.388138
v -46.667385 89.534782 -34.573132
v -47.037151 89.999222 -34.660221
v -50.417496 84.465080 -38.301071
v -50.877155 84.807983 -38.477524
v -54.241226 77.339432 -38.542580
v -54.751404 77.531448 -38.793274
v -58.302731 68.530136 -34.458706
v -58.819736 68.554810 -34.762180
v -59.190720 68.100266 -32.980846
v -59.707726 68.124939 -33.284321
v -62.682705 73.252945 -24.493593
v -63.192883 73.444946 -24.744289
v -62.291042 78.717140 -18.540169
v -62.750698 79.060043 -18.716619
v -58.540932 83.786842 -14.812229
v -58.910702 84.251282 -14.899319
v -51.753574 88.027847 -13.629067
v -52.001778 88.574020 -13.619337
v -42.018635 91.314896 -15.910278
v -42.124020 91.896027 -15.804563
v -56.788303 69.589294 -40.695328
v -57.194706 70.023804 -40.773087
v -63.819237 61.944366 -42.827206
v -63.315922 61.618408 -42.847721
v -50.164101 74.129257 -41.676544
v -50.438774 74.635086 -41.845921
v -43.687260 75.297623 -44.893402
v -43.806679 75.831451 -45.139889
v -37.912506 72.994293 -50.070377
v -37.866447 73.510422 -50.372864
v -33.657867 66.968414 -57.577999
v -33.450272 67.422607 -57.910576
v -34.241982 66.158981 -59.048042
v -34.034386 66.613190 -59.380615
v -43.465275 65.299652 -64.045044
v -43.419212 65.815765 -64.347527
v -51.497620 64.474548 -64.549767
v -51.617043 65.008377 -64.796242
v -57.974468 63.306198 -61.332901
v -58.249142 63.812027 -61.502281
v -62.341076 61.894653 -54.669987
v -62.747478 62.329147 -54.747746
v -63.900032 60.808975 -44.317760
v -64.403358 61.134933 -44.297245
v -54.779778 64.783020 -79.896072
v -55.052738 65.255554 -80.145500
v -50.142555 62.013611 -89.020241
v -49.834396 61.659775 -88.646286
v -55.250393 67.215485 -72.194397
v -55.464787 67.766220 -72.297935
v -52.040859 68.510788 -65.738098
v -52.178318 69.092575 -65.686867
v -45.426071 68.558014 -61.080143
v -45.474823 69.121017 -60.878544
v -35.137665 67.591110 -59.082302
v -35.093533 68.087128 -58.747601
v -33.629715 68.020981 -59.918175
v -33.585579 68.516998 -59.583469
v -31.091042 72.644501 -69.026184
v -31.139791 73.207520 -68.824585
v -31.877615 74.258728 -76.914764
v -32.015072 74.840515 -76.863541
v -35.087143 72.963425 -83.371071
v -35.301537 73.514160 -83.474602
v -40.444744 68.869522 -87.842110
v -40.717709 69.342041 -88.091537
v -48.326450 62.089645 -89.482155
v -48.634605 62.443481 -89.856110
v -15.502825 74.785904 -80.379059
v -15.554564 75.317978 -80.651474
v -5.996902 77.209091 -76.355438
v -6.110745 76.713333 -76.037231
v -23.354506 72.835663 -80.336052
v -23.567396 73.358505 -80.539337
v -29.316704 70.581512 -76.725822
v -29.672512 71.050308 -76.842575
v -32.878765 68.216492 -69.857597
v -33.347015 68.591110 -69.877800
v -33.412186 66.391342 -59.505695
v -33.952770 66.639679 -59.427639
v -32.828068 67.200760 -58.035656
v -33.368656 67.449112 -57.957596
v -27.325996 75.911133 -55.882938
v -27.794247 76.285751 -55.903145
v -21.506340 81.404587 -57.069462
v -21.862148 81.873383 -57.186211
v -15.544140 83.658737 -60.679691
v -15.757031 84.181564 -60.882977
v -9.950057 82.480545 -66.404396
v -10.001796 83.012634 -66.676811
v -5.526631 77.522743 -74.567192
v -5.412788 78.018524 -74.885399
v -23.670345 92.114334 -45.625942
v -23.890162 92.660507 -45.741619
v -27.070240 92.325897 -35.585033
v -26.926117 91.744766 -35.623894
v -23.128576 89.534782 -53.274899
v -23.405258 89.999222 -53.535210
v -24.512297 84.465080 -58.378448
v -24.822145 84.807983 -58.761089
v -27.702990 77.339432 -60.499466
v -28.019470 77.531448 -60.971664
v -33.262291 68.530136 -58.993481
v -33.558296 68.554810 -59.514797
v -34.770241 68.100266 -58.157612
v -35.066246 68.124939 -58.678928
v -42.038017 73.252945 -52.553425
v -42.354500 73.444946 -53.025623
v -44.675541 78.717140 -47.201778
v -44.985394 79.060043 -47.584415
v -43.291821 83.786842 -42.098232
v -43.568501 84.251282 -42.358536
v -38.005375 88.027847 -37.679905
v -38.225193 88.574020 -37.795582
v -28.434067 91.314896 -34.788025
v -28.578190 91.896027 -34.749157
v 58.821209 34.098930 -47.149876
v 0.493389 34.098930 3.423886
v 76.904114 34.098930 -7.587068
v 22.219637 34.098930 -70.655869
v -21.279869 34.098930 -70.642067
v -57.866512 34.098930 -47.112846
v -75.924309 34.098930 -7.538570
v -69.720016 34.098930 35.516209
v -41.223469 34.098930 68.381897
v 0.517888 34.098930 80.623878
v 42.251469 34.098930 68.355408
v 70.727150 34.098930 35.471638
v 81.442513 -37.965008 -40.074684
v 85.470573 -37.965008 -42.056736
v 94.283592 -37.965008 -13.586472
v 89.840187 -37.965008 -12.946169
v 86.739487 -37.379219 -42.681118
v 95.683334 -37.379219 -13.788180
v 87.265091 -35.965008 -42.939747
v 96.263138 -35.965008 -13.871730
v 87.265091 -14.965006 -42.939747
v 96.263138 -14.965006 -13.871730
v 86.739487 -13.550797 -42.681118
v 95.683334 -13.550797 -13.788180
v 85.470573 -12.965008 -42.056736
v 94.283592 -12.965008 -13.586472
v 81.442513 -12.965008 -40.074684
v 89.840187 -12.965008 -12.946169
v 80.173599 -13.550797 -39.450298
v 88.440437 -13.550797 -12.744461
v 79.647995 -14.965006 -39.191669
v 87.860634 -14.965006 -12.660912
v 79.647995 -35.965008 -39.191669
v 87.860634 -35.965008 -12.660912
v 80.173599 -37.379219 -39.450298
v 88.440437 -37.379219 -12.744461
v 65.072670 -37.965008 -63.280407
v 68.291092 -37.965008 -66.410187
v 69.304962 -37.379219 -67.396133
v 69.724922 -35.965008 -67.804520
v 69.724922 -14.965006 -67.804520
v 69.304962 -13.550797 -67.396133
v 68.291092 -12.965008 -66.410187
v 65.072670 -12.965008 -63.280407
v 64.058807 -13.550797 -62.294468
v 63.638847 -14.965006 -61.886078
v 63.638847 -35.965008 -61.886078
v 64.058807 -37.379219 -62.294468
v 42.333069 -37.965008 -80.291809
v 44.426815 -37.965008 -84.262955
v 45.086388 -37.379219 -85.513939
v 45.359585 -35.965008 -86.032112
v 45.359585 -14.965006 -86.032112
v 45.086388 -13.550797 -85.513939
v 44.426815 -12.965008 -84.262955
v 42.333069 -12.965008 -80.291809
v 41.673496 -13.550797 -79.040817
v 41.400295 -14.965006 -78.522636
v 41.400295 -35.965008 -78.522636
v 41.673496 -37.379219 -79.040817
v 15.449607 -37.965008 -89.443687
v 16.213728 -37.965008 -93.867470
v 16.454441 -37.379219 -95.261047
v 16.554148 -35.965008 -95.838287
v 16.554148 -14.965006 -95.838287
v 16.454441 -13.550797 -95.261047
v 16.213728 -12.965008 -93.867470
v 15.449607 -12.965008 -89.443687
v 15.208895 -13.550797 -88.050110
v 15.109188 -14.965006 -87.472862
v 15.109188 -35.965008 -87.472862
v 15.208895 -37.379219 -88.050110
v -12.946169 -37.965008 -89.840187
v -13.586472 -37.965008 -94.283592
v -13.788180 -37.379219 -95.683334
v -13.871730 -35.965008 -96.263138
v -13.871730 -14.965006 -96.263138
v -13.788180 -13.550797 -95.683334
v -13.586472 -12.965008 -94.283592
v -12.946169 -12.965008 -89.840187
v -12.744461 -13.550797 -88.440437
v -12.660912 -14.965006 -87.860634
v -12.660912 -35.965008 -87.860634
v -12.744461 -37.379219 -88.440437
v -40.074684 -37.965008 -81.442513
v -42.056736 -37.965008 -85.470573
v -42.681118 -37.379219 -86.739487
v -42.939747 -35.965008 -87.265091
v -42.939747 -14.965006 -87.265091
v -42.681118 -13.550797 -86.739487
v -42.056736 -12.965008 -85.470573
v -40.074684 -12.965008 -81.442513
v -39.450298 -13.550797 -80.173599
v -39.191669 -14.965006 -79.647995
v -39.191669 -35.965008 -79.647995
v -39.450298 -37.379219 -80.173599
v -63.280407 -37.965008 -65.072670
v -66.410187 -37.965008 -68.291092
v -67.396133 -37.379219 -69.304962
v -67.804520 -35.965008 -69.724922
v -67.804520 -14.965006 -69.724922
v -67.396133 -13.550797 -69.304962
v -66.410187 -12.965008 -68.291092
v -63.280407 -12.965008 -65.072670
v -62.294468 -13.550797 -64.058807
v -61.886078 -14.965006 -63.638847
v -61.886078 -35.965008 -63.638847
v -62.294468 -37.379219 -64.058807
v -80.291809 -37.965008 -42.333069
v -84.262955 -37.965008 -44.426815
v -85.513939 -37.379219 -45.086388
v -86.032112 -35.965008 -45.359585
v -86.032112 -14.965006 -45.359585
v -85.513939 -13.550797 -45.086388
v -84.262955 -12.965008 -44.426815
v -80.291809 -12.965008 -42.333069
v -79.040817 -13.550797 -41.673496
v -78.522636 -14.965006 -41.400295
v -78.522636 -35.965008 -41.400295
v -79.040817 -37.379219 -41.673496
v -89.443687 -37.965008 -15.449607
v -93.867470 -37.965008 -16.213728
v -95.261047 -37.379219 -16.454441
v -95.838287 -35.965008 -16.554148
v -95.838287 -14.965006 -16.554148
v -95.261047 -13.550797 -16.454441
v -93.867470 -12.965008 -16.213728
v -89.443687 -12.965008 -15.449607
v -88.050110 -13.550797 -15.208895
v -87.472862 -14.965006 -15.109188
v -87.472862 -35.965008 -15.109188
v -88.050110 -37.379219 -15.208895
v -89.840187 -37.965008 12.946169
v -94.283592 -37.965008 13.586472
v -95.683334 -37.379219 13.788180
v -96.263138 -35.965008 13.871730
v -96.263138 -14.965006 13.871730
v -95.683334 -13.550797 13.788180
v -94.283592 -12.965008 13.586472
v -89.840187 -12.965008 12.946169
v -88.440437 -13.550797 12.744461
v -87.860634 -14.965006 12.660912
v -87.860634 -35.965008 12.660912
v -88.440437 -37.379219 12.744461
v -81.442513 -37.965008 40.074684
v -85.470573 -37.965008 42.056736
v -86.739487 -37.379219 42.681118
v -87.265091 -35.965008 42.939747
v -87.265091 -14.965006 42.939747
v -86.739487 -13.550797 42.681118
v -85.470573 -12.965008 42.056736
v -81.442513 -12.965008 40.074684
v -80.173599 -13.550797 39.450298
v -79.647995 -14.965006 39.191669
v -79.647995 -35.965008 39.191669
v -80.173599 -37.379219 39.450298
v -65.072670 -37.965008 63.280407
v -68.291092 -37.965008 66.410187
v -69.304962 -37.379219 67.396133
v -69.724922 -35.965008 67.804520
v -69.724922 -14.965006 67.804520
v -69.304962 -13.550797 67.396133
v -68.291092 -12.965008 66.410187
v -65.072670 -12.965008 63.280407
v -64.058807 -13.550797 62.294468
v -63.638847 -14.965006 61.886078
v -63.638847 -35.965008 61.886078
v -64.058807 -37.379219 62.294468
v -42.333069 -37.965008 80.291809
v -44.426815 -37.965008 84.262955
v -45.086388 -37.379219 85.513939
v -45.359585 -35.965008 86.032112
v -45.359585 -14.965006 86.032112
v -45.086388 -13.550797 85.513939
v -44.426815 -12.965008 84.262955
v -42.333069 -12.965008 80.291809
v -41.673496 -13.550797 79.040817
v -41.400295 -14.965006 78.522636
v -41.400295 -35.965008 78.522636
v -41.673496 -37.379219 79.040817
v -15.449607 -37.965008 89.443687
v -16.213728 -37.965008 93.867470
v -16.454441 -37.379219 95.261047
v -16.554148 -35.965008 95.838287
v -16.554148 -14.965006 95.838287
v -16.454441 -13.550797 95.261047
v -16.213728 -12.965008 93.867470
v -15.449607 -12.965008 89.443687
v -15.208895 -13.550797 88.050110
v -15.109188 -14.965006 87.472862
v -15.109188 -35.965008 87.472862
v -15.208895 -37.379219 88.050110
v 12.946169 -37.965008 89.840187
v 13.586472 -37.965008 94.283592
v 13.788180 -37.379219 95.683334
v 13.871730 -35.965008 96.263138
v 13.871730 -14.965006 96.263138
v 13.788180 -13.550797 95.683334
v 13.586472 -12.965008 94.283592
v 12.946169 -12.965008 89.840187
v 12.744461 -13.550797 88.440437
v 12.660912 -14.965006 87.860634
v 12.660912 -35.965008 87.860634
v 12.744461 -37.379219 88.440437
v 40.074684 -37.965008 81.442513
v 42.056736 -37.965008 85.470573
v 42.681118 -37.379219 86.739487
v 42.939747 -35.965008 87.265091
v 42.939747 -14.965006 87.265091
v 42.681118 -13.550797 86.739487
v 42.056736 -12.965008 85.470573
v 40.074684 -12.965008 81.442513
v 39.450298 -13.550797 80.173599
v 39.191669 -14.965006 79.647995
v 39.191669 -35.965008 79.647995
v 39.450298 -37.379219 80.173599
v 63.280407 -37.965008 65.072670
v 66.410187 -37.965008 68.291092
v 67.396133 -37.379219 69.304962
v 67.804520 -35.965008 69.724922
v 67.804520 -14.965006 69.724922
v 67.396133 -13.550797 69.304962
v 66.410187 -12.965008 68.291092
v 63.280407 -12.965008 65.072670
v 62.294468 -13.550797 64.058807
v 61.886078 -14.965006 63.638847
v 61.886078 -35.965008 63.638847
v 62.294468 -37.379219 64.058807
v 80.291809 -37.965008 42.333069
v 84.262955 -37.965008 44.426815
v 85.513939 -37.379219 45.086388
v 86.032112 -35.965008 45.359585
v 86.032112 -14.965006 45.359585
v 85.513939 -13.550797 45.086388
v 84.262955 -12.965008 44.426815
v 80.291809 -12.965008 42.333069
v 79.040817 -13.550797 41.673496
v 78.522636 -14.965006 41.400295
v 78.522636 -35.965008 41.400295
v 79.040817 -37.379219 41.673496
v 89.443687 -37.965008 15.449607
v 93.867470 -37.965008 16.213728
v 95.261047 -37.379219 16.454441
v 95.838287 -35.965008 16.554148
v 95.838287 -14.965006 16.554148
v 95.261047 -13.550797 16.454441
v 93.867470 -12.965008 16.213728
v 89.443687 -12.965008 15.449607
v 88.050110 -13.550797 15.208895
v 87.472862 -14.965006 15.109188
v 87.472862 -35.965008 15.109188
v 88.050110 -37.379219 15.208895
v 81.442513 12.034988 -40.074684
v 85.470573 12.034988 -42.056736
v 94.283592 12.034988 -13.586472
v 89.840187 12.034988 -12.946169
v 86.739487 12.620781 -42.681118
v 95.683334 12.620781 -13.788180
v 87.265091 14.034988 -42.939747
v 96.263138 14.034988 -13.871730
v 87.265091 35.034988 -42.939747
v 96.263138 35.034988 -13.871730
v 86.739487 36.449203 -42.681118
v 95.683334 36.449203 -13.788180
v 85.470573 37.034988 -42.056736
v 94.283592 37.034988 -13.586472
v 81.442513 37.034988 -40.074684
v 89.840187 37.034988 -12.946169
v 80.173599 36.449203 -39.450298
v 88.440437 36.449203 -12.744461
v 79.647995 35.034988 -39.191669
v 87.860634 35.034988 -12.660912
v 79.647995 14.034988 -39.191669
v 87.860634 14.034988 -12.660912
v 80.173599 12.620781 -39.450298
v 88.440437 12.620781 -12.744461
v 65.072670 12.034988 -63.280407
v 68.291092 12.034988 -66.410187
v 69.304962 12.620781 -67.396133
v 69.724922 14.034988 -67.804520
v 69.724922 35.034988 -67.804520
v 69.304962 36.449203 -67.396133
v 68.291092 37.034988 -66.410187
v 65.072670 37.034988 -63.280407
v 64.058807 36.449203 -62.294468
v 63.638847 35.034988 -61.886078
v 63.638847 14.034988 -61.886078
v 64.058807 12.620781 -62.294468
v 42.333069 12.034988 -80.291809
v 44.426815 12.034988 -84.262955
v 45.086388 12.620781 -85.513939
v 45.359585 14.034988 -86.032112
v 45.359585 35.034988 -86.032112
v 45.086388 36.449203 -85.513939
v 44.426815 37.034988 -84.262955
v 42.333069 37.034988 -80.291809
v 41.673496 36.449203 -79.040817
v 41.400295 35.034988 -78.522636
v 41.400295 14.034988 -78.522636
v 41.673496 12.620781 -79.040817
v 15.449607 12.034988 -89.443687
v 16.213728 12.034988 -93.867470
v 16.454441 12.620781 -95.261047
v 16.554148 14.034988 -95.838287
v 16.554148 35.034988 -95.838287
v 16.454441 36.449203 -95.261047
v 16.213728 37.034988 -93.867470
v 15.449607 37.034988 -89.443687
v 15.208895 36.449203 -88.050110
v 15.109188 35.034988 -87.472862
v 15.109188 14.034988 -87.472862
v 15.208895 12.620781 -88.050110
v -12.946169 12.034988 -89.840187
v -13.586472 12.034988 -94.283592
v -13.788180 12.620781 -95.683334
v -13.871730 14.034988 -96.263138
v -13.871730 35.034988 -96.263138
v -13.788180 36.449203 -95.683334
v -13.586472 37.034988 -94.283592
v -12.946169 37.034988 -89.840187
v -12.744461 36.449203 -88.440437
v -12.660912 35.034988 -87.860634
v -12.660912 14.034988 -87.860634
v -12.744461 12.620781 -88.440437
v -40.074684 12.034988 -81.442513
v -42.056736 12.034988 -85.470573
v -42.681118 12.620781 -86.739487
v -42.939747 14.034988 -87.265091
v -42.939747 35.034988 -87.265091
v -42.681118 36.449203 -86.739487
v -42.056736 37.034988 -85.470573
v -40.074684 37.034988 -81.442513
v -39.450298 36.449203 -80.173599
v -39.191669 35.034988 -79.647995
v -39.191669 14.034988 -79.647995
v -39.450298 12.620781 -80.173599
v -63.280407 12.034988 -65.072670
v -66.410187 12.034988 -68.291092
v -67.396133 12.620781 -69.304962
v -67.804520 14.034988 -69.724922
v -67.804520 35.034988 -69.724922
v -67.396133 36.449203 -69.304962
v -66.410187 37.034988 -68.291092
v -63.280407 37.034988 -65.072670
v -62.294468 36.449203 -64.058807
v -61.886078 35.034988 -63.638847
v -61.886078 14.034988 -63.638847
v -62.294468 12.620781 -64.058807
v -80.291809 12.034988 -42.333069
v -84.262955 12.034988 -44.426815
v -85.513939 12.620781 -45.086388
v -86.032112 14.034988 -45.359585
v -86.032112 35.034988 -45.359585
v -85.513939 36.449203 -45.086388
v -84.262955 37.034988 -44.426815
v -80.291809 37.034988 -42.333069
v -79.040817 36.449203 -41.673496
v -78.522636 35.034988 -41.400295
v -78.522636 14.034988 -41.400295
v -79.040817 12.620781 -41.673496
v -89.443687 12.034988 -15.449607
v -93.867470 12.034988 -16.213728
v -95.261047 12.620781 -16.454441
v -95.838287 14.034988 -16.554148
v -95.838287 35.034988 -16.554148
v -95.261047 36.449203 -16.454441
v -93.867470 37.034988 -16.213728
v -89.443687 37.034988 -15.449607
v -88.050110 36.449203 -15.208895
v -87.472862 35.034988 -15.109188
v -87.472862 14.034988 -15.109188
v -88.050110 12.620781 -15.208895
v -89.840187 12.034988 12.946169
v -94.283592 12.034988 13.586472
v -95.683334 12.620781 13.788180
v -96.263138 14.034988 13.871730
v -96.263138 35.034988 13.871730
v -95.683334 36.449203 13.788180
v -94.283592 37.034988 13.586472
v -89.840187 37.034988 12.946169
v -88.440437 36.449203 12.744461
v -87.860634 35.034988 12.660912
v -87.860634 14.034988 12.660912
v -88.440437 12.620781 12.744461
v -81.442513 12.034988 40.074684
v -85.470573 12.034988 42.056736
v -86.739487 12.620781 42.681118
v -87.265091 14.034988 42.939747
v -87.265091 35.034988 42.939747
v -86.739487 36.449203 42.681118
v -85.470573 37.034988 42.056736
v -81.442513 37.034988 40.074684
v -80.173599 36.449203 39.450298
v -79.647995 35.034988 39.191669
v -79.647995 14.034988 39.191669
v -80.173599 12.620781 39.450298
v -65.072670 12.034988 63.280407
v -68.291092 12.034988 66.410187
v -69.304962 12.620781 67.396133
v -69.724922 14.034988 67.804520
v -69.724922 35.034988 67.804520
v -69.304962 36.449203 67.396133
v -68.291092 37.034988 66.410187
v -65.072670 37.034988 63.280407
v -64.058807 36.449203 62.294468
v -63.638847 35.034988 61.886078
v -63.638847 14.034988 61.886078
v -64.058807 12.620781 62.294468
v -42.333069 12.034988 80.291809
v -44.426815 12.034988 84.262955
v -45.086388 12.620781 85.513939
v -45.359585 14.034988 86.032112
v -45.359585 35.034988 86.032112
v -45.086388 36.449203 85.513939
v -44.426815 37.034988 84.262955
v -42.333069 37.034988 80.291809
v -41.673496 36.449203 79.040817
v -41.400295 35.034988 78.522636
v -41.400295 14.034988 78.522636
v -41.673496 12.620781 79.040817
v -15.449607 12.034988 89.443687
v -16.213728 12.034988 93.867470
v -16.454441 12.620781 95.261047
v -16.554148 14.034988 95.838287
v -16.554148 35.034988 95.838287
v -16.454441 36.449203 95.261047
v -16.213728 37.034988 93.867470
v -15.449607 37.034988 89.443687
v -15.208895 36.449203 88.050110
v -15.109188 35.034988 87.472862
v -15.109188 14.034988 87.472862
v -15.208895 12.620781 88.050110
v 12.946169 12.034988 89.840187
v 13.586472 12.034988 94.283592
v 13.788180 12.620781 95.683334
v 13.871730 14.034988 96.263138
v 13.871730 35.034988 96.263138
v 13.788180 36.449203 95.683334
v 13.586472 37.034988 94.283592
v 12.946169 37.034988 89.840187
v 12.744461 36.449203 88.440437
v 12.660912 35.034988 87.860634
v 12.660912 14.034988 87.860634
v 12.744461 12.620781 88.440437
v 40.074684 12.034988 81.442513
v 42.056736 12.034988 85.470573
v 42.681118 12.620781 86.739487
v 42.939747 14.034988 87.265091
v 42.939747 35.034988 87.265091
v 42.681118 36.449203 86.739487
v 42.056736 37.034988 85.470573
v 40.074684 37.034988 81.442513
v 39.450298 36.449203 80.173599
v 39.191669 35.034988 79.647995
v 39.191669 14.034988 79.647995
v 39.450298 12.620781 80.173599
v 63.280407 12.034988 65.072670
v 66.410187 12.034988 68.291092
v 67.396133 12.620781 69.304962
v 67.804520 14.034988 69.724922
v 67.804520 35.034988 69.724922
v 67.396133 36.449203 69.304962
v 66.410187 37.034988 68.291092
v 63.280407 37.034988 65.072670
v 62.294468 36.449203 64.058807
v 61.886078 35.034988 63.638847
v 61.886078 14.034988 63.638847
v 62.294468 12.620781 64.058807
v 80.291809 12.034988 42.333069
v 84.262955 12.034988 44.426815
v 85.513939 12.620781 45.086388
v 86.032112 14.034988 45.359585
v 86.032112 35.034988 45.359585
v 85.513939 36.449203 45.086388
v 84.262955 37.034988 44.426815
v 80.291809 37.034988 42.333069
v 79.040817 36.449203 41.673496
v 78.522636 35.034988 41.400295
v 78.522636 14.034988 41.400295
v 79.040817 12.620781 41.673496
v 89.443687 12.034988 15.449607
v 93.867470 12.034988 16.213728
v 95.261047 12.620781 16.454441
v 95.838287 14.034988 16.554148
v 95.838287 35.034988 16.554148
v 95.261047 36.449203 16.454441
v 93.867470 37.034988 16.213728
v 89.443687 37.034988 15.449607
v 88.050110 36.449203 15.208895
v 87.472862 35.034988 15.109188
v 87.472862 14.034988 15.109188
v 88.050110 12.620781 15.208895
v 66.235939 -76.161911 -57.430576
v 86.770531 -76.161911 -12.503824
v 66.678520 -74.747688 -57.814327
v 87.350327 -74.747688 -12.587375
v 66.678520 -62.141533 -57.814327
v 87.350327 -62.141533 -12.587375
v 66.235939 -60.727318 -57.430576
v 86.770531 -60.727318 -12.503824
v 80.289024 -74.747688 36.635979
v 80.289024 -62.141533 36.635979
v 47.736515 -62.141533 74.227669
v 47.736515 -74.747688 74.227669
v 24.671902 -76.161911 -84.123528
v 24.836760 -74.747688 -84.685638
v 24.836760 -62.141533 -84.685638
v 24.671902 -60.727318 -84.123528
v 79.756096 -60.727318 36.392803
v 79.756096 -76.161911 36.392803
v 47.419655 -76.161911 73.734970
v -24.725288 -76.161911 -84.107849
v -24.890501 -74.747688 -84.669853
v -24.890501 -62.141533 -84.669853
v -24.725288 -60.727318 -84.107849
v -66.272377 -76.161911 -57.388523
v -66.715202 -74.747688 -57.771992
v -66.715202 -62.141533 -57.771992
v -66.272377 -60.727318 -57.388523
v 47.419655 -60.727318 73.734970
v -86.778450 -76.161911 -12.448751
v -87.358299 -74.747688 -12.531933
v -87.358299 -62.141533 -12.531933
v -86.778450 -60.727318 -12.448751
v 0.027820 -60.727318 87.666801
v -79.732979 -76.161911 36.443417
v -80.265755 -74.747688 36.686928
v -80.265755 -62.141533 36.686928
v -79.732979 -60.727318 36.443417
v 0.028005 -62.141533 88.252594
v -47.372852 -76.161911 73.765053
v -47.689396 -74.747688 74.257950
v -47.689396 -62.141533 74.257950
v -47.372852 -60.727318 73.765053
v 0.028005 -74.747688 88.252594
v 0.027820 -76.161911 87.666801
v 18.687599 -59.975594 -83.022224
v 20.808920 -59.360519 -83.022224
v 20.808920 -59.360519 -74.977776
v 18.687599 -59.975594 -74.977776
v 21.687599 -57.875595 -83.022224
v 21.687599 -57.875595 -74.977776
v 21.687599 57.875595 -83.022224
v 21.687599 57.875595 -74.977776
v 20.808920 59.360519 -83.022224
v 20.808920 59.360519 -74.977776
v 18.687599 59.975601 -83.022224
v 18.687599 59.975601 -74.977776
v 20.187599 -59.360519 -84.522224
v 20.808920 -57.875595 -85.143547
v 20.808920 57.875595 -85.143547
v 20.187599 59.360519 -84.522224
v 18.687599 -59.360519 -85.143547
v 18.687599 -57.875595 -86.022224
v 18.687599 57.875595 -86.022224
v 18.687599 59.360519 -85.143547
v -18.687599 -59.975594 -83.022224
v -18.687599 -59.360519 -85.143547
v -18.687599 -57.875595 -86.022224
v -18.687599 57.875595 -86.022224
v -18.687599 59.360519 -85.143547
v -18.687599 59.975601 -83.022224
v -20.187599 -59.360519 -84.522224
v -20.808920 -57.875595 -85.143547
v -20.808920 57.875595 -85.143547
v -20.187599 59.360519 -84.522224
v -20.808920 -59.360519 -83.022224
v -21.687599 -57.875595 -83.022224
v -21.687599 57.875595 -83.022224
v -20.808920 59.360519 -83.022224
v -18.687599 -59.975594 -74.977776
v -20.808920 -59.360519 -74.977776
v -21.687599 -57.875595 -74.977776
v -21.687599 57.875595 -74.977776
v -20.808920 59.360519 -74.977776
v -18.687599 59.975601 -74.977776
v -20.187599 -59.360519 -73.477776
v -20.808920 -57.875595 -72.856453
v -20.808920 57.875595 -72.856453
v -20.187599 59.360519 -73.477776
v -18.687599 -59.360519 -72.856453
v -18.687599 -57.875595 -71.977776
v -18.687599 57.875595 -71.977776
v -18.687599 59.360519 -72.856453
v 18.687599 -59.360519 -72.856453
v 18.687599 -57.875595 -71.977776
v 18.687599 57.875595 -71.977776
v 18.687599 59.360519 -72.856453
v 20.187599 -59.360519 -73.477776
v 20.808920 -57.875595 -72.856453
v 20.808920 57.875595 -72.856453
v 20.187599 59.360519 -73.477776
v 60.606209 -59.975594 -59.739460
v 62.390778 -59.360519 -58.592590
v 58.041622 -59.360519 -51.825165
v 56.257050 -59.975594 -52.972038
v 63.129971 -57.875595 -58.117535
v 58.780811 -57.875595 -51.350113
v 63.129971 57.875595 -58.117535
v 58.780811 57.875595 -51.350113
v 62.390778 59.360519 -58.592590
v 58.041622 59.360519 -51.825165
v 60.606209 59.975601 -59.739460
v 56.257050 59.975601 -52.972038
v 62.679054 -59.360519 -60.190380
v 63.537651 -57.875595 -60.377159
v 63.537651 57.875595 -60.377159
v 62.679054 59.360519 -60.190380
v 61.753086 -59.360519 -61.524029
v 62.228134 -57.875595 -62.263222
v 62.228134 57.875595 -62.263222
v 61.753086 59.360519 -61.524029
v 29.164192 -59.975594 -79.946022
v 30.311068 -59.360519 -81.730591
v 30.786116 -57.875595 -82.469780
v 30.786116 57.875595 -82.469780
v 30.311068 59.360519 -81.730591
v 29.164192 59.975601 -79.946022
v 28.713276 -59.360519 -82.018860
v 28.526499 -57.875595 -82.877464
v 28.526499 57.875595 -82.877464
v 28.713276 59.360519 -82.018860
v 27.379627 -59.360519 -81.092896
v 26.640434 -57.875595 -81.567940
v 26.640434 57.875595 -81.567940
v 27.379627 59.360519 -81.092896
v 24.815035 -59.975594 -73.178596
v 23.030466 -59.360519 -74.325470
v 22.291275 -57.875595 -74.800522
v 22.291275 57.875595 -74.800522
v 23.030466 59.360519 -74.325470
v 24.815035 59.975601 -73.178596
v 22.742193 -59.360519 -72.727676
v 21.883595 -57.875595 -72.540901
v 21.883595 57.875595 -72.540901
v 22.742193 59.360519 -72.727676
v 23.668161 -59.360519 -71.394028
v 23.193113 -57.875595 -70.654839
v 23.193113 57.875595 -70.654839
v 23.668161 59.360519 -71.394028
v 55.110180 -59.360519 -51.187469
v 54.635132 -57.875595 -50.448277
v 54.635132 57.875595 -50.448277
v 55.110180 59.360519 -51.187469
v 56.707973 -59.360519 -50.899197
v 56.894749 -57.875595 -50.040596
v 56.894749 57.875595 -50.040596
v 56.707973 59.360519 -50.899197
v 83.282784 -59.975594 -17.489838
v 84.164009 -59.360519 -15.560220
v 76.846519 -59.360519 -12.218432
v 75.965294 -59.975594 -14.148054
v 84.529030 -57.875595 -14.760943
v 77.211540 -57.875595 -11.419158
v 84.529030 57.875595 -14.760943
v 77.211540 57.875595 -11.419158
v 84.164009 59.360519 -15.560220
v 76.846519 59.360519 -12.218432
v 83.282784 59.975601 -17.489838
v 75.965294 59.975601 -14.148054
v 85.270355 -59.360519 -16.748514
v 86.093628 -57.875595 -16.441448
v 86.093628 57.875595 -16.441448
v 85.270355 59.360519 -16.748514
v 85.212402 -59.360519 -18.371069
v 86.011681 -57.875595 -18.736086
v 86.011681 57.875595 -18.736086
v 85.212402 59.360519 -18.371069
v 67.756561 -59.975594 -51.487518
v 69.686188 -59.360519 -52.368748
v 70.485458 -57.875595 -52.733761
v 70.485458 57.875595 -52.733761
v 69.686188 59.360519 -52.368748
v 67.756561 59.975601 -51.487518
v 68.497887 -59.360519 -53.475086
v 68.804955 -57.875595 -54.298363
v 68.804955 57.875595 -54.298363
v 68.497887 59.360519 -53.475086
v 66.875336 -59.360519 -53.417137
v 66.510315 -57.875595 -54.216415
v 66.510315 57.875595 -54.216415
v 66.875336 59.360519 -53.417137
v 60.439072 -59.975594 -48.145733
v 59.557846 -59.360519 -50.075352
v 59.192829 -57.875595 -50.874626
v 59.192829 57.875595 -50.874626
v 59.557846 59.360519 -50.075352
v 60.439072 59.975601 -48.145733
v 58.451504 -59.360519 -48.887058
v 57.628223 -57.875595 -49.194126
v 57.628223 57.875595 -49.194126
v 58.451504 59.360519 -48.887058
v 58.509449 -59.360519 -47.264503
v 57.710178 -57.875595 -46.899487
v 57.710178 57.875595 -46.899487
v 58.509449 59.360519 -47.264503
v 74.035667 -59.360519 -13.266826
v 73.236397 -57.875595 -12.901808
v 73.236397 57.875595 -12.901808
v 74.035667 59.360519 -13.266826
v 75.223969 -59.360519 -12.160482
v 74.916901 -57.875595 -11.337205
v 74.916901 57.875595 -11.337205
v 75.223969 59.360519 -12.160482
v 79.517654 -59.975594 30.312681
v 79.215759 -59.360519 32.412411
v 71.253189 -59.360519 31.267565
v 71.555084 -59.975594 29.167837
v 79.090714 -57.875595 33.282146
v 71.128143 -57.875595 32.137302
v 79.090714 57.875595 33.282146
v 71.128143 57.875595 32.137302
v 79.215759 59.360519 32.412411
v 71.253189 59.360519 31.267565
v 79.517654 59.975601 30.312681
v 71.555084 59.975601 29.167837
v 80.788910 -59.360519 32.010887
v 81.315491 -57.875595 32.714306
v 81.315491 57.875595 32.714306
v 80.788910 59.360519 32.010887
v 81.617386 -59.360519 30.614574
v 82.487122 -57.875595 30.739626
v 82.487122 57.875595 30.739626
v 81.617386 59.360519 30.614574
v 84.836700 -59.975594 -6.682092
v 86.936432 -59.360519 -6.380197
v 87.806160 -57.875595 -6.255148
v 87.806160 57.875595 -6.255148
v 86.936432 59.360519 -6.380197
v 84.836700 59.975601 -6.682092
v 86.534904 -59.360519 -7.953352
v 87.238327 -57.875595 -8.479925
v 87.238327 57.875595 -8.479925
v 86.534904 59.360519 -7.953352
v 85.138588 -59.360519 -8.781821
v 85.263649 -57.875595 -9.651557
v 85.263649 57.875595 -9.651557
v 85.138588 59.360519 -8.781821
v 76.874130 -59.975594 -7.826937
v 77.176025 -59.360519 -9.926665
v 77.301079 -57.875595 -10.796402
v 77.301079 57.875595 -10.796402
v 77.176025 59.360519 -9.926665
v 76.874130 59.975601 -7.826937
v 75.602875 -59.360519 -9.525142
v 75.076302 -57.875595 -10.228561
v 75.076302 57.875595 -10.228561
v 75.602875 59.360519 -9.525142
v 74.774406 -59.360519 -8.128833
v 73.904671 -57.875595 -8.253881
v 73.904671 57.875595 -8.253881
v 74.774406 59.360519 -8.128833
v 69.455360 -59.360519 28.865940
v 68.585625 -57.875595 28.740892
v 68.585625 57.875595 28.740892
v 69.455360 59.360519 28.865940
v 69.856880 -59.360519 30.439096
v 69.153465 -57.875595 30.965668
v 69.153465 57.875595 30.965668
v 69.856880 59.360519 30.439096
v 50.506237 -59.975594 68.491142
v 49.117065 -59.360519 70.094330
v 43.037476 -59.360519 64.826332
v 44.426647 -59.975594 63.223141
v 48.541653 -57.875595 70.758392
v 42.462063 -57.875595 65.490395
v 48.541653 57.875595 70.758392
v 42.462063 57.875595 65.490395
v 49.117065 59.360519 70.094330
v 43.037476 59.360519 64.826332
v 50.506237 59.975601 68.491142
v 44.426647 59.975601 63.223141
v 50.657570 -59.360519 70.607056
v 50.720253 -57.875595 71.483498
v 50.720253 57.875595 71.483498
v 50.657570 59.360519 70.607056
v 52.109421 -59.360519 69.880310
v 52.773483 -57.875595 70.455719
v 52.773483 57.875595 70.455719
v 52.109421 59.360519 69.880310
v 74.981789 -59.975594 40.244850
v 76.584976 -59.360519 41.634018
v 77.249039 -57.875595 42.209431
v 77.249039 57.875595 42.209431
v 76.584976 59.360519 41.634018
v 74.981789 59.975601 40.244850
v 77.097702 -59.360519 40.093517
v 77.974144 -57.875595 40.030834
v 77.974144 57.875595 40.030834
v 77.097702 59.360519 40.093517
v 76.370956 -59.360519 38.641659
v 76.946373 -57.875595 37.977600
v 76.946373 57.875595 37.977600
v 76.370956 59.360519 38.641659
v 68.902199 -59.975594 34.976856
v 70.291367 -59.360519 33.373669
v 70.866776 -57.875595 32.709602
v 70.866776 57.875595 32.709602
v 70.291367 59.360519 33.373669
v 68.902199 59.975601 34.976856
v 68.750862 -59.360519 32.860939
v 68.688179 -57.875595 31.984499
v 68.688179 57.875595 31.984499
v 68.750862 59.360519 32.860939
v 67.299011 -59.360519 33.587685
v 66.634949 -57.875595 33.012272
v 66.634949 57.875595 33.012272
v 67.299011 59.360519 33.587685
v 42.823460 -59.360519 61.833977
v 42.159397 -57.875595 61.258560
v 42.159397 57.875595 61.258560
v 42.823460 59.360519 61.833977
v 42.310730 -59.360519 63.374477
v 41.434288 -57.875595 63.437164
v 41.434288 57.875595 63.437164
v 42.310730 59.360519 63.374477
v 5.459443 -59.975594 84.924149
v 3.424051 -59.360519 85.521790
v 1.157667 -59.360519 77.803200
v 3.193059 -59.975594 77.205551
v 2.580964 -57.875595 85.769348
v 0.314580 -57.875595 78.050751
v 2.580964 57.875595 85.769348
v 0.314580 57.875595 78.050751
v 3.424051 59.360519 85.521790
v 1.157667 59.360519 77.803200
v 5.459443 59.975601 84.924149
v 3.193059 59.975601 77.205551
v 4.442802 -59.360519 86.785988
v 4.021696 -57.875595 87.557182
v 4.021696 57.875595 87.557182
v 4.442802 59.360519 86.785988
v 6.057088 -59.360519 86.959541
v 6.304641 -57.875595 87.802628
v 6.304641 57.875595 87.802628
v 6.057088 59.360519 86.959541
v 41.320686 -59.975594 74.394341
v 41.918331 -59.360519 76.429726
v 42.165882 -57.875595 77.272820
v 42.165882 57.875595 77.272820
v 41.918331 59.360519 76.429726
v 41.320686 59.975601 74.394341
v 43.182522 -59.360519 75.410980
v 43.953720 -57.875595 75.832077
v 43.953720 57.875595 75.832077
v 43.182522 59.360519 75.410980
v 43.356075 -59.360519 73.796692
v 44.199165 -57.875595 73.549141
v 44.199165 57.875595 73.549141
v 43.356075 59.360519 73.796692
v 39.054302 -59.975594 66.675743
v 41.089691 -59.360519 66.078094
v 41.932781 -57.875595 65.830544
v 41.932781 57.875595 65.830544
v 41.089691 59.360519 66.078094
v 39.054302 59.975601 66.675743
v 40.070942 -59.360519 64.813904
v 40.492046 -57.875595 64.042702
v 40.492046 57.875595 64.042702
v 40.070942 59.360519 64.813904
v 38.456657 -59.360519 64.640350
v 38.209103 -57.875595 63.797260
v 38.209103 57.875595 63.797260
v 38.456657 59.360519 64.640350
v 2.595414 -59.360519 75.170158
v 2.347862 -57.875595 74.327072
v 2.347862 57.875595 74.327072
v 2.595414 59.360519 75.170158
v 1.331221 -59.360519 76.188904
v 0.560022 -57.875595 75.767807
v 0.560022 57.875595 75.767807
v 1.331221 59.360519 76.188904
v -41.320686 -59.975594 74.394341
v -43.356075 -59.360519 73.796692
v -41.089691 -59.360519 66.078094
v -39.054302 -59.975594 66.675743
v -44.199165 -57.875595 73.549141
v -41.932781 -57.875595 65.830544
v -44.199165 57.875595 73.549141
v -41.932781 57.875595 65.830544
v -43.356075 59.360519 73.796692
v -41.089691 59.360519 66.078094
v -41.320686 59.975601 74.394341
v -39.054302 59.975601 66.675743
v -43.182522 -59.360519 75.410980
v -43.953720 -57.875595 75.832077
v -43.953720 57.875595 75.832077
v -43.182522 59.360519 75.410980
v -41.918331 -59.360519 76.429726
v -42.165882 -57.875595 77.272820
v -42.165882 57.875595 77.272820
v -41.918331 59.360519 76.429726
v -5.459443 -59.975594 84.924149
v -6.057088 -59.360519 86.959541
v -6.304641 -57.875595 87.802628
v -6.304641 57.875595 87.802628
v -6.057088 59.360519 86.959541
v -5.459443 59.975601 84.924149
v -4.442802 -59.360519 86.785988
v -4.021696 -57.875595 87.557182
v -4.021696 57.875595 87.557182
v -4.442802 59.360519 86.785988
v -3.424051 -59.360519 85.521790
v -2.580964 -57.875595 85.769348
v -2.580964 57.875595 85.769348
v -3.424051 59.360519 85.521790
v -3.193059 -59.975594 77.205551
v -1.157667 -59.360519 77.803200
v -0.314580 -57.875595 78.050751
v -0.314580 57.875595 78.050751
v -1.157667 59.360519 77.803200
v -3.193059 59.975601 77.205551
v -1.331221 -59.360519 76.188904
v -0.560022 -57.875595 75.767807
v -0.560022 57.875595 75.767807
v -1.331221 59.360519 76.188904
v -2.595414 -59.360519 75.170158
v -2.347862 -57.875595 74.327072
v -2.347862 57.875595 74.327072
v -2.595414 59.360519 75.170158
v -38.456657 -59.360519 64.640350
v -38.209103 -57.875595 63.797260
v -38.209103 57.875595 63.797260
v -38.456657 59.360519 64.640350
v -40.070942 -59.360519 64.813904
v -40.492046 -57.875595 64.042702
v -40.492046 57.875595 64.042702
v -40.070942 59.360519 64.813904
v -74.981789 -59.975594 40.244850
v -76.370956 -59.360519 38.641659
v -70.291367 -59.360519 33.373669
v -68.902199 -59.975594 34.976856
v -76.946373 -57.875595 37.977600
v -70.866776 -57.875595 32.709602
v -76.946373 57.875595 37.977600
v -70.866776 57.875595 32.709602
v -76.370956 59.360519 38.641659
v -70.291367 59.360519 33.373669
v -74.981789 59.975601 40.244850
v -68.902199 59.975601 34.976856
v -77.097702 -59.360519 40.093517
v -77.974144 -57.875595 40.030834
v -77.974144 57.875595 40.030834
v -77.097702 59.360519 40.093517
v -76.584976 -59.360519 41.634018
v -77.249039 -57.875595 42.209431
v -77.249039 57.875595 42.209431
v -76.584976 59.360519 41.634018
v -50.506237 -59.975594 68.491142
v -52.109421 -59.360519 69.880310
v -52.773483 -57.875595 70.455719
v -52.773483 57.875595 70.455719
v -52.109421 59.360519 69.880310
v -50.506237 59.975601 68.491142
v -50.657570 -59.360519 70.607056
v -50.720253 -57.875595 71.483498
v -50.720253 57.875595 71.483498
v -50.657570 59.360519 70.607056
v -49.117065 -59.360519 70.094330
v -48.541653 -57.875595 70.758392
v -48.541653 57.875595 70.758392
v -49.117065 59.360519 70.094330
v -44.426647 -59.975594 63.223141
v -43.037476 -59.360519 64.826332
v -42.462063 -57.875595 65.490395
v -42.462063 57.875595 65.490395
v -43.037476 59.360519 64.826332
v -44.426647 59.975601 63.223141
v -42.310730 -59.360519 63.374477
v -41.434288 -57.875595 63.437164
v -41.434288 57.875595 63.437164
v -42.310730 59.360519 63.374477
v -42.823460 -59.360519 61.833977
v -42.159397 -57.875595 61.258560
v -42.159397 57.875595 61.258560
v -42.823460 59.360519 61.833977
v -67.299011 -59.360519 33.587685
v -66.634949 -57.875595 33.012272
v -66.634949 57.875595 33.012272
v -67.299011 59.360519 33.587685
v -68.750862 -59.360519 32.860939
v -68.688179 -57.875595 31.984499
v -68.688179 57.875595 31.984499
v -68.750862 59.360519 32.860939
v -84.836700 -59.975594 -6.682092
v -85.138588 -59.360519 -8.781821
v -77.176025 -59.360519 -9.926665
v -76.874130 -59.975594 -7.826937
v -85.263649 -57.875595 -9.651557
v -77.301079 -57.875595 -10.796402
v -85.263649 57.875595 -9.651557
v -77.301079 57.875595 -10.796402
v -85.138588 59.360519 -8.781821
v -77.176025 59.360519 -9.926665
v -84.836700 59.975601 -6.682092
v -76.874130 59.975601 -7.826937
v -86.534904 -59.360519 -7.953352
v -87.238327 -57.875595 -8.479925
v -87.238327 57.875595 -8.479925
v -86.534904 59.360519 -7.953352
v -86.936432 -59.360519 -6.380197
v -87.806160 -57.875595 -6.255148
v -87.806160 57.875595 -6.255148
v -86.936432 59.360519 -6.380197
v -79.517654 -59.975594 30.312681
v -81.617386 -59.360519 30.614574
v -82.487122 -57.875595 30.739626
v -82.487122 57.875595 30.739626
v -81.617386 59.360519 30.614574
v -79.517654 59.975601 30.312681
v -80.788910 -59.360519 32.010887
v -81.315491 -57.875595 32.714306
v -81.315491 57.875595 32.714306
v -80.788910 59.360519 32.010887
v -79.215759 -59.360519 32.412411
v -79.090714 -57.875595 33.282146
v -79.090714 57.875595 33.282146
v -79.215759 59.360519 32.412411
v -71.555084 -59.975594 29.167837
v -71.253189 -59.360519 31.267565
v -71.128143 -57.875595 32.137302
v -71.128143 57.875595 32.137302
v -71.253189 59.360519 31.267565
v -71.555084 59.975601 29.167837
v -69.856880 -59.360519 30.439096
v -69.153465 -57.875595 30.965668
v -69.153465 57.875595 30.965668
v -69.856880 59.360519 30.439096
v -69.455360 -59.360519 28.865940
v -68.585625 -57.875595 28.740892
v -68.585625 57.875595 28.740892
v -69.455360 59.360519 28.865940
v -74.774406 -59.360519 -8.128833
v -73.904671 -57.875595 -8.253881
v -73.904671 57.875595 -8.253881
v -74.774406 59.360519 -8.128833
v -75.602875 -59.360519 -9.525142
v -75.076302 -57.875595 -10.228561
v -75.076302 57.875595 -10.228561
v -75.602875 59.360519 -9.525142
v -67.756561 -59.975594 -51.487518
v -66.875336 -59.360519 -53.417137
v -59.557846 -59.360519 -50.075352
v -60.439072 -59.975594 -48.145733
v -66.510315 -57.875595 -54.216415
v -59.192829 -57.875595 -50.874626
v -66.510315 57.875595 -54.216415
v -59.192829 57.875595 -50.874626
v -66.875336 59.360519 -53.417137
v -59.557846 59.360519 -50.075352
v -67.756561 59.975601 -51.487518
v -60.439072 59.975601 -48.145733
v -68.497887 -59.360519 -53.475086
v -68.804955 -57.875595 -54.298363
v -68.804955 57.875595 -54.298363
v -68.497887 59.360519 -53.475086
v -69.686188 -59.360519 -52.368748
v -70.485458 -57.875595 -52.733761
v -70.485458 57.875595 -52.733761
v -69.686188 59.360519 -52.368748
v -83.282784 -59.975594 -17.489838
v -85.212402 -59.360519 -18.371069
v -86.011681 -57.875595 -18.736086
v -86.011681 57.875595 -18.736086
v -85.212402 59.360519 -18.371069
v -83.282784 59.975601 -17.489838
v -85.270355 -59.360519 -16.748514
v -86.093628 -57.875595 -16.441448
v -86.093628 57.875595 -16.441448
v -85.270355 59.360519 -16.748514
v -84.164009 -59.360519 -15.560220
v -84.529030 -57.875595 -14.760943
v -84.529030 57.875595 -14.760943
v -84.164009 59.360519 -15.560220
v -75.965294 -59.975594 -14.148054
v -76.846519 -59.360519 -12.218432
v -77.211540 -57.875595 -11.419158
v -77.211540 57.875595 -11.419158
v -76.846519 59.360519 -12.218432
v -75.965294 59.975601 -14.148054
v -75.223969 -59.360519 -12.160482
v -74.916901 -57.875595 -11.337205
v -74.916901 57.875595 -11.337205
v -75.223969 59.360519 -12.160482
v -74.035667 -59.360519 -13.266826
v -73.236397 -57.875595 -12.901808
v -73.236397 57.875595 -12.901808
v -74.035667 59.360519 -13.266826
v -58.509449 -59.360519 -47.264503
v -57.710178 -57.875595 -46.899487
v -57.710178 57.875595 -46.899487
v -58.509449 59.360519 -47.264503
v -58.451504 -59.360519 -48.887058
v -57.628223 -57.875595 -49.194126
v -57.628223 57.875595 -49.194126
v -58.451504 59.360519 -48.887058
v -29.164192 -59.975594 -79.946022
v -27.379627 -59.360519 -81.092896
v -23.030466 -59.360519 -74.325470
v -24.815035 -59.975594 -73.178596
v -26.640434 -57.875595 -81.567940
v -22.291275 -57.875595 -74.800522
v -26.640434 57.875595 -81.567940
v -22.291275 57.875595 -74.800522
v -27.379627 59.360519 -81.092896
v -23.030466 59.360519 -74.325470
v -29.164192 59.975601 -79.946022
v -24.815035 59.975601 -73.178596
v -28.713276 -59.360519 -82.018860
v -28.526499 -57.875595 -82.877464
v -28.526499 57.875595 -82.877464
v -28.713276 59.360519 -82.018860
v -30.311068 -59.360519 -81.730591
v -30.786116 -57.875595 -82.469780
v -30.786116 57.875595 -82.469780
v -30.311068 59.360519 -81.730591
v -60.606209 -59.975594 -59.739460
v -61.753086 -59.360519 -61.524029
v -62.228134 -57.875595 -62.263222
v -62.228134 57.875595 -62.263222
v -61.753086 59.360519 -61.524029
v -60.606209 59.975601 -59.739460
v -62.679054 -59.360519 -60.190380
v -63.537651 -57.875595 -60.377159
v -63.537651 57.875595 -60.377159
v -62.679054 59.360519 -60.190380
v -62.390778 -59.360519 -58.592590
v -63.129971 -57.875595 -58.117535
v -63.129971 57.875595 -58.117535
v -62.390778 59.360519 -58.592590
v -56.257050 -59.975594 -52.972038
v -58.041622 -59.360519 -51.825165
v -58.780811 -57.875595 -51.350113
v -58.780811 57.875595 -51.350113
v -58.041622 59.360519 -51.825165
v -56.257050 59.975601 -52.972038
v -56.707973 -59.360519 -50.899197
v -56.894749 -57.875595 -50.040596
v -56.894749 57.875595 -50.040596
v -56.707973 59.360519 -50.899197
v -55.110180 -59.360519 -51.187469
v -54.635132 -57.875595 -50.448277
v -54.635132 57.875595 -50.448277
v -55.110180 59.360519 -51.187469
v -23.668161 -59.360519 -71.394028
v -23.193113 -57.875595 -70.654839
v -23.193113 57.875595 -70.654839
v -23.668161 59.360519 -71.394028
v -22.742193 -59.360519 -72.727676
v -21.883595 -57.875595 -72.540901
v -21.883595 57.875595 -72.540901
v -22.742193 59.360519 -72.727676

# UV coordinates
vt 0.345010 0.921498
vt 0.323043 0.969599
vt 0.278558 0.998188
vt 0.225678 0.998188
vt 0.181192 0.969599
vt 0.159225 0.921498
vt 0.166751 0.869156
vt 0.201380 0.829192
vt 0.252118 0.814294
vt 0.302856 0.829192
vt 0.337485 0.869156
vt 0.343119 0.684089
vt 0.343119 0.736969
vt 0.314530 0.781455
vt 0.266429 0.803422
vt 0.214087 0.795896
vt 0.174123 0.761267
vt 0.159225 0.710529
vt 0.174123 0.659791
vt 0.214087 0.625162
vt 0.266429 0.617637
vt 0.314530 0.639604
vt 0.668086 0.764489
vt 0.668086 0.764938
vt 0.660163 0.764938
vt 0.660163 0.764489
vt 0.674200 0.764489
vt 0.674200 0.764938
vt 0.679748 0.764489
vt 0.679748 0.764938
vt 0.685863 0.764489
vt 0.685863 0.764938
vt 0.693786 0.764489
vt 0.693786 0.764938
vt 0.730687 0.105653
vt 0.730238 0.105653
vt 0.730238 0.104323
vt 0.730687 0.104323
vt 0.321193 0.020046
vt 0.321193 0.020495
vt 0.313270 0.020495
vt 0.313270 0.020046
vt 0.327307 0.020046
vt 0.327307 0.020495
vt 0.332855 0.020046
vt 0.332855 0.020495
vt 0.338970 0.020046
vt 0.338970 0.020495
vt 0.346893 0.020046
vt 0.346893 0.020495
vt 0.701720 0.104323
vt 0.702169 0.104323
vt 0.702169 0.105653
vt 0.701720 0.105653
vt 0.707783 0.098667
vt 0.707783 0.111309
vt 0.713397 0.096097
vt 0.713397 0.113879
vt 0.719011 0.096097
vt 0.719011 0.113879
vt 0.724624 0.098667
vt 0.724624 0.111309
vt 0.696238 0.111309
vt 0.696238 0.098667
vt 0.690756 0.113879
vt 0.690756 0.096097
vt 0.685274 0.113879
vt 0.685274 0.096097
vt 0.679791 0.111309
vt 0.679791 0.098667
vt 0.674309 0.105653
vt 0.674309 0.104323
vt 0.991122 0.945771
vt 0.991571 0.945771
vt 0.991571 0.953694
vt 0.991122 0.953694
vt 0.991122 0.939657
vt 0.991571 0.939657
vt 0.991122 0.934109
vt 0.991571 0.934109
vt 0.991122 0.927994
vt 0.991571 0.927994
vt 0.991122 0.920072
vt 0.991571 0.920072
vt 0.655058 0.144826
vt 0.654609 0.144826
vt 0.654609 0.143496
vt 0.655058 0.143496
vt 0.968480 0.901277
vt 0.968929 0.901277
vt 0.968929 0.909200
vt 0.968480 0.909200
vt 0.968480 0.895163
vt 0.968929 0.895163
vt 0.968480 0.889615
vt 0.968929 0.889615
vt 0.968480 0.883500
vt 0.968929 0.883500
vt 0.968480 0.875578
vt 0.968929 0.875578
vt 0.626091 0.143496
vt 0.626540 0.143496
vt 0.626540 0.144826
vt 0.626091 0.144826
vt 0.632154 0.137840
vt 0.632154 0.150482
vt 0.637768 0.135270
vt 0.637768 0.153051
vt 0.643381 0.135270
vt 0.643381 0.153051
vt 0.648995 0.137840
vt 0.648995 0.150482
vt 0.676987 0.150482
vt 0.676987 0.137840
vt 0.682469 0.143496
vt 0.682469 0.144826
vt 0.671505 0.153051
vt 0.671505 0.135270
vt 0.666022 0.153051
vt 0.666022 0.135270
vt 0.660540 0.150482
vt 0.660540 0.137840
vt 0.975723 0.246553
vt 0.976172 0.246553
vt 0.976172 0.254476
vt 0.975723 0.254476
vt 0.975723 0.240439
vt 0.976172 0.240439
vt 0.975723 0.234891
vt 0.976172 0.234891
vt 0.975723 0.228776
vt 0.976172 0.228776
vt 0.975723 0.220853
vt 0.976172 0.220853
vt 0.891760 0.672811
vt 0.891760 0.673260
vt 0.890431 0.673260
vt 0.890431 0.672811
vt 0.964402 0.438502
vt 0.964851 0.438502
vt 0.964851 0.446425
vt 0.964402 0.446425
vt 0.964402 0.432388
vt 0.964851 0.432388
vt 0.964402 0.426840
vt 0.964851 0.426840
vt 0.964402 0.420726
vt 0.964851 0.420726
vt 0.964402 0.412803
vt 0.964851 0.412803
vt 0.890431 0.701778
vt 0.890431 0.701329
vt 0.891760 0.701329
vt 0.891760 0.701778
vt 0.884775 0.695715
vt 0.897416 0.695715
vt 0.882205 0.690101
vt 0.899986 0.690101
vt 0.882205 0.684488
vt 0.899986 0.684488
vt 0.884775 0.678874
vt 0.897416 0.678874
vt 0.897416 0.707260
vt 0.884775 0.707260
vt 0.899986 0.712742
vt 0.882205 0.712742
vt 0.899986 0.718225
vt 0.882205 0.718225
vt 0.897416 0.723707
vt 0.884775 0.723707
vt 0.891760 0.729189
vt 0.890431 0.729189
vt 0.380947 0.031367
vt 0.380947 0.031816
vt 0.373025 0.031816
vt 0.373025 0.031367
vt 0.387062 0.031367
vt 0.387062 0.031816
vt 0.392610 0.031367
vt 0.392610 0.031816
vt 0.398724 0.031367
vt 0.398724 0.031816
vt 0.406647 0.031367
vt 0.406647 0.031816
vt 0.662988 0.114843
vt 0.663437 0.114843
vt 0.663437 0.116173
vt 0.662988 0.116173
vt 0.829749 0.026521
vt 0.829749 0.026970
vt 0.821826 0.026970
vt 0.821826 0.026521
vt 0.835863 0.026521
vt 0.835863 0.026970
vt 0.841411 0.026521
vt 0.841411 0.026970
vt 0.847525 0.026521
vt 0.847525 0.026970
vt 0.855448 0.026521
vt 0.855448 0.026970
vt 0.635577 0.116173
vt 0.635128 0.116173
vt 0.635128 0.114843
vt 0.635577 0.114843
vt 0.629514 0.121829
vt 0.629514 0.109187
vt 0.623900 0.124399
vt 0.623900 0.106617
vt 0.618287 0.124399
vt 0.618287 0.106617
vt 0.612673 0.121829
vt 0.612673 0.109187
vt 0.607059 0.116173
vt 0.607059 0.114843
vt 0.641059 0.109187
vt 0.641059 0.121829
vt 0.646541 0.106617
vt 0.646541 0.124399
vt 0.652024 0.106617
vt 0.652024 0.124399
vt 0.657506 0.109187
vt 0.657506 0.121829
vt 0.660163 0.745694
vt 0.660612 0.745694
vt 0.660612 0.753617
vt 0.660163 0.753617
vt 0.660163 0.739580
vt 0.660612 0.739580
vt 0.660163 0.734032
vt 0.660612 0.734032
vt 0.660163 0.727917
vt 0.660612 0.727917
vt 0.660163 0.719995
vt 0.660612 0.719995
vt 0.863107 0.834722
vt 0.863107 0.835171
vt 0.861778 0.835171
vt 0.861778 0.834722
vt 0.736900 0.015200
vt 0.736900 0.015650
vt 0.728977 0.015650
vt 0.728977 0.015200
vt 0.743014 0.015200
vt 0.743014 0.015650
vt 0.748562 0.015200
vt 0.748562 0.015650
vt 0.754676 0.015200
vt 0.754676 0.015650
vt 0.762599 0.015200
vt 0.762599 0.015650
vt 0.861778 0.863689
vt 0.861778 0.863240
vt 0.863107 0.863240
vt 0.863107 0.863689
vt 0.856122 0.857626
vt 0.868763 0.857626
vt 0.853552 0.852012
vt 0.871333 0.852012
vt 0.853552 0.846398
vt 0.871333 0.846398
vt 0.856122 0.840785
vt 0.868763 0.840785
vt 0.868763 0.812793
vt 0.856122 0.812793
vt 0.861778 0.807311
vt 0.863107 0.807311
vt 0.871333 0.818275
vt 0.853552 0.818275
vt 0.871333 0.823758
vt 0.853552 0.823758
vt 0.868763 0.829240
vt 0.856122 0.829240
vt 0.499169 0.020046
vt 0.499169 0.020495
vt 0.491246 0.020495
vt 0.491246 0.020046
vt 0.505284 0.020046
vt 0.505284 0.020495
vt 0.510832 0.020046
vt 0.510832 0.020495
vt 0.516946 0.020046
vt 0.516946 0.020495
vt 0.524869 0.020046
vt 0.524869 0.020495
vt 0.164829 0.127752
vt 0.164380 0.127752
vt 0.164380 0.126423
vt 0.164829 0.126423
vt 0.469936 0.031367
vt 0.469936 0.031816
vt 0.462013 0.031816
vt 0.462013 0.031367
vt 0.476050 0.031367
vt 0.476050 0.031816
vt 0.481598 0.031367
vt 0.481598 0.031816
vt 0.487712 0.031367
vt 0.487712 0.031816
vt 0.495635 0.031367
vt 0.495635 0.031816
vt 0.192240 0.126423
vt 0.192689 0.126423
vt 0.192689 0.127752
vt 0.192240 0.127752
vt 0.141925 0.120767
vt 0.141925 0.133408
vt 0.136311 0.127752
vt 0.136311 0.126423
vt 0.147539 0.118197
vt 0.147539 0.135978
vt 0.153152 0.118197
vt 0.153152 0.135978
vt 0.158766 0.120767
vt 0.158766 0.133408
vt 0.186758 0.133408
vt 0.186758 0.120767
vt 0.181276 0.135978
vt 0.181276 0.118197
vt 0.175793 0.135978
vt 0.175793 0.118197
vt 0.170311 0.133408
vt 0.170311 0.120767
vt 0.963231 0.018824
vt 0.963231 0.019273
vt 0.955308 0.019273
vt 0.955308 0.018824
vt 0.969345 0.018824
vt 0.969345 0.019273
vt 0.974893 0.018824
vt 0.974893 0.019273
vt 0.981008 0.018824
vt 0.981008 0.019273
vt 0.988930 0.018824
vt 0.988930 0.019273
vt 0.768970 0.075670
vt 0.769419 0.075670
vt 0.769419 0.077000
vt 0.768970 0.077000
vt 0.981707 0.202059
vt 0.982156 0.202059
vt 0.982156 0.209982
vt 0.981707 0.209982
vt 0.981707 0.195945
vt 0.982156 0.195945
vt 0.981707 0.190397
vt 0.982156 0.190397
vt 0.981707 0.184282
vt 0.982156 0.184282
vt 0.981707 0.176359
vt 0.982156 0.176359
vt 0.797937 0.077000
vt 0.797488 0.077000
vt 0.797488 0.075670
vt 0.797937 0.075670
vt 0.791874 0.082656
vt 0.791874 0.070014
vt 0.786260 0.085226
vt 0.786260 0.067444
vt 0.780647 0.085226
vt 0.780647 0.067444
vt 0.775033 0.082656
vt 0.775033 0.070014
vt 0.747041 0.070014
vt 0.747041 0.082656
vt 0.741559 0.077000
vt 0.741559 0.075670
vt 0.752523 0.067444
vt 0.752523 0.085226
vt 0.758006 0.067444
vt 0.758006 0.085226
vt 0.763488 0.070014
vt 0.763488 0.082656
vt 0.993027 0.055890
vt 0.993477 0.055890
vt 0.993477 0.063813
vt 0.993027 0.063813
vt 0.993027 0.049776
vt 0.993477 0.049776
vt 0.993027 0.044228
vt 0.993477 0.044228
vt 0.993027 0.038114
vt 0.993477 0.038114
vt 0.993027 0.030191
vt 0.993477 0.030191
vt 0.891956 0.432330
vt 0.891956 0.431881
vt 0.893286 0.431881
vt 0.893286 0.432330
vt 0.861287 0.038046
vt 0.861287 0.038495
vt 0.853364 0.038495
vt 0.853364 0.038046
vt 0.867401 0.038046
vt 0.867401 0.038495
vt 0.872949 0.038046
vt 0.872949 0.038495
vt 0.879063 0.038046
vt 0.879063 0.038495
vt 0.886986 0.038046
vt 0.886986 0.038495
vt 0.893286 0.459741
vt 0.893286 0.460190
vt 0.891956 0.460190
vt 0.891956 0.459741
vt 0.898942 0.409426
vt 0.886301 0.409426
vt 0.891956 0.403812
vt 0.893286 0.403812
vt 0.901512 0.415040
vt 0.883731 0.415040
vt 0.901512 0.420654
vt 0.883731 0.420654
vt 0.898942 0.426267
vt 0.886301 0.426267
vt 0.886301 0.454259
vt 0.898942 0.454259
vt 0.883731 0.448777
vt 0.901512 0.448777
vt 0.883731 0.443295
vt 0.901512 0.443295
vt 0.886301 0.437812
vt 0.898942 0.437812
vt 0.671484 0.745694
vt 0.671933 0.745694
vt 0.671933 0.753617
vt 0.671484 0.753617
vt 0.671484 0.739580
vt 0.671933 0.739580
vt 0.671484 0.734032
vt 0.671933 0.734032
vt 0.671484 0.727917
vt 0.671933 0.727917
vt 0.671484 0.719995
vt 0.671933 0.719995
vt 0.863107 0.767472
vt 0.863107 0.767921
vt 0.861778 0.767921
vt 0.861778 0.767472
vt 0.971934 0.678807
vt 0.972383 0.678807
vt 0.972383 0.686730
vt 0.971934 0.686730
vt 0.971934 0.672693
vt 0.972383 0.672693
vt 0.971934 0.667145
vt 0.972383 0.667145
vt 0.971934 0.661030
vt 0.972383 0.661030
vt 0.971934 0.653107
vt 0.972383 0.653107
vt 0.861778 0.796439
vt 0.861778 0.795990
vt 0.863107 0.795990
vt 0.863107 0.796439
vt 0.856122 0.790376
vt 0.868763 0.790376
vt 0.853552 0.784763
vt 0.871333 0.784763
vt 0.853552 0.779149
vt 0.871333 0.779149
vt 0.856122 0.773535
vt 0.868763 0.773535
vt 0.868763 0.745543
vt 0.856122 0.745543
vt 0.861778 0.740061
vt 0.863107 0.740061
vt 0.871333 0.751025
vt 0.853552 0.751025
vt 0.871333 0.756508
vt 0.853552 0.756508
vt 0.868763 0.761990
vt 0.856122 0.761990
vt 0.336453 0.031367
vt 0.336453 0.031816
vt 0.328531 0.031816
vt 0.328531 0.031367
vt 0.342568 0.031367
vt 0.342568 0.031816
vt 0.348116 0.031367
vt 0.348116 0.031816
vt 0.354230 0.031367
vt 0.354230 0.031816
vt 0.362153 0.031367
vt 0.362153 0.031816
vt 0.864633 0.370531
vt 0.864633 0.370980
vt 0.863303 0.370980
vt 0.863303 0.370531
vt 0.558924 0.031367
vt 0.558924 0.031816
vt 0.551001 0.031816
vt 0.551001 0.031367
vt 0.565038 0.031367
vt 0.565038 0.031816
vt 0.570586 0.031367
vt 0.570586 0.031816
vt 0.576700 0.031367
vt 0.576700 0.031816
vt 0.584623 0.031367
vt 0.584623 0.031816
vt 0.863303 0.399497
vt 0.863303 0.399048
vt 0.864633 0.399048
vt 0.864633 0.399497
vt 0.857648 0.393435
vt 0.870289 0.393435
vt 0.855078 0.387821
vt 0.872859 0.387821
vt 0.855078 0.382207
vt 0.872859 0.382207
vt 0.857648 0.376593
vt 0.870289 0.376593
vt 0.870289 0.348602
vt 0.857648 0.348602
vt 0.863303 0.343119
vt 0.864633 0.343119
vt 0.872859 0.354084
vt 0.855078 0.354084
vt 0.872859 0.359566
vt 0.855078 0.359566
vt 0.870289 0.365048
vt 0.857648 0.365048
vt 0.586005 0.299726
vt 0.586005 0.300189
vt 0.577823 0.300189
vt 0.577823 0.299726
vt 0.592319 0.299726
vt 0.592319 0.300189
vt 0.598049 0.299726
vt 0.598049 0.300189
vt 0.604363 0.299726
vt 0.604363 0.300189
vt 0.612545 0.299726
vt 0.612545 0.300189
vt 0.634471 0.086190
vt 0.634920 0.086190
vt 0.634920 0.087520
vt 0.634471 0.087520
vt 0.983255 0.767795
vt 0.983704 0.767795
vt 0.983704 0.775718
vt 0.983255 0.775718
vt 0.983255 0.761681
vt 0.983704 0.761681
vt 0.983255 0.756133
vt 0.983704 0.756133
vt 0.983255 0.750018
vt 0.983704 0.750018
vt 0.983255 0.742096
vt 0.983704 0.742096
vt 0.663437 0.087520
vt 0.662988 0.087520
vt 0.662988 0.086190
vt 0.663437 0.086190
vt 0.657375 0.093176
vt 0.657375 0.080534
vt 0.651761 0.095746
vt 0.651761 0.077964
vt 0.646147 0.095746
vt 0.646147 0.077964
vt 0.640534 0.093176
vt 0.640534 0.080534
vt 0.612542 0.080534
vt 0.612542 0.093176
vt 0.607059 0.087520
vt 0.607059 0.086190
vt 0.618024 0.077964
vt 0.618024 0.095746
vt 0.623506 0.077964
vt 0.623506 0.095746
vt 0.628988 0.080534
vt 0.628988 0.093176
vt 0.993027 0.678807
vt 0.993477 0.678807
vt 0.993477 0.686730
vt 0.993027 0.686730
vt 0.993027 0.672693
vt 0.993477 0.672693
vt 0.993027 0.667145
vt 0.993477 0.667145
vt 0.993027 0.661030
vt 0.993477 0.661030
vt 0.993027 0.653107
vt 0.993477 0.653107
vt 0.863303 0.276319
vt 0.863303 0.275870
vt 0.864633 0.275870
vt 0.864633 0.276319
vt 0.970386 0.171538
vt 0.970835 0.171538
vt 0.970835 0.179461
vt 0.970386 0.179461
vt 0.970386 0.165424
vt 0.970835 0.165424
vt 0.970386 0.159876
vt 0.970835 0.159876
vt 0.970386 0.153762
vt 0.970835 0.153762
vt 0.970386 0.145839
vt 0.970835 0.145839
vt 0.864633 0.303730
vt 0.864633 0.304179
vt 0.863303 0.304179
vt 0.863303 0.303730
vt 0.870289 0.309793
vt 0.857648 0.309793
vt 0.872859 0.315406
vt 0.855078 0.315406
vt 0.872859 0.321020
vt 0.855078 0.321020
vt 0.870289 0.326634
vt 0.857648 0.326634
vt 0.864633 0.332248
vt 0.863303 0.332248
vt 0.857648 0.298248
vt 0.870289 0.298248
vt 0.855078 0.292765
vt 0.872859 0.292765
vt 0.855078 0.287283
vt 0.872859 0.287283
vt 0.857648 0.281801
vt 0.870289 0.281801
vt 0.682805 0.745237
vt 0.683280 0.745237
vt 0.683280 0.753617
vt 0.682805 0.753617
vt 0.682805 0.738771
vt 0.683280 0.738771
vt 0.682805 0.732903
vt 0.683280 0.732903
vt 0.682805 0.726436
vt 0.683280 0.726436
vt 0.682805 0.718056
vt 0.683280 0.718056
vt 0.893286 0.363974
vt 0.893286 0.364423
vt 0.891956 0.364423
vt 0.891956 0.363974
vt 0.991122 0.901277
vt 0.991571 0.901277
vt 0.991571 0.909200
vt 0.991122 0.909200
vt 0.991122 0.895163
vt 0.991571 0.895163
vt 0.991122 0.889615
vt 0.991571 0.889615
vt 0.991122 0.883500
vt 0.991571 0.883500
vt 0.991122 0.875578
vt 0.991571 0.875578
vt 0.891956 0.392941
vt 0.891956 0.392492
vt 0.893286 0.392492
vt 0.893286 0.392941
vt 0.886301 0.386878
vt 0.898942 0.386878
vt 0.883731 0.381264
vt 0.901512 0.381264
vt 0.883731 0.375651
vt 0.901512 0.375651
vt 0.886301 0.370037
vt 0.898942 0.370037
vt 0.898942 0.342045
vt 0.886301 0.342045
vt 0.891956 0.336563
vt 0.893286 0.336563
vt 0.901512 0.347527
vt 0.883731 0.347527
vt 0.901512 0.353010
vt 0.883731 0.353010
vt 0.898942 0.358492
vt 0.886301 0.358492
vt 0.987044 0.456337
vt 0.987493 0.456337
vt 0.987493 0.464260
vt 0.987044 0.464260
vt 0.987044 0.450222
vt 0.987493 0.450222
vt 0.987044 0.444674
vt 0.987493 0.444674
vt 0.987044 0.438560
vt 0.987493 0.438560
vt 0.987044 0.430637
vt 0.987493 0.430637
vt 0.875565 0.208620
vt 0.875565 0.209069
vt 0.874235 0.209069
vt 0.874235 0.208620
vt 0.971934 0.723301
vt 0.972383 0.723301
vt 0.972383 0.731224
vt 0.971934 0.731224
vt 0.971934 0.717187
vt 0.972383 0.717187
vt 0.971934 0.711639
vt 0.972383 0.711639
vt 0.971934 0.705524
vt 0.972383 0.705524
vt 0.971934 0.697601
vt 0.972383 0.697601
vt 0.874235 0.237586
vt 0.874235 0.237137
vt 0.875565 0.237137
vt 0.875565 0.237586
vt 0.868579 0.231524
vt 0.881221 0.231524
vt 0.866009 0.225910
vt 0.883791 0.225910
vt 0.866009 0.220296
vt 0.883791 0.220296
vt 0.868579 0.214683
vt 0.881221 0.214683
vt 0.881221 0.243069
vt 0.868579 0.243069
vt 0.883791 0.248551
vt 0.866009 0.248551
vt 0.883791 0.254033
vt 0.866009 0.254033
vt 0.881221 0.259516
vt 0.868579 0.259516
vt 0.875565 0.264998
vt 0.874235 0.264998
vt 0.603418 0.021754
vt 0.603418 0.022203
vt 0.595495 0.022203
vt 0.595495 0.021754
vt 0.609532 0.021754
vt 0.609532 0.022203
vt 0.615080 0.021754
vt 0.615080 0.022203
vt 0.621194 0.021754
vt 0.621194 0.022203
vt 0.629117 0.021754
vt 0.629117 0.022203
vt 0.568776 0.087520
vt 0.568327 0.087520
vt 0.568327 0.086190
vt 0.568776 0.086190
vt 0.964402 0.349514
vt 0.964851 0.349514
vt 0.964851 0.357437
vt 0.964402 0.357437
vt 0.964402 0.343400
vt 0.964851 0.343400
vt 0.964402 0.337852
vt 0.964851 0.337852
vt 0.964402 0.331738
vt 0.964851 0.331738
vt 0.964402 0.323815
vt 0.964851 0.323815
vt 0.539810 0.086190
vt 0.540259 0.086190
vt 0.540259 0.087520
vt 0.539810 0.087520
vt 0.545872 0.080534
vt 0.545872 0.093176
vt 0.551486 0.077964
vt 0.551486 0.095746
vt 0.557100 0.077964
vt 0.557100 0.095746
vt 0.562713 0.080534
vt 0.562713 0.093176
vt 0.590705 0.093176
vt 0.590705 0.080534
vt 0.596188 0.086190
vt 0.596188 0.087520
vt 0.585223 0.095746
vt 0.585223 0.077964
vt 0.579741 0.095746
vt 0.579741 0.077964
vt 0.574258 0.093176
vt 0.574258 0.080534
vt 0.651773 0.033075
vt 0.651773 0.033524
vt 0.643850 0.033524
vt 0.643850 0.033075
vt 0.657887 0.033075
vt 0.657887 0.033524
vt 0.663435 0.033075
vt 0.663435 0.033524
vt 0.669549 0.033075
vt 0.669549 0.033524
vt 0.677472 0.033075
vt 0.677472 0.033524
vt 0.002261 0.070446
vt 0.001812 0.070446
vt 0.001812 0.069117
vt 0.002261 0.069117
vt 0.993027 0.189373
vt 0.993477 0.189373
vt 0.993477 0.197295
vt 0.993027 0.197295
vt 0.993027 0.183258
vt 0.993477 0.183258
vt 0.993027 0.177710
vt 0.993477 0.177710
vt 0.993027 0.171596
vt 0.993477 0.171596
vt 0.993027 0.163673
vt 0.993477 0.163673
vt 0.029672 0.069117
vt 0.030121 0.069117
vt 0.030121 0.070446
vt 0.029672 0.070446
vt 0.035735 0.063461
vt 0.035735 0.076102
vt 0.041349 0.060891
vt 0.041349 0.078672
vt 0.046963 0.060891
vt 0.046963 0.078672
vt 0.052576 0.063461
vt 0.052576 0.076102
vt 0.058190 0.069117
vt 0.058190 0.070446
vt 0.024190 0.076102
vt 0.024190 0.063461
vt 0.018708 0.078672
vt 0.018708 0.060891
vt 0.013226 0.078672
vt 0.013226 0.060891
vt 0.007743 0.076102
vt 0.007743 0.063461
vt 0.586005 0.311061
vt 0.586005 0.311525
vt 0.577823 0.311525
vt 0.577823 0.311061
vt 0.592319 0.311061
vt 0.592319 0.311525
vt 0.598049 0.311061
vt 0.598049 0.311525
vt 0.604363 0.311061
vt 0.604363 0.311525
vt 0.612545 0.311061
vt 0.612545 0.311525
vt 0.366578 0.075292
vt 0.366129 0.075292
vt 0.366129 0.073962
vt 0.366578 0.073962
vt 0.232205 0.020046
vt 0.232205 0.020495
vt 0.224282 0.020495
vt 0.224282 0.020046
vt 0.238319 0.020046
vt 0.238319 0.020495
vt 0.243867 0.020046
vt 0.243867 0.020495
vt 0.249982 0.020046
vt 0.249982 0.020495
vt 0.257904 0.020046
vt 0.257904 0.020495
vt 0.393989 0.073962
vt 0.394439 0.073962
vt 0.394439 0.075292
vt 0.393989 0.075292
vt 0.343674 0.068306
vt 0.343674 0.080948
vt 0.338060 0.075292
vt 0.338060 0.073962
vt 0.349288 0.065737
vt 0.349288 0.083518
vt 0.354902 0.065737
vt 0.354902 0.083518
vt 0.360515 0.068306
vt 0.360515 0.080948
vt 0.388507 0.080948
vt 0.388507 0.068306
vt 0.383025 0.083518
vt 0.383025 0.065737
vt 0.377543 0.083518
vt 0.377543 0.065737
vt 0.372060 0.080948
vt 0.372060 0.068306
vt 0.232205 0.008725
vt 0.232205 0.009174
vt 0.224282 0.009174
vt 0.224282 0.008725
vt 0.238319 0.008725
vt 0.238319 0.009174
vt 0.243867 0.008725
vt 0.243867 0.009174
vt 0.249982 0.008725
vt 0.249982 0.009174
vt 0.257904 0.008725
vt 0.257904 0.009174
vt 0.098028 0.156405
vt 0.097579 0.156405
vt 0.097579 0.155076
vt 0.098028 0.155076
vt 0.054229 0.026521
vt 0.054229 0.026970
vt 0.046306 0.026970
vt 0.046306 0.026521
vt 0.060343 0.026521
vt 0.060343 0.026970
vt 0.065891 0.026521
vt 0.065891 0.026970
vt 0.072005 0.026521
vt 0.072005 0.026970
vt 0.079928 0.026521
vt 0.079928 0.026970
vt 0.069062 0.155076
vt 0.069511 0.155076
vt 0.069511 0.156405
vt 0.069062 0.156405
vt 0.075124 0.149420
vt 0.075124 0.162061
vt 0.080738 0.146850
vt 0.080738 0.164631
vt 0.086352 0.146850
vt 0.086352 0.164631
vt 0.091965 0.149420
vt 0.091965 0.162061
vt 0.119957 0.162061
vt 0.119957 0.149420
vt 0.125440 0.155076
vt 0.125440 0.156405
vt 0.114475 0.164631
vt 0.114475 0.146850
vt 0.108993 0.164631
vt 0.108993 0.146850
vt 0.103511 0.162061
vt 0.103511 0.149420
vt 0.975723 0.335541
vt 0.976172 0.335541
vt 0.976172 0.343464
vt 0.975723 0.343464
vt 0.975723 0.329427
vt 0.976172 0.329427
vt 0.975723 0.323879
vt 0.976172 0.323879
vt 0.975723 0.317764
vt 0.976172 0.317764
vt 0.975723 0.309842
vt 0.976172 0.309842
vt 0.863107 0.874560
vt 0.863107 0.875009
vt 0.861778 0.875009
vt 0.861778 0.874560
vt 0.964402 0.394008
vt 0.964851 0.394008
vt 0.964851 0.401931
vt 0.964402 0.401931
vt 0.964402 0.387894
vt 0.964851 0.387894
vt 0.964402 0.382346
vt 0.964851 0.382346
vt 0.964402 0.376232
vt 0.964851 0.376232
vt 0.964402 0.368309
vt 0.964851 0.368309
vt 0.861778 0.903527
vt 0.861778 0.903078
vt 0.863107 0.903078
vt 0.863107 0.903527
vt 0.856122 0.897464
vt 0.868763 0.897464
vt 0.853552 0.891850
vt 0.871333 0.891850
vt 0.853552 0.886237
vt 0.871333 0.886237
vt 0.856122 0.880623
vt 0.868763 0.880623
vt 0.868763 0.909009
vt 0.856122 0.909009
vt 0.871333 0.914491
vt 0.853552 0.914491
vt 0.871333 0.919974
vt 0.853552 0.919974
vt 0.868763 0.925456
vt 0.856122 0.925456
vt 0.863107 0.930938
vt 0.861778 0.930938
vt 0.987044 0.545325
vt 0.987493 0.545325
vt 0.987493 0.553248
vt 0.987044 0.553248
vt 0.987044 0.539210
vt 0.987493 0.539210
vt 0.987044 0.533663
vt 0.987493 0.533663
vt 0.987044 0.527548
vt 0.987493 0.527548
vt 0.987044 0.519625
vt 0.987493 0.519625
vt 0.674758 0.077000
vt 0.674309 0.077000
vt 0.674309 0.075670
vt 0.674758 0.075670
vt 0.365687 0.008725
vt 0.365687 0.009174
vt 0.357764 0.009174
vt 0.357764 0.008725
vt 0.371801 0.008725
vt 0.371801 0.009174
vt 0.377349 0.008725
vt 0.377349 0.009174
vt 0.383464 0.008725
vt 0.383464 0.009174
vt 0.391387 0.008725
vt 0.391387 0.009174
vt 0.702169 0.075670
vt 0.702619 0.075670
vt 0.702619 0.077000
vt 0.702169 0.077000
vt 0.708232 0.070014
vt 0.708232 0.082656
vt 0.713846 0.067444
vt 0.713846 0.085226
vt 0.719460 0.067444
vt 0.719460 0.085226
vt 0.725073 0.070014
vt 0.725073 0.082656
vt 0.730687 0.075670
vt 0.730687 0.077000
vt 0.696687 0.082656
vt 0.696687 0.070014
vt 0.691205 0.085226
vt 0.691205 0.067444
vt 0.685723 0.085226
vt 0.685723 0.067444
vt 0.680240 0.082656
vt 0.680240 0.070014
vt 0.968480 0.856783
vt 0.968929 0.856783
vt 0.968929 0.864706
vt 0.968480 0.864706
vt 0.968480 0.850669
vt 0.968929 0.850669
vt 0.968480 0.845121
vt 0.968929 0.845121
vt 0.968480 0.839006
vt 0.968929 0.839006
vt 0.968480 0.831084
vt 0.968929 0.831084
vt 0.721859 0.134306
vt 0.721410 0.134306
vt 0.721410 0.132976
vt 0.721859 0.132976
vt 0.975723 0.291047
vt 0.976172 0.291047
vt 0.976172 0.298970
vt 0.975723 0.298970
vt 0.975723 0.284933
vt 0.976172 0.284933
vt 0.975723 0.279385
vt 0.976172 0.279385
vt 0.975723 0.273270
vt 0.976172 0.273270
vt 0.975723 0.265347
vt 0.976172 0.265347
vt 0.749270 0.132976
vt 0.749719 0.132976
vt 0.749719 0.134306
vt 0.749270 0.134306
vt 0.698955 0.127320
vt 0.698955 0.139962
vt 0.693341 0.134306
vt 0.693341 0.132976
vt 0.704568 0.124750
vt 0.704568 0.142532
vt 0.710182 0.124750
vt 0.710182 0.142532
vt 0.715796 0.127320
vt 0.715796 0.139962
vt 0.743788 0.139962
vt 0.743788 0.127320
vt 0.738305 0.142532
vt 0.738305 0.124750
vt 0.732823 0.142532
vt 0.732823 0.124750
vt 0.727341 0.139962
vt 0.727341 0.127320
vt 0.987044 0.589819
vt 0.987493 0.589819
vt 0.987493 0.597742
vt 0.987044 0.597742
vt 0.987044 0.583705
vt 0.987493 0.583705
vt 0.987044 0.578157
vt 0.987493 0.578157
vt 0.987044 0.572042
vt 0.987493 0.572042
vt 0.987044 0.564119
vt 0.987493 0.564119
vt 0.891956 0.471511
vt 0.891956 0.471062
vt 0.893286 0.471062
vt 0.893286 0.471511
vt 0.410181 0.008725
vt 0.410181 0.009174
vt 0.402258 0.009174
vt 0.402258 0.008725
vt 0.416295 0.008725
vt 0.416295 0.009174
vt 0.421843 0.008725
vt 0.421843 0.009174
vt 0.427958 0.008725
vt 0.427958 0.009174
vt 0.435881 0.008725
vt 0.435881 0.009174
vt 0.893286 0.498923
vt 0.893286 0.499372
vt 0.891956 0.499372
vt 0.891956 0.498923
vt 0.898942 0.504985
vt 0.886301 0.504985
vt 0.901512 0.510599
vt 0.883731 0.510599
vt 0.901512 0.516213
vt 0.883731 0.516213
vt 0.898942 0.521826
vt 0.886301 0.521826
vt 0.893286 0.527440
vt 0.891956 0.527440
vt 0.886301 0.493440
vt 0.898942 0.493440
vt 0.883731 0.487958
vt 0.901512 0.487958
vt 0.883731 0.482476
vt 0.901512 0.482476
vt 0.886301 0.476993
vt 0.898942 0.476993
vt 0.825888 0.015200
vt 0.825888 0.015650
vt 0.817965 0.015650
vt 0.817965 0.015200
vt 0.832002 0.015200
vt 0.832002 0.015650
vt 0.837550 0.015200
vt 0.837550 0.015650
vt 0.843664 0.015200
vt 0.843664 0.015650
vt 0.851587 0.015200
vt 0.851587 0.015650
vt 0.586253 0.143496
vt 0.586702 0.143496
vt 0.586702 0.144826
vt 0.586253 0.144826
vt 0.968480 0.812289
vt 0.968929 0.812289
vt 0.968929 0.820212
vt 0.968480 0.820212
vt 0.968480 0.806175
vt 0.968929 0.806175
vt 0.968480 0.800627
vt 0.968929 0.800627
vt 0.968480 0.794512
vt 0.968929 0.794512
vt 0.968480 0.786590
vt 0.968929 0.786590
vt 0.615220 0.144826
vt 0.614771 0.144826
vt 0.614771 0.143496
vt 0.615220 0.143496
vt 0.609157 0.150482
vt 0.609157 0.137840
vt 0.603543 0.153051
vt 0.603543 0.135270
vt 0.597929 0.153051
vt 0.597929 0.135270
vt 0.592316 0.150482
vt 0.592316 0.137840
vt 0.564324 0.137840
vt 0.564324 0.150482
vt 0.558842 0.144826
vt 0.558842 0.143496
vt 0.569806 0.135270
vt 0.569806 0.153051
vt 0.575288 0.135270
vt 0.575288 0.153051
vt 0.580771 0.137840
vt 0.580771 0.150482
vt 0.960410 0.646999
vt 0.960859 0.646999
vt 0.960859 0.654922
vt 0.960410 0.654922
vt 0.960410 0.640885
vt 0.960859 0.640885
vt 0.960410 0.635337
vt 0.960859 0.635337
vt 0.960410 0.629223
vt 0.960859 0.629223
vt 0.960410 0.621300
vt 0.960859 0.621300
vt 0.852006 0.998188
vt 0.852006 0.997739
vt 0.853336 0.997739
vt 0.853336 0.998188
vt 0.970386 0.127044
vt 0.970835 0.127044
vt 0.970835 0.134967
vt 0.970386 0.134967
vt 0.970386 0.120930
vt 0.970835 0.120930
vt 0.970386 0.115382
vt 0.970835 0.115382
vt 0.970386 0.109268
vt 0.970835 0.109268
vt 0.970386 0.101345
vt 0.970835 0.101345
vt 0.853336 0.969221
vt 0.853336 0.969671
vt 0.852006 0.969671
vt 0.852006 0.969221
vt 0.858992 0.975284
vt 0.846350 0.975284
vt 0.861562 0.980898
vt 0.843780 0.980898
vt 0.861562 0.986512
vt 0.843780 0.986512
vt 0.858992 0.992125
vt 0.846350 0.992125
vt 0.846350 0.963739
vt 0.858992 0.963739
vt 0.843780 0.958257
vt 0.861562 0.958257
vt 0.843780 0.952775
vt 0.861562 0.952775
vt 0.846350 0.947292
vt 0.858992 0.947292
vt 0.852006 0.941810
vt 0.853336 0.941810
vt 0.975723 0.558011
vt 0.976172 0.558011
vt 0.976172 0.565934
vt 0.975723 0.565934
vt 0.975723 0.551897
vt 0.976172 0.551897
vt 0.975723 0.546349
vt 0.976172 0.546349
vt 0.975723 0.540235
vt 0.976172 0.540235
vt 0.975723 0.532312
vt 0.976172 0.532312
vt 0.797488 0.104323
vt 0.797937 0.104323
vt 0.797937 0.105653
vt 0.797488 0.105653
vt 0.975723 0.469023
vt 0.976172 0.469023
vt 0.976172 0.476946
vt 0.975723 0.476946
vt 0.975723 0.462909
vt 0.976172 0.462909
vt 0.975723 0.457361
vt 0.976172 0.457361
vt 0.975723 0.451247
vt 0.976172 0.451247
vt 0.975723 0.443324
vt 0.976172 0.443324
vt 0.770076 0.105653
vt 0.769627 0.105653
vt 0.769627 0.104323
vt 0.770076 0.104323
vt 0.764014 0.111309
vt 0.764014 0.098667
vt 0.758400 0.113879
vt 0.758400 0.096097
vt 0.752786 0.113879
vt 0.752786 0.096097
vt 0.747172 0.111309
vt 0.747172 0.098667
vt 0.741559 0.105653
vt 0.741559 0.104323
vt 0.775559 0.098667
vt 0.775559 0.111309
vt 0.781041 0.096097
vt 0.781041 0.113879
vt 0.786523 0.096097
vt 0.786523 0.113879
vt 0.792005 0.098667
vt 0.792005 0.111309
vt 0.764340 0.339671
vt 0.764830 0.339671
vt 0.764830 0.348320
vt 0.764340 0.348320
vt 0.764340 0.332997
vt 0.764830 0.332997
vt 0.764340 0.326941
vt 0.764830 0.326941
vt 0.764340 0.320266
vt 0.764830 0.320266
vt 0.764340 0.311618
vt 0.764830 0.311618
vt 0.874235 0.141819
vt 0.874235 0.141370
vt 0.875565 0.141370
vt 0.875565 0.141819
vt 0.454675 0.020046
vt 0.454675 0.020495
vt 0.446752 0.020495
vt 0.446752 0.020046
vt 0.460790 0.020046
vt 0.460790 0.020495
vt 0.466337 0.020046
vt 0.466337 0.020495
vt 0.472452 0.020046
vt 0.472452 0.020495
vt 0.480375 0.020046
vt 0.480375 0.020495
vt 0.875565 0.169231
vt 0.875565 0.169680
vt 0.874235 0.169680
vt 0.874235 0.169231
vt 0.881221 0.175293
vt 0.868579 0.175293
vt 0.883791 0.180907
vt 0.866009 0.180907
vt 0.883791 0.186521
vt 0.866009 0.186521
vt 0.881221 0.192134
vt 0.868579 0.192134
vt 0.875565 0.197748
vt 0.874235 0.197748
vt 0.868579 0.163748
vt 0.881221 0.163748
vt 0.866009 0.158266
vt 0.883791 0.158266
vt 0.866009 0.152784
vt 0.883791 0.152784
vt 0.868579 0.147301
vt 0.881221 0.147301
vt 0.975723 0.380035
vt 0.976172 0.380035
vt 0.976172 0.387958
vt 0.975723 0.387958
vt 0.975723 0.373921
vt 0.976172 0.373921
vt 0.975723 0.368373
vt 0.976172 0.368373
vt 0.975723 0.362258
vt 0.976172 0.362258
vt 0.975723 0.354336
vt 0.976172 0.354336
vt 0.298222 0.097770
vt 0.298671 0.097770
vt 0.298671 0.099100
vt 0.298222 0.099100
vt 0.009735 0.026521
vt 0.009735 0.026970
vt 0.001812 0.026970
vt 0.001812 0.026521
vt 0.015849 0.026521
vt 0.015849 0.026970
vt 0.021397 0.026521
vt 0.021397 0.026970
vt 0.027511 0.026521
vt 0.027511 0.026970
vt 0.035434 0.026521
vt 0.035434 0.026970
vt 0.327189 0.099100
vt 0.326740 0.099100
vt 0.326740 0.097770
vt 0.327189 0.097770
vt 0.321126 0.104755
vt 0.321126 0.092114
vt 0.315512 0.107325
vt 0.315512 0.089544
vt 0.309899 0.107325
vt 0.309899 0.089544
vt 0.304285 0.104755
vt 0.304285 0.092114
vt 0.276293 0.092114
vt 0.276293 0.104755
vt 0.270811 0.099100
vt 0.270811 0.097770
vt 0.281775 0.089544
vt 0.281775 0.107325
vt 0.287258 0.089544
vt 0.287258 0.107325
vt 0.292740 0.092114
vt 0.292740 0.104755
vt 0.964402 0.260526
vt 0.964851 0.260526
vt 0.964851 0.268449
vt 0.964402 0.268449
vt 0.964402 0.254412
vt 0.964851 0.254412
vt 0.964402 0.248864
vt 0.964851 0.248864
vt 0.964402 0.242750
vt 0.964851 0.242750
vt 0.964402 0.234827
vt 0.964851 0.234827
vt 0.165278 0.099100
vt 0.164829 0.099100
vt 0.164829 0.097770
vt 0.165278 0.097770
vt 0.993027 0.233867
vt 0.993477 0.233867
vt 0.993477 0.241789
vt 0.993027 0.241789
vt 0.993027 0.227752
vt 0.993477 0.227752
vt 0.993027 0.222204
vt 0.993477 0.222204
vt 0.993027 0.216090
vt 0.993477 0.216090
vt 0.993027 0.208167
vt 0.993477 0.208167
vt 0.136311 0.097770
vt 0.136760 0.097770
vt 0.136760 0.099100
vt 0.136311 0.099100
vt 0.142374 0.092114
vt 0.142374 0.104755
vt 0.147988 0.089544
vt 0.147988 0.107325
vt 0.153601 0.089544
vt 0.153601 0.107325
vt 0.159215 0.092114
vt 0.159215 0.104755
vt 0.187207 0.104755
vt 0.187207 0.092114
vt 0.192689 0.097770
vt 0.192689 0.099100
vt 0.181725 0.107325
vt 0.181725 0.089544
vt 0.176243 0.107325
vt 0.176243 0.089544
vt 0.170760 0.104755
vt 0.170760 0.092114
vt 0.514430 0.031367
vt 0.514430 0.031816
vt 0.506507 0.031816
vt 0.506507 0.031367
vt 0.520544 0.031367
vt 0.520544 0.031816
vt 0.526092 0.031367
vt 0.526092 0.031816
vt 0.532206 0.031367
vt 0.532206 0.031816
vt 0.540129 0.031367
vt 0.540129 0.031816
vt 0.433171 0.073962
vt 0.433620 0.073962
vt 0.433620 0.075292
vt 0.433171 0.075292
vt 0.991122 0.856783
vt 0.991571 0.856783
vt 0.991571 0.864706
vt 0.991122 0.864706
vt 0.991122 0.850669
vt 0.991571 0.850669
vt 0.991122 0.845121
vt 0.991571 0.845121
vt 0.991122 0.839006
vt 0.991571 0.839006
vt 0.991122 0.831084
vt 0.991571 0.831084
vt 0.405759 0.075292
vt 0.405310 0.075292
vt 0.405310 0.073962
vt 0.405759 0.073962
vt 0.456075 0.080948
vt 0.456075 0.068306
vt 0.461688 0.073962
vt 0.461688 0.075292
vt 0.450461 0.083518
vt 0.450461 0.065737
vt 0.444847 0.083518
vt 0.444847 0.065737
vt 0.439233 0.080948
vt 0.439233 0.068306
vt 0.411242 0.068306
vt 0.411242 0.080948
vt 0.416724 0.065737
vt 0.416724 0.083518
vt 0.422206 0.065737
vt 0.422206 0.083518
vt 0.427688 0.068306
vt 0.427688 0.080948
vt 0.958862 0.571985
vt 0.959311 0.571985
vt 0.959311 0.579907
vt 0.958862 0.579907
vt 0.958862 0.565870
vt 0.959311 0.565870
vt 0.958862 0.560322
vt 0.959311 0.560322
vt 0.958862 0.554208
vt 0.959311 0.554208
vt 0.958862 0.546285
vt 0.959311 0.546285
vt 0.760591 0.132976
vt 0.761040 0.132976
vt 0.761040 0.134306
vt 0.760591 0.134306
vt 0.981707 0.113071
vt 0.982156 0.113071
vt 0.982156 0.120994
vt 0.981707 0.120994
vt 0.981707 0.106956
vt 0.982156 0.106956
vt 0.981707 0.101408
vt 0.982156 0.101408
vt 0.981707 0.095294
vt 0.982156 0.095294
vt 0.981707 0.087371
vt 0.982156 0.087371
vt 0.789557 0.134306
vt 0.789108 0.134306
vt 0.789108 0.132976
vt 0.789557 0.132976
vt 0.783495 0.139962
vt 0.783495 0.127320
vt 0.777881 0.142532
vt 0.777881 0.124750
vt 0.772267 0.142532
vt 0.772267 0.124750
vt 0.766653 0.139962
vt 0.766653 0.127320
vt 0.795040 0.127320
vt 0.795040 0.139962
vt 0.800522 0.124750
vt 0.800522 0.142532
vt 0.806004 0.124750
vt 0.806004 0.142532
vt 0.811486 0.127320
vt 0.811486 0.139962
vt 0.816969 0.132976
vt 0.816969 0.134306
vt 0.959370 0.007503
vt 0.959370 0.007952
vt 0.951447 0.007952
vt 0.951447 0.007503
vt 0.965484 0.007503
vt 0.965484 0.007952
vt 0.971032 0.007503
vt 0.971032 0.007952
vt 0.977147 0.007503
vt 0.977147 0.007952
vt 0.985069 0.007503
vt 0.985069 0.007952
vt 0.232079 0.127752
vt 0.231630 0.127752
vt 0.231630 0.126423
vt 0.232079 0.126423
vt 0.647912 0.021754
vt 0.647912 0.022203
vt 0.639989 0.022203
vt 0.639989 0.021754
vt 0.654026 0.021754
vt 0.654026 0.022203
vt 0.659574 0.021754
vt 0.659574 0.022203
vt 0.665688 0.021754
vt 0.665688 0.022203
vt 0.673611 0.021754
vt 0.673611 0.022203
vt 0.259490 0.126423
vt 0.259939 0.126423
vt 0.259939 0.127752
vt 0.259490 0.127752
vt 0.209175 0.120767
vt 0.209175 0.133408
vt 0.203561 0.127752
vt 0.203561 0.126423
vt 0.214788 0.118197
vt 0.214788 0.135978
vt 0.220402 0.118197
vt 0.220402 0.135978
vt 0.226016 0.120767
vt 0.226016 0.133408
vt 0.254008 0.133408
vt 0.254008 0.120767
vt 0.248525 0.135978
vt 0.248525 0.118197
vt 0.243043 0.135978
vt 0.243043 0.118197
vt 0.237561 0.133408
vt 0.237561 0.120767
vt 0.158477 0.031367
vt 0.158477 0.031816
vt 0.150554 0.031816
vt 0.150554 0.031367
vt 0.164592 0.031367
vt 0.164592 0.031816
vt 0.170140 0.031367
vt 0.170140 0.031816
vt 0.176254 0.031367
vt 0.176254 0.031816
vt 0.184177 0.031367
vt 0.184177 0.031816
vt 0.029223 0.104323
vt 0.029672 0.104323
vt 0.029672 0.105653
vt 0.029223 0.105653
vt 0.991122 0.990265
vt 0.991571 0.990265
vt 0.991571 0.998188
vt 0.991122 0.998188
vt 0.991122 0.984151
vt 0.991571 0.984151
vt 0.991122 0.978603
vt 0.991571 0.978603
vt 0.991122 0.972489
vt 0.991571 0.972489
vt 0.991122 0.964566
vt 0.991571 0.964566
vt 0.058190 0.105653
vt 0.057741 0.105653
vt 0.057741 0.104323
vt 0.058190 0.104323
vt 0.052127 0.111309
vt 0.052127 0.098667
vt 0.046514 0.113879
vt 0.046514 0.096097
vt 0.040900 0.113879
vt 0.040900 0.096097
vt 0.035286 0.111309
vt 0.035286 0.098667
vt 0.007294 0.098667
vt 0.007294 0.111309
vt 0.001812 0.105653
vt 0.001812 0.104323
vt 0.012777 0.096097
vt 0.012777 0.113879
vt 0.018259 0.096097
vt 0.018259 0.113879
vt 0.023741 0.098667
vt 0.023741 0.111309
vt 0.970386 0.602505
vt 0.970835 0.602505
vt 0.970835 0.610428
vt 0.970386 0.610428
vt 0.970386 0.596391
vt 0.970835 0.596391
vt 0.970386 0.590843
vt 0.970835 0.590843
vt 0.970386 0.584729
vt 0.970835 0.584729
vt 0.970386 0.576806
vt 0.970835 0.576806
vt 0.794511 0.162959
vt 0.794062 0.162959
vt 0.794062 0.161629
vt 0.794511 0.161629
vt 0.143217 0.020046
vt 0.143217 0.020495
vt 0.135294 0.020495
vt 0.135294 0.020046
vt 0.149331 0.020046
vt 0.149331 0.020495
vt 0.154879 0.020046
vt 0.154879 0.020495
vt 0.160994 0.020046
vt 0.160994 0.020495
vt 0.168916 0.020046
vt 0.168916 0.020495
vt 0.821923 0.161629
vt 0.822372 0.161629
vt 0.822372 0.162959
vt 0.821923 0.162959
vt 0.771608 0.155973
vt 0.771608 0.168615
vt 0.765994 0.162959
vt 0.765994 0.161629
vt 0.777221 0.153403
vt 0.777221 0.171185
vt 0.782835 0.153403
vt 0.782835 0.171185
vt 0.788449 0.155973
vt 0.788449 0.168615
vt 0.816441 0.168615
vt 0.816441 0.155973
vt 0.810958 0.171185
vt 0.810958 0.153403
vt 0.805476 0.171185
vt 0.805476 0.153403
vt 0.799994 0.168615
vt 0.799994 0.155973
vt 0.837835 0.390000
vt 0.838373 0.390000
vt 0.838373 0.399497
vt 0.837835 0.399497
vt 0.837835 0.382670
vt 0.838373 0.382670
vt 0.837835 0.376019
vt 0.838373 0.376019
vt 0.837835 0.368690
vt 0.838373 0.368690
vt 0.837835 0.359192
vt 0.838373 0.359192
vt 0.890431 0.875009
vt 0.890431 0.874560
vt 0.891760 0.874560
vt 0.891760 0.875009
vt 0.981707 0.068577
vt 0.982156 0.068577
vt 0.982156 0.076500
vt 0.981707 0.076500
vt 0.981707 0.062462
vt 0.982156 0.062462
vt 0.981707 0.056914
vt 0.982156 0.056914
vt 0.981707 0.050800
vt 0.982156 0.050800
vt 0.981707 0.042877
vt 0.982156 0.042877
vt 0.891760 0.902421
vt 0.891760 0.902870
vt 0.890431 0.902870
vt 0.890431 0.902421
vt 0.897416 0.908484
vt 0.884775 0.908484
vt 0.899986 0.914097
vt 0.882205 0.914097
vt 0.899986 0.919711
vt 0.882205 0.919711
vt 0.897416 0.925325
vt 0.884775 0.925325
vt 0.891760 0.930938
vt 0.890431 0.930938
vt 0.884775 0.896939
vt 0.897416 0.896939
vt 0.882205 0.891456
vt 0.899986 0.891456
vt 0.882205 0.885974
vt 0.899986 0.885974
vt 0.884775 0.880492
vt 0.897416 0.880492
vt 0.979801 0.901277
vt 0.980250 0.901277
vt 0.980250 0.909200
vt 0.979801 0.909200
vt 0.979801 0.895163
vt 0.980250 0.895163
vt 0.979801 0.889615
vt 0.980250 0.889615
vt 0.979801 0.883500
vt 0.980250 0.883500
vt 0.979801 0.875578
vt 0.980250 0.875578
vt 0.029223 0.133124
vt 0.029672 0.133124
vt 0.029672 0.134454
vt 0.029223 0.134454
vt 0.968480 0.990265
vt 0.968929 0.990265
vt 0.968929 0.998188
vt 0.968480 0.998188
vt 0.968480 0.984151
vt 0.968929 0.984151
vt 0.968480 0.978603
vt 0.968929 0.978603
vt 0.968480 0.972489
vt 0.968929 0.972489
vt 0.968480 0.964566
vt 0.968929 0.964566
vt 0.058190 0.134454
vt 0.057741 0.134454
vt 0.057741 0.133124
vt 0.058190 0.133124
vt 0.052127 0.140110
vt 0.052127 0.127468
vt 0.046514 0.142680
vt 0.046514 0.124898
vt 0.040900 0.142680
vt 0.040900 0.124898
vt 0.035286 0.140110
vt 0.035286 0.127468
vt 0.007294 0.127468
vt 0.007294 0.140110
vt 0.001812 0.134454
vt 0.001812 0.133124
vt 0.012777 0.124898
vt 0.012777 0.142680
vt 0.018259 0.124898
vt 0.018259 0.142680
vt 0.023741 0.127468
vt 0.023741 0.140110
vt 0.964402 0.482996
vt 0.964851 0.482996
vt 0.964851 0.490919
vt 0.964402 0.490919
vt 0.964402 0.476882
vt 0.964851 0.476882
vt 0.964402 0.471334
vt 0.964851 0.471334
vt 0.964402 0.465220
vt 0.964851 0.465220
vt 0.964402 0.457297
vt 0.964851 0.457297
vt 0.890431 0.634528
vt 0.890431 0.634079
vt 0.891760 0.634079
vt 0.891760 0.634528
vt 0.914876 0.007503
vt 0.914876 0.007952
vt 0.906953 0.007952
vt 0.906953 0.007503
vt 0.920990 0.007503
vt 0.920990 0.007952
vt 0.926538 0.007503
vt 0.926538 0.007952
vt 0.932653 0.007503
vt 0.932653 0.007952
vt 0.940575 0.007503
vt 0.940575 0.007952
vt 0.891760 0.605561
vt 0.891760 0.606011
vt 0.890431 0.606011
vt 0.890431 0.605561
vt 0.897416 0.611624
vt 0.884775 0.611624
vt 0.899986 0.617238
vt 0.882205 0.617238
vt 0.899986 0.622852
vt 0.882205 0.622852
vt 0.897416 0.628465
vt 0.884775 0.628465
vt 0.884775 0.656457
vt 0.897416 0.656457
vt 0.891760 0.661940
vt 0.890431 0.661940
vt 0.882205 0.650975
vt 0.899986 0.650975
vt 0.882205 0.645493
vt 0.899986 0.645493
vt 0.884775 0.640010
vt 0.897416 0.640010
vt 0.975723 0.513517
vt 0.976172 0.513517
vt 0.976172 0.521440
vt 0.975723 0.521440
vt 0.975723 0.507403
vt 0.976172 0.507403
vt 0.975723 0.501855
vt 0.976172 0.501855
vt 0.975723 0.495741
vt 0.976172 0.495741
vt 0.975723 0.487818
vt 0.976172 0.487818
vt 0.835980 0.466298
vt 0.835980 0.466747
vt 0.834651 0.466747
vt 0.834651 0.466298
vt 0.365687 0.020046
vt 0.365687 0.020495
vt 0.357764 0.020495
vt 0.357764 0.020046
vt 0.371801 0.020046
vt 0.371801 0.020495
vt 0.377349 0.020046
vt 0.377349 0.020495
vt 0.383464 0.020046
vt 0.383464 0.020495
vt 0.391387 0.020046
vt 0.391387 0.020495
vt 0.834651 0.438887
vt 0.834651 0.438437
vt 0.835980 0.438437
vt 0.835980 0.438887
vt 0.828995 0.432824
vt 0.841636 0.432824
vt 0.826425 0.427210
vt 0.844206 0.427210
vt 0.826425 0.421596
vt 0.844206 0.421596
vt 0.828995 0.415983
vt 0.841636 0.415983
vt 0.834651 0.410369
vt 0.835980 0.410369
vt 0.841636 0.444369
vt 0.828995 0.444369
vt 0.844206 0.449851
vt 0.826425 0.449851
vt 0.844206 0.455333
vt 0.826425 0.455333
vt 0.841636 0.460816
vt 0.828995 0.460816
vt 0.632651 0.010433
vt 0.632651 0.010882
vt 0.624728 0.010882
vt 0.624728 0.010433
vt 0.638766 0.010433
vt 0.638766 0.010882
vt 0.644314 0.010433
vt 0.644314 0.010882
vt 0.650428 0.010433
vt 0.650428 0.010882
vt 0.658351 0.010433
vt 0.658351 0.010882
vt 0.825054 0.478068
vt 0.825054 0.477619
vt 0.826384 0.477619
vt 0.826384 0.478068
vt 0.987044 0.500831
vt 0.987493 0.500831
vt 0.987493 0.508754
vt 0.987044 0.508754
vt 0.987044 0.494717
vt 0.987493 0.494717
vt 0.987044 0.489169
vt 0.987493 0.489169
vt 0.987044 0.483054
vt 0.987493 0.483054
vt 0.987044 0.475131
vt 0.987493 0.475131
vt 0.826384 0.505479
vt 0.826384 0.505928
vt 0.825054 0.505928
vt 0.825054 0.505479
vt 0.832040 0.511542
vt 0.819398 0.511542
vt 0.834610 0.517156
vt 0.816828 0.517156
vt 0.834610 0.522769
vt 0.816828 0.522769
vt 0.832040 0.528383
vt 0.819398 0.528383
vt 0.826384 0.533997
vt 0.825054 0.533997
vt 0.819398 0.499997
vt 0.832040 0.499997
vt 0.816828 0.494515
vt 0.834610 0.494515
vt 0.816828 0.489032
vt 0.834610 0.489032
vt 0.819398 0.483550
vt 0.832040 0.483550
vt 0.692406 0.021754
vt 0.692406 0.022203
vt 0.684483 0.022203
vt 0.684483 0.021754
vt 0.698520 0.021754
vt 0.698520 0.022203
vt 0.704068 0.021754
vt 0.704068 0.022203
vt 0.710182 0.021754
vt 0.710182 0.022203
vt 0.718105 0.021754
vt 0.718105 0.022203
vt 0.338510 0.103945
vt 0.338060 0.103945
vt 0.338060 0.102615
vt 0.338510 0.102615
vt 0.968480 0.945771
vt 0.968929 0.945771
vt 0.968929 0.953694
vt 0.968480 0.953694
vt 0.968480 0.939657
vt 0.968929 0.939657
vt 0.968480 0.934109
vt 0.968929 0.934109
vt 0.968480 0.927994
vt 0.968929 0.927994
vt 0.968480 0.920072
vt 0.968929 0.920072
vt 0.365921 0.102615
vt 0.366370 0.102615
vt 0.366370 0.103945
vt 0.365921 0.103945
vt 0.371984 0.096959
vt 0.371984 0.109601
vt 0.377597 0.094390
vt 0.377597 0.112171
vt 0.383211 0.094390
vt 0.383211 0.112171
vt 0.388825 0.096959
vt 0.388825 0.109601
vt 0.394439 0.102615
vt 0.394439 0.103945
vt 0.360439 0.109601
vt 0.360439 0.096959
vt 0.354956 0.112171
vt 0.354956 0.094390
vt 0.349474 0.112171
vt 0.349474 0.094390
vt 0.343992 0.109601
vt 0.343992 0.096959
vt 0.964402 0.305020
vt 0.964851 0.305020
vt 0.964851 0.312943
vt 0.964402 0.312943
vt 0.964402 0.298906
vt 0.964851 0.298906
vt 0.964402 0.293358
vt 0.964851 0.293358
vt 0.964402 0.287244
vt 0.964851 0.287244
vt 0.964402 0.279321
vt 0.964851 0.279321
vt 0.499971 0.102615
vt 0.500420 0.102615
vt 0.500420 0.103945
vt 0.499971 0.103945
vt 0.054229 0.008725
vt 0.054229 0.009174
vt 0.046306 0.009174
vt 0.046306 0.008725
vt 0.060343 0.008725
vt 0.060343 0.009174
vt 0.065891 0.008725
vt 0.065891 0.009174
vt 0.072005 0.008725
vt 0.072005 0.009174
vt 0.079928 0.008725
vt 0.079928 0.009174
vt 0.528938 0.103945
vt 0.528489 0.103945
vt 0.528489 0.102615
vt 0.528938 0.102615
vt 0.522875 0.109601
vt 0.522875 0.096959
vt 0.517261 0.112171
vt 0.517261 0.094390
vt 0.511648 0.112171
vt 0.511648 0.094390
vt 0.506034 0.109601
vt 0.506034 0.096959
vt 0.478042 0.096959
vt 0.478042 0.109601
vt 0.472560 0.103945
vt 0.472560 0.102615
vt 0.483524 0.094390
vt 0.483524 0.112171
vt 0.489007 0.094390
vt 0.489007 0.112171
vt 0.494489 0.096959
vt 0.494489 0.109601
vt 0.247465 0.031367
vt 0.247465 0.031816
vt 0.239542 0.031816
vt 0.239542 0.031367
vt 0.253580 0.031367
vt 0.253580 0.031816
vt 0.259128 0.031367
vt 0.259128 0.031816
vt 0.265242 0.031367
vt 0.265242 0.031816
vt 0.273165 0.031367
vt 0.273165 0.031816
vt 0.030329 0.163107
vt 0.029880 0.163107
vt 0.029880 0.161777
vt 0.030329 0.161777
vt 0.276699 0.020046
vt 0.276699 0.020495
vt 0.268776 0.020495
vt 0.268776 0.020046
vt 0.282813 0.020046
vt 0.282813 0.020495
vt 0.288361 0.020046
vt 0.288361 0.020495
vt 0.294476 0.020046
vt 0.294476 0.020495
vt 0.302399 0.020046
vt 0.302399 0.020495
vt 0.057741 0.161777
vt 0.058190 0.161777
vt 0.058190 0.163107
vt 0.057741 0.163107
vt 0.007426 0.156121
vt 0.007426 0.168763
vt 0.001812 0.163107
vt 0.001812 0.161777
vt 0.013039 0.153551
vt 0.013039 0.171332
vt 0.018653 0.153551
vt 0.018653 0.171332
vt 0.024267 0.156121
vt 0.024267 0.168763
vt 0.052259 0.168763
vt 0.052259 0.156121
vt 0.046776 0.171332
vt 0.046776 0.153551
vt 0.041294 0.171332
vt 0.041294 0.153551
vt 0.035812 0.168763
vt 0.035812 0.156121
vt 0.987044 0.411843
vt 0.987493 0.411843
vt 0.987493 0.419766
vt 0.987044 0.419766
vt 0.987044 0.405728
vt 0.987493 0.405728
vt 0.987044 0.400180
vt 0.987493 0.400180
vt 0.987044 0.394066
vt 0.987493 0.394066
vt 0.987044 0.386143
vt 0.987493 0.386143
vt 0.461688 0.103945
vt 0.461239 0.103945
vt 0.461239 0.102615
vt 0.461688 0.102615
vt 0.993027 0.144879
vt 0.993477 0.144879
vt 0.993477 0.152801
vt 0.993027 0.152801
vt 0.993027 0.138764
vt 0.993477 0.138764
vt 0.993027 0.133216
vt 0.993477 0.133216
vt 0.993027 0.127102
vt 0.993477 0.127102
vt 0.993027 0.119179
vt 0.993477 0.119179
vt 0.432722 0.102615
vt 0.433171 0.102615
vt 0.433171 0.103945
vt 0.432722 0.103945
vt 0.438784 0.096959
vt 0.438784 0.109601
vt 0.444398 0.094390
vt 0.444398 0.112171
vt 0.450012 0.094390
vt 0.450012 0.112171
vt 0.455625 0.096959
vt 0.455625 0.109601
vt 0.427239 0.109601
vt 0.427239 0.096959
vt 0.421757 0.112171
vt 0.421757 0.094390
vt 0.416275 0.112171
vt 0.416275 0.094390
vt 0.410792 0.109601
vt 0.410792 0.096959
vt 0.405310 0.103945
vt 0.405310 0.102615
vt 0.987044 0.322855
vt 0.987493 0.322855
vt 0.987493 0.330778
vt 0.987044 0.330778
vt 0.987044 0.316740
vt 0.987493 0.316740
vt 0.987044 0.311192
vt 0.987493 0.311192
vt 0.987044 0.305078
vt 0.987493 0.305078
vt 0.987044 0.297155
vt 0.987493 0.297155
vt 0.232528 0.156405
vt 0.232079 0.156405
vt 0.232079 0.155076
vt 0.232528 0.155076
vt 0.987044 0.367349
vt 0.987493 0.367349
vt 0.987493 0.375272
vt 0.987044 0.375272
vt 0.987044 0.361234
vt 0.987493 0.361234
vt 0.987044 0.355686
vt 0.987493 0.355686
vt 0.987044 0.349572
vt 0.987493 0.349572
vt 0.987044 0.341649
vt 0.987493 0.341649
vt 0.203561 0.155076
vt 0.204010 0.155076
vt 0.204010 0.156405
vt 0.203561 0.156405
vt 0.209624 0.149420
vt 0.209624 0.162061
vt 0.215237 0.146850
vt 0.215237 0.164631
vt 0.220851 0.146850
vt 0.220851 0.164631
vt 0.226465 0.149420
vt 0.226465 0.162061
vt 0.254457 0.162061
vt 0.254457 0.149420
vt 0.259939 0.155076
vt 0.259939 0.156405
vt 0.248975 0.164631
vt 0.248975 0.146850
vt 0.243492 0.164631
vt 0.243492 0.146850
vt 0.238010 0.162061
vt 0.238010 0.149420
vt 0.113983 0.031367
vt 0.113983 0.031816
vt 0.106060 0.031816
vt 0.106060 0.031367
vt 0.120098 0.031367
vt 0.120098 0.031816
vt 0.125646 0.031367
vt 0.125646 0.031816
vt 0.131760 0.031367
vt 0.131760 0.031816
vt 0.139683 0.031367
vt 0.139683 0.031816
vt 0.338060 0.131268
vt 0.338510 0.131268
vt 0.338510 0.132598
vt 0.338060 0.132598
vt 0.979801 0.945771
vt 0.980250 0.945771
vt 0.980250 0.953694
vt 0.979801 0.953694
vt 0.979801 0.939657
vt 0.980250 0.939657
vt 0.979801 0.934109
vt 0.980250 0.934109
vt 0.979801 0.927994
vt 0.980250 0.927994
vt 0.979801 0.920072
vt 0.980250 0.920072
vt 0.367027 0.132598
vt 0.366578 0.132598
vt 0.366578 0.131268
vt 0.367027 0.131268
vt 0.360964 0.138254
vt 0.360964 0.125612
vt 0.355351 0.140824
vt 0.355351 0.123042
vt 0.349737 0.140824
vt 0.349737 0.123042
vt 0.344123 0.138254
vt 0.344123 0.125612
vt 0.372509 0.125612
vt 0.372509 0.138254
vt 0.377992 0.123042
vt 0.377992 0.140824
vt 0.383474 0.123042
vt 0.383474 0.140824
vt 0.388956 0.125612
vt 0.388956 0.138254
vt 0.394439 0.131268
vt 0.394439 0.132598
vt 0.740761 0.026521
vt 0.740761 0.026970
vt 0.732838 0.026970
vt 0.732838 0.026521
vt 0.746875 0.026521
vt 0.746875 0.026970
vt 0.752423 0.026521
vt 0.752423 0.026970
vt 0.758537 0.026521
vt 0.758537 0.026970
vt 0.766460 0.026521
vt 0.766460 0.026970
vt 0.096922 0.069117
vt 0.097371 0.069117
vt 0.097371 0.070446
vt 0.096922 0.070446
vt 0.905781 0.030144
vt 0.905781 0.030594
vt 0.897858 0.030594
vt 0.897858 0.030144
vt 0.911895 0.030144
vt 0.911895 0.030594
vt 0.917443 0.030144
vt 0.917443 0.030594
vt 0.923557 0.030144
vt 0.923557 0.030594
vt 0.931480 0.030144
vt 0.931480 0.030594
vt 0.069511 0.070446
vt 0.069062 0.070446
vt 0.069062 0.069117
vt 0.069511 0.069117
vt 0.119826 0.076102
vt 0.119826 0.063461
vt 0.125440 0.069117
vt 0.125440 0.070446
vt 0.114212 0.078672
vt 0.114212 0.060891
vt 0.108599 0.078672
vt 0.108599 0.060891
vt 0.102985 0.076102
vt 0.102985 0.063461
vt 0.074993 0.063461
vt 0.074993 0.076102
vt 0.080475 0.060891
vt 0.080475 0.078672
vt 0.085958 0.060891
vt 0.085958 0.078672
vt 0.091440 0.063461
vt 0.091440 0.076102
vt 0.069489 0.038046
vt 0.069489 0.038495
vt 0.061566 0.038495
vt 0.061566 0.038046
vt 0.075604 0.038046
vt 0.075604 0.038495
vt 0.081152 0.038046
vt 0.081152 0.038495
vt 0.087266 0.038046
vt 0.087266 0.038495
vt 0.095189 0.038046
vt 0.095189 0.038495
vt 0.864737 0.092290
vt 0.865186 0.092290
vt 0.865186 0.093620
vt 0.864737 0.093620
vt 0.981707 0.634313
vt 0.982156 0.634313
vt 0.982156 0.642236
vt 0.981707 0.642236
vt 0.981707 0.628199
vt 0.982156 0.628199
vt 0.981707 0.622651
vt 0.982156 0.622651
vt 0.981707 0.616536
vt 0.982156 0.616536
vt 0.981707 0.608613
vt 0.982156 0.608613
vt 0.837326 0.093620
vt 0.836877 0.093620
vt 0.836877 0.092290
vt 0.837326 0.092290
vt 0.831263 0.099276
vt 0.831263 0.086634
vt 0.825649 0.101846
vt 0.825649 0.084064
vt 0.820036 0.101846
vt 0.820036 0.084064
vt 0.814422 0.099276
vt 0.814422 0.086634
vt 0.808808 0.093620
vt 0.808808 0.092290
vt 0.842808 0.086634
vt 0.842808 0.099276
vt 0.848291 0.084064
vt 0.848291 0.101846
vt 0.853773 0.084064
vt 0.853773 0.101846
vt 0.859255 0.086634
vt 0.859255 0.099276
vt 0.098723 0.008725
vt 0.098723 0.009174
vt 0.090800 0.009174
vt 0.090800 0.008725
vt 0.104837 0.008725
vt 0.104837 0.009174
vt 0.110385 0.008725
vt 0.110385 0.009174
vt 0.116500 0.008725
vt 0.116500 0.009174
vt 0.124422 0.008725
vt 0.124422 0.009174
vt 0.499971 0.131268
vt 0.500420 0.131268
vt 0.500420 0.132598
vt 0.499971 0.132598
vt 0.588157 0.010433
vt 0.588157 0.010882
vt 0.580234 0.010882
vt 0.580234 0.010433
vt 0.594272 0.010433
vt 0.594272 0.010882
vt 0.599820 0.010433
vt 0.599820 0.010882
vt 0.605934 0.010433
vt 0.605934 0.010882
vt 0.613857 0.010433
vt 0.613857 0.010882
vt 0.528938 0.132598
vt 0.528489 0.132598
vt 0.528489 0.131268
vt 0.528938 0.131268
vt 0.522875 0.138254
vt 0.522875 0.125612
vt 0.517261 0.140824
vt 0.517261 0.123042
vt 0.511648 0.140824
vt 0.511648 0.123042
vt 0.506034 0.138254
vt 0.506034 0.125612
vt 0.478042 0.125612
vt 0.478042 0.138254
vt 0.472560 0.132598
vt 0.472560 0.131268
vt 0.483524 0.123042
vt 0.483524 0.140824
vt 0.489007 0.123042
vt 0.489007 0.140824
vt 0.494489 0.125612
vt 0.494489 0.138254
vt 0.202971 0.031367
vt 0.202971 0.031816
vt 0.195048 0.031816
vt 0.195048 0.031367
vt 0.209086 0.031367
vt 0.209086 0.031816
vt 0.214634 0.031367
vt 0.214634 0.031816
vt 0.220748 0.031367
vt 0.220748 0.031816
vt 0.228671 0.031367
vt 0.228671 0.031816
vt 0.880659 0.998188
vt 0.880659 0.997739
vt 0.881989 0.997739
vt 0.881989 0.998188
vt 0.993027 0.100384
vt 0.993477 0.100384
vt 0.993477 0.108307
vt 0.993027 0.108307
vt 0.993027 0.094270
vt 0.993477 0.094270
vt 0.993027 0.088722
vt 0.993477 0.088722
vt 0.993027 0.082608
vt 0.993477 0.082608
vt 0.993027 0.074685
vt 0.993477 0.074685
vt 0.881989 0.969221
vt 0.881989 0.969671
vt 0.880659 0.969671
vt 0.880659 0.969221
vt 0.887645 0.975284
vt 0.875003 0.975284
vt 0.890215 0.980898
vt 0.872433 0.980898
vt 0.890215 0.986512
vt 0.872433 0.986512
vt 0.887645 0.992125
vt 0.875003 0.992125
vt 0.875003 0.963739
vt 0.887645 0.963739
vt 0.872433 0.958257
vt 0.890215 0.958257
vt 0.872433 0.952775
vt 0.890215 0.952775
vt 0.875003 0.947292
vt 0.887645 0.947292
vt 0.880659 0.941810
vt 0.881989 0.941810
vt 0.694151 0.745237
vt 0.694626 0.745237
vt 0.694626 0.753617
vt 0.694151 0.753617
vt 0.694151 0.738771
vt 0.694626 0.738771
vt 0.694151 0.732903
vt 0.694626 0.732903
vt 0.694151 0.726436
vt 0.694626 0.726436
vt 0.694151 0.718056
vt 0.694626 0.718056
vt 0.230973 0.097770
vt 0.231422 0.097770
vt 0.231422 0.099100
vt 0.230973 0.099100
vt 0.187711 0.008725
vt 0.187711 0.009174
vt 0.179788 0.009174
vt 0.179788 0.008725
vt 0.193825 0.008725
vt 0.193825 0.009174
vt 0.199373 0.008725
vt 0.199373 0.009174
vt 0.205488 0.008725
vt 0.205488 0.009174
vt 0.213410 0.008725
vt 0.213410 0.009174
vt 0.259939 0.099100
vt 0.259490 0.099100
vt 0.259490 0.097770
vt 0.259939 0.097770
vt 0.253876 0.104755
vt 0.253876 0.092114
vt 0.248263 0.107325
vt 0.248263 0.089544
vt 0.242649 0.107325
vt 0.242649 0.089544
vt 0.237035 0.104755
vt 0.237035 0.092114
vt 0.209043 0.092114
vt 0.209043 0.104755
vt 0.203561 0.099100
vt 0.203561 0.097770
vt 0.214526 0.089544
vt 0.214526 0.107325
vt 0.220008 0.089544
vt 0.220008 0.107325
vt 0.225490 0.092114
vt 0.225490 0.104755
vt 0.752978 0.339671
vt 0.753468 0.339671
vt 0.753468 0.348320
vt 0.752978 0.348320
vt 0.752978 0.332997
vt 0.753468 0.332997
vt 0.752978 0.326941
vt 0.753468 0.326941
vt 0.752978 0.320266
vt 0.753468 0.320266
vt 0.752978 0.311618
vt 0.753468 0.311618
vt 0.891760 0.863240
vt 0.891760 0.863689
vt 0.890431 0.863689
vt 0.890431 0.863240
vt 0.918737 0.018824
vt 0.918737 0.019273
vt 0.910814 0.019273
vt 0.910814 0.018824
vt 0.924851 0.018824
vt 0.924851 0.019273
vt 0.930399 0.018824
vt 0.930399 0.019273
vt 0.936514 0.018824
vt 0.936514 0.019273
vt 0.944436 0.018824
vt 0.944436 0.019273
vt 0.890431 0.835828
vt 0.890431 0.835379
vt 0.891760 0.835379
vt 0.891760 0.835828
vt 0.884775 0.829765
vt 0.897416 0.829765
vt 0.882205 0.824152
vt 0.899986 0.824152
vt 0.882205 0.818538
vt 0.899986 0.818538
vt 0.884775 0.812924
vt 0.897416 0.812924
vt 0.890431 0.807311
vt 0.891760 0.807311
vt 0.897416 0.841311
vt 0.884775 0.841311
vt 0.899986 0.846793
vt 0.882205 0.846793
vt 0.899986 0.852275
vt 0.882205 0.852275
vt 0.897416 0.857757
vt 0.884775 0.857757
vt 0.874243 0.018824
vt 0.874243 0.019273
vt 0.866320 0.019273
vt 0.866320 0.018824
vt 0.880357 0.018824
vt 0.880357 0.019273
vt 0.885905 0.018824
vt 0.885905 0.019273
vt 0.892020 0.018824
vt 0.892020 0.019273
vt 0.899942 0.018824
vt 0.899942 0.019273
vt 0.096473 0.126423
vt 0.096922 0.126423
vt 0.096922 0.127752
vt 0.096473 0.127752
vt 0.987044 0.278361
vt 0.987493 0.278361
vt 0.987493 0.286283
vt 0.987044 0.286283
vt 0.987044 0.272246
vt 0.987493 0.272246
vt 0.987044 0.266698
vt 0.987493 0.266698
vt 0.987044 0.260584
vt 0.987493 0.260584
vt 0.987044 0.252661
vt 0.987493 0.252661
vt 0.125440 0.127752
vt 0.124991 0.127752
vt 0.124991 0.126423
vt 0.125440 0.126423
vt 0.119377 0.133408
vt 0.119377 0.120767
vt 0.113763 0.135978
vt 0.113763 0.118197
vt 0.108150 0.135978
vt 0.108150 0.118197
vt 0.102536 0.133408
vt 0.102536 0.120767
vt 0.074544 0.120767
vt 0.074544 0.133408
vt 0.069062 0.127752
vt 0.069062 0.126423
vt 0.080026 0.118197
vt 0.080026 0.135978
vt 0.085509 0.118197
vt 0.085509 0.135978
vt 0.090991 0.120767
vt 0.090991 0.133408
vt 0.696267 0.033075
vt 0.696267 0.033524
vt 0.688344 0.033524
vt 0.688344 0.033075
vt 0.702381 0.033075
vt 0.702381 0.033524
vt 0.707929 0.033075
vt 0.707929 0.033524
vt 0.714043 0.033075
vt 0.714043 0.033524
vt 0.721966 0.033075
vt 0.721966 0.033524
vt 0.882360 0.538761
vt 0.882360 0.538312
vt 0.883690 0.538312
vt 0.883690 0.538761
vt 0.321193 0.008725
vt 0.321193 0.009174
vt 0.313270 0.009174
vt 0.313270 0.008725
vt 0.327307 0.008725
vt 0.327307 0.009174
vt 0.332855 0.008725
vt 0.332855 0.009174
vt 0.338970 0.008725
vt 0.338970 0.009174
vt 0.346893 0.008725
vt 0.346893 0.009174
vt 0.883690 0.566172
vt 0.883690 0.566621
vt 0.882360 0.566621
vt 0.882360 0.566172
vt 0.889346 0.572235
vt 0.876704 0.572235
vt 0.891916 0.577849
vt 0.874134 0.577849
vt 0.891916 0.583462
vt 0.874134 0.583462
vt 0.889346 0.589076
vt 0.876704 0.589076
vt 0.883690 0.594690
vt 0.882360 0.594690
vt 0.876704 0.560690
vt 0.889346 0.560690
vt 0.874134 0.555208
vt 0.891916 0.555208
vt 0.874134 0.549725
vt 0.891916 0.549725
vt 0.876704 0.544243
vt 0.889346 0.544243
vt 0.960410 0.691493
vt 0.960859 0.691493
vt 0.960859 0.699416
vt 0.960410 0.699416
vt 0.960410 0.685379
vt 0.960859 0.685379
vt 0.960410 0.679831
vt 0.960859 0.679831
vt 0.960410 0.673717
vt 0.960859 0.673717
vt 0.960410 0.665794
vt 0.960859 0.665794
vt 0.883769 0.120943
vt 0.884218 0.120943
vt 0.884218 0.122273
vt 0.883769 0.122273
vt 0.543663 0.020046
vt 0.543663 0.020495
vt 0.535740 0.020495
vt 0.535740 0.020046
vt 0.549778 0.020046
vt 0.549778 0.020495
vt 0.555326 0.020046
vt 0.555326 0.020495
vt 0.561440 0.020046
vt 0.561440 0.020495
vt 0.569363 0.020046
vt 0.569363 0.020495
vt 0.856358 0.122273
vt 0.855909 0.122273
vt 0.855909 0.120943
vt 0.856358 0.120943
vt 0.850295 0.127929
vt 0.850295 0.115287
vt 0.844682 0.130498
vt 0.844682 0.112717
vt 0.839068 0.130498
vt 0.839068 0.112717
vt 0.833454 0.127929
vt 0.833454 0.115287
vt 0.827840 0.122273
vt 0.827840 0.120943
vt 0.861840 0.115287
vt 0.861840 0.127929
vt 0.867323 0.112717
vt 0.867323 0.130498
vt 0.872805 0.112717
vt 0.872805 0.130498
vt 0.878287 0.115287
vt 0.878287 0.127929
vt 0.826425 0.390000
vt 0.826963 0.390000
vt 0.826963 0.399497
vt 0.826425 0.399497
vt 0.826425 0.382670
vt 0.826963 0.382670
vt 0.826425 0.376019
vt 0.826963 0.376019
vt 0.826425 0.368690
vt 0.826963 0.368690
vt 0.826425 0.359192
vt 0.826963 0.359192
vt 0.853707 0.533997
vt 0.853707 0.533548
vt 0.855037 0.533548
vt 0.855037 0.533997
vt 0.979801 0.856783
vt 0.980250 0.856783
vt 0.980250 0.864706
vt 0.979801 0.864706
vt 0.979801 0.850669
vt 0.980250 0.850669
vt 0.979801 0.845121
vt 0.980250 0.845121
vt 0.979801 0.839006
vt 0.980250 0.839006
vt 0.979801 0.831084
vt 0.980250 0.831084
vt 0.855037 0.505030
vt 0.855037 0.505479
vt 0.853707 0.505479
vt 0.853707 0.505030
vt 0.860693 0.511093
vt 0.848051 0.511093
vt 0.863263 0.516707
vt 0.845481 0.516707
vt 0.863263 0.522320
vt 0.845481 0.522320
vt 0.860693 0.527934
vt 0.848051 0.527934
vt 0.848051 0.499548
vt 0.860693 0.499548
vt 0.845481 0.494066
vt 0.863263 0.494066
vt 0.845481 0.488583
vt 0.863263 0.488583
vt 0.848051 0.483101
vt 0.860693 0.483101
vt 0.853707 0.477619
vt 0.855037 0.477619
vt 0.499169 0.008725
vt 0.499169 0.009174
vt 0.491246 0.009174
vt 0.491246 0.008725
vt 0.505284 0.008725
vt 0.505284 0.009174
vt 0.510832 0.008725
vt 0.510832 0.009174
vt 0.516946 0.008725
vt 0.516946 0.009174
vt 0.524869 0.008725
vt 0.524869 0.009174
vt 0.165278 0.156405
vt 0.164829 0.156405
vt 0.164829 0.155076
vt 0.165278 0.155076
vt 0.425441 0.031367
vt 0.425441 0.031816
vt 0.417519 0.031816
vt 0.417519 0.031367
vt 0.431556 0.031367
vt 0.431556 0.031816
vt 0.437104 0.031367
vt 0.437104 0.031816
vt 0.443218 0.031367
vt 0.443218 0.031816
vt 0.451141 0.031367
vt 0.451141 0.031816
vt 0.136311 0.155076
vt 0.136760 0.155076
vt 0.136760 0.156405
vt 0.136311 0.156405
vt 0.142374 0.149420
vt 0.142374 0.162061
vt 0.147988 0.146850
vt 0.147988 0.164631
vt 0.153601 0.146850
vt 0.153601 0.164631
vt 0.159215 0.149420
vt 0.159215 0.162061
vt 0.187207 0.162061
vt 0.187207 0.149420
vt 0.192689 0.155076
vt 0.192689 0.156405
vt 0.181725 0.164631
vt 0.181725 0.146850
vt 0.176243 0.164631
vt 0.176243 0.146850
vt 0.170760 0.162061
vt 0.170760 0.149420
vt 0.143217 0.008725
vt 0.143217 0.009174
vt 0.135294 0.009174
vt 0.135294 0.008725
vt 0.149331 0.008725
vt 0.149331 0.009174
vt 0.154879 0.008725
vt 0.154879 0.009174
vt 0.160994 0.008725
vt 0.160994 0.009174
vt 0.168916 0.008725
vt 0.168916 0.009174
vt 0.890431 0.768578
vt 0.890431 0.768129
vt 0.891760 0.768129
vt 0.891760 0.768578
vt 0.454675 0.008725
vt 0.454675 0.009174
vt 0.446752 0.009174
vt 0.446752 0.008725
vt 0.460790 0.008725
vt 0.460790 0.009174
vt 0.466337 0.008725
vt 0.466337 0.009174
vt 0.472452 0.008725
vt 0.472452 0.009174
vt 0.480375 0.008725
vt 0.480375 0.009174
vt 0.891760 0.795990
vt 0.891760 0.796439
vt 0.890431 0.796439
vt 0.890431 0.795990
vt 0.897416 0.745675
vt 0.884775 0.745675
vt 0.890431 0.740061
vt 0.891760 0.740061
vt 0.899986 0.751288
vt 0.882205 0.751288
vt 0.899986 0.756902
vt 0.882205 0.756902
vt 0.897416 0.762516
vt 0.884775 0.762516
vt 0.884775 0.790508
vt 0.897416 0.790508
vt 0.882205 0.785025
vt 0.899986 0.785025
vt 0.882205 0.779543
vt 0.899986 0.779543
vt 0.884775 0.774061
vt 0.897416 0.774061
vt 0.785255 0.026521
vt 0.785255 0.026970
vt 0.777332 0.026970
vt 0.777332 0.026521
vt 0.791369 0.026521
vt 0.791369 0.026970
vt 0.796917 0.026521
vt 0.796917 0.026970
vt 0.803031 0.026521
vt 0.803031 0.026970
vt 0.810954 0.026521
vt 0.810954 0.026970
vt 0.863107 0.700672
vt 0.863107 0.701121
vt 0.861778 0.701121
vt 0.861778 0.700672
vt 0.187711 0.020046
vt 0.187711 0.020495
vt 0.179788 0.020495
vt 0.179788 0.020046
vt 0.193825 0.020046
vt 0.193825 0.020495
vt 0.199373 0.020046
vt 0.199373 0.020495
vt 0.205488 0.020046
vt 0.205488 0.020495
vt 0.213410 0.020046
vt 0.213410 0.020495
vt 0.861778 0.673260
vt 0.861778 0.672811
vt 0.863107 0.672811
vt 0.863107 0.673260
vt 0.856122 0.723576
vt 0.868763 0.723576
vt 0.863107 0.729189
vt 0.861778 0.729189
vt 0.853552 0.717962
vt 0.871333 0.717962
vt 0.853552 0.712348
vt 0.871333 0.712348
vt 0.856122 0.706734
vt 0.868763 0.706734
vt 0.868763 0.678743
vt 0.856122 0.678743
vt 0.871333 0.684225
vt 0.853552 0.684225
vt 0.871333 0.689707
vt 0.853552 0.689707
vt 0.868763 0.695189
vt 0.856122 0.695189
vt 0.791903 0.226225
vt 0.791903 0.226829
vt 0.781242 0.226829
vt 0.781242 0.226225
vt 0.800130 0.226225
vt 0.800130 0.226829
vt 0.807596 0.226225
vt 0.807596 0.226829
vt 0.815824 0.226225
vt 0.815824 0.226829
vt 0.826485 0.226225
vt 0.826485 0.226829
vt 0.326740 0.126423
vt 0.327189 0.126423
vt 0.327189 0.127752
vt 0.326740 0.127752
vt 0.983255 0.812289
vt 0.983704 0.812289
vt 0.983704 0.820212
vt 0.983255 0.820212
vt 0.983255 0.806175
vt 0.983704 0.806175
vt 0.983255 0.800627
vt 0.983704 0.800627
vt 0.983255 0.794512
vt 0.983704 0.794512
vt 0.983255 0.786590
vt 0.983704 0.786590
vt 0.299328 0.127752
vt 0.298879 0.127752
vt 0.298879 0.126423
vt 0.299328 0.126423
vt 0.293266 0.133408
vt 0.293266 0.120767
vt 0.287652 0.135978
vt 0.287652 0.118197
vt 0.282038 0.135978
vt 0.282038 0.118197
vt 0.276424 0.133408
vt 0.276424 0.120767
vt 0.270811 0.127752
vt 0.270811 0.126423
vt 0.304811 0.120767
vt 0.304811 0.133408
vt 0.310293 0.118197
vt 0.310293 0.135978
vt 0.315775 0.118197
vt 0.315775 0.135978
vt 0.321257 0.120767
vt 0.321257 0.133408
vt 0.781394 0.015200
vt 0.781394 0.015650
vt 0.773471 0.015650
vt 0.773471 0.015200
vt 0.787508 0.015200
vt 0.787508 0.015650
vt 0.793056 0.015200
vt 0.793056 0.015650
vt 0.799170 0.015200
vt 0.799170 0.015650
vt 0.807093 0.015200
vt 0.807093 0.015650
vt 0.861778 0.634528
vt 0.861778 0.634079
vt 0.863107 0.634079
vt 0.863107 0.634528
vt 0.971934 0.767795
vt 0.972383 0.767795
vt 0.972383 0.775718
vt 0.971934 0.775718
vt 0.971934 0.761681
vt 0.972383 0.761681
vt 0.971934 0.756133
vt 0.972383 0.756133
vt 0.971934 0.750018
vt 0.972383 0.750018
vt 0.971934 0.742096
vt 0.972383 0.742096
vt 0.863107 0.605561
vt 0.863107 0.606011
vt 0.861778 0.606011
vt 0.861778 0.605561
vt 0.868763 0.611624
vt 0.856122 0.611624
vt 0.871333 0.617238
vt 0.853552 0.617238
vt 0.871333 0.622852
vt 0.853552 0.622852
vt 0.868763 0.628465
vt 0.856122 0.628465
vt 0.856122 0.656457
vt 0.868763 0.656457
vt 0.863107 0.661940
vt 0.861778 0.661940
vt 0.853552 0.650975
vt 0.871333 0.650975
vt 0.853552 0.645493
vt 0.871333 0.645493
vt 0.856122 0.640010
vt 0.868763 0.640010
vt 0.964402 0.527490
vt 0.964851 0.527490
vt 0.964851 0.535413
vt 0.964402 0.535413
vt 0.964402 0.521376
vt 0.964851 0.521376
vt 0.964402 0.515828
vt 0.964851 0.515828
vt 0.964402 0.509714
vt 0.964851 0.509714
vt 0.964402 0.501791
vt 0.964851 0.501791
vt 0.863303 0.466747
vt 0.863303 0.466298
vt 0.864633 0.466298
vt 0.864633 0.466747
vt 0.870382 0.007503
vt 0.870382 0.007952
vt 0.862459 0.007952
vt 0.862459 0.007503
vt 0.876496 0.007503
vt 0.876496 0.007952
vt 0.882044 0.007503
vt 0.882044 0.007952
vt 0.888159 0.007503
vt 0.888159 0.007952
vt 0.896081 0.007503
vt 0.896081 0.007952
vt 0.864633 0.437780
vt 0.864633 0.438229
vt 0.863303 0.438229
vt 0.863303 0.437780
vt 0.870289 0.443843
vt 0.857648 0.443843
vt 0.872859 0.449457
vt 0.855078 0.449457
vt 0.872859 0.455070
vt 0.855078 0.455070
vt 0.870289 0.460684
vt 0.857648 0.460684
vt 0.857648 0.432298
vt 0.870289 0.432298
vt 0.855078 0.426816
vt 0.872859 0.426816
vt 0.855078 0.421334
vt 0.872859 0.421334
vt 0.857648 0.415851
vt 0.870289 0.415851
vt 0.863303 0.410369
vt 0.864633 0.410369
vt 0.950275 0.030144
vt 0.950275 0.030594
vt 0.942352 0.030594
vt 0.942352 0.030144
vt 0.956389 0.030144
vt 0.956389 0.030594
vt 0.961937 0.030144
vt 0.961937 0.030594
vt 0.968051 0.030144
vt 0.968051 0.030594
vt 0.975974 0.030144
vt 0.975974 0.030594
vt 0.540259 0.116173
vt 0.539810 0.116173
vt 0.539810 0.114843
vt 0.540259 0.114843
vt 0.975723 0.424529
vt 0.976172 0.424529
vt 0.976172 0.432452
vt 0.975723 0.432452
vt 0.975723 0.418415
vt 0.976172 0.418415
vt 0.975723 0.412867
vt 0.976172 0.412867
vt 0.975723 0.406752
vt 0.976172 0.406752
vt 0.975723 0.398830
vt 0.976172 0.398830
vt 0.567670 0.114843
vt 0.568119 0.114843
vt 0.568119 0.116173
vt 0.567670 0.116173
vt 0.573733 0.109187
vt 0.573733 0.121829
vt 0.579346 0.106617
vt 0.579346 0.124399
vt 0.584960 0.106617
vt 0.584960 0.124399
vt 0.590574 0.109187
vt 0.590574 0.121829
vt 0.596188 0.114843
vt 0.596188 0.116173
vt 0.562188 0.121829
vt 0.562188 0.109187
vt 0.556705 0.124399
vt 0.556705 0.106617
vt 0.551223 0.124399
vt 0.551223 0.106617
vt 0.545741 0.121829
vt 0.545741 0.109187
vt 0.276699 0.008725
vt 0.276699 0.009174
vt 0.268776 0.009174
vt 0.268776 0.008725
vt 0.282813 0.008725
vt 0.282813 0.009174
vt 0.288361 0.008725
vt 0.288361 0.009174
vt 0.294476 0.008725
vt 0.294476 0.009174
vt 0.302399 0.008725
vt 0.302399 0.009174
vt 0.754673 0.161629
vt 0.755122 0.161629
vt 0.755122 0.162959
vt 0.754673 0.162959
vt 0.410181 0.020046
vt 0.410181 0.020495
vt 0.402258 0.020495
vt 0.402258 0.020046
vt 0.416295 0.020046
vt 0.416295 0.020495
vt 0.421843 0.020046
vt 0.421843 0.020495
vt 0.427958 0.020046
vt 0.427958 0.020495
vt 0.435881 0.020046
vt 0.435881 0.020495
vt 0.727262 0.162959
vt 0.726813 0.162959
vt 0.726813 0.161629
vt 0.727262 0.161629
vt 0.721199 0.168615
vt 0.721199 0.155973
vt 0.715585 0.171185
vt 0.715585 0.153403
vt 0.709972 0.171185
vt 0.709972 0.153403
vt 0.704358 0.168615
vt 0.704358 0.155973
vt 0.698744 0.162959
vt 0.698744 0.161629
vt 0.732744 0.155973
vt 0.732744 0.168615
vt 0.738226 0.153403
vt 0.738226 0.171185
vt 0.743709 0.153403
vt 0.743709 0.171185
vt 0.749191 0.155973
vt 0.749191 0.168615
vt 0.098723 0.020046
vt 0.098723 0.020495
vt 0.090800 0.020495
vt 0.090800 0.020046
vt 0.104837 0.020046
vt 0.104837 0.020495
vt 0.110385 0.020046
vt 0.110385 0.020495
vt 0.116500 0.020046
vt 0.116500 0.020495
vt 0.124422 0.020046
vt 0.124422 0.020495
vt 0.499971 0.073962
vt 0.500420 0.073962
vt 0.500420 0.075292
vt 0.499971 0.075292
vt 0.979801 0.990265
vt 0.980250 0.990265
vt 0.980250 0.998188
vt 0.979801 0.998188
vt 0.979801 0.984151
vt 0.980250 0.984151
vt 0.979801 0.978603
vt 0.980250 0.978603
vt 0.979801 0.972489
vt 0.980250 0.972489
vt 0.979801 0.964566
vt 0.980250 0.964566
vt 0.528938 0.075292
vt 0.528489 0.075292
vt 0.528489 0.073962
vt 0.528938 0.073962
vt 0.522875 0.080948
vt 0.522875 0.068306
vt 0.517261 0.083518
vt 0.517261 0.065737
vt 0.511648 0.083518
vt 0.511648 0.065737
vt 0.506034 0.080948
vt 0.506034 0.068306
vt 0.478042 0.068306
vt 0.478042 0.080948
vt 0.472560 0.075292
vt 0.472560 0.073962
vt 0.483524 0.065737
vt 0.483524 0.083518
vt 0.489007 0.065737
vt 0.489007 0.083518
vt 0.494489 0.068306
vt 0.494489 0.080948
vt 0.607279 0.033075
vt 0.607279 0.033524
vt 0.599356 0.033524
vt 0.599356 0.033075
vt 0.613393 0.033075
vt 0.613393 0.033524
vt 0.618941 0.033075
vt 0.618941 0.033524
vt 0.625055 0.033075
vt 0.625055 0.033524
vt 0.632978 0.033075
vt 0.632978 0.033524
vt 0.096473 0.097770
vt 0.096922 0.097770
vt 0.096922 0.099100
vt 0.096473 0.099100
vt 0.994576 0.812289
vt 0.995025 0.812289
vt 0.995025 0.820212
vt 0.994576 0.820212
vt 0.994576 0.806175
vt 0.995025 0.806175
vt 0.994576 0.800627
vt 0.995025 0.800627
vt 0.994576 0.794512
vt 0.995025 0.794512
vt 0.994576 0.786590
vt 0.995025 0.786590
vt 0.125440 0.099100
vt 0.124991 0.099100
vt 0.124991 0.097770
vt 0.125440 0.097770
vt 0.119377 0.104755
vt 0.119377 0.092114
vt 0.113763 0.107325
vt 0.113763 0.089544
vt 0.108150 0.107325
vt 0.108150 0.089544
vt 0.102536 0.104755
vt 0.102536 0.092114
vt 0.074544 0.092114
vt 0.074544 0.104755
vt 0.069062 0.099100
vt 0.069062 0.097770
vt 0.080026 0.089544
vt 0.080026 0.107325
vt 0.085509 0.089544
vt 0.085509 0.107325
vt 0.090991 0.092114
vt 0.090991 0.104755
vt 0.970386 0.082550
vt 0.970835 0.082550
vt 0.970835 0.090473
vt 0.970386 0.090473
vt 0.970386 0.076436
vt 0.970835 0.076436
vt 0.970386 0.070888
vt 0.970835 0.070888
vt 0.970386 0.064774
vt 0.970835 0.064774
vt 0.970386 0.056851
vt 0.970835 0.056851
vt 0.809759 0.247256
vt 0.809310 0.247256
vt 0.809310 0.245926
vt 0.809759 0.245926
vt 0.009735 0.015200
vt 0.009735 0.015650
vt 0.001812 0.015650
vt 0.001812 0.015200
vt 0.015849 0.015200
vt 0.015849 0.015650
vt 0.021397 0.015200
vt 0.021397 0.015650
vt 0.027511 0.015200
vt 0.027511 0.015650
vt 0.035434 0.015200
vt 0.035434 0.015650
vt 0.837171 0.245926
vt 0.837620 0.245926
vt 0.837620 0.247256
vt 0.837171 0.247256
vt 0.786855 0.240270
vt 0.786855 0.252912
vt 0.781242 0.247256
vt 0.781242 0.245926
vt 0.792469 0.237701
vt 0.792469 0.255482
vt 0.798083 0.237701
vt 0.798083 0.255482
vt 0.803696 0.240270
vt 0.803696 0.252912
vt 0.831688 0.252912
vt 0.831688 0.240270
vt 0.826206 0.255482
vt 0.826206 0.237701
vt 0.820724 0.255482
vt 0.820724 0.237701
vt 0.815241 0.252912
vt 0.815241 0.240270
vt 0.714886 0.896701
vt 0.715376 0.896701
vt 0.715376 0.905350
vt 0.714886 0.905350
vt 0.714886 0.890027
vt 0.715376 0.890027
vt 0.714886 0.883971
vt 0.715376 0.883971
vt 0.714886 0.877296
vt 0.715376 0.877296
vt 0.714886 0.868648
vt 0.715376 0.868648
vt 0.270811 0.155076
vt 0.271260 0.155076
vt 0.271260 0.156405
vt 0.270811 0.156405
vt 0.981707 0.157565
vt 0.982156 0.157565
vt 0.982156 0.165488
vt 0.981707 0.165488
vt 0.981707 0.151451
vt 0.982156 0.151451
vt 0.981707 0.145903
vt 0.982156 0.145903
vt 0.981707 0.139788
vt 0.982156 0.139788
vt 0.981707 0.131865
vt 0.982156 0.131865
vt 0.299777 0.156405
vt 0.299328 0.156405
vt 0.299328 0.155076
vt 0.299777 0.155076
vt 0.293715 0.162061
vt 0.293715 0.149420
vt 0.288101 0.164631
vt 0.288101 0.146850
vt 0.282487 0.164631
vt 0.282487 0.146850
vt 0.276873 0.162061
vt 0.276873 0.149420
vt 0.305260 0.149420
vt 0.305260 0.162061
vt 0.310742 0.146850
vt 0.310742 0.164631
vt 0.316224 0.146850
vt 0.316224 0.164631
vt 0.321707 0.149420
vt 0.321707 0.162061
vt 0.327189 0.155076
vt 0.327189 0.156405
vt 0.677145 0.010433
vt 0.677145 0.010882
vt 0.669222 0.010882
vt 0.669222 0.010433
vt 0.683260 0.010433
vt 0.683260 0.010882
vt 0.688808 0.010433
vt 0.688808 0.010882
vt 0.694922 0.010433
vt 0.694922 0.010882
vt 0.702845 0.010433
vt 0.702845 0.010882
vt 0.846912 0.197862
vt 0.846912 0.198311
vt 0.845582 0.198311
vt 0.845582 0.197862
vt 0.291959 0.031367
vt 0.291959 0.031816
vt 0.284037 0.031816
vt 0.284037 0.031367
vt 0.298074 0.031367
vt 0.298074 0.031816
vt 0.303622 0.031367
vt 0.303622 0.031816
vt 0.309736 0.031367
vt 0.309736 0.031816
vt 0.317659 0.031367
vt 0.317659 0.031816
vt 0.845582 0.226829
vt 0.845582 0.226380
vt 0.846912 0.226380
vt 0.846912 0.226829
vt 0.839926 0.220766
vt 0.852568 0.220766
vt 0.837356 0.215153
vt 0.855138 0.215153
vt 0.837356 0.209539
vt 0.855138 0.209539
vt 0.839926 0.203925
vt 0.852568 0.203925
vt 0.852568 0.175933
vt 0.839926 0.175933
vt 0.845582 0.170451
vt 0.846912 0.170451
vt 0.855138 0.181415
vt 0.837356 0.181415
vt 0.855138 0.186898
vt 0.837356 0.186898
vt 0.852568 0.192380
vt 0.839926 0.192380
vt 0.964402 0.216032
vt 0.964851 0.216032
vt 0.964851 0.223955
vt 0.964402 0.223955
vt 0.964402 0.209918
vt 0.964851 0.209918
vt 0.964402 0.204370
vt 0.964851 0.204370
vt 0.964402 0.198256
vt 0.964851 0.198256
vt 0.964402 0.190333
vt 0.964851 0.190333
vt 0.461239 0.131268
vt 0.461688 0.131268
vt 0.461688 0.132598
vt 0.461239 0.132598
vt 0.983255 0.723301
vt 0.983704 0.723301
vt 0.983704 0.731224
vt 0.983255 0.731224
vt 0.983255 0.717187
vt 0.983704 0.717187
vt 0.983255 0.711639
vt 0.983704 0.711639
vt 0.983255 0.705524
vt 0.983704 0.705524
vt 0.983255 0.697601
vt 0.983704 0.697601
vt 0.433828 0.132598
vt 0.433379 0.132598
vt 0.433379 0.131268
vt 0.433828 0.131268
vt 0.427765 0.138254
vt 0.427765 0.125612
vt 0.422151 0.140824
vt 0.422151 0.123042
vt 0.416538 0.140824
vt 0.416538 0.123042
vt 0.410924 0.138254
vt 0.410924 0.125612
vt 0.405310 0.132598
vt 0.405310 0.131268
vt 0.439310 0.125612
vt 0.439310 0.138254
vt 0.444792 0.123042
vt 0.444792 0.140824
vt 0.450275 0.123042
vt 0.450275 0.140824
vt 0.455757 0.125612
vt 0.455757 0.138254
vt 0.323350 0.366817
vt 0.323350 0.367726
vt 0.307317 0.367726
vt 0.307317 0.366817
vt 0.335724 0.366817
vt 0.335724 0.367726
vt 0.346951 0.366817
vt 0.346951 0.367726
vt 0.359325 0.366817
vt 0.359325 0.367726
vt 0.375358 0.366817
vt 0.375358 0.367726
vt 0.547317 0.163655
vt 0.547970 0.163655
vt 0.547970 0.165588
vt 0.547317 0.165588
vt 0.958862 0.150108
vt 0.959514 0.150108
vt 0.959514 0.161627
vt 0.958862 0.161627
vt 0.958862 0.141218
vt 0.959514 0.141218
vt 0.958862 0.133152
vt 0.959514 0.133152
vt 0.958862 0.124263
vt 0.959514 0.124263
vt 0.958862 0.112744
vt 0.959514 0.112744
vt 0.507464 0.165588
vt 0.506811 0.165588
vt 0.506811 0.163655
vt 0.507464 0.163655
vt 0.498650 0.173811
vt 0.498650 0.155432
vt 0.490488 0.177547
vt 0.490488 0.151695
vt 0.482327 0.177547
vt 0.482327 0.151695
vt 0.474165 0.173811
vt 0.474165 0.155432
vt 0.466003 0.165588
vt 0.466003 0.163655
vt 0.515435 0.155432
vt 0.515435 0.173811
vt 0.523405 0.151695
vt 0.523405 0.177547
vt 0.531376 0.151695
vt 0.531376 0.177547
vt 0.539347 0.155432
vt 0.539347 0.173811
vt 0.922382 0.926915
vt 0.923035 0.926915
vt 0.923035 0.938434
vt 0.922382 0.938434
vt 0.922382 0.918025
vt 0.923035 0.918025
vt 0.922382 0.909959
vt 0.923035 0.909959
vt 0.922382 0.901070
vt 0.923035 0.901070
vt 0.922382 0.889551
vt 0.923035 0.889551
vt 0.829924 0.348320
vt 0.829924 0.347667
vt 0.831858 0.347667
vt 0.831858 0.348320
vt 0.910858 0.687897
vt 0.911511 0.687897
vt 0.911511 0.699416
vt 0.910858 0.699416
vt 0.910858 0.679008
vt 0.911511 0.679008
vt 0.910858 0.670942
vt 0.911511 0.670942
vt 0.910858 0.662052
vt 0.911511 0.662052
vt 0.910858 0.650533
vt 0.911511 0.650533
vt 0.831858 0.306206
vt 0.831858 0.306859
vt 0.829924 0.306859
vt 0.829924 0.306206
vt 0.840080 0.315021
vt 0.821701 0.315021
vt 0.843817 0.323182
vt 0.817965 0.323182
vt 0.843817 0.331344
vt 0.817965 0.331344
vt 0.840080 0.339506
vt 0.821701 0.339506
vt 0.821701 0.298236
vt 0.840080 0.298236
vt 0.817965 0.290265
vt 0.843817 0.290265
vt 0.817965 0.282295
vt 0.843817 0.282295
vt 0.821701 0.274324
vt 0.840080 0.274324
vt 0.829924 0.266353
vt 0.831858 0.266353
vt 0.730592 0.055920
vt 0.730592 0.056573
vt 0.719073 0.056573
vt 0.719073 0.055920
vt 0.739481 0.055920
vt 0.739481 0.056573
vt 0.747547 0.055920
vt 0.747547 0.056573
vt 0.756437 0.055920
vt 0.756437 0.056573
vt 0.767955 0.055920
vt 0.767955 0.056573
vt 0.828788 0.905350
vt 0.828788 0.904697
vt 0.830721 0.904697
vt 0.830721 0.905350
vt 0.933907 0.986669
vt 0.934560 0.986669
vt 0.934560 0.998188
vt 0.933907 0.998188
vt 0.933907 0.977780
vt 0.934560 0.977780
vt 0.933907 0.969714
vt 0.934560 0.969714
vt 0.933907 0.960824
vt 0.934560 0.960824
vt 0.933907 0.949305
vt 0.934560 0.949305
vt 0.830721 0.863236
vt 0.830721 0.863889
vt 0.828788 0.863889
vt 0.828788 0.863236
vt 0.838944 0.872050
vt 0.820565 0.872050
vt 0.842680 0.880212
vt 0.816828 0.880212
vt 0.842680 0.888374
vt 0.816828 0.888374
vt 0.838944 0.896535
vt 0.820565 0.896535
vt 0.820565 0.855265
vt 0.838944 0.855265
vt 0.816828 0.847295
vt 0.842680 0.847295
vt 0.816828 0.839324
vt 0.842680 0.839324
vt 0.820565 0.831354
vt 0.838944 0.831354
vt 0.828788 0.823383
vt 0.830721 0.823383
vt 0.386848 0.054212
vt 0.386848 0.054865
vt 0.375329 0.054865
vt 0.375329 0.054212
vt 0.395737 0.054212
vt 0.395737 0.054865
vt 0.403803 0.054212
vt 0.403803 0.054865
vt 0.412693 0.054212
vt 0.412693 0.054865
vt 0.424212 0.054212
vt 0.424212 0.054865
vt 0.454479 0.163655
vt 0.455132 0.163655
vt 0.455132 0.165588
vt 0.454479 0.165588
vt 0.909855 0.041465
vt 0.909855 0.042118
vt 0.898336 0.042118
vt 0.898336 0.041465
vt 0.918744 0.041465
vt 0.918744 0.042118
vt 0.926810 0.041465
vt 0.926810 0.042118
vt 0.935700 0.041465
vt 0.935700 0.042118
vt 0.947219 0.041465
vt 0.947219 0.042118
vt 0.414626 0.165588
vt 0.413973 0.165588
vt 0.413973 0.163655
vt 0.414626 0.163655
vt 0.405812 0.173811
vt 0.405812 0.155432
vt 0.397650 0.177547
vt 0.397650 0.151695
vt 0.389488 0.177547
vt 0.389488 0.151695
vt 0.381327 0.173811
vt 0.381327 0.155432
vt 0.373165 0.165588
vt 0.373165 0.163655
vt 0.422597 0.155432
vt 0.422597 0.173811
vt 0.430567 0.151695
vt 0.430567 0.177547
vt 0.438538 0.151695
vt 0.438538 0.177547
vt 0.446508 0.155432
vt 0.446508 0.173811
vt 0.853552 0.582950
vt 0.854217 0.582950
vt 0.854217 0.594690
vt 0.853552 0.594690
vt 0.853552 0.573890
vt 0.854217 0.573890
vt 0.853552 0.565669
vt 0.854217 0.565669
vt 0.853552 0.556608
vt 0.854217 0.556608
vt 0.853552 0.544868
vt 0.854217 0.544868
vt 0.455132 0.226119
vt 0.454479 0.226119
vt 0.454479 0.224185
vt 0.455132 0.224185
vt 0.745374 0.037842
vt 0.745374 0.038495
vt 0.733855 0.038495
vt 0.733855 0.037842
vt 0.754263 0.037842
vt 0.754263 0.038495
vt 0.762330 0.037842
vt 0.762330 0.038495
vt 0.771219 0.037842
vt 0.771219 0.038495
vt 0.782738 0.037842
vt 0.782738 0.038495
vt 0.413018 0.224185
vt 0.413671 0.224185
vt 0.413671 0.226119
vt 0.413018 0.226119
vt 0.421832 0.215962
vt 0.421832 0.234342
vt 0.429994 0.212226
vt 0.429994 0.238078
vt 0.438156 0.212226
vt 0.438156 0.238078
vt 0.446317 0.215962
vt 0.446317 0.234342
vt 0.405047 0.234342
vt 0.405047 0.215962
vt 0.397077 0.238078
vt 0.397077 0.212226
vt 0.389106 0.238078
vt 0.389106 0.212226
vt 0.381136 0.234342
vt 0.381136 0.215962
vt 0.373165 0.226119
vt 0.373165 0.224185
vt 0.922382 0.867160
vt 0.923035 0.867160
vt 0.923035 0.878679
vt 0.922382 0.878679
vt 0.922382 0.858271
vt 0.923035 0.858271
vt 0.922382 0.850205
vt 0.923035 0.850205
vt 0.922382 0.841315
vt 0.923035 0.841315
vt 0.922382 0.829797
vt 0.923035 0.829797
vt 0.599347 0.237101
vt 0.600000 0.237101
vt 0.600000 0.239035
vt 0.599347 0.239035
vt 0.918304 0.284399
vt 0.918957 0.284399
vt 0.918957 0.295918
vt 0.918304 0.295918
vt 0.918304 0.275510
vt 0.918957 0.275510
vt 0.918304 0.267444
vt 0.918957 0.267444
vt 0.918304 0.258554
vt 0.918957 0.258554
vt 0.918304 0.247035
vt 0.918957 0.247035
vt 0.559494 0.239035
vt 0.558842 0.239035
vt 0.558842 0.237101
vt 0.559494 0.237101
vt 0.632647 0.247258
vt 0.632647 0.228878
vt 0.640808 0.237101
vt 0.640808 0.239035
vt 0.624485 0.250994
vt 0.624485 0.225142
vt 0.616323 0.250994
vt 0.616323 0.225142
vt 0.608162 0.247258
vt 0.608162 0.228878
vt 0.567465 0.228878
vt 0.567465 0.247258
vt 0.575436 0.225142
vt 0.575436 0.250994
vt 0.583406 0.225142
vt 0.583406 0.250994
vt 0.591377 0.228878
vt 0.591377 0.247258
vt 0.267339 0.054212
vt 0.267339 0.054865
vt 0.255820 0.054865
vt 0.255820 0.054212
vt 0.276228 0.054212
vt 0.276228 0.054865
vt 0.284295 0.054212
vt 0.284295 0.054865
vt 0.293184 0.054212
vt 0.293184 0.054865
vt 0.304703 0.054212
vt 0.304703 0.054865
vt 0.041665 0.194163
vt 0.042318 0.194163
vt 0.042318 0.196097
vt 0.041665 0.196097
vt 0.918304 0.224645
vt 0.918957 0.224645
vt 0.918957 0.236164
vt 0.918304 0.236164
vt 0.918304 0.215755
vt 0.918957 0.215755
vt 0.918304 0.207689
vt 0.918957 0.207689
vt 0.918304 0.198800
vt 0.918957 0.198800
vt 0.918304 0.187281
vt 0.918957 0.187281
vt 0.083779 0.196097
vt 0.083126 0.196097
vt 0.083126 0.194163
vt 0.083779 0.194163
vt 0.074964 0.204320
vt 0.074964 0.185940
vt 0.066802 0.208056
vt 0.066802 0.182204
vt 0.058641 0.208056
vt 0.058641 0.182204
vt 0.050479 0.204320
vt 0.050479 0.185940
vt 0.009783 0.185940
vt 0.009783 0.204320
vt 0.001812 0.196097
vt 0.001812 0.194163
vt 0.017753 0.182204
vt 0.017753 0.208056
vt 0.025724 0.182204
vt 0.025724 0.208056
vt 0.033694 0.185940
vt 0.033694 0.204320
vt 0.850100 0.049366
vt 0.850100 0.050019
vt 0.838582 0.050019
vt 0.838582 0.049366
vt 0.858990 0.049366
vt 0.858990 0.050019
vt 0.867056 0.049366
vt 0.867056 0.050019
vt 0.875945 0.049366
vt 0.875945 0.050019
vt 0.887464 0.049366
vt 0.887464 0.050019
vt 0.764937 0.400653
vt 0.764937 0.400000
vt 0.766870 0.400000
vt 0.766870 0.400653
vt 0.267339 0.078019
vt 0.267339 0.078672
vt 0.255820 0.078672
vt 0.255820 0.078019
vt 0.276228 0.078019
vt 0.276228 0.078672
vt 0.284295 0.078019
vt 0.284295 0.078672
vt 0.293184 0.078019
vt 0.293184 0.078672
vt 0.304703 0.078019
vt 0.304703 0.078672
vt 0.766870 0.440506
vt 0.766870 0.441158
vt 0.764937 0.441158
vt 0.764937 0.440506
vt 0.775093 0.367353
vt 0.756714 0.367353
vt 0.764937 0.359192
vt 0.766870 0.359192
vt 0.778830 0.375515
vt 0.752978 0.375515
vt 0.778830 0.383677
vt 0.752978 0.383677
vt 0.775093 0.391838
vt 0.756714 0.391838
vt 0.756714 0.432535
vt 0.775093 0.432535
vt 0.752978 0.424564
vt 0.778830 0.424564
vt 0.752978 0.416594
vt 0.778830 0.416594
vt 0.756714 0.408623
vt 0.775093 0.408623
vt 0.560565 0.360256
vt 0.560565 0.361164
vt 0.544540 0.361164
vt 0.544540 0.360256
vt 0.572931 0.360256
vt 0.572931 0.361164
vt 0.584153 0.360256
vt 0.584153 0.361164
vt 0.596520 0.360256
vt 0.596520 0.361164
vt 0.612545 0.360256
vt 0.612545 0.361164
vt 0.693794 0.239035
vt 0.693141 0.239035
vt 0.693141 0.237101
vt 0.693794 0.237101
vt 0.956956 0.807406
vt 0.957609 0.807406
vt 0.957609 0.818925
vt 0.956956 0.818925
vt 0.956956 0.798517
vt 0.957609 0.798517
vt 0.956956 0.790451
vt 0.957609 0.790451
vt 0.956956 0.781561
vt 0.957609 0.781561
vt 0.956956 0.770042
vt 0.957609 0.770042
vt 0.651680 0.237101
vt 0.652333 0.237101
vt 0.652333 0.239035
vt 0.651680 0.239035
vt 0.660494 0.228878
vt 0.660494 0.247258
vt 0.668656 0.225142
vt 0.668656 0.250994
vt 0.676818 0.225142
vt 0.676818 0.250994
vt 0.684979 0.228878
vt 0.684979 0.247258
vt 0.725676 0.247258
vt 0.725676 0.228878
vt 0.733647 0.237101
vt 0.733647 0.239035
vt 0.717705 0.250994
vt 0.717705 0.225142
vt 0.709735 0.250994
vt 0.709735 0.225142
vt 0.701764 0.247258
vt 0.701764 0.228878
vt 0.933907 0.926915
vt 0.934560 0.926915
vt 0.934560 0.938434
vt 0.933907 0.938434
vt 0.933907 0.918025
vt 0.934560 0.918025
vt 0.933907 0.909959
vt 0.934560 0.909959
vt 0.933907 0.901070
vt 0.934560 0.901070
vt 0.933907 0.889551
vt 0.934560 0.889551
vt 0.828788 0.812512
vt 0.828788 0.811859
vt 0.830721 0.811859
vt 0.830721 0.812512
vt 0.912611 0.986669
vt 0.913264 0.986669
vt 0.913264 0.998188
vt 0.912611 0.998188
vt 0.912611 0.977780
vt 0.913264 0.977780
vt 0.912611 0.969714
vt 0.913264 0.969714
vt 0.912611 0.960824
vt 0.913264 0.960824
vt 0.912611 0.949305
vt 0.913264 0.949305
vt 0.830721 0.770398
vt 0.830721 0.771051
vt 0.828788 0.771051
vt 0.828788 0.770398
vt 0.838944 0.779212
vt 0.820565 0.779212
vt 0.842680 0.787374
vt 0.816828 0.787374
vt 0.842680 0.795535
vt 0.816828 0.795535
vt 0.838944 0.803697
vt 0.820565 0.803697
vt 0.820565 0.762427
vt 0.838944 0.762427
vt 0.816828 0.754457
vt 0.842680 0.754457
vt 0.816828 0.746486
vt 0.842680 0.746486
vt 0.820565 0.738515
vt 0.838944 0.738515
vt 0.828788 0.730545
vt 0.830721 0.730545
vt 0.566111 0.054212
vt 0.566111 0.054865
vt 0.554592 0.054865
vt 0.554592 0.054212
vt 0.575000 0.054212
vt 0.575000 0.054865
vt 0.583066 0.054212
vt 0.583066 0.054865
vt 0.591956 0.054212
vt 0.591956 0.054865
vt 0.603475 0.054212
vt 0.603475 0.054865
vt 0.320180 0.187462
vt 0.320832 0.187462
vt 0.320832 0.189395
vt 0.320180 0.189395
vt 0.929829 0.329371
vt 0.930482 0.329371
vt 0.930482 0.340890
vt 0.929829 0.340890
vt 0.929829 0.320482
vt 0.930482 0.320482
vt 0.929829 0.312415
vt 0.930482 0.312415
vt 0.929829 0.303526
vt 0.930482 0.303526
vt 0.929829 0.292007
vt 0.930482 0.292007
vt 0.362293 0.189395
vt 0.361641 0.189395
vt 0.361641 0.187462
vt 0.362293 0.187462
vt 0.353479 0.197618
vt 0.353479 0.179239
vt 0.345317 0.201355
vt 0.345317 0.175503
vt 0.337156 0.201355
vt 0.337156 0.175503
vt 0.328994 0.197618
vt 0.328994 0.179239
vt 0.288297 0.179239
vt 0.288297 0.197618
vt 0.280327 0.189395
vt 0.280327 0.187462
vt 0.296268 0.175503
vt 0.296268 0.201355
vt 0.304238 0.175503
vt 0.304238 0.201355
vt 0.312209 0.179239
vt 0.312209 0.197618
vt 0.790346 0.049366
vt 0.790346 0.050019
vt 0.778827 0.050019
vt 0.778827 0.049366
vt 0.799235 0.049366
vt 0.799235 0.050019
vt 0.807302 0.049366
vt 0.807302 0.050019
vt 0.816191 0.049366
vt 0.816191 0.050019
vt 0.827710 0.049366
vt 0.827710 0.050019
vt 0.828788 0.638359
vt 0.828788 0.637707
vt 0.830721 0.637707
vt 0.830721 0.638359
vt 0.945431 0.807406
vt 0.946084 0.807406
vt 0.946084 0.818925
vt 0.945431 0.818925
vt 0.945431 0.798517
vt 0.946084 0.798517
vt 0.945431 0.790451
vt 0.946084 0.790451
vt 0.945431 0.781561
vt 0.946084 0.781561
vt 0.945431 0.770042
vt 0.946084 0.770042
vt 0.830721 0.678212
vt 0.830721 0.678865
vt 0.828788 0.678865
vt 0.828788 0.678212
vt 0.838944 0.687027
vt 0.820565 0.687027
vt 0.842680 0.695188
vt 0.816828 0.695188
vt 0.842680 0.703350
vt 0.816828 0.703350
vt 0.838944 0.711512
vt 0.820565 0.711512
vt 0.830721 0.719673
vt 0.828788 0.719673
vt 0.820565 0.670242
vt 0.838944 0.670242
vt 0.816828 0.662271
vt 0.842680 0.662271
vt 0.816828 0.654301
vt 0.842680 0.654301
vt 0.820565 0.646330
vt 0.838944 0.646330
vt 0.107305 0.344267
vt 0.107305 0.344985
vt 0.094650 0.344985
vt 0.094650 0.344267
vt 0.117071 0.344267
vt 0.117071 0.344985
vt 0.125932 0.344267
vt 0.125932 0.344985
vt 0.135699 0.344267
vt 0.135699 0.344985
vt 0.148353 0.344267
vt 0.148353 0.344985
vt 0.801661 0.400653
vt 0.801661 0.400000
vt 0.803594 0.400000
vt 0.803594 0.400653
vt 0.937361 0.628143
vt 0.938014 0.628143
vt 0.938014 0.639662
vt 0.937361 0.639662
vt 0.937361 0.619253
vt 0.938014 0.619253
vt 0.937361 0.611187
vt 0.938014 0.611187
vt 0.937361 0.602298
vt 0.938014 0.602298
vt 0.937361 0.590779
vt 0.938014 0.590779
vt 0.803594 0.440506
vt 0.803594 0.441158
vt 0.801661 0.441158
vt 0.801661 0.440506
vt 0.811817 0.367353
vt 0.793438 0.367353
vt 0.801661 0.359192
vt 0.803594 0.359192
vt 0.815553 0.375515
vt 0.789701 0.375515
vt 0.815553 0.383677
vt 0.789701 0.383677
vt 0.811817 0.391838
vt 0.793438 0.391838
vt 0.793438 0.432535
vt 0.811817 0.432535
vt 0.789701 0.424564
vt 0.815553 0.424564
vt 0.789701 0.416594
vt 0.815553 0.416594
vt 0.793438 0.408623
vt 0.811817 0.408623
vt 0.923908 0.568389
vt 0.924561 0.568389
vt 0.924561 0.579907
vt 0.923908 0.579907
vt 0.923908 0.559499
vt 0.924561 0.559499
vt 0.923908 0.551433
vt 0.924561 0.551433
vt 0.923908 0.542544
vt 0.924561 0.542544
vt 0.923908 0.531025
vt 0.924561 0.531025
vt 0.757274 0.677559
vt 0.757274 0.678212
vt 0.755341 0.678212
vt 0.755341 0.677559
vt 0.923908 0.448880
vt 0.924561 0.448880
vt 0.924561 0.460399
vt 0.923908 0.460399
vt 0.923908 0.439990
vt 0.924561 0.439990
vt 0.923908 0.431924
vt 0.924561 0.431924
vt 0.923908 0.423035
vt 0.924561 0.423035
vt 0.923908 0.411516
vt 0.924561 0.411516
vt 0.755341 0.719673
vt 0.755341 0.719020
vt 0.757274 0.719020
vt 0.757274 0.719673
vt 0.747118 0.710859
vt 0.765497 0.710859
vt 0.743382 0.702697
vt 0.769233 0.702697
vt 0.743382 0.694536
vt 0.769233 0.694536
vt 0.747118 0.686374
vt 0.765497 0.686374
vt 0.765497 0.645677
vt 0.747118 0.645677
vt 0.755341 0.637707
vt 0.757274 0.637707
vt 0.769233 0.653648
vt 0.743382 0.653648
vt 0.769233 0.661618
vt 0.743382 0.661618
vt 0.765497 0.669589
vt 0.747118 0.669589
vt 0.670837 0.055920
vt 0.670837 0.056573
vt 0.659318 0.056573
vt 0.659318 0.055920
vt 0.679727 0.055920
vt 0.679727 0.056573
vt 0.687793 0.055920
vt 0.687793 0.056573
vt 0.696682 0.055920
vt 0.696682 0.056573
vt 0.708201 0.055920
vt 0.708201 0.056573
vt 0.782293 0.958335
vt 0.782293 0.957682
vt 0.784226 0.957682
vt 0.784226 0.958335
vt 0.929829 0.269617
vt 0.930482 0.269617
vt 0.930482 0.281136
vt 0.929829 0.281136
vt 0.929829 0.260727
vt 0.930482 0.260727
vt 0.929829 0.252661
vt 0.930482 0.252661
vt 0.929829 0.243772
vt 0.930482 0.243772
vt 0.929829 0.232253
vt 0.930482 0.232253
vt 0.784226 0.916221
vt 0.784226 0.916874
vt 0.782293 0.916874
vt 0.782293 0.916221
vt 0.792449 0.925036
vt 0.774070 0.925036
vt 0.796185 0.933198
vt 0.770333 0.933198
vt 0.796185 0.941359
vt 0.770333 0.941359
vt 0.792449 0.949521
vt 0.774070 0.949521
vt 0.774070 0.990218
vt 0.792449 0.990218
vt 0.784226 0.998188
vt 0.782293 0.998188
vt 0.770333 0.982247
vt 0.796185 0.982247
vt 0.770333 0.974276
vt 0.796185 0.974276
vt 0.774070 0.966306
vt 0.792449 0.966306
vt 0.327093 0.054212
vt 0.327093 0.054865
vt 0.315574 0.054865
vt 0.315574 0.054212
vt 0.335983 0.054212
vt 0.335983 0.054865
vt 0.344049 0.054212
vt 0.344049 0.054865
vt 0.352938 0.054212
vt 0.352938 0.054865
vt 0.364457 0.054212
vt 0.364457 0.054865
vt 0.828788 0.545521
vt 0.828788 0.544868
vt 0.830721 0.544868
vt 0.830721 0.545521
vt 0.312103 0.042688
vt 0.312103 0.043340
vt 0.300584 0.043340
vt 0.300584 0.042688
vt 0.320992 0.042688
vt 0.320992 0.043340
vt 0.329058 0.042688
vt 0.329058 0.043340
vt 0.337948 0.042688
vt 0.337948 0.043340
vt 0.349467 0.042688
vt 0.349467 0.043340
vt 0.830721 0.585374
vt 0.830721 0.586027
vt 0.828788 0.586027
vt 0.828788 0.585374
vt 0.838944 0.594188
vt 0.820565 0.594188
vt 0.842680 0.602350
vt 0.816828 0.602350
vt 0.842680 0.610512
vt 0.816828 0.610512
vt 0.838944 0.618673
vt 0.820565 0.618673
vt 0.830721 0.626835
vt 0.828788 0.626835
vt 0.820565 0.577403
vt 0.838944 0.577403
vt 0.816828 0.569433
vt 0.842680 0.569433
vt 0.816828 0.561462
vt 0.842680 0.561462
vt 0.820565 0.553492
vt 0.838944 0.553492
vt 0.159225 0.822114
vt 0.159903 0.822114
vt 0.159903 0.834071
vt 0.159225 0.834071
vt 0.159225 0.812887
vt 0.159903 0.812887
vt 0.159225 0.804514
vt 0.159903 0.804514
vt 0.159225 0.795286
vt 0.159903 0.795286
vt 0.159225 0.783329
vt 0.159903 0.783329
vt 0.793201 0.307814
vt 0.793201 0.307162
vt 0.795134 0.307162
vt 0.795134 0.307814
vt 0.960410 0.747652
vt 0.961063 0.747652
vt 0.961063 0.759171
vt 0.960410 0.759171
vt 0.960410 0.738762
vt 0.961063 0.738762
vt 0.960410 0.730696
vt 0.961063 0.730696
vt 0.960410 0.721807
vt 0.961063 0.721807
vt 0.960410 0.710288
vt 0.961063 0.710288
vt 0.795134 0.347667
vt 0.795134 0.348320
vt 0.793201 0.348320
vt 0.793201 0.347667
vt 0.803357 0.274515
vt 0.784978 0.274515
vt 0.793201 0.266353
vt 0.795134 0.266353
vt 0.807093 0.282677
vt 0.781242 0.282677
vt 0.807093 0.290838
vt 0.781242 0.290838
vt 0.803357 0.299000
vt 0.784978 0.299000
vt 0.784978 0.339697
vt 0.803357 0.339697
vt 0.781242 0.331726
vt 0.807093 0.331726
vt 0.781242 0.323756
vt 0.807093 0.323756
vt 0.784978 0.315785
vt 0.803357 0.315785
vt 0.958862 0.090354
vt 0.959514 0.090354
vt 0.959514 0.101872
vt 0.958862 0.101872
vt 0.958862 0.081464
vt 0.959514 0.081464
vt 0.958862 0.073398
vt 0.959514 0.073398
vt 0.958862 0.064508
vt 0.959514 0.064508
vt 0.958862 0.052990
vt 0.959514 0.052990
vt 0.134503 0.187462
vt 0.135156 0.187462
vt 0.135156 0.189395
vt 0.134503 0.189395
vt 0.820327 0.072540
vt 0.820327 0.073193
vt 0.808808 0.073193
vt 0.808808 0.072540
vt 0.829217 0.072540
vt 0.829217 0.073193
vt 0.837283 0.072540
vt 0.837283 0.073193
vt 0.846172 0.072540
vt 0.846172 0.073193
vt 0.857691 0.072540
vt 0.857691 0.073193
vt 0.176617 0.189395
vt 0.175964 0.189395
vt 0.175964 0.187462
vt 0.176617 0.187462
vt 0.167802 0.197618
vt 0.167802 0.179239
vt 0.159641 0.201355
vt 0.159641 0.175503
vt 0.151479 0.201355
vt 0.151479 0.175503
vt 0.143318 0.197618
vt 0.143318 0.179239
vt 0.102621 0.179239
vt 0.102621 0.197618
vt 0.094650 0.189395
vt 0.094650 0.187462
vt 0.110591 0.175503
vt 0.110591 0.201355
vt 0.118562 0.175503
vt 0.118562 0.201355
vt 0.126532 0.179239
vt 0.126532 0.197618
vt 0.941353 0.209862
vt 0.942006 0.209862
vt 0.942006 0.221381
vt 0.941353 0.221381
vt 0.941353 0.200973
vt 0.942006 0.200973
vt 0.941353 0.192907
vt 0.942006 0.192907
vt 0.941353 0.184017
vt 0.942006 0.184017
vt 0.941353 0.172498
vt 0.942006 0.172498
vt 0.651680 0.273825
vt 0.652333 0.273825
vt 0.652333 0.275758
vt 0.651680 0.275758
vt 0.910858 0.867160
vt 0.911511 0.867160
vt 0.911511 0.878679
vt 0.910858 0.878679
vt 0.910858 0.858271
vt 0.911511 0.858271
vt 0.910858 0.850205
vt 0.911511 0.850205
vt 0.910858 0.841315
vt 0.911511 0.841315
vt 0.910858 0.829797
vt 0.911511 0.829797
vt 0.693794 0.275758
vt 0.693141 0.275758
vt 0.693141 0.273825
vt 0.693794 0.273825
vt 0.684979 0.283981
vt 0.684979 0.265602
vt 0.676818 0.287717
vt 0.676818 0.261866
vt 0.668656 0.287717
vt 0.668656 0.261866
vt 0.660494 0.283981
vt 0.660494 0.265602
vt 0.701764 0.265602
vt 0.701764 0.283981
vt 0.709735 0.261866
vt 0.709735 0.287717
vt 0.717705 0.261866
vt 0.717705 0.287717
vt 0.725676 0.265602
vt 0.725676 0.283981
vt 0.733647 0.273825
vt 0.733647 0.275758
vt 0.941353 0.150108
vt 0.942006 0.150108
vt 0.942006 0.161627
vt 0.941353 0.161627
vt 0.941353 0.141218
vt 0.942006 0.141218
vt 0.941353 0.133152
vt 0.942006 0.133152
vt 0.941353 0.124263
vt 0.942006 0.124263
vt 0.941353 0.112744
vt 0.942006 0.112744
vt 0.825832 0.194015
vt 0.826485 0.194015
vt 0.826485 0.195949
vt 0.825832 0.195949
vt 0.551120 0.042688
vt 0.551120 0.043340
vt 0.539601 0.043340
vt 0.539601 0.042688
vt 0.560010 0.042688
vt 0.560010 0.043340
vt 0.568076 0.042688
vt 0.568076 0.043340
vt 0.576965 0.042688
vt 0.576965 0.043340
vt 0.588484 0.042688
vt 0.588484 0.043340
vt 0.785979 0.195949
vt 0.785326 0.195949
vt 0.785326 0.194015
vt 0.785979 0.194015
vt 0.777165 0.204172
vt 0.777165 0.185792
vt 0.769003 0.207908
vt 0.769003 0.182056
vt 0.760841 0.207908
vt 0.760841 0.182056
vt 0.752680 0.204172
vt 0.752680 0.185792
vt 0.744518 0.195949
vt 0.744518 0.194015
vt 0.793950 0.185792
vt 0.793950 0.204172
vt 0.801920 0.182056
vt 0.801920 0.207908
vt 0.809891 0.182056
vt 0.809891 0.207908
vt 0.817861 0.185792
vt 0.817861 0.204172
vt 0.013331 0.234162
vt 0.013331 0.234815
vt 0.001812 0.234815
vt 0.001812 0.234162
vt 0.022220 0.234162
vt 0.022220 0.234815
vt 0.030286 0.234162
vt 0.030286 0.234815
vt 0.039176 0.234162
vt 0.039176 0.234815
vt 0.050695 0.234162
vt 0.050695 0.234815
vt 0.187488 0.304334
vt 0.188141 0.304334
vt 0.188141 0.306267
vt 0.187488 0.306267
vt 0.937361 0.687897
vt 0.938014 0.687897
vt 0.938014 0.699416
vt 0.937361 0.699416
vt 0.937361 0.679008
vt 0.938014 0.679008
vt 0.937361 0.670942
vt 0.938014 0.670942
vt 0.937361 0.662052
vt 0.938014 0.662052
vt 0.937361 0.650533
vt 0.938014 0.650533
vt 0.229602 0.306267
vt 0.228949 0.306267
vt 0.228949 0.304334
vt 0.229602 0.304334
vt 0.220788 0.314490
vt 0.220788 0.296111
vt 0.212626 0.318226
vt 0.212626 0.292374
vt 0.204465 0.318226
vt 0.204465 0.292374
vt 0.196303 0.314490
vt 0.196303 0.296111
vt 0.237573 0.296111
vt 0.237573 0.314490
vt 0.245543 0.292374
vt 0.245543 0.318226
vt 0.253514 0.292374
vt 0.253514 0.318226
vt 0.261485 0.296111
vt 0.261485 0.314490
vt 0.269455 0.304334
vt 0.269455 0.306267
vt 0.684952 0.413559
vt 0.685677 0.413559
vt 0.685677 0.426360
vt 0.684952 0.426360
vt 0.684952 0.403680
vt 0.685677 0.403680
vt 0.684952 0.394716
vt 0.685677 0.394716
vt 0.684952 0.384837
vt 0.685677 0.384837
vt 0.684952 0.372036
vt 0.685677 0.372036
vt 0.710779 0.816315
vt 0.710779 0.816968
vt 0.708846 0.816968
vt 0.708846 0.816315
vt 0.948885 0.687897
vt 0.949538 0.687897
vt 0.949538 0.699416
vt 0.948885 0.699416
vt 0.948885 0.679008
vt 0.949538 0.679008
vt 0.948885 0.670942
vt 0.949538 0.670942
vt 0.948885 0.662052
vt 0.949538 0.662052
vt 0.948885 0.650533
vt 0.949538 0.650533
vt 0.708846 0.776462
vt 0.708846 0.775809
vt 0.710779 0.775809
vt 0.710779 0.776462
vt 0.700623 0.849614
vt 0.719002 0.849614
vt 0.710779 0.857776
vt 0.708846 0.857776
vt 0.696887 0.841453
vt 0.722738 0.841453
vt 0.696887 0.833291
vt 0.722738 0.833291
vt 0.700623 0.825129
vt 0.719002 0.825129
vt 0.719002 0.784433
vt 0.700623 0.784433
vt 0.722738 0.792403
vt 0.696887 0.792403
vt 0.722738 0.800374
vt 0.696887 0.800374
vt 0.719002 0.808344
vt 0.700623 0.808344
vt 0.952878 0.508634
vt 0.953531 0.508634
vt 0.953531 0.520153
vt 0.952878 0.520153
vt 0.952878 0.499745
vt 0.953531 0.499745
vt 0.952878 0.491679
vt 0.953531 0.491679
vt 0.952878 0.482789
vt 0.953531 0.482789
vt 0.952878 0.471270
vt 0.953531 0.471270
vt 0.508117 0.262842
vt 0.507464 0.262842
vt 0.507464 0.260909
vt 0.508117 0.260909
vt 0.912384 0.523417
vt 0.913036 0.523417
vt 0.913036 0.534935
vt 0.912384 0.534935
vt 0.912384 0.514527
vt 0.913036 0.514527
vt 0.912384 0.506461
vt 0.913036 0.506461
vt 0.912384 0.497572
vt 0.913036 0.497572
vt 0.912384 0.486053
vt 0.913036 0.486053
vt 0.466003 0.260909
vt 0.466656 0.260909
vt 0.466656 0.262842
vt 0.466003 0.262842
vt 0.474818 0.252686
vt 0.474818 0.271065
vt 0.482979 0.248950
vt 0.482979 0.274801
vt 0.491141 0.248950
vt 0.491141 0.274801
vt 0.499303 0.252686
vt 0.499303 0.271065
vt 0.539999 0.271065
vt 0.539999 0.252686
vt 0.547970 0.260909
vt 0.547970 0.262842
vt 0.532029 0.274801
vt 0.532029 0.248950
vt 0.524058 0.274801
vt 0.524058 0.248950
vt 0.516088 0.271065
vt 0.516088 0.252686
vt 0.941353 0.329371
vt 0.942006 0.329371
vt 0.942006 0.340890
vt 0.941353 0.340890
vt 0.941353 0.320482
vt 0.942006 0.320482
vt 0.941353 0.312415
vt 0.942006 0.312415
vt 0.941353 0.303526
vt 0.942006 0.303526
vt 0.941353 0.292007
vt 0.942006 0.292007
vt 0.041665 0.257645
vt 0.042318 0.257645
vt 0.042318 0.259579
vt 0.041665 0.259579
vt 0.956956 0.926915
vt 0.957609 0.926915
vt 0.957609 0.938434
vt 0.956956 0.938434
vt 0.956956 0.918025
vt 0.957609 0.918025
vt 0.956956 0.909959
vt 0.957609 0.909959
vt 0.956956 0.901070
vt 0.957609 0.901070
vt 0.956956 0.889551
vt 0.957609 0.889551
vt 0.083779 0.259579
vt 0.083126 0.259579
vt 0.083126 0.257645
vt 0.083779 0.257645
vt 0.074964 0.267802
vt 0.074964 0.249422
vt 0.066802 0.271538
vt 0.066802 0.245686
vt 0.058641 0.271538
vt 0.058641 0.245686
vt 0.050479 0.267802
vt 0.050479 0.249422
vt 0.009783 0.249422
vt 0.009783 0.267802
vt 0.001812 0.259579
vt 0.001812 0.257645
vt 0.017753 0.245686
vt 0.017753 0.271538
vt 0.025724 0.245686
vt 0.025724 0.271538
vt 0.033694 0.249422
vt 0.033694 0.267802
vt 0.751609 0.986669
vt 0.752262 0.986669
vt 0.752262 0.998188
vt 0.751609 0.998188
vt 0.751609 0.977780
vt 0.752262 0.977780
vt 0.751609 0.969714
vt 0.752262 0.969714
vt 0.751609 0.960824
vt 0.752262 0.960824
vt 0.751609 0.949305
vt 0.752262 0.949305
vt 0.793998 0.492536
vt 0.793998 0.493189
vt 0.792064 0.493189
vt 0.792064 0.492536
vt 0.922382 0.807406
vt 0.923035 0.807406
vt 0.923035 0.818925
vt 0.922382 0.818925
vt 0.922382 0.798517
vt 0.923035 0.798517
vt 0.922382 0.790451
vt 0.923035 0.790451
vt 0.922382 0.781561
vt 0.923035 0.781561
vt 0.922382 0.770042
vt 0.923035 0.770042
vt 0.792064 0.452683
vt 0.792064 0.452030
vt 0.793998 0.452030
vt 0.793998 0.452683
vt 0.783841 0.525835
vt 0.802221 0.525835
vt 0.793998 0.533997
vt 0.792064 0.533997
vt 0.780105 0.517673
vt 0.805957 0.517673
vt 0.780105 0.509512
vt 0.805957 0.509512
vt 0.783841 0.501350
vt 0.802221 0.501350
vt 0.802221 0.460654
vt 0.783841 0.460654
vt 0.805957 0.468624
vt 0.780105 0.468624
vt 0.805957 0.476595
vt 0.780105 0.476595
vt 0.802221 0.484565
vt 0.783841 0.484565
vt 0.820327 0.061015
vt 0.820327 0.061668
vt 0.808808 0.061668
vt 0.808808 0.061015
vt 0.829217 0.061015
vt 0.829217 0.061668
vt 0.837283 0.061015
vt 0.837283 0.061668
vt 0.846172 0.061015
vt 0.846172 0.061668
vt 0.857691 0.061015
vt 0.857691 0.061668
vt 0.720551 0.444962
vt 0.720551 0.445615
vt 0.718617 0.445615
vt 0.718617 0.444962
vt 0.935812 0.568389
vt 0.936465 0.568389
vt 0.936465 0.579907
vt 0.935812 0.579907
vt 0.935812 0.559499
vt 0.936465 0.559499
vt 0.935812 0.551433
vt 0.936465 0.551433
vt 0.935812 0.542544
vt 0.936465 0.542544
vt 0.935812 0.531025
vt 0.936465 0.531025
vt 0.718617 0.405109
vt 0.718617 0.404456
vt 0.720551 0.404456
vt 0.720551 0.405109
vt 0.710395 0.478261
vt 0.728774 0.478261
vt 0.720551 0.486423
vt 0.718617 0.486423
vt 0.706658 0.470100
vt 0.732510 0.470100
vt 0.706658 0.461938
vt 0.732510 0.461938
vt 0.710395 0.453776
vt 0.728774 0.453776
vt 0.728774 0.413080
vt 0.710395 0.413080
vt 0.732510 0.421050
vt 0.706658 0.421050
vt 0.732510 0.429021
vt 0.706658 0.429021
vt 0.728774 0.436991
vt 0.710395 0.436991
vt 0.947337 0.568389
vt 0.947990 0.568389
vt 0.947990 0.579907
vt 0.947337 0.579907
vt 0.947337 0.559499
vt 0.947990 0.559499
vt 0.947337 0.551433
vt 0.947990 0.551433
vt 0.947337 0.542544
vt 0.947990 0.542544
vt 0.947337 0.531025
vt 0.947990 0.531025
vt 0.720551 0.590133
vt 0.720551 0.590786
vt 0.718617 0.590786
vt 0.718617 0.590133
vt 0.910858 0.926915
vt 0.911511 0.926915
vt 0.911511 0.938434
vt 0.910858 0.938434
vt 0.910858 0.918025
vt 0.911511 0.918025
vt 0.910858 0.909959
vt 0.911511 0.909959
vt 0.910858 0.901070
vt 0.911511 0.901070
vt 0.910858 0.889551
vt 0.911511 0.889551
vt 0.718617 0.632246
vt 0.718617 0.631594
vt 0.720551 0.631594
vt 0.720551 0.632246
vt 0.710395 0.623432
vt 0.728774 0.623432
vt 0.706658 0.615270
vt 0.732510 0.615270
vt 0.706658 0.607109
vt 0.732510 0.607109
vt 0.710395 0.598947
vt 0.728774 0.598947
vt 0.728774 0.640217
vt 0.710395 0.640217
vt 0.732510 0.648188
vt 0.706658 0.648188
vt 0.732510 0.656158
vt 0.706658 0.656158
vt 0.728774 0.664129
vt 0.710395 0.664129
vt 0.720551 0.672099
vt 0.718617 0.672099
vt 0.384684 0.200702
vt 0.384684 0.201355
vt 0.373165 0.201355
vt 0.373165 0.200702
vt 0.393573 0.200702
vt 0.393573 0.201355
vt 0.401639 0.200702
vt 0.401639 0.201355
vt 0.410529 0.200702
vt 0.410529 0.201355
vt 0.422048 0.200702
vt 0.422048 0.201355
vt 0.136764 0.269544
vt 0.136111 0.269544
vt 0.136111 0.267610
vt 0.136764 0.267610
vt 0.906780 0.254418
vt 0.907433 0.254418
vt 0.907433 0.265937
vt 0.906780 0.265937
vt 0.906780 0.245528
vt 0.907433 0.245528
vt 0.906780 0.237462
vt 0.907433 0.237462
vt 0.906780 0.228573
vt 0.907433 0.228573
vt 0.906780 0.217054
vt 0.907433 0.217054
vt 0.094650 0.267610
vt 0.095303 0.267610
vt 0.095303 0.269544
vt 0.094650 0.269544
vt 0.103465 0.259387
vt 0.103465 0.277766
vt 0.111626 0.255651
vt 0.111626 0.281503
vt 0.119788 0.255651
vt 0.119788 0.281503
vt 0.127950 0.259387
vt 0.127950 0.277766
vt 0.168646 0.277766
vt 0.168646 0.259387
vt 0.176617 0.267610
vt 0.176617 0.269544
vt 0.160676 0.281503
vt 0.160676 0.255651
vt 0.152705 0.281503
vt 0.152705 0.255651
vt 0.144735 0.277766
vt 0.144735 0.259387
vt 0.384684 0.189177
vt 0.384684 0.189830
vt 0.373165 0.189830
vt 0.373165 0.189177
vt 0.393573 0.189177
vt 0.393573 0.189830
vt 0.401639 0.189177
vt 0.401639 0.189830
vt 0.410529 0.189177
vt 0.410529 0.189830
vt 0.422048 0.189177
vt 0.422048 0.189830
vt 0.200686 0.342990
vt 0.200033 0.342990
vt 0.200033 0.341057
vt 0.200686 0.341057
vt 0.906780 0.194663
vt 0.907433 0.194663
vt 0.907433 0.206182
vt 0.906780 0.206182
vt 0.906780 0.185774
vt 0.907433 0.185774
vt 0.906780 0.177708
vt 0.907433 0.177708
vt 0.906780 0.168818
vt 0.907433 0.168818
vt 0.906780 0.157300
vt 0.907433 0.157300
vt 0.240539 0.341057
vt 0.241191 0.341057
vt 0.241191 0.342990
vt 0.240539 0.342990
vt 0.167387 0.332834
vt 0.167387 0.351213
vt 0.159225 0.342990
vt 0.159225 0.341057
vt 0.175548 0.329098
vt 0.175548 0.354950
vt 0.183710 0.329098
vt 0.183710 0.354950
vt 0.191871 0.332834
vt 0.191871 0.351213
vt 0.232568 0.351213
vt 0.232568 0.332834
vt 0.224598 0.354950
vt 0.224598 0.329098
vt 0.216627 0.354950
vt 0.216627 0.329098
vt 0.208656 0.351213
vt 0.208656 0.332834
vt 0.895255 0.314172
vt 0.895908 0.314172
vt 0.895908 0.325691
vt 0.895255 0.325691
vt 0.895255 0.305283
vt 0.895908 0.305283
vt 0.895255 0.297217
vt 0.895908 0.297217
vt 0.895255 0.288327
vt 0.895908 0.288327
vt 0.895255 0.276808
vt 0.895908 0.276808
vt 0.531231 0.336289
vt 0.530578 0.336289
vt 0.530578 0.334356
vt 0.531231 0.334356
vt 0.918304 0.344154
vt 0.918957 0.344154
vt 0.918957 0.355672
vt 0.918304 0.355672
vt 0.918304 0.335264
vt 0.918957 0.335264
vt 0.918304 0.327198
vt 0.918957 0.327198
vt 0.918304 0.318308
vt 0.918957 0.318308
vt 0.918304 0.306790
vt 0.918957 0.306790
vt 0.571084 0.334356
vt 0.571737 0.334356
vt 0.571737 0.336289
vt 0.571084 0.336289
vt 0.579898 0.326133
vt 0.579898 0.344512
vt 0.588060 0.322396
vt 0.588060 0.348248
vt 0.596221 0.322396
vt 0.596221 0.348248
vt 0.604383 0.326133
vt 0.604383 0.344512
vt 0.612545 0.334356
vt 0.612545 0.336289
vt 0.563113 0.344512
vt 0.563113 0.326133
vt 0.555143 0.348248
vt 0.555143 0.322396
vt 0.547172 0.348248
vt 0.547172 0.322396
vt 0.539201 0.344512
vt 0.539201 0.326133
vt 0.956956 0.986669
vt 0.957609 0.986669
vt 0.957609 0.998188
vt 0.956956 0.998188
vt 0.956956 0.977780
vt 0.957609 0.977780
vt 0.956956 0.969714
vt 0.957609 0.969714
vt 0.956956 0.960824
vt 0.957609 0.960824
vt 0.956956 0.949305
vt 0.957609 0.949305
vt 0.269455 0.189395
vt 0.268802 0.189395
vt 0.268802 0.187462
vt 0.269455 0.187462
vt 0.945431 0.867160
vt 0.946084 0.867160
vt 0.946084 0.878679
vt 0.945431 0.878679
vt 0.945431 0.858271
vt 0.946084 0.858271
vt 0.945431 0.850205
vt 0.946084 0.850205
vt 0.945431 0.841315
vt 0.946084 0.841315
vt 0.945431 0.829797
vt 0.946084 0.829797
vt 0.227341 0.187462
vt 0.227994 0.187462
vt 0.227994 0.189395
vt 0.227341 0.189395
vt 0.236156 0.179239
vt 0.236156 0.197618
vt 0.244317 0.175503
vt 0.244317 0.201355
vt 0.252479 0.175503
vt 0.252479 0.201355
vt 0.260641 0.179239
vt 0.260641 0.197618
vt 0.219371 0.197618
vt 0.219371 0.179239
vt 0.211400 0.201355
vt 0.211400 0.175503
vt 0.203430 0.201355
vt 0.203430 0.175503
vt 0.195459 0.197618
vt 0.195459 0.179239
vt 0.187488 0.189395
vt 0.187488 0.187462
vt 0.334690 0.590361
vt 0.335343 0.590361
vt 0.335343 0.601880
vt 0.334690 0.601880
vt 0.334690 0.581472
vt 0.335343 0.581472
vt 0.334690 0.573406
vt 0.335343 0.573406
vt 0.334690 0.564516
vt 0.335343 0.564516
vt 0.334690 0.552997
vt 0.335343 0.552997
vt 0.466656 0.202311
vt 0.466003 0.202311
vt 0.466003 0.200378
vt 0.466656 0.200378
vt 0.887577 0.086021
vt 0.887577 0.086673
vt 0.876058 0.086673
vt 0.876058 0.086021
vt 0.896466 0.086021
vt 0.896466 0.086673
vt 0.904532 0.086021
vt 0.904532 0.086673
vt 0.913422 0.086021
vt 0.913422 0.086673
vt 0.924941 0.086021
vt 0.924941 0.086673
vt 0.506509 0.200378
vt 0.507162 0.200378
vt 0.507162 0.202311
vt 0.506509 0.202311
vt 0.515323 0.192155
vt 0.515323 0.210534
vt 0.523485 0.188419
vt 0.523485 0.214271
vt 0.531647 0.188419
vt 0.531647 0.214271
vt 0.539808 0.192155
vt 0.539808 0.210534
vt 0.547970 0.200378
vt 0.547970 0.202311
vt 0.498538 0.210534
vt 0.498538 0.192155
vt 0.490568 0.214271
vt 0.490568 0.188419
vt 0.482597 0.214271
vt 0.482597 0.188419
vt 0.474627 0.210534
vt 0.474627 0.192155
vt 0.334690 0.525520
vt 0.335631 0.525520
vt 0.335631 0.542126
vt 0.334690 0.542126
vt 0.334690 0.512705
vt 0.335631 0.512705
vt 0.334690 0.501077
vt 0.335631 0.501077
vt 0.334690 0.488263
vt 0.335631 0.488263
vt 0.334690 0.471657
vt 0.335631 0.471657
vt 0.718617 0.764938
vt 0.718617 0.764285
vt 0.720551 0.764285
vt 0.720551 0.764938
vt 0.935812 0.508634
vt 0.936465 0.508634
vt 0.936465 0.520153
vt 0.935812 0.520153
vt 0.935812 0.499745
vt 0.936465 0.499745
vt 0.935812 0.491679
vt 0.936465 0.491679
vt 0.935812 0.482789
vt 0.936465 0.482789
vt 0.935812 0.471270
vt 0.936465 0.471270
vt 0.720551 0.722824
vt 0.720551 0.723477
vt 0.718617 0.723477
vt 0.718617 0.722824
vt 0.728774 0.731638
vt 0.710395 0.731638
vt 0.732510 0.739800
vt 0.706658 0.739800
vt 0.732510 0.747962
vt 0.706658 0.747962
vt 0.728774 0.756123
vt 0.710395 0.756123
vt 0.710395 0.714853
vt 0.728774 0.714853
vt 0.706658 0.706883
vt 0.732510 0.706883
vt 0.706658 0.698912
vt 0.732510 0.698912
vt 0.710395 0.690942
vt 0.728774 0.690942
vt 0.718617 0.682971
vt 0.720551 0.682971
vt 0.147830 0.066495
vt 0.147830 0.067148
vt 0.136311 0.067148
vt 0.136311 0.066495
vt 0.156720 0.066495
vt 0.156720 0.067148
vt 0.164786 0.066495
vt 0.164786 0.067148
vt 0.173675 0.066495
vt 0.173675 0.067148
vt 0.185194 0.066495
vt 0.185194 0.067148
vt 0.757274 0.811859
vt 0.757274 0.812512
vt 0.755341 0.812512
vt 0.755341 0.811859
vt 0.929829 0.209862
vt 0.930482 0.209862
vt 0.930482 0.221381
vt 0.929829 0.221381
vt 0.929829 0.200973
vt 0.930482 0.200973
vt 0.929829 0.192907
vt 0.930482 0.192907
vt 0.929829 0.184017
vt 0.930482 0.184017
vt 0.929829 0.172498
vt 0.930482 0.172498
vt 0.755341 0.772006
vt 0.755341 0.771353
vt 0.757274 0.771353
vt 0.757274 0.772006
vt 0.747118 0.763191
vt 0.765497 0.763191
vt 0.743382 0.755030
vt 0.769233 0.755030
vt 0.743382 0.746868
vt 0.769233 0.746868
vt 0.747118 0.738707
vt 0.765497 0.738707
vt 0.755341 0.730545
vt 0.757274 0.730545
vt 0.765497 0.779976
vt 0.747118 0.779976
vt 0.769233 0.787947
vt 0.743382 0.787947
vt 0.769233 0.795918
vt 0.743382 0.795918
vt 0.765497 0.803888
vt 0.747118 0.803888
vt 0.935812 0.090354
vt 0.936465 0.090354
vt 0.936465 0.101872
vt 0.935812 0.101872
vt 0.935812 0.081464
vt 0.936465 0.081464
vt 0.935812 0.073398
vt 0.936465 0.073398
vt 0.935812 0.064508
vt 0.936465 0.064508
vt 0.935812 0.052990
vt 0.936465 0.052990
vt 0.322441 0.299566
vt 0.321788 0.299566
vt 0.321788 0.297632
vt 0.322441 0.297632
vt 0.910858 0.807406
vt 0.911511 0.807406
vt 0.911511 0.818925
vt 0.910858 0.818925
vt 0.910858 0.798517
vt 0.911511 0.798517
vt 0.910858 0.790451
vt 0.911511 0.790451
vt 0.910858 0.781561
vt 0.911511 0.781561
vt 0.910858 0.770042
vt 0.911511 0.770042
vt 0.280327 0.297632
vt 0.280980 0.297632
vt 0.280980 0.299566
vt 0.280327 0.299566
vt 0.289141 0.289409
vt 0.289141 0.307788
vt 0.297303 0.285673
vt 0.297303 0.311525
vt 0.305464 0.285673
vt 0.305464 0.311525
vt 0.313626 0.289409
vt 0.313626 0.307788
vt 0.354323 0.307788
vt 0.354323 0.289409
vt 0.362293 0.297632
vt 0.362293 0.299566
vt 0.346352 0.311525
vt 0.346352 0.285673
vt 0.338382 0.311525
vt 0.338382 0.285673
vt 0.330411 0.307788
vt 0.330411 0.289409
vt 0.933907 0.807406
vt 0.934560 0.807406
vt 0.934560 0.818925
vt 0.933907 0.818925
vt 0.933907 0.798517
vt 0.934560 0.798517
vt 0.933907 0.790451
vt 0.934560 0.790451
vt 0.933907 0.781561
vt 0.934560 0.781561
vt 0.933907 0.770042
vt 0.934560 0.770042
vt 0.792064 0.865497
vt 0.792064 0.864844
vt 0.793998 0.864844
vt 0.793998 0.865497
vt 0.132840 0.042688
vt 0.132840 0.043340
vt 0.121321 0.043340
vt 0.121321 0.042688
vt 0.141729 0.042688
vt 0.141729 0.043340
vt 0.149795 0.042688
vt 0.149795 0.043340
vt 0.158685 0.042688
vt 0.158685 0.043340
vt 0.170203 0.042688
vt 0.170203 0.043340
vt 0.793998 0.823383
vt 0.793998 0.824036
vt 0.792064 0.824036
vt 0.792064 0.823383
vt 0.802221 0.832198
vt 0.783841 0.832198
vt 0.805957 0.840359
vt 0.780105 0.840359
vt 0.805957 0.848521
vt 0.780105 0.848521
vt 0.802221 0.856683
vt 0.783841 0.856683
vt 0.783841 0.897379
vt 0.802221 0.897379
vt 0.793998 0.905350
vt 0.792064 0.905350
vt 0.780105 0.889409
vt 0.805957 0.889409
vt 0.780105 0.881438
vt 0.805957 0.881438
vt 0.783841 0.873468
vt 0.802221 0.873468
vt 0.400910 0.417794
vt 0.400910 0.418626
vt 0.386230 0.418626
vt 0.386230 0.417794
vt 0.412239 0.417794
vt 0.412239 0.418626
vt 0.422519 0.417794
vt 0.422519 0.418626
vt 0.433848 0.417794
vt 0.433848 0.418626
vt 0.448528 0.417794
vt 0.448528 0.418626
vt 0.187488 0.267610
vt 0.188141 0.267610
vt 0.188141 0.269544
vt 0.187488 0.269544
vt 0.906780 0.314172
vt 0.907433 0.314172
vt 0.907433 0.325691
vt 0.906780 0.325691
vt 0.906780 0.305283
vt 0.907433 0.305283
vt 0.906780 0.297217
vt 0.907433 0.297217
vt 0.906780 0.288327
vt 0.907433 0.288327
vt 0.906780 0.276808
vt 0.907433 0.276808
vt 0.229602 0.269544
vt 0.228949 0.269544
vt 0.228949 0.267610
vt 0.229602 0.267610
vt 0.220788 0.277766
vt 0.220788 0.259387
vt 0.212626 0.281503
vt 0.212626 0.255651
vt 0.204465 0.281503
vt 0.204465 0.255651
vt 0.196303 0.277766
vt 0.196303 0.259387
vt 0.237573 0.259387
vt 0.237573 0.277766
vt 0.245543 0.255651
vt 0.245543 0.281503
vt 0.253514 0.255651
vt 0.253514 0.281503
vt 0.261485 0.259387
vt 0.261485 0.277766
vt 0.269455 0.267610
vt 0.269455 0.269544
vt 0.910858 0.747652
vt 0.911511 0.747652
vt 0.911511 0.759171
vt 0.910858 0.759171
vt 0.910858 0.738762
vt 0.911511 0.738762
vt 0.910858 0.730696
vt 0.911511 0.730696
vt 0.910858 0.721807
vt 0.911511 0.721807
vt 0.910858 0.710288
vt 0.911511 0.710288
vt 0.293524 0.342990
vt 0.292871 0.342990
vt 0.292871 0.341057
vt 0.293524 0.341057
vt 0.952878 0.209862
vt 0.953531 0.209862
vt 0.953531 0.221381
vt 0.952878 0.221381
vt 0.952878 0.200973
vt 0.953531 0.200973
vt 0.952878 0.192907
vt 0.953531 0.192907
vt 0.952878 0.184017
vt 0.953531 0.184017
vt 0.952878 0.172498
vt 0.953531 0.172498
vt 0.333377 0.341057
vt 0.334030 0.341057
vt 0.334030 0.342990
vt 0.333377 0.342990
vt 0.260225 0.332834
vt 0.260225 0.351213
vt 0.252063 0.342990
vt 0.252063 0.341057
vt 0.268386 0.329098
vt 0.268386 0.354950
vt 0.276548 0.329098
vt 0.276548 0.354950
vt 0.284710 0.332834
vt 0.284710 0.351213
vt 0.325406 0.351213
vt 0.325406 0.332834
vt 0.317436 0.354950
vt 0.317436 0.329098
vt 0.309465 0.354950
vt 0.309465 0.329098
vt 0.301495 0.351213
vt 0.301495 0.332834
vt 0.956956 0.867160
vt 0.957609 0.867160
vt 0.957609 0.878679
vt 0.956956 0.878679
vt 0.956956 0.858271
vt 0.957609 0.858271
vt 0.956956 0.850205
vt 0.957609 0.850205
vt 0.956956 0.841315
vt 0.957609 0.841315
vt 0.956956 0.829797
vt 0.957609 0.829797
vt 0.083779 0.296302
vt 0.083126 0.296302
vt 0.083126 0.294369
vt 0.083779 0.294369
vt 0.013331 0.037842
vt 0.013331 0.038495
vt 0.001812 0.038495
vt 0.001812 0.037842
vt 0.022220 0.037842
vt 0.022220 0.038495
vt 0.030286 0.037842
vt 0.030286 0.038495
vt 0.039176 0.037842
vt 0.039176 0.038495
vt 0.050695 0.037842
vt 0.050695 0.038495
vt 0.041665 0.294369
vt 0.042318 0.294369
vt 0.042318 0.296302
vt 0.041665 0.296302
vt 0.050479 0.286146
vt 0.050479 0.304525
vt 0.058641 0.282410
vt 0.058641 0.308261
vt 0.066802 0.282410
vt 0.066802 0.308261
vt 0.074964 0.286146
vt 0.074964 0.304525
vt 0.033694 0.304525
vt 0.033694 0.286146
vt 0.025724 0.308261
vt 0.025724 0.282410
vt 0.017753 0.308261
vt 0.017753 0.282410
vt 0.009783 0.304525
vt 0.009783 0.286146
vt 0.001812 0.296302
vt 0.001812 0.294369
vt 0.446602 0.054212
vt 0.446602 0.054865
vt 0.435083 0.054865
vt 0.435083 0.054212
vt 0.455492 0.054212
vt 0.455492 0.054865
vt 0.463558 0.054212
vt 0.463558 0.054865
vt 0.472447 0.054212
vt 0.472447 0.054865
vt 0.483966 0.054212
vt 0.483966 0.054865
vt 0.322441 0.262842
vt 0.321788 0.262842
vt 0.321788 0.260909
vt 0.322441 0.260909
vt 0.625865 0.044395
vt 0.625865 0.045048
vt 0.614346 0.045048
vt 0.614346 0.044395
vt 0.634755 0.044395
vt 0.634755 0.045048
vt 0.642821 0.044395
vt 0.642821 0.045048
vt 0.651710 0.044395
vt 0.651710 0.045048
vt 0.663229 0.044395
vt 0.663229 0.045048
vt 0.280327 0.260909
vt 0.280980 0.260909
vt 0.280980 0.262842
vt 0.280327 0.262842
vt 0.289141 0.252686
vt 0.289141 0.271065
vt 0.297303 0.248950
vt 0.297303 0.274801
vt 0.305464 0.248950
vt 0.305464 0.274801
vt 0.313626 0.252686
vt 0.313626 0.271065
vt 0.354323 0.271065
vt 0.354323 0.252686
vt 0.362293 0.260909
vt 0.362293 0.262842
vt 0.346352 0.274801
vt 0.346352 0.248950
vt 0.338382 0.274801
vt 0.338382 0.248950
vt 0.330411 0.271065
vt 0.330411 0.252686
vt 0.107305 0.332679
vt 0.107305 0.333396
vt 0.094650 0.333396
vt 0.094650 0.332679
vt 0.117071 0.332679
vt 0.117071 0.333396
vt 0.125932 0.332679
vt 0.125932 0.333396
vt 0.135699 0.332679
vt 0.135699 0.333396
vt 0.148353 0.332679
vt 0.148353 0.333396
vt 0.599347 0.200378
vt 0.600000 0.200378
vt 0.600000 0.202311
vt 0.599347 0.202311
vt 0.013331 0.222637
vt 0.013331 0.223290
vt 0.001812 0.223290
vt 0.001812 0.222637
vt 0.022220 0.222637
vt 0.022220 0.223290
vt 0.030286 0.222637
vt 0.030286 0.223290
vt 0.039176 0.222637
vt 0.039176 0.223290
vt 0.050695 0.222637
vt 0.050695 0.223290
vt 0.559494 0.202311
vt 0.558842 0.202311
vt 0.558842 0.200378
vt 0.559494 0.200378
vt 0.632647 0.210534
vt 0.632647 0.192155
vt 0.640808 0.200378
vt 0.640808 0.202311
vt 0.624485 0.214271
vt 0.624485 0.188419
vt 0.616323 0.214271
vt 0.616323 0.188419
vt 0.608162 0.210534
vt 0.608162 0.192155
vt 0.567465 0.192155
vt 0.567465 0.210534
vt 0.575436 0.188419
vt 0.575436 0.214271
vt 0.583406 0.188419
vt 0.583406 0.214271
vt 0.591377 0.192155
vt 0.591377 0.210534
vt 0.906780 0.134909
vt 0.907433 0.134909
vt 0.907433 0.146428
vt 0.906780 0.146428
vt 0.906780 0.126020
vt 0.907433 0.126020
vt 0.906780 0.117954
vt 0.907433 0.117954
vt 0.906780 0.109064
vt 0.907433 0.109064
vt 0.906780 0.097545
vt 0.907433 0.097545
vt 0.414626 0.299566
vt 0.413973 0.299566
vt 0.413973 0.297632
vt 0.414626 0.297632
vt 0.945431 0.926915
vt 0.946084 0.926915
vt 0.946084 0.938434
vt 0.945431 0.938434
vt 0.945431 0.918025
vt 0.946084 0.918025
vt 0.945431 0.909959
vt 0.946084 0.909959
vt 0.945431 0.901070
vt 0.946084 0.901070
vt 0.945431 0.889551
vt 0.946084 0.889551
vt 0.454479 0.297632
vt 0.455132 0.297632
vt 0.455132 0.299566
vt 0.454479 0.299566
vt 0.381327 0.289409
vt 0.381327 0.307788
vt 0.373165 0.299566
vt 0.373165 0.297632
vt 0.389488 0.285673
vt 0.389488 0.311525
vt 0.397650 0.285673
vt 0.397650 0.311525
vt 0.405812 0.289409
vt 0.405812 0.307788
vt 0.446508 0.307788
vt 0.446508 0.289409
vt 0.438538 0.311525
vt 0.438538 0.285673
vt 0.430567 0.311525
vt 0.430567 0.285673
vt 0.422597 0.307788
vt 0.422597 0.289409
vt 0.431611 0.042688
vt 0.431611 0.043340
vt 0.420093 0.043340
vt 0.420093 0.042688
vt 0.440501 0.042688
vt 0.440501 0.043340
vt 0.448567 0.042688
vt 0.448567 0.043340
vt 0.457456 0.042688
vt 0.457456 0.043340
vt 0.468975 0.042688
vt 0.468975 0.043340
vt 0.387015 0.336289
vt 0.386362 0.336289
vt 0.386362 0.334356
vt 0.387015 0.334356
vt 0.371857 0.042688
vt 0.371857 0.043340
vt 0.360338 0.043340
vt 0.360338 0.042688
vt 0.380747 0.042688
vt 0.380747 0.043340
vt 0.388813 0.042688
vt 0.388813 0.043340
vt 0.397702 0.042688
vt 0.397702 0.043340
vt 0.409221 0.042688
vt 0.409221 0.043340
vt 0.344901 0.334356
vt 0.345554 0.334356
vt 0.345554 0.336289
vt 0.344901 0.336289
vt 0.353716 0.326133
vt 0.353716 0.344512
vt 0.361878 0.322396
vt 0.361878 0.348248
vt 0.370039 0.322396
vt 0.370039 0.348248
vt 0.378201 0.326133
vt 0.378201 0.344512
vt 0.418897 0.344512
vt 0.418897 0.326133
vt 0.426868 0.334356
vt 0.426868 0.336289
vt 0.410927 0.348248
vt 0.410927 0.322396
vt 0.402956 0.348248
vt 0.402956 0.322396
vt 0.394986 0.344512
vt 0.394986 0.326133
vt 0.506356 0.054212
vt 0.506356 0.054865
vt 0.494838 0.054865
vt 0.494838 0.054212
vt 0.515246 0.054212
vt 0.515246 0.054865
vt 0.523312 0.054212
vt 0.523312 0.054865
vt 0.532202 0.054212
vt 0.532202 0.054865
vt 0.543720 0.054212
vt 0.543720 0.054865
vt 0.134503 0.230887
vt 0.135156 0.230887
vt 0.135156 0.232820
vt 0.134503 0.232820
vt 0.945431 0.986669
vt 0.946084 0.986669
vt 0.946084 0.998188
vt 0.945431 0.998188
vt 0.945431 0.977780
vt 0.946084 0.977780
vt 0.945431 0.969714
vt 0.946084 0.969714
vt 0.945431 0.960824
vt 0.946084 0.960824
vt 0.945431 0.949305
vt 0.946084 0.949305
vt 0.176617 0.232820
vt 0.175964 0.232820
vt 0.175964 0.230887
vt 0.176617 0.230887
vt 0.167802 0.241043
vt 0.167802 0.222664
vt 0.159641 0.244779
vt 0.159641 0.218928
vt 0.151479 0.244779
vt 0.151479 0.218928
vt 0.143318 0.241043
vt 0.143318 0.222664
vt 0.102621 0.222664
vt 0.102621 0.241043
vt 0.094650 0.232820
vt 0.094650 0.230887
vt 0.110591 0.218928
vt 0.110591 0.244779
vt 0.118562 0.218928
vt 0.118562 0.244779
vt 0.126532 0.222664
vt 0.126532 0.241043
vt 0.267339 0.066495
vt 0.267339 0.067148
vt 0.255820 0.067148
vt 0.255820 0.066495
vt 0.276228 0.066495
vt 0.276228 0.067148
vt 0.284295 0.066495
vt 0.284295 0.067148
vt 0.293184 0.066495
vt 0.293184 0.067148
vt 0.304703 0.066495
vt 0.304703 0.067148
vt 0.674056 0.816315
vt 0.674056 0.816968
vt 0.672122 0.816968
vt 0.672122 0.816315
vt 0.611083 0.066440
vt 0.611083 0.067093
vt 0.599564 0.067093
vt 0.599564 0.066440
vt 0.619972 0.066440
vt 0.619972 0.067093
vt 0.628038 0.066440
vt 0.628038 0.067093
vt 0.636928 0.066440
vt 0.636928 0.067093
vt 0.648447 0.066440
vt 0.648447 0.067093
vt 0.672122 0.776462
vt 0.672122 0.775809
vt 0.674056 0.775809
vt 0.674056 0.776462
vt 0.663900 0.849614
vt 0.682279 0.849614
vt 0.674056 0.857776
vt 0.672122 0.857776
vt 0.660163 0.841453
vt 0.686015 0.841453
vt 0.660163 0.833291
vt 0.686015 0.833291
vt 0.663900 0.825129
vt 0.682279 0.825129
vt 0.682279 0.784433
vt 0.663900 0.784433
vt 0.686015 0.792403
vt 0.660163 0.792403
vt 0.686015 0.800374
vt 0.660163 0.800374
vt 0.682279 0.808344
vt 0.663900 0.808344
vt 0.895255 0.134909
vt 0.895908 0.134909
vt 0.895908 0.146428
vt 0.895255 0.146428
vt 0.895255 0.126020
vt 0.895908 0.126020
vt 0.895255 0.117954
vt 0.895908 0.117954
vt 0.895255 0.109064
vt 0.895908 0.109064
vt 0.895255 0.097545
vt 0.895908 0.097545
vt 0.757274 0.626182
vt 0.757274 0.626835
vt 0.755341 0.626835
vt 0.755341 0.626182
vt 0.902787 0.583171
vt 0.903440 0.583171
vt 0.903440 0.594690
vt 0.902787 0.594690
vt 0.902787 0.574282
vt 0.903440 0.574282
vt 0.902787 0.566215
vt 0.903440 0.566215
vt 0.902787 0.557326
vt 0.903440 0.557326
vt 0.902787 0.545807
vt 0.903440 0.545807
vt 0.755341 0.586329
vt 0.755341 0.585676
vt 0.757274 0.585676
vt 0.757274 0.586329
vt 0.747118 0.577515
vt 0.765497 0.577515
vt 0.743382 0.569353
vt 0.769233 0.569353
vt 0.743382 0.561192
vt 0.769233 0.561192
vt 0.747118 0.553030
vt 0.765497 0.553030
vt 0.755341 0.544868
vt 0.757274 0.544868
vt 0.765497 0.594300
vt 0.747118 0.594300
vt 0.769233 0.602270
vt 0.743382 0.602270
vt 0.769233 0.610241
vt 0.743382 0.610241
vt 0.765497 0.618212
vt 0.747118 0.618212
vt 0.073085 0.049366
vt 0.073085 0.050019
vt 0.061566 0.050019
vt 0.061566 0.049366
vt 0.081975 0.049366
vt 0.081975 0.050019
vt 0.090041 0.049366
vt 0.090041 0.050019
vt 0.098930 0.049366
vt 0.098930 0.050019
vt 0.110449 0.049366
vt 0.110449 0.050019
vt 0.757274 0.491883
vt 0.757274 0.492536
vt 0.755341 0.492536
vt 0.755341 0.491883
vt 0.922382 0.747652
vt 0.923035 0.747652
vt 0.923035 0.759171
vt 0.922382 0.759171
vt 0.922382 0.738762
vt 0.923035 0.738762
vt 0.922382 0.730696
vt 0.923035 0.730696
vt 0.922382 0.721807
vt 0.923035 0.721807
vt 0.922382 0.710288
vt 0.923035 0.710288
vt 0.755341 0.533997
vt 0.755341 0.533344
vt 0.757274 0.533344
vt 0.757274 0.533997
vt 0.747118 0.525182
vt 0.765497 0.525182
vt 0.743382 0.517021
vt 0.769233 0.517021
vt 0.743382 0.508859
vt 0.769233 0.508859
vt 0.747118 0.500697
vt 0.765497 0.500697
vt 0.765497 0.460001
vt 0.747118 0.460001
vt 0.755341 0.452030
vt 0.757274 0.452030
vt 0.769233 0.467971
vt 0.743382 0.467971
vt 0.769233 0.475942
vt 0.743382 0.475942
vt 0.765497 0.483912
vt 0.747118 0.483912
vt 0.941353 0.269617
vt 0.942006 0.269617
vt 0.942006 0.281136
vt 0.941353 0.281136
vt 0.941353 0.260727
vt 0.942006 0.260727
vt 0.941353 0.252661
vt 0.942006 0.252661
vt 0.941353 0.243772
vt 0.942006 0.243772
vt 0.941353 0.232253
vt 0.942006 0.232253
vt 0.792064 0.679820
vt 0.792064 0.679168
vt 0.793998 0.679168
vt 0.793998 0.679820
vt 0.147830 0.054212
vt 0.147830 0.054865
vt 0.136311 0.054865
vt 0.136311 0.054212
vt 0.156720 0.054212
vt 0.156720 0.054865
vt 0.164786 0.054212
vt 0.164786 0.054865
vt 0.173675 0.054212
vt 0.173675 0.054865
vt 0.185194 0.054212
vt 0.185194 0.054865
vt 0.793998 0.637707
vt 0.793998 0.638359
vt 0.792064 0.638359
vt 0.792064 0.637707
vt 0.802221 0.646521
vt 0.783841 0.646521
vt 0.805957 0.654683
vt 0.780105 0.654683
vt 0.805957 0.662844
vt 0.780105 0.662844
vt 0.802221 0.671006
vt 0.783841 0.671006
vt 0.783841 0.711703
vt 0.802221 0.711703
vt 0.793998 0.719673
vt 0.792064 0.719673
vt 0.780105 0.703732
vt 0.805957 0.703732
vt 0.780105 0.695762
vt 0.805957 0.695762
vt 0.783841 0.687791
vt 0.802221 0.687791
vt 0.477522 0.225901
vt 0.477522 0.226553
vt 0.466003 0.226553
vt 0.466003 0.225901
vt 0.486412 0.225901
vt 0.486412 0.226553
vt 0.494478 0.225901
vt 0.494478 0.226553
vt 0.503367 0.225901
vt 0.503367 0.226553
vt 0.514886 0.225901
vt 0.514886 0.226553
vt 0.793998 0.771051
vt 0.793998 0.771703
vt 0.792064 0.771703
vt 0.792064 0.771051
vt 0.918304 0.164890
vt 0.918957 0.164890
vt 0.918957 0.176409
vt 0.918304 0.176409
vt 0.918304 0.156001
vt 0.918957 0.156001
vt 0.918304 0.147935
vt 0.918957 0.147935
vt 0.918304 0.139045
vt 0.918957 0.139045
vt 0.918304 0.127527
vt 0.918957 0.127527
vt 0.792064 0.731198
vt 0.792064 0.730545
vt 0.793998 0.730545
vt 0.793998 0.731198
vt 0.783841 0.804350
vt 0.802221 0.804350
vt 0.793998 0.812512
vt 0.792064 0.812512
vt 0.780105 0.796188
vt 0.805957 0.796188
vt 0.780105 0.788027
vt 0.805957 0.788027
vt 0.783841 0.779865
vt 0.802221 0.779865
vt 0.802221 0.739168
vt 0.783841 0.739168
vt 0.805957 0.747139
vt 0.780105 0.747139
vt 0.805957 0.755109
vt 0.780105 0.755109
vt 0.802221 0.763080
vt 0.783841 0.763080
vt 0.895255 0.254418
vt 0.895908 0.254418
vt 0.895908 0.265937
vt 0.895255 0.265937
vt 0.895255 0.245528
vt 0.895908 0.245528
vt 0.895255 0.237462
vt 0.895908 0.237462
vt 0.895255 0.228573
vt 0.895908 0.228573
vt 0.895255 0.217054
vt 0.895908 0.217054
vt 0.730147 0.392932
vt 0.730147 0.393584
vt 0.728214 0.393584
vt 0.728214 0.392932
vt 0.922382 0.687897
vt 0.923035 0.687897
vt 0.923035 0.699416
vt 0.922382 0.699416
vt 0.922382 0.679008
vt 0.923035 0.679008
vt 0.922382 0.670942
vt 0.923035 0.670942
vt 0.922382 0.662052
vt 0.923035 0.662052
vt 0.922382 0.650533
vt 0.923035 0.650533
vt 0.728214 0.353079
vt 0.728214 0.352426
vt 0.730147 0.352426
vt 0.730147 0.353079
vt 0.719991 0.344264
vt 0.738370 0.344264
vt 0.716255 0.336103
vt 0.742106 0.336103
vt 0.716255 0.327941
vt 0.742106 0.327941
vt 0.719991 0.319780
vt 0.738370 0.319780
vt 0.728214 0.311618
vt 0.730147 0.311618
vt 0.738370 0.361049
vt 0.719991 0.361049
vt 0.742106 0.369020
vt 0.716255 0.369020
vt 0.742106 0.376991
vt 0.716255 0.376991
vt 0.738370 0.384961
vt 0.719991 0.384961
vt 0.948885 0.628143
vt 0.949538 0.628143
vt 0.949538 0.639662
vt 0.948885 0.639662
vt 0.948885 0.619253
vt 0.949538 0.619253
vt 0.948885 0.611187
vt 0.949538 0.611187
vt 0.948885 0.602298
vt 0.949538 0.602298
vt 0.948885 0.590779
vt 0.949538 0.590779
vt 0.747503 0.823383
vt 0.747503 0.824036
vt 0.745569 0.824036
vt 0.745569 0.823383
vt 0.952878 0.389125
vt 0.953531 0.389125
vt 0.953531 0.400644
vt 0.952878 0.400644
vt 0.952878 0.380236
vt 0.953531 0.380236
vt 0.952878 0.372170
vt 0.953531 0.372170
vt 0.952878 0.363280
vt 0.953531 0.363280
vt 0.952878 0.351762
vt 0.953531 0.351762
vt 0.745569 0.865497
vt 0.745569 0.864844
vt 0.747503 0.864844
vt 0.747503 0.865497
vt 0.737346 0.856683
vt 0.755726 0.856683
vt 0.733610 0.848521
vt 0.759462 0.848521
vt 0.733610 0.840359
vt 0.759462 0.840359
vt 0.737346 0.832198
vt 0.755726 0.832198
vt 0.755726 0.873468
vt 0.737346 0.873468
vt 0.759462 0.881438
vt 0.733610 0.881438
vt 0.759462 0.889409
vt 0.733610 0.889409
vt 0.755726 0.897379
vt 0.737346 0.897379
vt 0.747503 0.905350
vt 0.745569 0.905350
vt 0.933907 0.867160
vt 0.934560 0.867160
vt 0.934560 0.878679
vt 0.933907 0.878679
vt 0.933907 0.858271
vt 0.934560 0.858271
vt 0.933907 0.850205
vt 0.934560 0.850205
vt 0.933907 0.841315
vt 0.934560 0.841315
vt 0.933907 0.829797
vt 0.934560 0.829797
vt 0.664877 0.349205
vt 0.664224 0.349205
vt 0.664224 0.347272
vt 0.664877 0.347272
vt 0.343775 0.819682
vt 0.344590 0.819682
vt 0.344590 0.834071
vt 0.343775 0.834071
vt 0.343775 0.808578
vt 0.344590 0.808578
vt 0.343775 0.798502
vt 0.344590 0.798502
vt 0.343775 0.787397
vt 0.344590 0.787397
vt 0.343775 0.773008
vt 0.344590 0.773008
vt 0.704730 0.347272
vt 0.705383 0.347272
vt 0.705383 0.349205
vt 0.704730 0.349205
vt 0.631578 0.339049
vt 0.631578 0.357428
vt 0.623416 0.349205
vt 0.623416 0.347272
vt 0.639740 0.335312
vt 0.639740 0.361164
vt 0.647901 0.335312
vt 0.647901 0.361164
vt 0.656063 0.339049
vt 0.656063 0.357428
vt 0.696759 0.357428
vt 0.696759 0.339049
vt 0.688789 0.361164
vt 0.688789 0.335312
vt 0.680818 0.361164
vt 0.680818 0.335312
vt 0.672848 0.357428
vt 0.672848 0.339049
vt 0.912384 0.463662
vt 0.913036 0.463662
vt 0.913036 0.475181
vt 0.912384 0.475181
vt 0.912384 0.454773
vt 0.913036 0.454773
vt 0.912384 0.446707
vt 0.913036 0.446707
vt 0.912384 0.437817
vt 0.913036 0.437817
vt 0.912384 0.426298
vt 0.913036 0.426298
vt 0.083126 0.331092
vt 0.083779 0.331092
vt 0.083779 0.333026
vt 0.083126 0.333026
vt 0.925836 0.628143
vt 0.926489 0.628143
vt 0.926489 0.639662
vt 0.925836 0.639662
vt 0.925836 0.619253
vt 0.926489 0.619253
vt 0.925836 0.611187
vt 0.926489 0.611187
vt 0.925836 0.602298
vt 0.926489 0.602298
vt 0.925836 0.590779
vt 0.926489 0.590779
vt 0.043273 0.333026
vt 0.042620 0.333026
vt 0.042620 0.331092
vt 0.043273 0.331092
vt 0.034458 0.341249
vt 0.034458 0.322869
vt 0.026297 0.344985
vt 0.026297 0.319133
vt 0.018135 0.344985
vt 0.018135 0.319133
vt 0.009974 0.341249
vt 0.009974 0.322869
vt 0.001812 0.333026
vt 0.001812 0.331092
vt 0.051243 0.322869
vt 0.051243 0.341249
vt 0.059214 0.319133
vt 0.059214 0.344985
vt 0.067185 0.319133
vt 0.067185 0.344985
vt 0.075155 0.322869
vt 0.075155 0.341249
vt 0.551328 0.066440
vt 0.551328 0.067093
vt 0.539810 0.067093
vt 0.539810 0.066440
vt 0.560218 0.066440
vt 0.560218 0.067093
vt 0.568284 0.066440
vt 0.568284 0.067093
vt 0.577173 0.066440
vt 0.577173 0.067093
vt 0.588692 0.066440
vt 0.588692 0.067093
vt 0.624069 0.312482
vt 0.623416 0.312482
vt 0.623416 0.310548
vt 0.624069 0.310548
vt 0.880082 0.061015
vt 0.880082 0.061668
vt 0.868563 0.061668
vt 0.868563 0.061015
vt 0.888971 0.061015
vt 0.888971 0.061668
vt 0.897037 0.061015
vt 0.897037 0.061668
vt 0.905927 0.061015
vt 0.905927 0.061668
vt 0.917445 0.061015
vt 0.917445 0.061668
vt 0.663922 0.310548
vt 0.664575 0.310548
vt 0.664575 0.312482
vt 0.663922 0.312482
vt 0.672736 0.302325
vt 0.672736 0.320704
vt 0.680898 0.298589
vt 0.680898 0.324441
vt 0.689060 0.298589
vt 0.689060 0.324441
vt 0.697221 0.302325
vt 0.697221 0.320704
vt 0.705383 0.310548
vt 0.705383 0.312482
vt 0.655951 0.320704
vt 0.655951 0.302325
vt 0.647981 0.324441
vt 0.647981 0.298589
vt 0.640010 0.324441
vt 0.640010 0.298589
vt 0.632040 0.320704
vt 0.632040 0.302325
vt 0.805128 0.037842
vt 0.805128 0.038495
vt 0.793610 0.038495
vt 0.793610 0.037842
vt 0.814018 0.037842
vt 0.814018 0.038495
vt 0.822084 0.037842
vt 0.822084 0.038495
vt 0.830973 0.037842
vt 0.830973 0.038495
vt 0.842492 0.037842
vt 0.842492 0.038495
vt 0.547970 0.299566
vt 0.547317 0.299566
vt 0.547317 0.297632
vt 0.547970 0.297632
vt 0.933907 0.747652
vt 0.934560 0.747652
vt 0.934560 0.759171
vt 0.933907 0.759171
vt 0.933907 0.738762
vt 0.934560 0.738762
vt 0.933907 0.730696
vt 0.934560 0.730696
vt 0.933907 0.721807
vt 0.934560 0.721807
vt 0.933907 0.710288
vt 0.934560 0.710288
vt 0.505856 0.297632
vt 0.506509 0.297632
vt 0.506509 0.299566
vt 0.505856 0.299566
vt 0.514671 0.289409
vt 0.514671 0.307788
vt 0.522832 0.285673
vt 0.522832 0.311525
vt 0.530994 0.285673
vt 0.530994 0.311525
vt 0.539155 0.289409
vt 0.539155 0.307788
vt 0.497886 0.307788
vt 0.497886 0.289409
vt 0.489915 0.311525
vt 0.489915 0.285673
vt 0.481944 0.311525
vt 0.481944 0.285673
vt 0.473974 0.307788
vt 0.473974 0.289409
vt 0.466003 0.299566
vt 0.466003 0.297632
vt 0.947337 0.090354
vt 0.947990 0.090354
vt 0.947990 0.101872
vt 0.947337 0.101872
vt 0.947337 0.081464
vt 0.947990 0.081464
vt 0.947337 0.073398
vt 0.947990 0.073398
vt 0.947337 0.064508
vt 0.947990 0.064508
vt 0.947337 0.052990
vt 0.947990 0.052990
vt 0.693141 0.202311
vt 0.692488 0.202311
vt 0.692488 0.200378
vt 0.693141 0.200378
vt 0.491366 0.042688
vt 0.491366 0.043340
vt 0.479847 0.043340
vt 0.479847 0.042688
vt 0.500255 0.042688
vt 0.500255 0.043340
vt 0.508321 0.042688
vt 0.508321 0.043340
vt 0.517211 0.042688
vt 0.517211 0.043340
vt 0.528730 0.042688
vt 0.528730 0.043340
vt 0.732994 0.200378
vt 0.733647 0.200378
vt 0.733647 0.202311
vt 0.732994 0.202311
vt 0.659842 0.192155
vt 0.659842 0.210534
vt 0.651680 0.202311
vt 0.651680 0.200378
vt 0.668003 0.188419
vt 0.668003 0.214271
vt 0.676165 0.188419
vt 0.676165 0.214271
vt 0.684326 0.192155
vt 0.684326 0.210534
vt 0.725023 0.210534
vt 0.725023 0.192155
vt 0.717053 0.214271
vt 0.717053 0.188419
vt 0.709082 0.214271
vt 0.709082 0.188419
vt 0.701111 0.210534
vt 0.701111 0.192155
vt 0.477522 0.237425
vt 0.477522 0.238078
vt 0.466003 0.238078
vt 0.466003 0.237425
vt 0.486412 0.237425
vt 0.486412 0.238078
vt 0.494478 0.237425
vt 0.494478 0.238078
vt 0.503367 0.237425
vt 0.503367 0.238078
vt 0.514886 0.237425
vt 0.514886 0.238078
vt 0.819016 0.957682
vt 0.819016 0.957030
vt 0.820949 0.957030
vt 0.820949 0.957682
vt 0.941353 0.448880
vt 0.942006 0.448880
vt 0.942006 0.460399
vt 0.941353 0.460399
vt 0.941353 0.439990
vt 0.942006 0.439990
vt 0.941353 0.431924
vt 0.942006 0.431924
vt 0.941353 0.423035
vt 0.942006 0.423035
vt 0.941353 0.411516
vt 0.942006 0.411516
vt 0.820949 0.997535
vt 0.820949 0.998188
vt 0.819016 0.998188
vt 0.819016 0.997535
vt 0.829172 0.924383
vt 0.810793 0.924383
vt 0.819016 0.916221
vt 0.820949 0.916221
vt 0.832909 0.932545
vt 0.807057 0.932545
vt 0.832909 0.940706
vt 0.807057 0.940706
vt 0.829172 0.948868
vt 0.810793 0.948868
vt 0.810793 0.989565
vt 0.829172 0.989565
vt 0.807057 0.981594
vt 0.832909 0.981594
vt 0.807057 0.973624
vt 0.832909 0.973624
vt 0.810793 0.965653
vt 0.829172 0.965653
vt 0.207585 0.066495
vt 0.207585 0.067148
vt 0.196066 0.067148
vt 0.196066 0.066495
vt 0.216474 0.066495
vt 0.216474 0.067148
vt 0.224540 0.066495
vt 0.224540 0.067148
vt 0.233430 0.066495
vt 0.233430 0.067148
vt 0.244948 0.066495
vt 0.244948 0.067148
vt 0.758411 0.300093
vt 0.758411 0.300746
vt 0.756477 0.300746
vt 0.756477 0.300093
vt 0.929829 0.150108
vt 0.930482 0.150108
vt 0.930482 0.161627
vt 0.929829 0.161627
vt 0.929829 0.141218
vt 0.930482 0.141218
vt 0.929829 0.133152
vt 0.930482 0.133152
vt 0.929829 0.124263
vt 0.930482 0.124263
vt 0.929829 0.112744
vt 0.930482 0.112744
vt 0.756477 0.260241
vt 0.756477 0.259588
vt 0.758411 0.259588
vt 0.758411 0.260241
vt 0.748254 0.251426
vt 0.766634 0.251426
vt 0.744518 0.243265
vt 0.770370 0.243265
vt 0.744518 0.235103
vt 0.770370 0.235103
vt 0.748254 0.226941
vt 0.766634 0.226941
vt 0.756477 0.218780
vt 0.758411 0.218780
vt 0.766634 0.268211
vt 0.748254 0.268211
vt 0.770370 0.276182
vt 0.744518 0.276182
vt 0.770370 0.284152
vt 0.744518 0.284152
vt 0.766634 0.292123
vt 0.748254 0.292123
vt 0.952878 0.269617
vt 0.953531 0.269617
vt 0.953531 0.281136
vt 0.952878 0.281136
vt 0.952878 0.260727
vt 0.953531 0.260727
vt 0.952878 0.252661
vt 0.953531 0.252661
vt 0.952878 0.243772
vt 0.953531 0.243772
vt 0.952878 0.232253
vt 0.953531 0.232253
vt 0.479854 0.336289
vt 0.479201 0.336289
vt 0.479201 0.334356
vt 0.479854 0.334356
vt 0.880082 0.072540
vt 0.880082 0.073193
vt 0.868563 0.073193
vt 0.868563 0.072540
vt 0.888971 0.072540
vt 0.888971 0.073193
vt 0.897037 0.072540
vt 0.897037 0.073193
vt 0.905927 0.072540
vt 0.905927 0.073193
vt 0.917445 0.072540
vt 0.917445 0.073193
vt 0.437740 0.334356
vt 0.438393 0.334356
vt 0.438393 0.336289
vt 0.437740 0.336289
vt 0.446554 0.326133
vt 0.446554 0.344512
vt 0.454716 0.322396
vt 0.454716 0.348248
vt 0.462877 0.322396
vt 0.462877 0.348248
vt 0.471039 0.326133
vt 0.471039 0.344512
vt 0.511736 0.344512
vt 0.511736 0.326133
vt 0.519706 0.334356
vt 0.519706 0.336289
vt 0.503765 0.348248
vt 0.503765 0.322396
vt 0.495795 0.348248
vt 0.495795 0.322396
vt 0.487824 0.344512
vt 0.487824 0.326133
vt 0.941353 0.389125
vt 0.942006 0.389125
vt 0.942006 0.400644
vt 0.941353 0.400644
vt 0.941353 0.380236
vt 0.942006 0.380236
vt 0.941353 0.372170
vt 0.942006 0.372170
vt 0.941353 0.363280
vt 0.942006 0.363280
vt 0.941353 0.351762
vt 0.942006 0.351762
vt 0.227341 0.224185
vt 0.227994 0.224185
vt 0.227994 0.226119
vt 0.227341 0.226119
vt 0.252348 0.042688
vt 0.252348 0.043340
vt 0.240829 0.043340
vt 0.240829 0.042688
vt 0.261238 0.042688
vt 0.261238 0.043340
vt 0.269304 0.042688
vt 0.269304 0.043340
vt 0.278193 0.042688
vt 0.278193 0.043340
vt 0.289712 0.042688
vt 0.289712 0.043340
vt 0.269455 0.226119
vt 0.268802 0.226119
vt 0.268802 0.224185
vt 0.269455 0.224185
vt 0.260641 0.234342
vt 0.260641 0.215962
vt 0.252479 0.238078
vt 0.252479 0.212226
vt 0.244317 0.238078
vt 0.244317 0.212226
vt 0.236156 0.234342
vt 0.236156 0.215962
vt 0.195459 0.215962
vt 0.195459 0.234342
vt 0.187488 0.226119
vt 0.187488 0.224185
vt 0.203430 0.212226
vt 0.203430 0.238078
vt 0.211400 0.212226
vt 0.211400 0.238078
vt 0.219371 0.215962
vt 0.219371 0.234342
vt 0.207585 0.078019
vt 0.207585 0.078672
vt 0.196066 0.078672
vt 0.196066 0.078019
vt 0.216474 0.078019
vt 0.216474 0.078672
vt 0.224540 0.078019
vt 0.224540 0.078672
vt 0.233430 0.078019
vt 0.233430 0.078672
vt 0.244948 0.078019
vt 0.244948 0.078672
vt 0.362293 0.226119
vt 0.361641 0.226119
vt 0.361641 0.224185
vt 0.362293 0.224185
vt 0.901086 0.986669
vt 0.901739 0.986669
vt 0.901739 0.998188
vt 0.901086 0.998188
vt 0.901086 0.977780
vt 0.901739 0.977780
vt 0.901086 0.969714
vt 0.901739 0.969714
vt 0.901086 0.960824
vt 0.901739 0.960824
vt 0.901086 0.949305
vt 0.901739 0.949305
vt 0.320180 0.224185
vt 0.320832 0.224185
vt 0.320832 0.226119
vt 0.320180 0.226119
vt 0.328994 0.215962
vt 0.328994 0.234342
vt 0.337156 0.212226
vt 0.337156 0.238078
vt 0.345317 0.212226
vt 0.345317 0.238078
vt 0.353479 0.215962
vt 0.353479 0.234342
vt 0.312209 0.234342
vt 0.312209 0.215962
vt 0.304238 0.238078
vt 0.304238 0.212226
vt 0.296268 0.238078
vt 0.296268 0.212226
vt 0.288297 0.234342
vt 0.288297 0.215962
vt 0.280327 0.226119
vt 0.280327 0.224185
vt 0.912384 0.403908
vt 0.913036 0.403908
vt 0.913036 0.415427
vt 0.912384 0.415427
vt 0.912384 0.395018
vt 0.913036 0.395018
vt 0.912384 0.386952
vt 0.913036 0.386952
vt 0.912384 0.378063
vt 0.913036 0.378063
vt 0.912384 0.366544
vt 0.913036 0.366544
vt 0.793998 0.585374
vt 0.793998 0.586027
vt 0.792064 0.586027
vt 0.792064 0.585374
vt 0.923908 0.508634
vt 0.924561 0.508634
vt 0.924561 0.520153
vt 0.923908 0.520153
vt 0.923908 0.499745
vt 0.924561 0.499745
vt 0.923908 0.491679
vt 0.924561 0.491679
vt 0.923908 0.482789
vt 0.924561 0.482789
vt 0.923908 0.471270
vt 0.924561 0.471270
vt 0.792064 0.545521
vt 0.792064 0.544868
vt 0.793998 0.544868
vt 0.793998 0.545521
vt 0.783841 0.618673
vt 0.802221 0.618673
vt 0.793998 0.626835
vt 0.792064 0.626835
vt 0.780105 0.610512
vt 0.805957 0.610512
vt 0.780105 0.602350
vt 0.805957 0.602350
vt 0.783841 0.594188
vt 0.802221 0.594188
vt 0.802221 0.553492
vt 0.783841 0.553492
vt 0.805957 0.561462
vt 0.780105 0.561462
vt 0.805957 0.569433
vt 0.780105 0.569433
vt 0.802221 0.577403
vt 0.783841 0.577403
vt 0.945431 0.747652
vt 0.946084 0.747652
vt 0.946084 0.759171
vt 0.945431 0.759171
vt 0.945431 0.738762
vt 0.946084 0.738762
vt 0.945431 0.730696
vt 0.946084 0.730696
vt 0.945431 0.721807
vt 0.946084 0.721807
vt 0.945431 0.710288
vt 0.946084 0.710288
vt 0.728778 0.956074
vt 0.728778 0.956727
vt 0.726845 0.956727
vt 0.726845 0.956074
vt 0.952878 0.448880
vt 0.953531 0.448880
vt 0.953531 0.460399
vt 0.952878 0.460399
vt 0.952878 0.439990
vt 0.953531 0.439990
vt 0.952878 0.431924
vt 0.953531 0.431924
vt 0.952878 0.423035
vt 0.953531 0.423035
vt 0.952878 0.411516
vt 0.953531 0.411516
vt 0.726845 0.998188
vt 0.726845 0.997535
vt 0.728778 0.997535
vt 0.728778 0.998188
vt 0.718622 0.989374
vt 0.737001 0.989374
vt 0.714886 0.981212
vt 0.740737 0.981212
vt 0.714886 0.973050
vt 0.740737 0.973050
vt 0.718622 0.964889
vt 0.737001 0.964889
vt 0.737001 0.924192
vt 0.718622 0.924192
vt 0.726845 0.916221
vt 0.728778 0.916221
vt 0.740737 0.932163
vt 0.714886 0.932163
vt 0.740737 0.940133
vt 0.714886 0.940133
vt 0.737001 0.948104
vt 0.718622 0.948104
vt 0.207585 0.054212
vt 0.207585 0.054865
vt 0.196066 0.054865
vt 0.196066 0.054212
vt 0.216474 0.054212
vt 0.216474 0.054865
vt 0.224540 0.054212
vt 0.224540 0.054865
vt 0.233430 0.054212
vt 0.233430 0.054865
vt 0.244948 0.054212
vt 0.244948 0.054865
vt 0.598694 0.273825
vt 0.599347 0.273825
vt 0.599347 0.275758
vt 0.598694 0.275758
vt 0.685620 0.044395
vt 0.685620 0.045048
vt 0.674101 0.045048
vt 0.674101 0.044395
vt 0.694509 0.044395
vt 0.694509 0.045048
vt 0.702575 0.044395
vt 0.702575 0.045048
vt 0.711465 0.044395
vt 0.711465 0.045048
vt 0.722983 0.044395
vt 0.722983 0.045048
vt 0.640808 0.275758
vt 0.640155 0.275758
vt 0.640155 0.273825
vt 0.640808 0.273825
vt 0.631994 0.283981
vt 0.631994 0.265602
vt 0.623832 0.287717
vt 0.623832 0.261866
vt 0.615671 0.287717
vt 0.615671 0.261866
vt 0.607509 0.283981
vt 0.607509 0.265602
vt 0.566812 0.265602
vt 0.566812 0.283981
vt 0.558842 0.275758
vt 0.558842 0.273825
vt 0.574783 0.261866
vt 0.574783 0.287717
vt 0.582753 0.261866
vt 0.582753 0.287717
vt 0.590724 0.265602
vt 0.590724 0.283981
vt 0.147830 0.078019
vt 0.147830 0.078672
vt 0.136311 0.078672
vt 0.136311 0.078019
vt 0.156720 0.078019
vt 0.156720 0.078672
vt 0.164786 0.078019
vt 0.164786 0.078672
vt 0.173675 0.078019
vt 0.173675 0.078672
vt 0.185194 0.078019
vt 0.185194 0.078672
vt 0.413671 0.260909
vt 0.414324 0.260909
vt 0.414324 0.262842
vt 0.413671 0.262842
vt 0.929829 0.389125
vt 0.930482 0.389125
vt 0.930482 0.400644
vt 0.929829 0.400644
vt 0.929829 0.380236
vt 0.930482 0.380236
vt 0.929829 0.372170
vt 0.930482 0.372170
vt 0.929829 0.363280
vt 0.930482 0.363280
vt 0.929829 0.351762
vt 0.930482 0.351762
vt 0.373818 0.262842
vt 0.373165 0.262842
vt 0.373165 0.260909
vt 0.373818 0.260909
vt 0.446970 0.271065
vt 0.446970 0.252686
vt 0.455132 0.260909
vt 0.455132 0.262842
vt 0.438808 0.274801
vt 0.438808 0.248950
vt 0.430647 0.274801
vt 0.430647 0.248950
vt 0.422485 0.271065
vt 0.422485 0.252686
vt 0.381788 0.252686
vt 0.381788 0.271065
vt 0.389759 0.248950
vt 0.389759 0.274801
vt 0.397730 0.248950
vt 0.397730 0.274801
vt 0.405700 0.252686
vt 0.405700 0.271065
vt 0.895255 0.194663
vt 0.895908 0.194663
vt 0.895908 0.206182
vt 0.895255 0.206182
vt 0.895255 0.185774
vt 0.895908 0.185774
vt 0.895255 0.177708
vt 0.895908 0.177708
vt 0.895255 0.168818
vt 0.895908 0.168818
vt 0.895255 0.157300
vt 0.895908 0.157300
vt 0.326075 0.379472
vt 0.326075 0.378819
vt 0.328009 0.378819
vt 0.328009 0.379472
vt 0.914312 0.628143
vt 0.914965 0.628143
vt 0.914965 0.639662
vt 0.914312 0.639662
vt 0.914312 0.619253
vt 0.914965 0.619253
vt 0.914312 0.611187
vt 0.914965 0.611187
vt 0.914312 0.602298
vt 0.914965 0.602298
vt 0.914312 0.590779
vt 0.914965 0.590779
vt 0.328009 0.419325
vt 0.328009 0.419978
vt 0.326075 0.419978
vt 0.326075 0.419325
vt 0.336232 0.428139
vt 0.317852 0.428139
vt 0.339968 0.436301
vt 0.314116 0.436301
vt 0.339968 0.444462
vt 0.314116 0.444462
vt 0.336232 0.452624
vt 0.317852 0.452624
vt 0.328009 0.460786
vt 0.326075 0.460786
vt 0.317852 0.411354
vt 0.336232 0.411354
vt 0.314116 0.403384
vt 0.339968 0.403384
vt 0.314116 0.395413
vt 0.339968 0.395413
vt 0.317852 0.387442
vt 0.336232 0.387442
vt 0.952878 0.329371
vt 0.953531 0.329371
vt 0.953531 0.340890
vt 0.952878 0.340890
vt 0.952878 0.320482
vt 0.953531 0.320482
vt 0.952878 0.312415
vt 0.953531 0.312415
vt 0.952878 0.303526
vt 0.953531 0.303526
vt 0.952878 0.292007
vt 0.953531 0.292007
vt 0.720551 0.497294
vt 0.720551 0.497947
vt 0.718617 0.497947
vt 0.718617 0.497294
vt 0.013331 0.049366
vt 0.013331 0.050019
vt 0.001812 0.050019
vt 0.001812 0.049366
vt 0.022220 0.049366
vt 0.022220 0.050019
vt 0.030286 0.049366
vt 0.030286 0.050019
vt 0.039176 0.049366
vt 0.039176 0.050019
vt 0.050695 0.049366
vt 0.050695 0.050019
vt 0.718617 0.539408
vt 0.718617 0.538755
vt 0.720551 0.538755
vt 0.720551 0.539408
vt 0.710395 0.530594
vt 0.728774 0.530594
vt 0.706658 0.522432
vt 0.732510 0.522432
vt 0.706658 0.514271
vt 0.732510 0.514271
vt 0.710395 0.506109
vt 0.728774 0.506109
vt 0.728774 0.547379
vt 0.710395 0.547379
vt 0.732510 0.555349
vt 0.706658 0.555349
vt 0.732510 0.563320
vt 0.706658 0.563320
vt 0.728774 0.571290
vt 0.710395 0.571290
vt 0.720551 0.579261
vt 0.718617 0.579261
vt 0.192594 0.042688
vt 0.192594 0.043340
vt 0.181075 0.043340
vt 0.181075 0.042688
vt 0.201483 0.042688
vt 0.201483 0.043340
vt 0.209549 0.042688
vt 0.209549 0.043340
vt 0.218439 0.042688
vt 0.218439 0.043340
vt 0.229958 0.042688
vt 0.229958 0.043340
vt 0.136111 0.306267
vt 0.135458 0.306267
vt 0.135458 0.304334
vt 0.136111 0.304334
vt 0.883731 0.314172
vt 0.884383 0.314172
vt 0.884383 0.325691
vt 0.883731 0.325691
vt 0.883731 0.305283
vt 0.884383 0.305283
vt 0.883731 0.297217
vt 0.884383 0.297217
vt 0.883731 0.288327
vt 0.884383 0.288327
vt 0.883731 0.276808
vt 0.884383 0.276808
vt 0.175964 0.304334
vt 0.176617 0.304334
vt 0.176617 0.306267
vt 0.175964 0.306267
vt 0.102812 0.296111
vt 0.102812 0.314490
vt 0.094650 0.306267
vt 0.094650 0.304334
vt 0.110973 0.292374
vt 0.110973 0.318226
vt 0.119135 0.292374
vt 0.119135 0.318226
vt 0.127297 0.296111
vt 0.127297 0.314490
vt 0.167993 0.314490
vt 0.167993 0.296111
vt 0.160023 0.318226
vt 0.160023 0.292374
vt 0.152052 0.318226
vt 0.152052 0.292374
vt 0.144082 0.314490
vt 0.144082 0.296111
vt 0.274715 0.600029
vt 0.239821 0.523622
vt 0.310484 0.569035
vt 0.227866 0.606765
vt 0.184813 0.587103
vt 0.159225 0.547287
vt 0.159225 0.499957
vt 0.184813 0.460140
vt 0.227866 0.440479
vt 0.274715 0.447214
vt 0.310484 0.478209
vt 0.323819 0.523622
vt 0.120895 0.548556
vt 0.116078 0.548556
vt 0.116078 0.516439
vt 0.120895 0.516439
vt 0.114436 0.548556
vt 0.114436 0.516439
vt 0.112793 0.548556
vt 0.112793 0.516439
vt 0.090262 0.548556
vt 0.090262 0.516439
vt 0.088620 0.548556
vt 0.088620 0.516439
vt 0.086977 0.548556
vt 0.086977 0.516439
vt 0.082161 0.548556
vt 0.082161 0.516439
vt 0.080518 0.548556
vt 0.080518 0.516439
vt 0.148353 0.548556
vt 0.146711 0.548556
vt 0.146711 0.516439
vt 0.148353 0.516439
vt 0.124180 0.548556
vt 0.124180 0.516439
vt 0.122537 0.548556
vt 0.122537 0.516439
vt 0.120895 0.580673
vt 0.116078 0.580673
vt 0.114436 0.580673
vt 0.112793 0.580673
vt 0.090262 0.580673
vt 0.088620 0.580673
vt 0.086977 0.580673
vt 0.082161 0.580673
vt 0.080518 0.580673
vt 0.148353 0.580673
vt 0.146711 0.580673
vt 0.124180 0.580673
vt 0.122537 0.580673
vt 0.120895 0.612789
vt 0.116078 0.612789
vt 0.114436 0.612789
vt 0.112793 0.612789
vt 0.090262 0.612789
vt 0.088620 0.612789
vt 0.086977 0.612789
vt 0.082161 0.612789
vt 0.080518 0.612789
vt 0.148353 0.612789
vt 0.146711 0.612789
vt 0.124180 0.612789
vt 0.122537 0.612789
vt 0.120895 0.644906
vt 0.116078 0.644906
vt 0.114436 0.644906
vt 0.112793 0.644906
vt 0.090262 0.644906
vt 0.088620 0.644906
vt 0.086977 0.644906
vt 0.082161 0.644906
vt 0.080518 0.644906
vt 0.148353 0.644906
vt 0.146711 0.644906
vt 0.124180 0.644906
vt 0.122537 0.644906
vt 0.120895 0.677022
vt 0.116078 0.677022
vt 0.114436 0.677022
vt 0.112793 0.677022
vt 0.090262 0.677022
vt 0.088620 0.677022
vt 0.086977 0.677022
vt 0.082161 0.677022
vt 0.080518 0.677022
vt 0.148353 0.677022
vt 0.146711 0.677022
vt 0.124180 0.677022
vt 0.122537 0.677022
vt 0.120895 0.709139
vt 0.116078 0.709139
vt 0.114436 0.709139
vt 0.112793 0.709139
vt 0.090262 0.709139
vt 0.088620 0.709139
vt 0.086977 0.709139
vt 0.082161 0.709139
vt 0.080518 0.709139
vt 0.148353 0.709139
vt 0.146711 0.709139
vt 0.124180 0.709139
vt 0.122537 0.709139
vt 0.120895 0.741255
vt 0.116078 0.741255
vt 0.114436 0.741255
vt 0.112793 0.741255
vt 0.090262 0.741255
vt 0.088620 0.741255
vt 0.086977 0.741255
vt 0.082161 0.741255
vt 0.080518 0.741255
vt 0.148353 0.741255
vt 0.146711 0.741255
vt 0.124180 0.741255
vt 0.122537 0.741255
vt 0.120895 0.773372
vt 0.116078 0.773372
vt 0.114436 0.773372
vt 0.112793 0.773372
vt 0.090262 0.773372
vt 0.088620 0.773372
vt 0.086977 0.773372
vt 0.082161 0.773372
vt 0.080518 0.773372
vt 0.148353 0.773372
vt 0.146711 0.773372
vt 0.124180 0.773372
vt 0.122537 0.773372
vt 0.120895 0.805489
vt 0.116078 0.805489
vt 0.114436 0.805489
vt 0.112793 0.805489
vt 0.090262 0.805489
vt 0.088620 0.805489
vt 0.086977 0.805489
vt 0.082161 0.805489
vt 0.080518 0.805489
vt 0.148353 0.805489
vt 0.146711 0.805489
vt 0.124180 0.805489
vt 0.122537 0.805489
vt 0.120895 0.837605
vt 0.116078 0.837605
vt 0.114436 0.837605
vt 0.112793 0.837605
vt 0.090262 0.837605
vt 0.088620 0.837605
vt 0.086977 0.837605
vt 0.082161 0.837605
vt 0.080518 0.837605
vt 0.148353 0.837605
vt 0.146711 0.837605
vt 0.124180 0.837605
vt 0.122537 0.837605
vt 0.120895 0.869722
vt 0.116078 0.869722
vt 0.114436 0.869722
vt 0.112793 0.869722
vt 0.090262 0.869722
vt 0.088620 0.869722
vt 0.086977 0.869722
vt 0.082161 0.869722
vt 0.080518 0.869722
vt 0.148353 0.869722
vt 0.146711 0.869722
vt 0.124180 0.869722
vt 0.122537 0.869722
vt 0.120895 0.901838
vt 0.116078 0.901838
vt 0.114436 0.901838
vt 0.112793 0.901838
vt 0.090262 0.901838
vt 0.088620 0.901838
vt 0.086977 0.901838
vt 0.082161 0.901838
vt 0.080518 0.901838
vt 0.148353 0.901838
vt 0.146711 0.901838
vt 0.124180 0.901838
vt 0.122537 0.901838
vt 0.120895 0.933955
vt 0.116078 0.933955
vt 0.114436 0.933955
vt 0.112793 0.933955
vt 0.090262 0.933955
vt 0.088620 0.933955
vt 0.086977 0.933955
vt 0.082161 0.933955
vt 0.080518 0.933955
vt 0.148353 0.933955
vt 0.146711 0.933955
vt 0.124180 0.933955
vt 0.122537 0.933955
vt 0.120895 0.966071
vt 0.116078 0.966071
vt 0.114436 0.966071
vt 0.112793 0.966071
vt 0.090262 0.966071
vt 0.088620 0.966071
vt 0.086977 0.966071
vt 0.082161 0.966071
vt 0.080518 0.966071
vt 0.148353 0.966071
vt 0.146711 0.966071
vt 0.124180 0.966071
vt 0.122537 0.966071
vt 0.120895 0.998188
vt 0.116078 0.998188
vt 0.114436 0.998188
vt 0.112793 0.998188
vt 0.090262 0.998188
vt 0.088620 0.998188
vt 0.086977 0.998188
vt 0.082161 0.998188
vt 0.080518 0.998188
vt 0.148353 0.998188
vt 0.146711 0.998188
vt 0.124180 0.998188
vt 0.122537 0.998188
vt 0.120895 0.387973
vt 0.116078 0.387973
vt 0.116078 0.355856
vt 0.120895 0.355856
vt 0.114436 0.387973
vt 0.114436 0.355856
vt 0.112793 0.387973
vt 0.112793 0.355856
vt 0.090262 0.387973
vt 0.090262 0.355856
vt 0.088620 0.387973
vt 0.088620 0.355856
vt 0.086977 0.387973
vt 0.086977 0.355856
vt 0.082161 0.387973
vt 0.082161 0.355856
vt 0.080518 0.387973
vt 0.080518 0.355856
vt 0.148353 0.387973
vt 0.146711 0.387973
vt 0.146711 0.355856
vt 0.148353 0.355856
vt 0.124180 0.387973
vt 0.124180 0.355856
vt 0.122537 0.387973
vt 0.122537 0.355856
vt 0.120895 0.420090
vt 0.116078 0.420090
vt 0.114436 0.420090
vt 0.112793 0.420090
vt 0.090262 0.420090
vt 0.088620 0.420090
vt 0.086977 0.420090
vt 0.082161 0.420090
vt 0.080518 0.420090
vt 0.148353 0.420090
vt 0.146711 0.420090
vt 0.124180 0.420090
vt 0.122537 0.420090
vt 0.120895 0.452206
vt 0.116078 0.452206
vt 0.114436 0.452206
vt 0.112793 0.452206
vt 0.090262 0.452206
vt 0.088620 0.452206
vt 0.086977 0.452206
vt 0.082161 0.452206
vt 0.080518 0.452206
vt 0.148353 0.452206
vt 0.146711 0.452206
vt 0.124180 0.452206
vt 0.122537 0.452206
vt 0.120895 0.484323
vt 0.116078 0.484323
vt 0.114436 0.484323
vt 0.112793 0.484323
vt 0.090262 0.484323
vt 0.088620 0.484323
vt 0.086977 0.484323
vt 0.082161 0.484323
vt 0.080518 0.484323
vt 0.148353 0.484323
vt 0.146711 0.484323
vt 0.124180 0.484323
vt 0.122537 0.484323
vt 0.068004 0.548556
vt 0.063188 0.548556
vt 0.063188 0.516439
vt 0.068004 0.516439
vt 0.061545 0.548556
vt 0.061545 0.516439
vt 0.059903 0.548556
vt 0.059903 0.516439
vt 0.037372 0.548556
vt 0.037372 0.516439
vt 0.035729 0.548556
vt 0.035729 0.516439
vt 0.034087 0.548556
vt 0.034087 0.516439
vt 0.029270 0.548556
vt 0.029270 0.516439
vt 0.027628 0.548556
vt 0.027628 0.516439
vt 0.025986 0.548556
vt 0.025986 0.516439
vt 0.003454 0.548556
vt 0.003454 0.516439
vt 0.001812 0.548556
vt 0.001812 0.516439
vt 0.069647 0.548556
vt 0.069647 0.516439
vt 0.068004 0.580673
vt 0.063188 0.580673
vt 0.061545 0.580673
vt 0.059903 0.580673
vt 0.037372 0.580673
vt 0.035729 0.580673
vt 0.034087 0.580673
vt 0.029270 0.580673
vt 0.027628 0.580673
vt 0.025986 0.580673
vt 0.003454 0.580673
vt 0.001812 0.580673
vt 0.069647 0.580673
vt 0.068004 0.612789
vt 0.063188 0.612789
vt 0.061545 0.612789
vt 0.059903 0.612789
vt 0.037372 0.612789
vt 0.035729 0.612789
vt 0.034087 0.612789
vt 0.029270 0.612789
vt 0.027628 0.612789
vt 0.025986 0.612789
vt 0.003454 0.612789
vt 0.001812 0.612789
vt 0.069647 0.612789
vt 0.068004 0.644906
vt 0.063188 0.644906
vt 0.061545 0.644906
vt 0.059903 0.644906
vt 0.037372 0.644906
vt 0.035729 0.644906
vt 0.034087 0.644906
vt 0.029270 0.644906
vt 0.027628 0.644906
vt 0.025986 0.644906
vt 0.003454 0.644906
vt 0.001812 0.644906
vt 0.069647 0.644906
vt 0.068004 0.677022
vt 0.063188 0.677022
vt 0.061545 0.677022
vt 0.059903 0.677022
vt 0.037372 0.677022
vt 0.035729 0.677022
vt 0.034087 0.677022
vt 0.029270 0.677022
vt 0.027628 0.677022
vt 0.025986 0.677022
vt 0.003454 0.677022
vt 0.001812 0.677022
vt 0.069647 0.677022
vt 0.068004 0.709139
vt 0.063188 0.709139
vt 0.061545 0.709139
vt 0.059903 0.709139
vt 0.037372 0.709139
vt 0.035729 0.709139
vt 0.034087 0.709139
vt 0.029270 0.709139
vt 0.027628 0.709139
vt 0.025986 0.709139
vt 0.003454 0.709139
vt 0.001812 0.709139
vt 0.069647 0.709139
vt 0.068004 0.741255
vt 0.063188 0.741255
vt 0.061545 0.741255
vt 0.059903 0.741255
vt 0.037372 0.741255
vt 0.035729 0.741255
vt 0.034087 0.741255
vt 0.029270 0.741255
vt 0.027628 0.741255
vt 0.025986 0.741255
vt 0.003454 0.741255
vt 0.001812 0.741255
vt 0.069647 0.741255
vt 0.068004 0.773372
vt 0.063188 0.773372
vt 0.061545 0.773372
vt 0.059903 0.773372
vt 0.037372 0.773372
vt 0.035729 0.773372
vt 0.034087 0.773372
vt 0.029270 0.773372
vt 0.027628 0.773372
vt 0.025986 0.773372
vt 0.003454 0.773372
vt 0.001812 0.773372
vt 0.069647 0.773372
vt 0.068004 0.805489
vt 0.063188 0.805489
vt 0.061545 0.805489
vt 0.059903 0.805489
vt 0.037372 0.805489
vt 0.035729 0.805489
vt 0.034087 0.805489
vt 0.029270 0.805489
vt 0.027628 0.805489
vt 0.025986 0.805489
vt 0.003454 0.805489
vt 0.001812 0.805489
vt 0.069647 0.805489
vt 0.068004 0.837605
vt 0.063188 0.837605
vt 0.061545 0.837605
vt 0.059903 0.837605
vt 0.037372 0.837605
vt 0.035729 0.837605
vt 0.034087 0.837605
vt 0.029270 0.837605
vt 0.027628 0.837605
vt 0.025986 0.837605
vt 0.003454 0.837605
vt 0.001812 0.837605
vt 0.069647 0.837605
vt 0.068004 0.869722
vt 0.063188 0.869722
vt 0.061545 0.869722
vt 0.059903 0.869722
vt 0.037372 0.869722
vt 0.035729 0.869722
vt 0.034087 0.869722
vt 0.029270 0.869722
vt 0.027628 0.869722
vt 0.025986 0.869722
vt 0.003454 0.869722
vt 0.001812 0.869722
vt 0.069647 0.869722
vt 0.068004 0.901838
vt 0.063188 0.901838
vt 0.061545 0.901838
vt 0.059903 0.901838
vt 0.037372 0.901838
vt 0.035729 0.901838
vt 0.034087 0.901838
vt 0.029270 0.901838
vt 0.027628 0.901838
vt 0.025986 0.901838
vt 0.003454 0.901838
vt 0.001812 0.901838
vt 0.069647 0.901838
vt 0.068004 0.933955
vt 0.063188 0.933955
vt 0.061545 0.933955
vt 0.059903 0.933955
vt 0.037372 0.933955
vt 0.035729 0.933955
vt 0.034087 0.933955
vt 0.029270 0.933955
vt 0.027628 0.933955
vt 0.025986 0.933955
vt 0.003454 0.933955
vt 0.001812 0.933955
vt 0.069647 0.933955
vt 0.068004 0.966071
vt 0.063188 0.966071
vt 0.061545 0.966071
vt 0.059903 0.966071
vt 0.037372 0.966071
vt 0.035729 0.966071
vt 0.034087 0.966071
vt 0.029270 0.966071
vt 0.027628 0.966071
vt 0.025986 0.966071
vt 0.003454 0.966071
vt 0.001812 0.966071
vt 0.069647 0.966071
vt 0.068004 0.998188
vt 0.063188 0.998188
vt 0.061545 0.998188
vt 0.059903 0.998188
vt 0.037372 0.998188
vt 0.035729 0.998188
vt 0.034087 0.998188
vt 0.029270 0.998188
vt 0.027628 0.998188
vt 0.025986 0.998188
vt 0.003454 0.998188
vt 0.001812 0.998188
vt 0.069647 0.998188
vt 0.068004 0.387973
vt 0.063188 0.387973
vt 0.063188 0.355856
vt 0.068004 0.355856
vt 0.061545 0.387973
vt 0.061545 0.355856
vt 0.059903 0.387973
vt 0.059903 0.355856
vt 0.037372 0.387973
vt 0.037372 0.355856
vt 0.035729 0.387973
vt 0.035729 0.355856
vt 0.034087 0.387973
vt 0.034087 0.355856
vt 0.029270 0.387973
vt 0.029270 0.355856
vt 0.027628 0.387973
vt 0.027628 0.355856
vt 0.025986 0.387973
vt 0.025986 0.355856
vt 0.003454 0.387973
vt 0.003454 0.355856
vt 0.001812 0.387973
vt 0.001812 0.355856
vt 0.069647 0.387973
vt 0.069647 0.355856
vt 0.068004 0.420090
vt 0.063188 0.420090
vt 0.061545 0.420090
vt 0.059903 0.420090
vt 0.037372 0.420090
vt 0.035729 0.420090
vt 0.034087 0.420090
vt 0.029270 0.420090
vt 0.027628 0.420090
vt 0.025986 0.420090
vt 0.003454 0.420090
vt 0.001812 0.420090
vt 0.069647 0.420090
vt 0.068004 0.452206
vt 0.063188 0.452206
vt 0.061545 0.452206
vt 0.059903 0.452206
vt 0.037372 0.452206
vt 0.035729 0.452206
vt 0.034087 0.452206
vt 0.029270 0.452206
vt 0.027628 0.452206
vt 0.025986 0.452206
vt 0.003454 0.452206
vt 0.001812 0.452206
vt 0.069647 0.452206
vt 0.068004 0.484323
vt 0.063188 0.484323
vt 0.061545 0.484323
vt 0.059903 0.484323
vt 0.037372 0.484323
vt 0.035729 0.484323
vt 0.034087 0.484323
vt 0.029270 0.484323
vt 0.027628 0.484323
vt 0.025986 0.484323
vt 0.003454 0.484323
vt 0.001812 0.484323
vt 0.069647 0.484323
vt 0.375358 0.603903
vt 0.373766 0.603903
vt 0.373766 0.547577
vt 0.375358 0.547577
vt 0.372175 0.603903
vt 0.372175 0.547577
vt 0.359066 0.603903
vt 0.359066 0.547577
vt 0.357474 0.603903
vt 0.357474 0.547577
vt 0.355882 0.603903
vt 0.355882 0.547577
vt 0.372175 0.491250
vt 0.359066 0.491250
vt 0.359066 0.434924
vt 0.372175 0.434924
vt 0.375358 0.660230
vt 0.373766 0.660230
vt 0.372175 0.660230
vt 0.359066 0.660230
vt 0.357474 0.660230
vt 0.355882 0.660230
vt 0.355882 0.491250
vt 0.357474 0.491250
vt 0.373766 0.491250
vt 0.373766 0.434924
vt 0.375358 0.716556
vt 0.373766 0.716556
vt 0.372175 0.716556
vt 0.359066 0.716556
vt 0.357474 0.716556
vt 0.355882 0.716556
vt 0.375358 0.491250
vt 0.375358 0.434924
vt 0.375358 0.772882
vt 0.373766 0.772882
vt 0.372175 0.772882
vt 0.359066 0.772882
vt 0.357474 0.772882
vt 0.355882 0.772882
vt 0.357474 0.434924
vt 0.375358 0.829209
vt 0.373766 0.829209
vt 0.372175 0.829209
vt 0.359066 0.829209
vt 0.357474 0.829209
vt 0.355882 0.829209
vt 0.355882 0.434924
vt 0.355882 0.378597
vt 0.357474 0.378597
vt 0.375358 0.885535
vt 0.373766 0.885535
vt 0.372175 0.885535
vt 0.359066 0.885535
vt 0.357474 0.885535
vt 0.355882 0.885535
vt 0.359066 0.378597
vt 0.375358 0.941862
vt 0.373766 0.941862
vt 0.372175 0.941862
vt 0.359066 0.941862
vt 0.357474 0.941862
vt 0.355882 0.941862
vt 0.372175 0.378597
vt 0.373766 0.378597
vt 0.375358 0.998188
vt 0.373766 0.998188
vt 0.372175 0.998188
vt 0.359066 0.998188
vt 0.357474 0.998188
vt 0.355882 0.998188
vt 0.375358 0.378597
vt 0.434994 0.552926
vt 0.437043 0.551737
vt 0.444164 0.558482
vt 0.442213 0.560423
vt 0.438184 0.550199
vt 0.445503 0.556987
vt 0.438231 0.443549
vt 0.445700 0.436420
vt 0.437204 0.441979
vt 0.444371 0.434592
vt 0.435160 0.440471
vt 0.442372 0.432440
vt 0.435727 0.550948
vt 0.436115 0.549596
vt 0.436094 0.444124
vt 0.435810 0.442665
vt 0.434385 0.550859
vt 0.434211 0.549368
vt 0.434211 0.444120
vt 0.434377 0.442621
vt 0.399249 0.552987
vt 0.400056 0.550860
vt 0.400227 0.549368
vt 0.400227 0.444120
vt 0.400035 0.442633
vt 0.399359 0.440562
vt 0.398635 0.550812
vt 0.398356 0.549367
vt 0.398340 0.443914
vt 0.398700 0.442571
vt 0.397266 0.551483
vt 0.396259 0.549956
vt 0.396302 0.443333
vt 0.397402 0.441836
vt 0.392396 0.560584
vt 0.390312 0.558532
vt 0.389009 0.556762
vt 0.389277 0.436737
vt 0.390595 0.435281
vt 0.392540 0.433397
vt 0.388836 0.560645
vt 0.386230 0.558852
vt 0.386577 0.435512
vt 0.389080 0.433067
vt 0.390456 0.563516
vt 0.701646 0.998128
vt 0.701482 0.995871
vt 0.704014 0.996384
vt 0.703416 0.998188
vt 0.701482 0.870898
vt 0.704014 0.870430
vt 0.701652 0.868764
vt 0.703418 0.868657
vt 0.391172 0.430346
vt 0.443603 0.563505
vt 0.660949 0.998127
vt 0.661129 0.995871
vt 0.661129 0.870898
vt 0.660943 0.868772
vt 0.444325 0.429497
vt 0.445719 0.560727
vt 0.659166 0.998179
vt 0.658548 0.996346
vt 0.658546 0.870458
vt 0.659169 0.868648
vt 0.445932 0.432463
vt 0.448245 0.558231
vt 0.448528 0.434324
vt 0.342550 0.635286
vt 0.342553 0.637729
vt 0.333559 0.637729
vt 0.333558 0.635286
vt 0.687872 0.175144
vt 0.686028 0.175076
vt 0.686026 0.166394
vt 0.687872 0.166298
vt 0.560688 0.175076
vt 0.560686 0.166394
vt 0.558842 0.175172
vt 0.558842 0.166326
vt 0.391627 0.404453
vt 0.391441 0.402084
vt 0.400092 0.401235
vt 0.400453 0.403798
vt 0.344238 0.637040
vt 0.687872 0.176927
vt 0.686006 0.177547
vt 0.560711 0.177547
vt 0.558842 0.176962
vt 0.389931 0.403902
vt 0.345010 0.635286
vt 0.587688 0.839974
vt 0.586489 0.835790
vt 0.589534 0.838877
vt 0.589029 0.839752
vt 0.586489 0.718169
vt 0.589489 0.715058
vt 0.587459 0.714420
vt 0.588889 0.714247
vt 0.389056 0.402266
vt 0.547277 0.839723
vt 0.547553 0.839653
vt 0.586482 0.840006
vt 0.548510 0.835790
vt 0.548510 0.718169
vt 0.547472 0.714177
vt 0.386230 0.361639
vt 0.388593 0.361354
vt 0.546191 0.839289
vt 0.545742 0.838340
vt 0.545590 0.714784
vt 0.545961 0.713677
vt 0.386742 0.359940
vt 0.544644 0.839851
vt 0.543923 0.838536
vt 0.543586 0.714719
vt 0.544411 0.713546
vt 0.388290 0.359120
vt 0.538985 0.846801
vt 0.537945 0.844625
vt 0.536878 0.843151
vt 0.535399 0.717064
vt 0.563193 0.302307
vt 0.564640 0.303154
vt 0.560364 0.310342
vt 0.558842 0.309496
vt 0.566951 0.303349
vt 0.565281 0.311525
vt 0.536381 0.845668
vt 0.534713 0.844237
vt 0.533204 0.718541
vt 0.564443 0.300164
vt 0.565734 0.301649
vt 0.536088 0.846865
vt 0.880137 0.098000
vt 0.879224 0.101846
vt 0.876058 0.100133
vt 0.878279 0.097545
vt 0.533610 0.846277
vt 0.530803 0.718827
vt 0.566708 0.299070
vt 0.566924 0.300842
vt 0.303829 0.617086
vt 0.303829 0.614653
vt 0.345010 0.614653
vt 0.345010 0.617086
vt 0.303829 0.612752
vt 0.345010 0.612752
vt 0.529364 0.401081
vt 0.404238 0.400832
vt 0.401642 0.360783
vt 0.529150 0.360060
vt 0.402323 0.401130
vt 0.399780 0.360549
vt 0.397441 0.361266
vt 0.531487 0.403248
vt 0.531684 0.401464
vt 0.533668 0.402347
vt 0.529693 0.403574
vt 0.403765 0.403497
vt 0.402002 0.402776
vt 0.532744 0.404516
vt 0.686003 0.163923
vt 0.687872 0.164508
vt 0.560708 0.163923
vt 0.558842 0.164544
vt 0.585703 0.849770
vt 0.579631 0.989309
vt 0.582208 0.989091
vt 0.589355 0.995142
vt 0.587253 0.998188
vt 0.583346 0.988323
vt 0.591335 0.993553
vt 0.583354 0.871224
vt 0.590703 0.865402
vt 0.582450 0.870447
vt 0.588420 0.863683
vt 0.579820 0.869866
vt 0.586920 0.860642
vt 0.580899 0.988222
vt 0.581255 0.988006
vt 0.581189 0.871466
vt 0.580974 0.871174
vt 0.579701 0.988102
vt 0.578858 0.985451
vt 0.578858 0.873779
vt 0.579780 0.871531
vt 0.541822 0.989351
vt 0.541938 0.988077
vt 0.542800 0.985451
vt 0.542800 0.873779
vt 0.541915 0.871560
vt 0.541928 0.869901
vt 0.540708 0.988035
vt 0.540329 0.987753
vt 0.540279 0.871269
vt 0.540768 0.871058
vt 0.539346 0.988747
vt 0.538353 0.988027
vt 0.538366 0.870968
vt 0.539373 0.870261
vt 0.535062 0.997975
vt 0.532858 0.995315
vt 0.530944 0.993640
vt 0.530803 0.865855
vt 0.533045 0.864357
vt 0.534641 0.861560
vt 0.646703 0.848065
vt 0.648114 0.848810
vt 0.645498 0.849770
vt 0.647081 0.846534
vt 0.649233 0.846545
vt 0.647101 0.721362
vt 0.649292 0.721130
vt 0.646684 0.719872
vt 0.648062 0.719080
vt 0.645498 0.718087
vt 0.644998 0.848133
vt 0.644424 0.844292
vt 0.644424 0.723321
vt 0.644995 0.719894
vt 0.604220 0.849741
vt 0.604744 0.848108
vt 0.605363 0.844292
vt 0.605363 0.723321
vt 0.604681 0.719922
vt 0.604221 0.718056
vt 0.602999 0.847995
vt 0.602518 0.846294
vt 0.602524 0.721409
vt 0.602985 0.719777
vt 0.601631 0.848740
vt 0.600405 0.846649
vt 0.600464 0.721231
vt 0.601564 0.719083
vt 0.434994 0.987598
vt 0.437043 0.986409
vt 0.444164 0.993154
vt 0.442213 0.995095
vt 0.438184 0.984871
vt 0.445503 0.991659
vt 0.438231 0.878221
vt 0.445700 0.871091
vt 0.437204 0.876651
vt 0.444371 0.869264
vt 0.435160 0.875142
vt 0.442372 0.867112
vt 0.435727 0.985619
vt 0.436115 0.984268
vt 0.436094 0.878795
vt 0.435810 0.877337
vt 0.434385 0.985530
vt 0.434211 0.984040
vt 0.434211 0.878791
vt 0.434377 0.877293
vt 0.399249 0.987658
vt 0.400056 0.985532
vt 0.400227 0.984040
vt 0.400227 0.878791
vt 0.400035 0.877304
vt 0.399359 0.875234
vt 0.398635 0.985483
vt 0.398356 0.984038
vt 0.398340 0.878586
vt 0.398700 0.877243
vt 0.397266 0.986155
vt 0.396259 0.984628
vt 0.396302 0.878005
vt 0.397402 0.876508
vt 0.392396 0.995256
vt 0.390312 0.993204
vt 0.389009 0.991434
vt 0.389277 0.871409
vt 0.390595 0.869952
vt 0.392540 0.868069
vt 0.388836 0.995317
vt 0.386230 0.993524
vt 0.386577 0.870184
vt 0.389080 0.867739
vt 0.390456 0.998188
vt 0.645306 0.998128
vt 0.645142 0.995871
vt 0.647675 0.996384
vt 0.647076 0.998188
vt 0.645142 0.870898
vt 0.647675 0.870430
vt 0.645312 0.868764
vt 0.647079 0.868657
vt 0.391172 0.865017
vt 0.443603 0.998177
vt 0.604609 0.998127
vt 0.604789 0.995871
vt 0.604789 0.870898
vt 0.604604 0.868772
vt 0.444325 0.864169
vt 0.445719 0.995399
vt 0.602827 0.998179
vt 0.602208 0.996346
vt 0.602207 0.870458
vt 0.602829 0.868648
vt 0.445932 0.867135
vt 0.448245 0.992903
vt 0.448528 0.868996
vt 0.508227 0.989309
vt 0.510804 0.989091
vt 0.517951 0.995142
vt 0.515850 0.998188
vt 0.511942 0.988323
vt 0.519931 0.993553
vt 0.511950 0.871224
vt 0.519300 0.865402
vt 0.511047 0.870447
vt 0.517017 0.863683
vt 0.508416 0.869866
vt 0.515516 0.860642
vt 0.509495 0.988222
vt 0.509851 0.988006
vt 0.509785 0.871466
vt 0.509570 0.871174
vt 0.508297 0.988102
vt 0.507454 0.985451
vt 0.507454 0.873779
vt 0.508377 0.871531
vt 0.470418 0.989351
vt 0.470535 0.988077
vt 0.471397 0.985451
vt 0.471397 0.873779
vt 0.470511 0.871560
vt 0.470524 0.869901
vt 0.469304 0.988035
vt 0.468925 0.987753
vt 0.468876 0.871269
vt 0.469364 0.871058
vt 0.467942 0.988747
vt 0.466949 0.988027
vt 0.466963 0.870968
vt 0.467969 0.870261
vt 0.463659 0.997975
vt 0.461454 0.995315
vt 0.459540 0.993640
vt 0.459399 0.865855
vt 0.461642 0.864357
vt 0.463237 0.861560
vt 0.636859 0.558383
vt 0.638269 0.559129
vt 0.635653 0.560089
vt 0.637237 0.556853
vt 0.639388 0.556864
vt 0.637257 0.431681
vt 0.639447 0.431448
vt 0.636840 0.430191
vt 0.638218 0.429399
vt 0.635653 0.428406
vt 0.635154 0.558451
vt 0.634580 0.554611
vt 0.634580 0.433639
vt 0.635150 0.430213
vt 0.594376 0.560060
vt 0.594900 0.558427
vt 0.595519 0.554611
vt 0.595519 0.433639
vt 0.594837 0.430240
vt 0.594377 0.428375
vt 0.593155 0.558314
vt 0.592673 0.556613
vt 0.592680 0.431728
vt 0.593140 0.430096
vt 0.591787 0.559058
vt 0.590561 0.556968
vt 0.590620 0.431550
vt 0.591719 0.429402
vt 0.285602 0.379678
vt 0.284384 0.377580
vt 0.291290 0.370289
vt 0.293278 0.372286
vt 0.282810 0.376412
vt 0.289760 0.368918
vt 0.173612 0.376364
vt 0.166313 0.368717
vt 0.172005 0.377416
vt 0.164441 0.370078
vt 0.170460 0.379508
vt 0.162238 0.372124
vt 0.283576 0.378928
vt 0.282192 0.378531
vt 0.174200 0.378552
vt 0.172707 0.378842
vt 0.283485 0.380301
vt 0.281959 0.380480
vt 0.174196 0.380480
vt 0.172662 0.380310
vt 0.285664 0.416277
vt 0.283487 0.415451
vt 0.281959 0.415276
vt 0.174196 0.415276
vt 0.172674 0.415472
vt 0.170554 0.416164
vt 0.283437 0.416905
vt 0.281957 0.417191
vt 0.173986 0.417208
vt 0.172611 0.416839
vt 0.284124 0.418308
vt 0.282561 0.419338
vt 0.173391 0.419294
vt 0.171858 0.418168
vt 0.293443 0.423294
vt 0.291342 0.425427
vt 0.289529 0.426761
vt 0.166637 0.426486
vt 0.165146 0.425137
vt 0.163218 0.423146
vt 0.293505 0.426939
vt 0.291669 0.429607
vt 0.165383 0.429252
vt 0.162880 0.426689
vt 0.296445 0.425280
vt 0.693418 0.566712
vt 0.693254 0.564455
vt 0.695787 0.564969
vt 0.695188 0.566773
vt 0.693254 0.439482
vt 0.695787 0.439015
vt 0.693424 0.437349
vt 0.695191 0.437241
vt 0.160093 0.424547
vt 0.296433 0.370864
vt 0.652721 0.566712
vt 0.652901 0.564455
vt 0.652901 0.439482
vt 0.652716 0.437357
vt 0.159225 0.370124
vt 0.293589 0.368697
vt 0.650939 0.566763
vt 0.650320 0.564931
vt 0.650319 0.439042
vt 0.650941 0.437232
vt 0.162262 0.368478
vt 0.291034 0.366111
vt 0.164167 0.365821
vt 0.434994 0.697817
vt 0.437043 0.696628
vt 0.444164 0.703372
vt 0.442213 0.705314
vt 0.438184 0.695090
vt 0.445503 0.701878
vt 0.438231 0.588440
vt 0.445700 0.581310
vt 0.437204 0.586870
vt 0.444371 0.579483
vt 0.435160 0.585361
vt 0.442372 0.577330
vt 0.435727 0.695838
vt 0.436115 0.694487
vt 0.436094 0.589014
vt 0.435810 0.587555
vt 0.434385 0.695749
vt 0.434211 0.694259
vt 0.434211 0.589010
vt 0.434377 0.587512
vt 0.399249 0.697877
vt 0.400056 0.695751
vt 0.400227 0.694259
vt 0.400227 0.589010
vt 0.400035 0.587523
vt 0.399359 0.585453
vt 0.398635 0.695702
vt 0.398356 0.694257
vt 0.398340 0.588804
vt 0.398700 0.587462
vt 0.397266 0.696374
vt 0.396259 0.694847
vt 0.396302 0.588223
vt 0.397402 0.586727
vt 0.392396 0.705475
vt 0.390312 0.703423
vt 0.389009 0.701652
vt 0.389277 0.581628
vt 0.390595 0.580171
vt 0.392540 0.578288
vt 0.388836 0.705536
vt 0.386230 0.703743
vt 0.386577 0.580403
vt 0.389080 0.577958
vt 0.390456 0.708407
vt 0.693418 0.707124
vt 0.693254 0.704867
vt 0.695787 0.705381
vt 0.695188 0.707185
vt 0.693254 0.579894
vt 0.695787 0.579427
vt 0.693424 0.577761
vt 0.695191 0.577654
vt 0.391172 0.575236
vt 0.443603 0.708396
vt 0.652721 0.707124
vt 0.652901 0.704867
vt 0.652901 0.579894
vt 0.652716 0.577769
vt 0.444325 0.574388
vt 0.445719 0.705618
vt 0.650939 0.707175
vt 0.650320 0.705343
vt 0.650319 0.579454
vt 0.650941 0.577644
vt 0.445932 0.577354
vt 0.448245 0.703122
vt 0.448528 0.579214
vt 0.508227 0.692473
vt 0.510804 0.692255
vt 0.517951 0.698306
vt 0.515850 0.701352
vt 0.511942 0.691487
vt 0.519931 0.696717
vt 0.511950 0.574388
vt 0.519300 0.568566
vt 0.511047 0.573611
vt 0.517017 0.566847
vt 0.508416 0.573030
vt 0.515516 0.563806
vt 0.509495 0.691386
vt 0.509851 0.691170
vt 0.509785 0.574630
vt 0.509570 0.574338
vt 0.508297 0.691266
vt 0.507454 0.688615
vt 0.507454 0.576943
vt 0.508377 0.574695
vt 0.470418 0.692515
vt 0.470535 0.691240
vt 0.471397 0.688615
vt 0.471397 0.576943
vt 0.470511 0.574724
vt 0.470524 0.573065
vt 0.469304 0.691199
vt 0.468925 0.690917
vt 0.468876 0.574433
vt 0.469364 0.574222
vt 0.467942 0.691911
vt 0.466949 0.691191
vt 0.466963 0.574133
vt 0.467969 0.573425
vt 0.463659 0.701139
vt 0.461454 0.698479
vt 0.459540 0.696804
vt 0.459399 0.569019
vt 0.461642 0.567521
vt 0.463237 0.564724
vt 0.577101 0.558383
vt 0.578512 0.559129
vt 0.575895 0.560089
vt 0.577479 0.556853
vt 0.579630 0.556864
vt 0.577499 0.431681
vt 0.579689 0.431448
vt 0.577082 0.430191
vt 0.578460 0.429399
vt 0.575896 0.428406
vt 0.575396 0.558451
vt 0.574822 0.554611
vt 0.574822 0.433639
vt 0.575392 0.430213
vt 0.534618 0.560060
vt 0.535142 0.558427
vt 0.535761 0.554611
vt 0.535761 0.433639
vt 0.535079 0.430240
vt 0.534619 0.428375
vt 0.533397 0.558314
vt 0.532915 0.556613
vt 0.532922 0.431728
vt 0.533383 0.430096
vt 0.532029 0.559058
vt 0.530803 0.556968
vt 0.530862 0.431550
vt 0.531961 0.429402
vt 0.434994 0.842707
vt 0.437043 0.841518
vt 0.444164 0.848263
vt 0.442213 0.850205
vt 0.438184 0.839980
vt 0.445503 0.846768
vt 0.438231 0.733330
vt 0.445700 0.726201
vt 0.437204 0.731761
vt 0.444371 0.724373
vt 0.435160 0.730252
vt 0.442372 0.722221
vt 0.435727 0.840729
vt 0.436115 0.839378
vt 0.436094 0.733905
vt 0.435810 0.732446
vt 0.434385 0.840640
vt 0.434211 0.839149
vt 0.434211 0.733901
vt 0.434377 0.732403
vt 0.399249 0.842768
vt 0.400056 0.840641
vt 0.400227 0.839149
vt 0.400227 0.733901
vt 0.400035 0.732414
vt 0.399359 0.730343
vt 0.398635 0.840593
vt 0.398356 0.839148
vt 0.398340 0.733695
vt 0.398700 0.732352
vt 0.397266 0.841264
vt 0.396259 0.839737
vt 0.396302 0.733114
vt 0.397402 0.731617
vt 0.392396 0.850365
vt 0.390312 0.848313
vt 0.389009 0.846543
vt 0.389277 0.726518
vt 0.390595 0.725062
vt 0.392540 0.723179
vt 0.388836 0.850426
vt 0.386230 0.848633
vt 0.386577 0.725293
vt 0.389080 0.722849
vt 0.390456 0.853297
vt 0.674020 0.374404
vt 0.671763 0.374568
vt 0.672277 0.372036
vt 0.674080 0.372634
vt 0.546790 0.374568
vt 0.546322 0.372036
vt 0.544657 0.374398
vt 0.544549 0.372631
vt 0.391172 0.720127
vt 0.443603 0.853286
vt 0.674020 0.415101
vt 0.671763 0.414921
vt 0.546790 0.414921
vt 0.544665 0.415107
vt 0.444325 0.719279
vt 0.445719 0.850508
vt 0.674071 0.416884
vt 0.672239 0.417502
vt 0.546350 0.417504
vt 0.544540 0.416881
vt 0.445932 0.722245
vt 0.448245 0.848012
vt 0.448528 0.724105
vt 0.508227 0.840891
vt 0.510804 0.840673
vt 0.517951 0.846724
vt 0.515850 0.849770
vt 0.511942 0.839905
vt 0.519931 0.845135
vt 0.511950 0.722806
vt 0.519300 0.716984
vt 0.511047 0.722029
vt 0.517017 0.715265
vt 0.508416 0.721448
vt 0.515516 0.712224
vt 0.509495 0.839804
vt 0.509851 0.839588
vt 0.509785 0.723048
vt 0.509570 0.722756
vt 0.508297 0.839684
vt 0.507454 0.837033
vt 0.507454 0.725361
vt 0.508377 0.723113
vt 0.470418 0.840933
vt 0.470535 0.839658
vt 0.471397 0.837033
vt 0.471397 0.725361
vt 0.470511 0.723142
vt 0.470524 0.721483
vt 0.469304 0.839617
vt 0.468925 0.839335
vt 0.468876 0.722851
vt 0.469364 0.722640
vt 0.467942 0.840329
vt 0.466949 0.839609
vt 0.466963 0.722551
vt 0.467969 0.721843
vt 0.463659 0.849557
vt 0.461454 0.846897
vt 0.459540 0.845222
vt 0.459399 0.717437
vt 0.461642 0.715939
vt 0.463237 0.713142
vt 0.577101 0.700969
vt 0.578512 0.701714
vt 0.575895 0.702674
vt 0.577479 0.699438
vt 0.579630 0.699449
vt 0.577499 0.574266
vt 0.579689 0.574034
vt 0.577082 0.572776
vt 0.578460 0.571984
vt 0.575896 0.570991
vt 0.575396 0.701037
vt 0.574822 0.697196
vt 0.574822 0.576225
vt 0.575392 0.572798
vt 0.534618 0.702645
vt 0.535142 0.701012
vt 0.535761 0.697196
vt 0.535761 0.576225
vt 0.535079 0.572826
vt 0.534619 0.570961
vt 0.533397 0.700899
vt 0.532915 0.699198
vt 0.532922 0.574313
vt 0.533383 0.572681
vt 0.532029 0.701644
vt 0.530803 0.699553
vt 0.530862 0.574135
vt 0.531961 0.571987
vt 0.508227 0.544055
vt 0.510804 0.543837
vt 0.517951 0.549888
vt 0.515850 0.552934
vt 0.511942 0.543069
vt 0.519931 0.548299
vt 0.511950 0.425970
vt 0.519300 0.420148
vt 0.511047 0.425193
vt 0.517017 0.418429
vt 0.508416 0.424612
vt 0.515516 0.415388
vt 0.509495 0.542968
vt 0.509851 0.542752
vt 0.509785 0.426212
vt 0.509570 0.425920
vt 0.508297 0.542848
vt 0.507454 0.540197
vt 0.507454 0.428525
vt 0.508377 0.426277
vt 0.470418 0.544097
vt 0.470535 0.542822
vt 0.471397 0.540197
vt 0.471397 0.428525
vt 0.470511 0.426306
vt 0.470524 0.424647
vt 0.469304 0.542781
vt 0.468925 0.542499
vt 0.468876 0.426015
vt 0.469364 0.425804
vt 0.467942 0.543493
vt 0.466949 0.542773
vt 0.466963 0.425714
vt 0.467969 0.425007
vt 0.463659 0.552721
vt 0.461454 0.550061
vt 0.459540 0.548386
vt 0.459399 0.420601
vt 0.461642 0.419103
vt 0.463237 0.416306
vt 0.636859 0.700969
vt 0.638269 0.701714
vt 0.635653 0.702674
vt 0.637237 0.699438
vt 0.639388 0.699449
vt 0.637257 0.574266
vt 0.639447 0.574034
vt 0.636840 0.572776
vt 0.638218 0.571984
vt 0.635653 0.570991
vt 0.635154 0.701037
vt 0.634580 0.697196
vt 0.634580 0.576225
vt 0.635150 0.572798
vt 0.594376 0.702645
vt 0.594900 0.701012
vt 0.595519 0.697196
vt 0.595519 0.576225
vt 0.594837 0.572826
vt 0.594377 0.570961
vt 0.593155 0.700899
vt 0.592673 0.699198
vt 0.592680 0.574313
vt 0.593140 0.572681
vt 0.591787 0.701644
vt 0.590561 0.699553
vt 0.590620 0.574135
vt 0.591719 0.571987

# vertex normals
vn 0.054732 0.980907 -0.186618
vn -0.054850 0.980907 -0.186583
vn -0.117444 0.987858 -0.101701
vn -0.256392 0.965873 -0.036780
vn -0.235576 0.965873 0.107674
vn -0.105091 0.980907 0.163640
vn 0.000062 0.980907 0.194479
vn 0.105195 0.980907 0.163572
vn 0.176929 0.980907 0.080733
vn 0.256368 0.965873 -0.036943
vn 0.195698 0.965873 -0.169682
vn -0.256392 -0.965873 -0.036780
vn -0.147017 -0.980907 -0.127309
vn -0.073052 -0.965873 -0.248502
vn 0.054732 -0.980907 -0.186618
vn 0.146936 -0.980907 -0.127403
vn 0.192490 -0.980907 -0.027738
vn 0.235643 -0.965873 0.107524
vn 0.140104 -0.965873 0.217854
vn 0.000049 -0.987858 0.155359
vn -0.083952 -0.987858 0.130723
vn -0.235576 -0.965873 0.107674
vn -0.543496 -0.070783 0.836422
vn -0.603215 -0.242962 0.759672
vn -0.280895 0.207491 0.937041
vn 0.126891 0.262945 0.956430
vn 0.462514 0.066362 0.884125
vn 0.573029 -0.082341 0.815388
vn 0.811712 -0.531515 0.242105
vn 0.604093 -0.426218 -0.673357
vn 0.694163 -0.502976 -0.514930
vn 0.295168 -0.324548 -0.898635
vn -0.112484 -0.381120 -0.917657
vn -0.401668 -0.565433 -0.720381
vn -0.481854 -0.665501 -0.570023
vn -0.657503 -0.733347 0.172894
vn -0.526120 0.795743 -0.299985
vn -0.644257 0.710284 -0.283601
vn -0.258652 0.913798 -0.313165
vn 0.030968 0.953587 -0.299522
vn 0.317937 0.911701 -0.260226
vn 0.452679 0.860982 -0.231930
vn 0.526119 -0.795743 0.299985
vn 0.644257 -0.710284 0.283601
vn 0.258652 -0.913798 0.313165
vn -0.030968 -0.953587 0.299522
vn -0.317937 -0.911701 0.260226
vn -0.452678 -0.860983 0.231930
vn -0.729650 -0.445279 -0.518977
vn -0.581831 -0.547598 -0.601339
vn -0.933452 -0.281858 -0.221862
vn -0.941318 -0.278932 0.190047
vn -0.749116 -0.437701 0.497236
vn -0.604678 -0.538476 0.586863
vn 0.136190 -0.646552 0.750615
vn 0.848001 -0.067781 0.525642
vn 0.759461 -0.222439 0.611343
vn 0.961329 0.161013 0.223432
vn 0.969460 0.156935 -0.188464
vn 0.867960 -0.077496 -0.490551
vn 0.782761 -0.233529 -0.576844
vn 0.165013 -0.659174 -0.733662
vn -0.195014 0.877666 -0.437803
vn -0.176320 0.806292 -0.564627
vn -0.219496 0.962601 -0.158812
vn -0.225178 0.965089 0.133782
vn -0.211573 0.884919 0.414917
vn -0.197840 0.815717 0.543567
vn 0.195015 -0.877666 0.437804
vn 0.176321 -0.806292 0.564628
vn 0.219496 -0.962601 0.158811
vn 0.225177 -0.965089 -0.133783
vn 0.211573 -0.884919 -0.414916
vn 0.197840 -0.815718 -0.543565
vn 0.630887 -0.334863 -0.699892
vn 0.740199 -0.392888 -0.545659
vn 0.298497 -0.289194 -0.909542
vn -0.094831 -0.411774 -0.906338
vn -0.339594 -0.636946 -0.692080
vn -0.394609 -0.745860 -0.536635
vn -0.518980 -0.827248 0.215223
vn -0.481588 -0.142422 0.864748
vn -0.516118 -0.323464 0.793090
vn -0.263335 0.176789 0.948367
vn 0.130326 0.298297 0.945534
vn 0.489512 0.157672 0.857623
vn 0.619259 0.027677 0.784698
vn 0.898955 -0.387458 0.204343
vn 0.150845 0.946189 -0.286308
vn 0.293326 0.918648 -0.264659
vn -0.140723 0.940006 -0.310782
vn -0.420238 0.853313 -0.308638
vn -0.663761 0.693533 -0.280059
vn -0.765336 0.590296 -0.256537
vn -0.150845 -0.946189 0.286308
vn -0.293326 -0.918649 0.264659
vn 0.140722 -0.940006 0.310783
vn 0.420239 -0.853312 0.308638
vn 0.663761 -0.693533 0.280059
vn 0.765335 -0.590298 0.256538
vn 0.770602 0.263280 0.580393
vn 0.664438 0.180478 0.725224
vn 0.932274 0.287096 0.220093
vn 0.992040 0.053513 -0.113983
vn 0.917969 -0.312713 -0.244014
vn 0.836724 -0.492782 -0.238869
vn 0.223398 -0.951539 -0.211348
vn -0.679519 -0.680984 -0.272973
vn -0.527733 -0.807399 -0.263828
vn -0.910821 -0.385480 -0.147685
vn -0.970383 -0.152833 0.187080
vn -0.826507 -0.106730 0.552717
vn -0.699671 -0.135741 0.701452
vn 0.008402 -0.111508 0.993728
vn -0.218215 0.958798 -0.181903
vn -0.224240 0.973866 -0.036077
vn -0.192303 0.867507 -0.458749
vn -0.149920 0.701915 -0.696304
vn -0.094696 0.476203 -0.874222
vn -0.063714 0.346685 -0.935815
vn 0.218215 -0.958798 0.181903
vn 0.224240 -0.973866 0.036078
vn 0.192302 -0.867507 0.458749
vn 0.149920 -0.701915 0.696304
vn 0.094698 -0.476204 0.874221
vn 0.063717 -0.346686 0.935814
vn -0.963434 -0.070782 -0.258427
vn -0.908894 -0.242962 -0.338941
vn -0.977980 0.207492 0.022414
vn -0.870407 0.262946 0.416234
vn -0.697928 0.066363 0.713087
vn -0.598403 -0.082340 0.796953
vn 0.020576 -0.531516 0.846798
vn 0.827076 -0.426218 0.366448
vn 0.704236 -0.502976 0.501066
vn 0.945864 -0.324548 0.003028
vn 0.837985 -0.381118 -0.390551
vn 0.561001 -0.565432 -0.604620
vn 0.393223 -0.665500 -0.634417
vn -0.367611 -0.733347 -0.571896
vn 0.122723 0.795743 -0.593070
vn 0.070634 0.710284 -0.700363
vn 0.217909 0.913798 -0.342766
vn 0.294432 0.953587 -0.063105
vn 0.345737 0.911701 0.221962
vn 0.360464 0.860982 0.358853
vn -0.122723 -0.795743 0.593070
vn -0.070634 -0.710284 0.700363
vn -0.217909 -0.913798 0.342766
vn -0.294432 -0.953587 0.063105
vn -0.345737 -0.911701 -0.221961
vn -0.360464 -0.860983 -0.358852
vn 0.268104 -0.445277 -0.854312
vn 0.392114 -0.547594 -0.739180
vn -0.077449 -0.281857 -0.956325
vn -0.471628 -0.278931 -0.836519
vn -0.704389 -0.437701 -0.558797
vn -0.744996 -0.538476 -0.393732
vn -0.671791 -0.646553 0.361477
vn -0.237868 -0.067781 0.968929
vn -0.346734 -0.222441 0.911206
vn 0.084570 0.161013 0.983322
vn 0.478819 0.156933 0.863773
vn 0.734754 -0.077500 0.673892
vn 0.790496 -0.233532 0.566197
vn 0.748748 -0.659171 -0.069779
vn 0.356112 0.877666 -0.320759
vn 0.482506 0.806292 -0.342170
vn 0.083211 0.962601 -0.257828
vn -0.196818 0.965089 -0.172816
vn -0.459989 0.884918 -0.073002
vn -0.578099 0.815717 -0.020186
vn -0.356113 -0.877666 0.320758
vn -0.482507 -0.806292 0.342170
vn -0.083211 -0.962601 0.257828
vn 0.196818 -0.965089 0.172815
vn 0.459989 -0.884919 0.073001
vn 0.578097 -0.815718 0.020186
vn 0.860590 -0.334866 0.383731
vn 0.747686 -0.392890 0.535353
vn 0.957265 -0.289197 0.002824
vn 0.832674 -0.411776 -0.370263
vn 0.553267 -0.636946 -0.536838
vn 0.388430 -0.745859 -0.541125
vn -0.365063 -0.827248 -0.427071
vn -0.971243 -0.142422 -0.190795
vn -0.913763 -0.323464 -0.245780
vn -0.983326 0.176788 0.042615
vn -0.858983 0.298297 0.416134
vn -0.664381 0.157672 0.730573
vn -0.554931 0.027676 0.831436
vn 0.083450 -0.387459 0.918102
vn 0.318909 0.946189 0.054988
vn 0.342349 0.918648 0.197186
vn 0.252085 0.940006 -0.229872
vn 0.163671 0.853313 -0.495045
vn 0.061238 0.693533 -0.717817
vn 0.007479 0.590296 -0.807152
vn -0.318909 -0.946189 -0.054988
vn -0.342349 -0.918649 -0.197185
vn -0.252086 -0.940006 0.229872
vn -0.163671 -0.853312 0.495046
vn -0.061238 -0.693533 0.717817
vn -0.007480 -0.590298 0.807151
vn -0.313857 0.263280 0.912238
vn -0.484406 0.180478 0.856025
vn 0.078767 0.287096 0.954658
vn 0.414962 0.053512 0.908264
vn 0.515739 -0.312714 0.797636
vn 0.485740 -0.492782 0.721958
vn 0.270037 -0.951539 0.147154
vn 0.049630 -0.680984 -0.730614
vn 0.087837 -0.807399 -0.583431
vn -0.141002 -0.385480 -0.911879
vn -0.477789 -0.152833 -0.865078
vn -0.781069 -0.106729 -0.615256
vn -0.883331 -0.135740 -0.448666
vn -0.942495 -0.111508 0.315070
vn 0.105568 0.958798 -0.263746
vn -0.034982 0.973866 -0.224413
vn 0.376872 0.867507 -0.324652
vn 0.615897 0.701915 -0.357752
vn 0.802171 0.476203 -0.360211
vn 0.870324 0.346686 -0.349778
vn -0.105568 -0.958798 0.263746
vn 0.034981 -0.973866 0.224414
vn -0.376872 -0.867507 0.324652
vn -0.615896 -0.701915 0.357752
vn -0.802170 -0.476204 0.360212
vn -0.870323 -0.346687 0.349781
vn -0.051939 -0.070782 -0.996139
vn 0.041488 -0.242962 -0.969148
vn -0.323530 0.207492 -0.923188
vn -0.664832 0.262946 -0.699183
vn -0.893857 0.066363 -0.443413
vn -0.942864 -0.082340 -0.322844
vn -0.798994 -0.531517 0.281244
vn -0.092932 -0.426219 0.899834
vn -0.258921 -0.502977 0.824605
vn 0.289409 -0.324549 0.900506
vn 0.630387 -0.381119 0.676284
vn 0.748386 -0.565432 0.346706
vn 0.724879 -0.665500 0.177931
vn 0.430307 -0.733347 -0.526344
vn 0.601967 0.795743 -0.066552
vn 0.687912 0.710283 -0.149247
vn 0.393328 0.913798 0.101323
vn 0.151001 0.953587 0.260521
vn -0.104260 0.911701 0.397406
vn -0.229900 0.860982 0.453713
vn -0.601966 -0.795743 0.066552
vn -0.687912 -0.710284 0.149246
vn -0.393328 -0.913798 -0.101323
vn -0.151001 -0.953587 -0.260521
vn 0.104259 -0.911701 -0.397406
vn 0.229899 -0.860983 -0.453713
vn 0.895348 -0.445277 -0.009015
vn 0.824172 -0.547594 0.144504
vn 0.885586 -0.281859 -0.369179
vn 0.649835 -0.278934 -0.707043
vn 0.313779 -0.437702 -0.842591
vn 0.144245 -0.538476 -0.830203
vn -0.551380 -0.646552 -0.527210
vn -0.995012 -0.067781 0.073189
vn -0.973755 -0.222440 -0.048186
vn -0.909061 0.161014 0.384294
vn -0.673533 0.156935 0.722305
vn -0.413856 -0.077497 0.907038
vn -0.294208 -0.233530 0.926772
vn 0.297739 -0.659172 0.690539
vn 0.415104 0.877666 0.239563
vn 0.474526 0.806292 0.353154
vn 0.270923 0.962601 -0.000535
vn 0.103538 0.965089 -0.240588
vn -0.072716 0.884918 -0.460035
vn -0.159445 0.815717 -0.556043
vn -0.415104 -0.877666 -0.239564
vn -0.474526 -0.806292 -0.353155
vn -0.270923 -0.962601 0.000535
vn -0.103537 -0.965089 0.240588
vn 0.072716 -0.884919 0.460034
vn 0.159444 -0.815718 0.556041
vn -0.099012 -0.334863 0.937050
vn -0.278104 -0.392888 0.876526
vn 0.293126 -0.289196 0.911287
vn 0.609451 -0.411776 0.677502
vn 0.681531 -0.636947 0.360297
vn 0.634671 -0.745860 0.202202
vn 0.293358 -0.827248 -0.479168
vn -0.118673 -0.142422 -0.982666
vn -0.048618 -0.323464 -0.944991
vn -0.344394 0.176788 -0.922030
vn -0.661207 0.298297 -0.688349
vn -0.900122 0.157672 -0.406104
vn -0.962225 0.027676 -0.270843
vn -0.847379 -0.387459 0.363076
vn 0.046251 0.946189 0.320293
vn -0.081743 0.918648 0.386527
vn 0.296520 0.940006 0.168713
vn 0.521393 0.853313 0.002683
vn 0.701608 0.693533 -0.163577
vn 0.769958 0.590296 -0.242311
vn -0.046251 -0.946189 -0.320293
vn 0.081743 -0.918649 -0.386527
vn -0.296520 -0.940006 -0.168714
vn -0.521394 -0.853312 -0.002683
vn -0.701609 -0.693533 0.163577
vn -0.769958 -0.590298 0.242310
vn -0.964577 0.263280 -0.016599
vn -0.963818 0.180478 -0.196171
vn -0.883593 0.287096 0.369918
vn -0.735581 0.053511 0.675320
vn -0.599226 -0.312714 0.736979
vn -0.536522 -0.492782 0.685062
vn -0.056505 -0.951538 0.302294
vn 0.710192 -0.680984 -0.178571
vn 0.582019 -0.807399 -0.096753
vn 0.823676 -0.385481 -0.415888
vn 0.675093 -0.152834 -0.721728
vn 0.343779 -0.106729 -0.932966
vn 0.153743 -0.135740 -0.978743
vn -0.590896 -0.111508 -0.799004
vn 0.283459 0.958798 0.018899
vn 0.202620 0.973866 -0.102618
vn 0.425222 0.867507 0.258103
vn 0.530565 0.701915 0.475201
vn 0.590465 0.476203 0.651599
vn 0.601604 0.346686 0.719640
vn -0.283459 -0.958798 -0.018899
vn -0.202620 -0.973866 0.102617
vn -0.425222 -0.867507 -0.258103
vn -0.530565 -0.701915 -0.475201
vn -0.590466 -0.476204 -0.651598
vn -0.601606 -0.346687 -0.719638
vn 0.931334 -0.070782 -0.357221
vn 0.934535 -0.242962 -0.260026
vn 0.778027 0.207492 -0.592976
vn 0.459518 0.262946 -0.848353
vn 0.145493 0.066364 -0.987131
vn 0.015681 -0.082339 -0.996481
vn -0.514383 -0.531515 -0.672980
vn -0.884511 -0.426218 0.189681
vn -0.864257 -0.502977 0.008568
vn -0.767000 -0.324548 0.553516
vn -0.448384 -0.381119 0.808517
vn -0.098472 -0.565431 0.818896
vn 0.054778 -0.665499 0.744386
vn 0.633556 -0.733346 0.246597
vn 0.249313 0.795743 0.551938
vn 0.354519 0.710283 0.608123
vn 0.025181 0.913798 0.405387
vn -0.201108 0.953587 0.224116
vn -0.410173 0.911701 0.023648
vn -0.502550 0.860982 -0.078443
vn -0.249313 -0.795743 -0.551938
vn -0.354519 -0.710283 -0.608123
vn -0.025181 -0.913798 -0.405388
vn 0.201108 -0.953587 -0.224116
vn 0.410173 -0.911701 -0.023649
vn 0.502549 -0.860983 0.078442
vn 0.285252 -0.445276 0.848741
vn 0.117252 -0.547593 0.828489
vn 0.624771 -0.281859 0.728160
vn 0.873248 -0.278934 0.399542
vn 0.898315 -0.437702 0.038047
vn 0.834144 -0.538477 -0.119361
vn 0.331020 -0.646552 -0.687310
vn -0.377083 -0.067781 -0.923696
vn -0.255079 -0.222441 -0.940986
vn -0.646400 0.161016 -0.745815
vn -0.895086 0.156938 -0.417363
vn -0.990533 -0.077496 -0.113310
vn -0.972327 -0.233530 0.006580
vn -0.564734 -0.659173 0.496555
vn -0.099563 0.877666 0.468816
vn -0.189232 0.806293 0.560432
vn 0.084229 0.962601 0.257498
vn 0.260808 0.965089 0.024124
vn 0.415049 0.884918 -0.211315
vn 0.479557 0.815717 -0.323467
vn 0.099564 -0.877666 -0.468817
vn 0.189234 -0.806291 -0.560433
vn -0.084229 -0.962601 -0.257497
vn -0.260807 -0.965089 -0.024123
vn -0.415048 -0.884919 0.211315
vn -0.479556 -0.815718 0.323467
vn -0.921784 -0.334864 0.195398
vn -0.919564 -0.392888 0.006369
vn -0.776104 -0.289196 0.560382
vn -0.456012 -0.411775 0.788983
vn -0.132057 -0.636946 0.759513
vn 0.003819 -0.745859 0.666093
vn 0.546368 -0.827248 0.130929
vn 0.897899 -0.142422 -0.416526
vn 0.883715 -0.323465 -0.338257
vn 0.770479 0.176789 -0.612461
vn 0.450335 0.298297 -0.841557
vn 0.108075 0.157672 -0.981560
vn -0.039757 0.027676 -0.998826
vn -0.607161 -0.387458 -0.693709
vn -0.290324 0.946189 0.142964
vn -0.392869 0.918649 0.041701
vn -0.068826 0.940006 0.334143
vn 0.158567 0.853313 0.496703
vn 0.372380 0.693533 0.616721
vn 0.468381 0.590296 0.657396
vn 0.290324 -0.946189 -0.142964
vn 0.392869 -0.918649 -0.041701
vn 0.068827 -0.940006 -0.334143
vn -0.158568 -0.853312 -0.496704
vn -0.372380 -0.693533 -0.616721
vn -0.468380 -0.590298 -0.657396
vn -0.282284 0.263280 -0.922496
vn -0.111266 0.180479 -0.977265
vn -0.624858 0.287096 -0.726036
vn -0.869575 0.053512 -0.490892
vn -0.886080 -0.312714 -0.342158
vn -0.817328 -0.492782 -0.298566
vn -0.304959 -0.951539 0.039674
vn 0.389293 -0.680984 0.620251
vn 0.271871 -0.807398 0.523635
vn 0.650063 -0.385481 0.654846
vn 0.895019 -0.152834 0.419025
vn 0.993537 -0.106729 0.038651
vn 0.978349 -0.135740 -0.156230
vn 0.577301 -0.111508 -0.808881
vn 0.069620 0.958798 0.275426
vn 0.160208 0.973866 0.160992
vn -0.114070 0.867507 0.484169
vn -0.287989 0.701915 0.651443
vn -0.437244 0.476203 0.762921
vn -0.498512 0.346686 0.794540
vn -0.069620 -0.958798 -0.275426
vn -0.160208 -0.973866 -0.160993
vn 0.114070 -0.867507 -0.484168
vn 0.287989 -0.701915 -0.651443
vn 0.437242 -0.476204 -0.762921
vn 0.498510 -0.346687 -0.794541
vn 0.627535 -0.070783 0.775364
vn 0.536087 -0.242962 0.808443
vn 0.804377 0.207492 0.556708
vn 0.948830 0.262946 0.174872
vn 0.983777 0.066363 -0.166668
vn 0.952556 -0.082339 -0.293016
vn 0.481089 -0.531515 -0.697170
vn -0.453726 -0.426218 -0.782605
vn -0.275219 -0.502977 -0.819310
vn -0.763441 -0.324548 -0.558415
vn -0.907503 -0.381120 -0.176593
vn -0.809245 -0.565433 0.159399
vn -0.691025 -0.665501 0.282124
vn -0.038748 -0.733347 0.678749
vn -0.447883 0.795743 0.407669
vn -0.468807 0.710284 0.525088
vn -0.377765 0.913798 0.149220
vn -0.275293 0.953587 -0.122010
vn -0.149241 0.911701 -0.382790
vn -0.080693 0.860982 -0.502194
vn 0.447883 -0.795743 -0.407669
vn 0.468807 -0.710284 -0.525088
vn 0.377765 -0.913798 -0.149220
vn 0.275293 -0.953587 0.122010
vn 0.149242 -0.911701 0.382790
vn 0.080693 -0.860983 0.502193
vn -0.719052 -0.445278 0.533566
vn -0.751705 -0.547596 0.367530
vn -0.499456 -0.281857 0.819207
vn -0.110138 -0.278932 0.953974
vn 0.241410 -0.437701 0.866106
vn 0.371284 -0.538476 0.756433
vn 0.755962 -0.646552 0.102429
vn 0.761962 -0.067781 -0.644064
vn 0.816107 -0.222440 -0.533375
vn 0.509564 0.161013 -0.845233
vn 0.120340 0.156934 -0.980250
vn -0.198325 -0.077499 -0.977068
vn -0.306723 -0.233532 -0.922705
vn -0.646764 -0.659172 -0.383651
vn -0.476638 0.877666 0.050181
vn -0.591478 0.806292 -0.006789
vn -0.218867 0.962601 0.159678
vn 0.057650 0.965089 0.255498
vn 0.329230 0.884918 0.329435
vn 0.455827 0.815717 0.356129
vn 0.476638 -0.877666 -0.050181
vn 0.591479 -0.806292 0.006789
vn 0.218867 -0.962601 -0.159677
vn -0.057651 -0.965089 -0.255497
vn -0.329229 -0.884919 -0.329434
vn -0.455825 -0.815718 -0.356128
vn -0.470681 -0.334864 -0.816287
vn -0.290218 -0.392889 -0.872589
vn -0.772784 -0.289196 -0.564951
vn -0.891283 -0.411775 -0.189884
vn -0.763148 -0.636946 0.109108
vn -0.632311 -0.745860 0.209465
vn 0.044316 -0.827248 0.560087
vn 0.673605 -0.142422 0.725239
vn 0.594784 -0.323464 0.735937
vn 0.820575 0.176789 0.543508
vn 0.939529 0.298297 0.168238
vn 0.966916 0.157672 -0.200533
vn 0.937654 0.027676 -0.346465
vn 0.472134 -0.387458 -0.791812
vn -0.225681 0.946189 -0.231937
vn -0.161063 0.918648 -0.360754
vn -0.339057 0.940006 0.037799
vn -0.423393 0.853313 0.304296
vn -0.471465 0.693533 0.544731
vn -0.480483 0.590296 0.648603
vn 0.225682 -0.946189 0.231937
vn 0.161063 -0.918649 0.360754
vn 0.339057 -0.940006 -0.037798
vn 0.423393 -0.853312 -0.304297
vn 0.471465 -0.693533 -0.544732
vn 0.480483 -0.590298 -0.648602
vn 0.790115 0.263280 -0.553535
vn 0.895051 0.180479 -0.407812
vn 0.497410 0.287096 -0.818633
vn 0.198153 0.053512 -0.978709
vn 0.051597 -0.312714 -0.948445
vn 0.031385 -0.492782 -0.869587
vn -0.131970 -0.951539 -0.277774
vn -0.469596 -0.680984 0.561908
vn -0.413993 -0.807399 0.420377
vn -0.421916 -0.385480 0.820605
vn -0.121941 -0.152833 0.980700
vn 0.270260 -0.106729 0.956853
vn 0.450910 -0.135740 0.882187
vn 0.947688 -0.111508 0.299088
vn -0.240432 0.958798 0.151324
vn -0.103606 0.973866 0.202116
vn -0.495721 0.867507 0.041129
vn -0.708552 0.701915 -0.072587
vn -0.860697 0.476203 -0.180087
vn -0.909702 0.346686 -0.228586
vn 0.240432 -0.958798 -0.151324
vn 0.103606 -0.973866 -0.202116
vn 0.495721 -0.867507 -0.041129
vn 0.708552 -0.701915 0.072587
vn 0.860697 -0.476204 0.180086
vn 0.909702 -0.346686 0.228584
vn -0.577146 0.061769 0.814302
vn -0.631722 -0.121938 0.765545
vn -0.322031 0.357675 0.876564
vn 0.083962 0.422864 0.902295
vn 0.424437 0.222908 0.877590
vn 0.539344 0.066729 0.839437
vn 0.806652 -0.468453 0.360368
vn 0.636302 -0.522944 -0.567141
vn 0.720510 -0.570236 -0.394584
vn 0.335963 -0.466289 -0.818354
vn -0.069897 -0.532516 -0.843529
vn -0.365035 -0.686007 -0.629399
vn -0.450330 -0.760670 -0.467530
vn -0.656093 -0.705240 0.268662
vn -0.521790 0.724167 -0.450907
vn -0.639570 0.640607 -0.424940
vn -0.255308 0.843053 -0.473370
vn 0.033039 0.889730 -0.455291
vn 0.318556 0.860202 -0.398215
vn 0.452545 0.817398 -0.356460
vn 0.521787 -0.724169 0.450908
vn 0.639565 -0.640610 0.424941
vn 0.255308 -0.843053 0.473371
vn -0.033038 -0.889729 0.455291
vn -0.318555 -0.860202 0.398216
vn -0.452542 -0.817399 0.356461
vn -0.702439 -0.539430 -0.464323
vn -0.550202 -0.651530 -0.522289
vn -0.920242 -0.331857 -0.207427
vn -0.945333 -0.259574 0.197401
vn -0.764404 -0.360753 0.534362
vn -0.622743 -0.442362 0.645374
vn 0.111774 -0.508009 0.854068
vn 0.825999 0.037064 0.562452
vn 0.735651 -0.102460 0.669567
vn 0.949344 0.213534 0.230540
vn 0.974714 0.140119 -0.174068
vn 0.888483 -0.143720 -0.435824
vn 0.808671 -0.313576 -0.497717
vn 0.202695 -0.770527 -0.604320
vn -0.186130 0.787537 -0.587487
vn -0.161377 0.696121 -0.699552
vn -0.223167 0.917904 -0.328098
vn -0.241090 0.969653 -0.040608
vn -0.238365 0.938350 0.250361
vn -0.229263 0.892116 0.389316
vn 0.186132 -0.787536 0.587488
vn 0.161381 -0.696119 0.699553
vn 0.223167 -0.917904 0.328099
vn 0.241090 -0.969653 0.040609
vn 0.238363 -0.938351 -0.250360
vn 0.229258 -0.892118 -0.389315
vn 0.663182 -0.436923 -0.607691
vn 0.766586 -0.466112 -0.441685
vn 0.339360 -0.433241 -0.834947
vn -0.052393 -0.560511 -0.826488
vn -0.303414 -0.750604 -0.586970
vn -0.363678 -0.832673 -0.417605
vn -0.518465 -0.788149 0.331686
vn -0.515697 -0.002945 0.856766
vn -0.545225 -0.194075 0.815515
vn -0.304627 0.329645 0.893609
vn 0.087461 0.455933 0.885706
vn 0.451520 0.308907 0.837082
vn 0.585612 0.170795 0.792394
vn 0.893817 -0.331306 0.302204
vn 0.152333 0.886807 -0.436312
vn 0.294078 0.865861 -0.404725
vn -0.137875 0.871385 -0.470828
vn -0.416273 0.781329 -0.465017
vn -0.659019 0.624352 -0.419379
vn -0.760354 0.524774 -0.382720
vn -0.152332 -0.886807 0.436312
vn -0.294078 -0.865861 0.404725
vn 0.137875 -0.871385 0.470828
vn 0.416273 -0.781329 0.465018
vn 0.659018 -0.624353 0.419378
vn 0.760353 -0.524776 0.382718
vn 0.742771 0.371186 0.557236
vn 0.631561 0.312147 0.709714
vn 0.919080 0.336705 0.204750
vn 0.995292 0.051175 -0.082313
vn 0.930717 -0.333007 -0.151235
vn 0.851299 -0.511040 -0.118861
vn 0.242405 -0.969425 -0.038149
vn -0.660053 -0.729296 -0.180161
vn -0.507410 -0.849627 -0.143768
vn -0.899597 -0.421052 -0.115937
vn -0.975623 -0.136327 0.171974
vn -0.847653 -0.026600 0.529884
vn -0.726829 -0.027821 0.686255
vn -0.031887 0.058026 0.997806
vn -0.220880 0.910281 -0.350143
vn -0.233153 0.949643 -0.209329
vn -0.182436 0.774038 -0.606286
vn -0.128365 0.571500 -0.810500
vn -0.063299 0.320011 -0.945297
vn -0.028360 0.182527 -0.982792
vn 0.220881 -0.910281 0.350142
vn 0.233153 -0.949643 0.209328
vn 0.182436 -0.774038 0.606286
vn 0.128365 -0.571499 0.810501
vn 0.063299 -0.320012 0.945296
vn 0.028361 -0.182530 0.982791
vn -0.906973 0.061767 0.416634
vn -0.929860 -0.121937 0.347120
vn -0.717169 0.357671 0.598114
vn -0.378436 0.422860 0.823393
vn -0.071224 0.222904 0.972235
vn 0.047364 0.066726 0.996647
vn 0.518397 -0.468454 0.715413
vn 0.834624 -0.522944 -0.173007
vn 0.821272 -0.570236 0.018536
vn 0.700130 -0.466288 -0.540735
vn 0.361231 -0.532513 -0.765469
vn -0.001430 -0.686006 -0.727595
vn -0.156231 -0.760671 -0.630056
vn -0.702525 -0.705239 -0.095379
vn -0.226429 0.724168 -0.651391
vn -0.341413 0.640608 -0.687792
vn 0.015582 0.843053 -0.537605
vn 0.256257 0.889730 -0.377774
vn 0.474985 0.860202 -0.185586
vn 0.570145 0.817398 -0.082431
vn 0.226427 -0.724169 0.651391
vn 0.341409 -0.640610 0.687792
vn -0.015582 -0.843053 0.537605
vn -0.256257 -0.889729 0.377775
vn -0.474984 -0.860202 0.185587
vn -0.570144 -0.817399 0.082433
vn -0.376168 -0.539429 -0.753335
vn -0.215344 -0.651530 -0.727417
vn -0.693239 -0.331857 -0.639758
vn -0.917383 -0.259573 -0.301712
vn -0.929175 -0.360751 0.080569
vn -0.861999 -0.442359 0.247539
vn -0.330236 -0.508008 0.795533
vn 0.434109 0.037067 0.900097
vn 0.302308 -0.102457 0.947688
vn 0.706886 0.213535 0.674326
vn 0.931161 0.140117 0.336611
vn 0.987361 -0.143721 0.066807
vn 0.949188 -0.313575 -0.026701
vn 0.477701 -0.770523 -0.422014
vn 0.132551 0.787537 -0.601843
vn 0.210020 0.696120 -0.686519
vn -0.029220 0.917904 -0.395725
vn -0.188486 0.969653 -0.155713
vn -0.331611 0.938350 0.097637
vn -0.393206 0.892116 0.222525
vn -0.132549 -0.787536 0.601845
vn -0.210017 -0.696119 0.686521
vn 0.029219 -0.917904 0.395725
vn 0.188485 -0.969653 0.155713
vn 0.331608 -0.938351 -0.097637
vn 0.393201 -0.892118 -0.222527
vn 0.878178 -0.436922 -0.194685
vn 0.884725 -0.466113 0.000782
vn 0.711368 -0.433240 -0.553406
vn 0.367870 -0.560511 -0.741956
vn 0.030722 -0.750605 -0.660036
vn -0.106151 -0.832674 -0.543494
vn -0.614847 -0.788148 0.028015
vn -0.874990 -0.002945 0.484132
vn -0.879937 -0.194074 0.433644
vn -0.710619 0.329642 0.621576
vn -0.367110 0.455927 0.810777
vn -0.027514 0.308902 0.950696
vn 0.110956 0.170791 0.979040
vn 0.622966 -0.331306 0.708625
vn 0.350080 0.886807 -0.301691
vn 0.457042 0.865861 -0.203463
vn 0.116011 0.871385 -0.476686
vn -0.127995 0.781329 -0.610853
vn -0.361037 0.624353 -0.692702
vn -0.467126 0.524775 -0.711622
vn -0.350080 -0.886807 0.301691
vn -0.457041 -0.865861 0.203463
vn -0.116011 -0.871385 0.476687
vn 0.127995 -0.781329 0.610854
vn 0.361038 -0.624353 0.692701
vn 0.467127 -0.524776 0.711620
vn 0.364641 0.371186 0.853966
vn 0.192091 0.312147 0.930411
vn 0.693572 0.336706 0.636858
vn 0.903105 0.051176 0.426359
vn 0.881643 -0.333007 0.334384
vn 0.796677 -0.511040 0.322713
vn 0.229003 -0.969425 0.088165
vn -0.481542 -0.729295 -0.486052
vn -0.367545 -0.849626 -0.378214
vn -0.721104 -0.421051 -0.550204
vn -0.930901 -0.136327 -0.338878
vn -0.999031 -0.026601 0.035067
vn -0.972580 -0.027821 0.230899
vn -0.526517 0.058027 0.848182
vn -0.016217 0.910281 -0.413673
vn -0.097252 0.949643 -0.297860
vn 0.145149 0.774038 -0.616277
vn 0.294083 0.571499 -0.766096
vn 0.417830 0.320011 -0.850301
vn 0.466835 0.182528 -0.865303
vn 0.016217 -0.910281 0.413672
vn 0.097253 -0.949643 0.297860
vn -0.145149 -0.774038 0.616277
vn -0.294083 -0.571499 0.766096
vn -0.417829 -0.320012 0.850300
vn -0.466834 -0.182529 0.865303
vn -0.993779 0.061767 -0.092671
vn -0.978842 -0.121938 -0.164315
vn -0.920143 0.357673 0.159397
vn -0.739430 0.422864 0.523861
vn -0.547796 0.222909 0.806369
vn -0.457301 0.066731 0.886805
vn 0.091239 -0.468452 0.878765
vn 0.809311 -0.522941 0.267484
vn 0.701976 -0.570233 0.426689
vn 0.876699 -0.466285 -0.118226
vn 0.695570 -0.532512 -0.482300
vn 0.362559 -0.686006 -0.630830
vn 0.179728 -0.760671 -0.623760
vn -0.560715 -0.705241 -0.433859
vn 0.129602 0.724168 -0.677336
vn 0.048224 0.640607 -0.766353
vn 0.282297 0.843053 -0.457789
vn 0.410813 0.889730 -0.199033
vn 0.504142 0.860201 0.076770
vn 0.534976 0.817398 0.213685
vn -0.129604 -0.724169 0.677335
vn -0.048227 -0.640610 0.766350
vn -0.282297 -0.843053 0.457789
vn -0.410813 -0.889729 0.199034
vn -0.504142 -0.860202 -0.076769
vn -0.534975 -0.817399 -0.213683
vn 0.050896 -0.539430 -0.840491
vn 0.177215 -0.651530 -0.737634
vn -0.280484 -0.331858 -0.900666
vn -0.643620 -0.259575 -0.719982
vn -0.844973 -0.360753 -0.394812
vn -0.870282 -0.442361 -0.216625
vn -0.683760 -0.508006 0.523834
vn -0.074099 0.037065 0.996562
vn -0.212037 -0.102458 0.971876
vn 0.275018 0.213535 0.937426
vn 0.638104 0.140117 0.757094
vn 0.821675 -0.143722 0.551538
vn 0.835370 -0.313577 0.451472
vn 0.624708 -0.770523 -0.126627
vn 0.415713 0.787537 -0.454937
vn 0.525141 0.696121 -0.489533
vn 0.172558 0.917904 -0.357318
vn -0.085377 0.969653 -0.229094
vn -0.336002 0.938350 -0.081249
vn -0.451789 0.892117 -0.003890
vn -0.415714 -0.787536 0.454939
vn -0.525141 -0.696118 0.489537
vn -0.172558 -0.917904 0.357318
vn 0.085376 -0.969653 0.229094
vn 0.336000 -0.938351 0.081248
vn 0.451786 -0.892118 0.003886
vn 0.857865 -0.436927 0.270487
vn 0.765800 -0.466118 0.443040
vn 0.892765 -0.433243 -0.123579
vn 0.689563 -0.560511 -0.458618
vn 0.356624 -0.750603 -0.556250
vn 0.179818 -0.832672 -0.523758
vn -0.546481 -0.788149 -0.283160
vn -0.999830 -0.002944 -0.018225
vn -0.978869 -0.194074 -0.064423
vn -0.926202 0.329644 0.182991
vn -0.723316 0.455927 0.518599
vn -0.499175 0.308903 0.809570
vn -0.393428 0.170794 0.903352
vn 0.185191 -0.331308 0.925170
vn 0.454024 0.886807 -0.086232
vn 0.497541 0.865861 0.052317
vn 0.338812 0.871385 -0.354817
vn 0.194580 0.781329 -0.593012
vn 0.033684 0.624352 -0.780416
vn -0.048732 0.524774 -0.849846
vn -0.454024 -0.886807 0.086232
vn -0.497541 -0.865861 -0.052316
vn -0.338812 -0.871385 0.354817
vn -0.194580 -0.781329 0.593012
vn -0.033682 -0.624353 0.780416
vn 0.048734 -0.524776 0.849844
vn -0.111195 0.371186 0.921877
vn -0.298850 0.312148 0.901805
vn 0.282221 0.336704 0.898321
vn 0.568932 0.051175 0.820791
vn 0.596335 -0.333006 0.730405
vn 0.528588 -0.511040 0.677815
vn 0.154240 -0.969425 0.190854
vn -0.174003 -0.729296 -0.661702
vn -0.129198 -0.849627 -0.511314
vn -0.349395 -0.421053 -0.837041
vn -0.636746 -0.136327 -0.758927
vn -0.882719 -0.026599 -0.469147
vn -0.957728 -0.027819 -0.286326
vn -0.880069 0.058031 0.471287
vn 0.192792 0.910281 -0.366359
vn 0.064708 0.949643 -0.306581
vn 0.433841 0.774038 -0.461137
vn 0.637731 0.571500 -0.516418
vn 0.787001 0.320011 -0.527467
vn 0.836942 0.182528 -0.515957
vn -0.192792 -0.910281 0.366359
vn -0.064707 -0.949643 0.306581
vn -0.433841 -0.774038 0.461137
vn -0.637731 -0.571499 0.516418
vn -0.787001 -0.320011 0.527468
vn -0.836941 -0.182527 0.515958
vn -0.814302 0.061769 -0.577146
vn -0.765545 -0.121938 -0.631722
vn -0.876564 0.357675 -0.322031
vn -0.902295 0.422864 0.083962
vn -0.877590 0.222908 0.424437
vn -0.839437 0.066729 0.539344
vn -0.360368 -0.468453 0.806652
vn 0.567141 -0.522944 0.636302
vn 0.394584 -0.570236 0.720510
vn 0.818354 -0.466289 0.335963
vn 0.843529 -0.532516 -0.069897
vn 0.629399 -0.686007 -0.365035
vn 0.467530 -0.760670 -0.450330
vn -0.268662 -0.705240 -0.656093
vn 0.450907 0.724167 -0.521790
vn 0.424940 0.640607 -0.639570
vn 0.473370 0.843053 -0.255308
vn 0.455291 0.889730 0.033039
vn 0.398215 0.860202 0.318556
vn 0.356460 0.817398 0.452545
vn -0.450908 -0.724169 0.521787
vn -0.424941 -0.640610 0.639565
vn -0.473371 -0.843053 0.255308
vn -0.455291 -0.889729 -0.033038
vn -0.398216 -0.860202 -0.318555
vn -0.356461 -0.817399 -0.452542
vn 0.464323 -0.539430 -0.702439
vn 0.522289 -0.651530 -0.550202
vn 0.207427 -0.331857 -0.920242
vn -0.197401 -0.259574 -0.945333
vn -0.534362 -0.360753 -0.764404
vn -0.645374 -0.442362 -0.622743
vn -0.854068 -0.508009 0.111774
vn -0.562452 0.037064 0.825999
vn -0.669567 -0.102460 0.735651
vn -0.230541 0.213534 0.949344
vn 0.174068 0.140119 0.974714
vn 0.435824 -0.143720 0.888483
vn 0.497717 -0.313576 0.808671
vn 0.604320 -0.770527 0.202695
vn 0.587487 0.787537 -0.186130
vn 0.699552 0.696121 -0.161377
vn 0.328098 0.917904 -0.223167
vn 0.040608 0.969653 -0.241090
vn -0.250361 0.938350 -0.238365
vn -0.389316 0.892116 -0.229263
vn -0.587488 -0.787536 0.186132
vn -0.699553 -0.696119 0.161381
vn -0.328099 -0.917904 0.223167
vn -0.040609 -0.969653 0.241090
vn 0.250360 -0.938351 0.238363
vn 0.389315 -0.892118 0.229258
vn 0.607691 -0.436923 0.663182
vn 0.441685 -0.466112 0.766586
vn 0.834947 -0.433241 0.339360
vn 0.826488 -0.560511 -0.052393
vn 0.586970 -0.750604 -0.303414
vn 0.417605 -0.832673 -0.363678
vn -0.331686 -0.788149 -0.518465
vn -0.856766 -0.002945 -0.515697
vn -0.815515 -0.194075 -0.545225
vn -0.893609 0.329645 -0.304627
vn -0.885707 0.455933 0.087461
vn -0.837082 0.308907 0.451520
vn -0.792394 0.170795 0.585612
vn -0.302204 -0.331306 0.893817
vn 0.436312 0.886807 0.152333
vn 0.404725 0.865861 0.294078
vn 0.470828 0.871385 -0.137875
vn 0.465017 0.781329 -0.416273
vn 0.419379 0.624352 -0.659019
vn 0.382720 0.524774 -0.760354
vn -0.436312 -0.886807 -0.152332
vn -0.404725 -0.865861 -0.294078
vn -0.470828 -0.871385 0.137875
vn -0.465018 -0.781329 0.416273
vn -0.419378 -0.624353 0.659018
vn -0.382718 -0.524776 0.760353
vn -0.557236 0.371186 0.742771
vn -0.709714 0.312147 0.631561
vn -0.204750 0.336705 0.919080
vn 0.082313 0.051175 0.995292
vn 0.151235 -0.333007 0.930717
vn 0.118861 -0.511040 0.851299
vn 0.038149 -0.969425 0.242405
vn 0.180161 -0.729296 -0.660053
vn 0.143768 -0.849627 -0.507410
vn 0.115937 -0.421052 -0.899597
vn -0.171974 -0.136327 -0.975623
vn -0.529884 -0.026600 -0.847653
vn -0.686255 -0.027821 -0.726829
vn -0.997806 0.058026 -0.031887
vn 0.350143 0.910281 -0.220880
vn 0.209329 0.949643 -0.233153
vn 0.606286 0.774038 -0.182436
vn 0.810500 0.571500 -0.128365
vn 0.945297 0.320011 -0.063299
vn 0.982792 0.182527 -0.028360
vn -0.350142 -0.910281 0.220881
vn -0.209328 -0.949643 0.233153
vn -0.606286 -0.774038 0.182436
vn -0.810501 -0.571499 0.128365
vn -0.945296 -0.320012 0.063299
vn -0.982791 -0.182530 0.028361
vn -0.416634 0.061767 -0.906973
vn -0.347120 -0.121937 -0.929860
vn -0.598114 0.357671 -0.717169
vn -0.823393 0.422860 -0.378436
vn -0.972235 0.222904 -0.071224
vn -0.996647 0.066726 0.047364
vn -0.715413 -0.468454 0.518397
vn 0.173007 -0.522944 0.834624
vn -0.018536 -0.570236 0.821272
vn 0.540735 -0.466288 0.700130
vn 0.765469 -0.532513 0.361231
vn 0.727595 -0.686006 -0.001430
vn 0.630056 -0.760671 -0.156231
vn 0.095379 -0.705239 -0.702525
vn 0.651391 0.724168 -0.226429
vn 0.687792 0.640608 -0.341413
vn 0.537605 0.843053 0.015582
vn 0.377774 0.889730 0.256257
vn 0.185586 0.860202 0.474985
vn 0.082431 0.817398 0.570145
vn -0.651391 -0.724169 0.226427
vn -0.687792 -0.640610 0.341409
vn -0.537605 -0.843053 -0.015582
vn -0.377775 -0.889730 -0.256257
vn -0.185587 -0.860202 -0.474984
vn -0.082433 -0.817399 -0.570144
vn 0.753335 -0.539429 -0.376168
vn 0.727417 -0.651530 -0.215344
vn 0.639758 -0.331857 -0.693239
vn 0.301712 -0.259573 -0.917383
vn -0.080569 -0.360751 -0.929175
vn -0.247539 -0.442359 -0.861999
vn -0.795533 -0.508008 -0.330236
vn -0.900097 0.037067 0.434109
vn -0.947688 -0.102457 0.302308
vn -0.674326 0.213535 0.706886
vn -0.336611 0.140117 0.931161
vn -0.066807 -0.143721 0.987361
vn 0.026701 -0.313575 0.949188
vn 0.422014 -0.770523 0.477701
vn 0.601843 0.787537 0.132551
vn 0.686519 0.696120 0.210020
vn 0.395725 0.917904 -0.029220
vn 0.155713 0.969653 -0.188486
vn -0.097637 0.938350 -0.331611
vn -0.222525 0.892116 -0.393206
vn -0.601845 -0.787536 -0.132549
vn -0.686521 -0.696119 -0.210017
vn -0.395725 -0.917904 0.029219
vn -0.155713 -0.969653 0.188485
vn 0.097637 -0.938351 0.331608
vn 0.222527 -0.892118 0.393201
vn 0.194685 -0.436922 0.878178
vn -0.000782 -0.466113 0.884725
vn 0.553406 -0.433240 0.711368
vn 0.741956 -0.560511 0.367870
vn 0.660036 -0.750605 0.030722
vn 0.543494 -0.832674 -0.106151
vn -0.028015 -0.788148 -0.614847
vn -0.484132 -0.002945 -0.874990
vn -0.433644 -0.194074 -0.879937
vn -0.621576 0.329642 -0.710619
vn -0.810777 0.455927 -0.367110
vn -0.950696 0.308902 -0.027514
vn -0.979040 0.170791 0.110956
vn -0.708625 -0.331306 0.622966
vn 0.301691 0.886807 0.350080
vn 0.203463 0.865861 0.457042
vn 0.476686 0.871385 0.116011
vn 0.610853 0.781329 -0.127995
vn 0.692702 0.624353 -0.361037
vn 0.711622 0.524775 -0.467126
vn -0.301691 -0.886807 -0.350080
vn -0.203463 -0.865861 -0.457042
vn -0.476687 -0.871385 -0.116011
vn -0.610854 -0.781329 0.127995
vn -0.692701 -0.624353 0.361038
vn -0.711620 -0.524776 0.467127
vn -0.853966 0.371186 0.364641
vn -0.930411 0.312147 0.192091
vn -0.636858 0.336706 0.693572
vn -0.426359 0.051176 0.903105
vn -0.334384 -0.333007 0.881643
vn -0.322713 -0.511040 0.796677
vn -0.088165 -0.969425 0.229003
vn 0.486052 -0.729295 -0.481542
vn 0.378214 -0.849626 -0.367545
vn 0.550204 -0.421051 -0.721104
vn 0.338878 -0.136327 -0.930901
vn -0.035067 -0.026601 -0.999031
vn -0.230899 -0.027821 -0.972580
vn -0.848182 0.058027 -0.526517
vn 0.413673 0.910281 -0.016217
vn 0.297860 0.949643 -0.097252
vn 0.616277 0.774038 0.145149
vn 0.766096 0.571499 0.294083
vn 0.850301 0.320011 0.417830
vn 0.865303 0.182528 0.466835
vn -0.413672 -0.910281 0.016217
vn -0.297860 -0.949643 0.097253
vn -0.616277 -0.774038 -0.145149
vn -0.766096 -0.571499 -0.294083
vn -0.850300 -0.320012 -0.417829
vn -0.865303 -0.182529 -0.466834
vn 0.092671 0.061767 -0.993779
vn 0.164315 -0.121938 -0.978842
vn -0.159397 0.357673 -0.920143
vn -0.523861 0.422864 -0.739430
vn -0.806369 0.222909 -0.547796
vn -0.886805 0.066731 -0.457301
vn -0.878765 -0.468452 0.091239
vn -0.267484 -0.522941 0.809311
vn -0.426689 -0.570233 0.701976
vn 0.118226 -0.466285 0.876699
vn 0.482300 -0.532512 0.695570
vn 0.630830 -0.686006 0.362559
vn 0.623760 -0.760671 0.179728
vn 0.433859 -0.705241 -0.560715
vn 0.677336 0.724168 0.129602
vn 0.766353 0.640607 0.048224
vn 0.457789 0.843053 0.282297
vn 0.199033 0.889730 0.410813
vn -0.076770 0.860202 0.504143
vn -0.213685 0.817398 0.534976
vn -0.677335 -0.724169 -0.129604
vn -0.766350 -0.640610 -0.048227
vn -0.457789 -0.843053 -0.282297
vn -0.199034 -0.889729 -0.410813
vn 0.076769 -0.860202 -0.504142
vn 0.213683 -0.817399 -0.534975
vn 0.840491 -0.539430 0.050896
vn 0.737634 -0.651530 0.177215
vn 0.900666 -0.331858 -0.280484
vn 0.719982 -0.259575 -0.643620
vn 0.394812 -0.360753 -0.844973
vn 0.216625 -0.442361 -0.870282
vn -0.523834 -0.508006 -0.683760
vn -0.996562 0.037065 -0.074099
vn -0.971876 -0.102458 -0.212037
vn -0.937426 0.213535 0.275018
vn -0.757094 0.140117 0.638104
vn -0.551538 -0.143722 0.821675
vn -0.451472 -0.313577 0.835370
vn 0.126627 -0.770523 0.624708
vn 0.454937 0.787537 0.415713
vn 0.489533 0.696121 0.525141
vn 0.357318 0.917904 0.172558
vn 0.229094 0.969653 -0.085377
vn 0.081249 0.938350 -0.336002
vn 0.003890 0.892117 -0.451789
vn -0.454939 -0.787536 -0.415714
vn -0.489537 -0.696118 -0.525141
vn -0.357318 -0.917904 -0.172558
vn -0.229094 -0.969653 0.085376
vn -0.081248 -0.938351 0.336000
vn -0.003886 -0.892118 0.451786
vn -0.270487 -0.436927 0.857865
vn -0.443040 -0.466118 0.765800
vn 0.123579 -0.433243 0.892765
vn 0.458618 -0.560511 0.689563
vn 0.556250 -0.750603 0.356624
vn 0.523758 -0.832672 0.179818
vn 0.283160 -0.788149 -0.546481
vn 0.018225 -0.002944 -0.999830
vn 0.064423 -0.194074 -0.978869
vn -0.182991 0.329644 -0.926202
vn -0.518599 0.455927 -0.723316
vn -0.809570 0.308903 -0.499175
vn -0.903352 0.170794 -0.393428
vn -0.925170 -0.331308 0.185191
vn 0.086232 0.886807 0.454024
vn -0.052317 0.865861 0.497541
vn 0.354817 0.871385 0.338812
vn 0.593012 0.781329 0.194580
vn 0.780416 0.624352 0.033684
vn 0.849846 0.524774 -0.048732
vn -0.086232 -0.886807 -0.454024
vn 0.052316 -0.865861 -0.497541
vn -0.354817 -0.871385 -0.338812
vn -0.593012 -0.781329 -0.194580
vn -0.780416 -0.624353 -0.033682
vn -0.849844 -0.524776 0.048734
vn -0.921877 0.371186 -0.111195
vn -0.901805 0.312148 -0.298850
vn -0.898321 0.336704 0.282221
vn -0.820791 0.051175 0.568932
vn -0.730405 -0.333006 0.596335
vn -0.677815 -0.511040 0.528588
vn -0.190854 -0.969425 0.154240
vn 0.661702 -0.729296 -0.174003
vn 0.511314 -0.849627 -0.129198
vn 0.837041 -0.421053 -0.349395
vn 0.758927 -0.136327 -0.636746
vn 0.469147 -0.026599 -0.882719
vn 0.286326 -0.027819 -0.957728
vn -0.471287 0.058031 -0.880069
vn 0.366359 0.910281 0.192792
vn 0.306581 0.949643 0.064708
vn 0.461137 0.774038 0.433841
vn 0.516418 0.571500 0.637731
vn 0.527467 0.320011 0.787001
vn 0.515957 0.182528 0.836942
vn -0.366359 -0.910281 -0.192792
vn -0.306581 -0.949643 -0.064707
vn -0.461137 -0.774038 -0.433841
vn -0.516418 -0.571499 -0.637731
vn -0.527468 -0.320011 -0.787001
vn -0.515958 -0.182527 -0.836941
vn 0.577146 0.061769 -0.814302
vn 0.631722 -0.121938 -0.765545
vn 0.322031 0.357675 -0.876564
vn -0.083962 0.422864 -0.902295
vn -0.424437 0.222908 -0.877590
vn -0.539344 0.066729 -0.839437
vn -0.806652 -0.468453 -0.360368
vn -0.636302 -0.522944 0.567141
vn -0.720510 -0.570236 0.394584
vn -0.335963 -0.466289 0.818354
vn 0.069897 -0.532516 0.843529
vn 0.365035 -0.686007 0.629399
vn 0.450330 -0.760670 0.467530
vn 0.656093 -0.705240 -0.268662
vn 0.521790 0.724167 0.450907
vn 0.639570 0.640607 0.424940
vn 0.255308 0.843053 0.473370
vn -0.033039 0.889730 0.455291
vn -0.318556 0.860202 0.398215
vn -0.452545 0.817398 0.356460
vn -0.521787 -0.724169 -0.450908
vn -0.639565 -0.640610 -0.424941
vn -0.255308 -0.843053 -0.473371
vn 0.033038 -0.889729 -0.455291
vn 0.318555 -0.860202 -0.398216
vn 0.452542 -0.817399 -0.356461
vn 0.702439 -0.539430 0.464323
vn 0.550202 -0.651530 0.522289
vn 0.920242 -0.331857 0.207427
vn 0.945333 -0.259574 -0.197401
vn 0.764404 -0.360753 -0.534362
vn 0.622743 -0.442362 -0.645374
vn -0.111774 -0.508009 -0.854068
vn -0.825999 0.037064 -0.562452
vn -0.735651 -0.102460 -0.669567
vn -0.949344 0.213534 -0.230540
vn -0.974714 0.140119 0.174068
vn -0.888483 -0.143720 0.435824
vn -0.808671 -0.313576 0.497717
vn -0.202695 -0.770527 0.604320
vn 0.186130 0.787537 0.587487
vn 0.161377 0.696121 0.699552
vn 0.223167 0.917904 0.328098
vn 0.241090 0.969653 0.040608
vn 0.238365 0.938350 -0.250361
vn 0.229263 0.892116 -0.389316
vn -0.186132 -0.787536 -0.587488
vn -0.161381 -0.696119 -0.699553
vn -0.223167 -0.917904 -0.328099
vn -0.241090 -0.969653 -0.040609
vn -0.238363 -0.938351 0.250360
vn -0.229258 -0.892118 0.389315
vn -0.663182 -0.436923 0.607691
vn -0.766586 -0.466112 0.441685
vn -0.339360 -0.433241 0.834947
vn 0.052393 -0.560511 0.826488
vn 0.303414 -0.750604 0.586970
vn 0.363678 -0.832673 0.417605
vn 0.518465 -0.788149 -0.331686
vn 0.515697 -0.002945 -0.856766
vn 0.545225 -0.194075 -0.815515
vn 0.304627 0.329645 -0.893609
vn -0.087461 0.455933 -0.885706
vn -0.451520 0.308907 -0.837082
vn -0.585612 0.170795 -0.792394
vn -0.893817 -0.331306 -0.302204
vn -0.152333 0.886807 0.436312
vn -0.294078 0.865861 0.404725
vn 0.137875 0.871385 0.470828
vn 0.416273 0.781329 0.465017
vn 0.659019 0.624352 0.419379
vn 0.760354 0.524774 0.382720
vn 0.152332 -0.886807 -0.436312
vn 0.294078 -0.865861 -0.404725
vn -0.137875 -0.871385 -0.470828
vn -0.416273 -0.781329 -0.465018
vn -0.659018 -0.624353 -0.419378
vn -0.760353 -0.524776 -0.382718
vn -0.742771 0.371186 -0.557236
vn -0.631561 0.312147 -0.709714
vn -0.919080 0.336705 -0.204750
vn -0.995292 0.051175 0.082313
vn -0.930717 -0.333007 0.151235
vn -0.851299 -0.511040 0.118861
vn -0.242405 -0.969425 0.038149
vn 0.660053 -0.729296 0.180161
vn 0.507410 -0.849627 0.143768
vn 0.899597 -0.421052 0.115937
vn 0.975623 -0.136327 -0.171974
vn 0.847653 -0.026600 -0.529884
vn 0.726829 -0.027821 -0.686255
vn 0.031887 0.058026 -0.997806
vn 0.220880 0.910281 0.350143
vn 0.233153 0.949643 0.209329
vn 0.182436 0.774038 0.606286
vn 0.128365 0.571500 0.810500
vn 0.063299 0.320011 0.945297
vn 0.028360 0.182527 0.982792
vn -0.220881 -0.910281 -0.350142
vn -0.233153 -0.949643 -0.209328
vn -0.182436 -0.774038 -0.606286
vn -0.128365 -0.571499 -0.810501
vn -0.063299 -0.320012 -0.945296
vn -0.028361 -0.182530 -0.982791
vn 0.906973 0.061767 -0.416634
vn 0.929860 -0.121937 -0.347120
vn 0.717169 0.357671 -0.598114
vn 0.378436 0.422860 -0.823393
vn 0.071224 0.222904 -0.972235
vn -0.047364 0.066726 -0.996647
vn -0.518397 -0.468454 -0.715413
vn -0.834624 -0.522944 0.173007
vn -0.821272 -0.570236 -0.018536
vn -0.700130 -0.466288 0.540735
vn -0.361231 -0.532513 0.765469
vn 0.001430 -0.686006 0.727595
vn 0.156231 -0.760671 0.630056
vn 0.702525 -0.705239 0.095379
vn 0.226429 0.724168 0.651391
vn 0.341413 0.640608 0.687792
vn -0.015582 0.843053 0.537605
vn -0.256257 0.889730 0.377774
vn -0.474985 0.860202 0.185586
vn -0.570145 0.817398 0.082431
vn -0.226427 -0.724169 -0.651391
vn -0.341409 -0.640610 -0.687792
vn 0.015582 -0.843053 -0.537605
vn 0.256257 -0.889729 -0.377775
vn 0.474984 -0.860202 -0.185587
vn 0.570144 -0.817399 -0.082433
vn 0.376168 -0.539429 0.753335
vn 0.215344 -0.651530 0.727417
vn 0.693239 -0.331857 0.639758
vn 0.917383 -0.259573 0.301712
vn 0.929175 -0.360751 -0.080569
vn 0.861999 -0.442359 -0.247539
vn 0.330236 -0.508008 -0.795533
vn -0.434109 0.037067 -0.900097
vn -0.302308 -0.102457 -0.947688
vn -0.706886 0.213535 -0.674326
vn -0.931161 0.140117 -0.336611
vn -0.987361 -0.143721 -0.066807
vn -0.949188 -0.313575 0.026701
vn -0.477701 -0.770523 0.422014
vn -0.132551 0.787537 0.601843
vn -0.210020 0.696120 0.686519
vn 0.029220 0.917904 0.395725
vn 0.188486 0.969653 0.155713
vn 0.331611 0.938350 -0.097637
vn 0.393206 0.892116 -0.222525
vn 0.132549 -0.787536 -0.601845
vn 0.210017 -0.696119 -0.686521
vn -0.029219 -0.917904 -0.395725
vn -0.188485 -0.969653 -0.155713
vn -0.331608 -0.938351 0.097637
vn -0.393201 -0.892118 0.222527
vn -0.878178 -0.436922 0.194685
vn -0.884725 -0.466113 -0.000782
vn -0.711368 -0.433240 0.553406
vn -0.367870 -0.560511 0.741956
vn -0.030722 -0.750605 0.660036
vn 0.106151 -0.832674 0.543494
vn 0.614847 -0.788148 -0.028015
vn 0.874990 -0.002945 -0.484132
vn 0.879937 -0.194074 -0.433644
vn 0.710619 0.329642 -0.621576
vn 0.367110 0.455927 -0.810777
vn 0.027514 0.308902 -0.950696
vn -0.110956 0.170791 -0.979040
vn -0.622966 -0.331306 -0.708625
vn -0.350080 0.886807 0.301691
vn -0.457042 0.865861 0.203463
vn -0.116011 0.871385 0.476686
vn 0.127995 0.781329 0.610853
vn 0.361037 0.624353 0.692702
vn 0.467126 0.524775 0.711622
vn 0.350080 -0.886807 -0.301691
vn 0.457041 -0.865861 -0.203463
vn 0.116011 -0.871385 -0.476687
vn -0.127995 -0.781329 -0.610854
vn -0.361038 -0.624353 -0.692701
vn -0.467127 -0.524776 -0.711620
vn -0.364641 0.371186 -0.853966
vn -0.192091 0.312147 -0.930411
vn -0.693572 0.336706 -0.636858
vn -0.903105 0.051176 -0.426359
vn -0.881643 -0.333007 -0.334384
vn -0.796677 -0.511040 -0.322713
vn -0.229003 -0.969425 -0.088165
vn 0.481542 -0.729295 0.486052
vn 0.367545 -0.849626 0.378214
vn 0.721104 -0.421051 0.550204
vn 0.930901 -0.136327 0.338878
vn 0.999031 -0.026601 -0.035067
vn 0.972580 -0.027821 -0.230899
vn 0.526517 0.058027 -0.848182
vn 0.016217 0.910281 0.413673
vn 0.097252 0.949643 0.297860
vn -0.145149 0.774038 0.616277
vn -0.294083 0.571499 0.766096
vn -0.417830 0.320011 0.850301
vn -0.466835 0.182528 0.865303
vn -0.016217 -0.910281 -0.413672
vn -0.097253 -0.949643 -0.297860
vn 0.145149 -0.774038 -0.616277
vn 0.294083 -0.571499 -0.766096
vn 0.417829 -0.320012 -0.850300
vn 0.466834 -0.182529 -0.865303
vn 0.993779 0.061767 0.092671
vn 0.978842 -0.121938 0.164315
vn 0.920143 0.357673 -0.159397
vn 0.739430 0.422864 -0.523861
vn 0.547796 0.222909 -0.806369
vn 0.457301 0.066731 -0.886805
vn -0.091239 -0.468452 -0.878765
vn -0.809311 -0.522941 -0.267484
vn -0.701976 -0.570233 -0.426689
vn -0.876699 -0.466285 0.118226
vn -0.695570 -0.532512 0.482300
vn -0.362559 -0.686006 0.630830
vn -0.179728 -0.760671 0.623760
vn 0.560715 -0.705241 0.433859
vn -0.129602 0.724168 0.677336
vn -0.048224 0.640607 0.766353
vn -0.282297 0.843053 0.457789
vn -0.410813 0.889730 0.199033
vn -0.504142 0.860201 -0.076770
vn -0.534976 0.817398 -0.213685
vn 0.129604 -0.724169 -0.677335
vn 0.048227 -0.640610 -0.766350
vn 0.282297 -0.843053 -0.457789
vn 0.410813 -0.889729 -0.199034
vn 0.504142 -0.860202 0.076769
vn 0.534975 -0.817399 0.213683
vn -0.050896 -0.539430 0.840491
vn -0.177215 -0.651530 0.737634
vn 0.280484 -0.331858 0.900666
vn 0.643620 -0.259575 0.719982
vn 0.844973 -0.360753 0.394812
vn 0.870282 -0.442361 0.216625
vn 0.683760 -0.508006 -0.523834
vn 0.074099 0.037065 -0.996562
vn 0.212037 -0.102458 -0.971876
vn -0.275018 0.213535 -0.937426
vn -0.638104 0.140117 -0.757094
vn -0.821675 -0.143722 -0.551538
vn -0.835370 -0.313577 -0.451472
vn -0.624708 -0.770523 0.126627
vn -0.415713 0.787537 0.454937
vn -0.525141 0.696121 0.489533
vn -0.172558 0.917904 0.357318
vn 0.085377 0.969653 0.229094
vn 0.336002 0.938350 0.081249
vn 0.451789 0.892117 0.003890
vn 0.415714 -0.787536 -0.454939
vn 0.525141 -0.696118 -0.489537
vn 0.172558 -0.917904 -0.357318
vn -0.085376 -0.969653 -0.229094
vn -0.336000 -0.938351 -0.081248
vn -0.451786 -0.892118 -0.003886
vn -0.857865 -0.436927 -0.270487
vn -0.765800 -0.466118 -0.443040
vn -0.892765 -0.433243 0.123579
vn -0.689563 -0.560511 0.458618
vn -0.356624 -0.750603 0.556250
vn -0.179818 -0.832672 0.523758
vn 0.546481 -0.788149 0.283160
vn 0.999830 -0.002944 0.018225
vn 0.978869 -0.194074 0.064423
vn 0.926202 0.329644 -0.182991
vn 0.723316 0.455927 -0.518599
vn 0.499175 0.308903 -0.809570
vn 0.393428 0.170794 -0.903352
vn -0.185191 -0.331308 -0.925170
vn -0.454024 0.886807 0.086232
vn -0.497541 0.865861 -0.052317
vn -0.338812 0.871385 0.354817
vn -0.194580 0.781329 0.593012
vn -0.033684 0.624352 0.780416
vn 0.048732 0.524774 0.849846
vn 0.454024 -0.886807 -0.086232
vn 0.497541 -0.865861 0.052316
vn 0.338812 -0.871385 -0.354817
vn 0.194580 -0.781329 -0.593012
vn 0.033682 -0.624353 -0.780416
vn -0.048734 -0.524776 -0.849844
vn 0.111195 0.371186 -0.921877
vn 0.298850 0.312148 -0.901805
vn -0.282221 0.336704 -0.898321
vn -0.568932 0.051175 -0.820791
vn -0.596335 -0.333006 -0.730405
vn -0.528588 -0.511040 -0.677815
vn -0.154240 -0.969425 -0.190854
vn 0.174003 -0.729296 0.661702
vn 0.129198 -0.849627 0.511314
vn 0.349395 -0.421053 0.837041
vn 0.636746 -0.136327 0.758927
vn 0.882719 -0.026599 0.469147
vn 0.957728 -0.027819 0.286326
vn 0.880069 0.058031 -0.471287
vn -0.192792 0.910281 0.366359
vn -0.064708 0.949643 0.306581
vn -0.433841 0.774038 0.461137
vn -0.637731 0.571500 0.516418
vn -0.787001 0.320011 0.527467
vn -0.836942 0.182528 0.515957
vn 0.192792 -0.910281 -0.366359
vn 0.064707 -0.949643 -0.306581
vn 0.433841 -0.774038 -0.461137
vn 0.637731 -0.571499 -0.516418
vn 0.787001 -0.320011 -0.527468
vn 0.836941 -0.182527 -0.515958
vn 0.814302 0.061769 0.577146
vn 0.765545 -0.121938 0.631722
vn 0.876564 0.357675 0.322031
vn 0.902295 0.422864 -0.083962
vn 0.877590 0.222908 -0.424437
vn 0.839437 0.066729 -0.539344
vn 0.360368 -0.468453 -0.806652
vn -0.567141 -0.522944 -0.636302
vn -0.394584 -0.570236 -0.720510
vn -0.818354 -0.466289 -0.335963
vn -0.843529 -0.532516 0.069897
vn -0.629399 -0.686007 0.365035
vn -0.467530 -0.760670 0.450330
vn 0.268662 -0.705240 0.656093
vn -0.450907 0.724167 0.521790
vn -0.424940 0.640607 0.639570
vn -0.473370 0.843053 0.255308
vn -0.455291 0.889730 -0.033039
vn -0.398215 0.860202 -0.318556
vn -0.356460 0.817398 -0.452545
vn 0.450908 -0.724169 -0.521787
vn 0.424941 -0.640610 -0.639565
vn 0.473371 -0.843053 -0.255308
vn 0.455291 -0.889729 0.033038
vn 0.398216 -0.860202 0.318555
vn 0.356461 -0.817399 0.452542
vn -0.464323 -0.539430 0.702439
vn -0.522289 -0.651530 0.550202
vn -0.207427 -0.331857 0.920242
vn 0.197401 -0.259574 0.945333
vn 0.534362 -0.360753 0.764404
vn 0.645374 -0.442362 0.622743
vn 0.854068 -0.508009 -0.111774
vn 0.562452 0.037064 -0.825999
vn 0.669567 -0.102460 -0.735651
vn 0.230541 0.213534 -0.949344
vn -0.174068 0.140119 -0.974714
vn -0.435824 -0.143720 -0.888483
vn -0.497717 -0.313576 -0.808671
vn -0.604320 -0.770527 -0.202695
vn -0.587487 0.787537 0.186130
vn -0.699552 0.696121 0.161377
vn -0.328098 0.917904 0.223167
vn -0.040608 0.969653 0.241090
vn 0.250361 0.938350 0.238365
vn 0.389316 0.892116 0.229263
vn 0.587488 -0.787536 -0.186132
vn 0.699553 -0.696119 -0.161381
vn 0.328099 -0.917904 -0.223167
vn 0.040609 -0.969653 -0.241090
vn -0.250360 -0.938351 -0.238363
vn -0.389315 -0.892118 -0.229258
vn -0.607691 -0.436923 -0.663182
vn -0.441685 -0.466112 -0.766586
vn -0.834947 -0.433241 -0.339360
vn -0.826488 -0.560511 0.052393
vn -0.586970 -0.750604 0.303414
vn -0.417605 -0.832673 0.363678
vn 0.331686 -0.788149 0.518465
vn 0.856766 -0.002945 0.515697
vn 0.815515 -0.194075 0.545225
vn 0.893609 0.329645 0.304627
vn 0.885707 0.455933 -0.087461
vn 0.837082 0.308907 -0.451520
vn 0.792394 0.170795 -0.585612
vn 0.302204 -0.331306 -0.893817
vn -0.436312 0.886807 -0.152333
vn -0.404725 0.865861 -0.294078
vn -0.470828 0.871385 0.137875
vn -0.465017 0.781329 0.416273
vn -0.419379 0.624352 0.659019
vn -0.382720 0.524774 0.760354
vn 0.436312 -0.886807 0.152332
vn 0.404725 -0.865861 0.294078
vn 0.470828 -0.871385 -0.137875
vn 0.465018 -0.781329 -0.416273
vn 0.419378 -0.624353 -0.659018
vn 0.382718 -0.524776 -0.760353
vn 0.557236 0.371186 -0.742771
vn 0.709714 0.312147 -0.631561
vn 0.204750 0.336705 -0.919080
vn -0.082313 0.051175 -0.995292
vn -0.151235 -0.333007 -0.930717
vn -0.118861 -0.511040 -0.851299
vn -0.038149 -0.969425 -0.242405
vn -0.180161 -0.729296 0.660053
vn -0.143768 -0.849627 0.507410
vn -0.115937 -0.421052 0.899597
vn 0.171974 -0.136327 0.975623
vn 0.529884 -0.026600 0.847653
vn 0.686255 -0.027821 0.726829
vn 0.997806 0.058026 0.031887
vn -0.350143 0.910281 0.220880
vn -0.209329 0.949643 0.233153
vn -0.606286 0.774038 0.182436
vn -0.810500 0.571500 0.128365
vn -0.945297 0.320011 0.063299
vn -0.982792 0.182527 0.028360
vn 0.350142 -0.910281 -0.220881
vn 0.209328 -0.949643 -0.233153
vn 0.606286 -0.774038 -0.182436
vn 0.810501 -0.571499 -0.128365
vn 0.945296 -0.320012 -0.063299
vn 0.982791 -0.182530 -0.028361
vn 0.416634 0.061767 0.906973
vn 0.347120 -0.121937 0.929860
vn 0.598114 0.357671 0.717169
vn 0.823393 0.422860 0.378436
vn 0.972235 0.222904 0.071224
vn 0.996647 0.066726 -0.047364
vn 0.715413 -0.468454 -0.518397
vn -0.173007 -0.522944 -0.834624
vn 0.018536 -0.570236 -0.821272
vn -0.540735 -0.466288 -0.700130
vn -0.765469 -0.532513 -0.361231
vn -0.727595 -0.686006 0.001430
vn -0.630056 -0.760671 0.156231
vn -0.095379 -0.705239 0.702525
vn -0.651391 0.724168 0.226429
vn -0.687792 0.640608 0.341413
vn -0.537605 0.843053 -0.015582
vn -0.377774 0.889730 -0.256257
vn -0.185586 0.860202 -0.474985
vn -0.082431 0.817398 -0.570145
vn 0.651391 -0.724169 -0.226427
vn 0.687792 -0.640610 -0.341409
vn 0.537605 -0.843053 0.015582
vn 0.377775 -0.889730 0.256257
vn 0.185587 -0.860202 0.474984
vn 0.082433 -0.817399 0.570144
vn -0.753335 -0.539429 0.376168
vn -0.727417 -0.651530 0.215344
vn -0.639758 -0.331857 0.693239
vn -0.301712 -0.259573 0.917383
vn 0.080569 -0.360751 0.929175
vn 0.247539 -0.442359 0.861999
vn 0.795533 -0.508008 0.330236
vn 0.900097 0.037067 -0.434109
vn 0.947688 -0.102457 -0.302308
vn 0.674326 0.213535 -0.706886
vn 0.336611 0.140117 -0.931161
vn 0.066807 -0.143721 -0.987361
vn -0.026701 -0.313575 -0.949188
vn -0.422014 -0.770523 -0.477701
vn -0.601843 0.787537 -0.132551
vn -0.686519 0.696120 -0.210020
vn -0.395725 0.917904 0.029220
vn -0.155713 0.969653 0.188486
vn 0.097637 0.938350 0.331611
vn 0.222525 0.892116 0.393206
vn 0.601845 -0.787536 0.132549
vn 0.686521 -0.696119 0.210017
vn 0.395725 -0.917904 -0.029219
vn 0.155713 -0.969653 -0.188485
vn -0.097637 -0.938351 -0.331608
vn -0.222527 -0.892118 -0.393201
vn -0.194685 -0.436922 -0.878178
vn 0.000782 -0.466113 -0.884725
vn -0.553406 -0.433240 -0.711368
vn -0.741956 -0.560511 -0.367870
vn -0.660036 -0.750605 -0.030722
vn -0.543494 -0.832674 0.106151
vn 0.028015 -0.788148 0.614847
vn 0.484132 -0.002945 0.874990
vn 0.433644 -0.194074 0.879937
vn 0.621576 0.329642 0.710619
vn 0.810777 0.455927 0.367110
vn 0.950696 0.308902 0.027514
vn 0.979040 0.170791 -0.110956
vn 0.708625 -0.331306 -0.622966
vn -0.301691 0.886807 -0.350080
vn -0.203463 0.865861 -0.457042
vn -0.476686 0.871385 -0.116011
vn -0.610853 0.781329 0.127995
vn -0.692702 0.624353 0.361037
vn -0.711622 0.524775 0.467126
vn 0.301691 -0.886807 0.350080
vn 0.203463 -0.865861 0.457042
vn 0.476687 -0.871385 0.116011
vn 0.610854 -0.781329 -0.127995
vn 0.692701 -0.624353 -0.361038
vn 0.711620 -0.524776 -0.467127
vn 0.853966 0.371186 -0.364641
vn 0.930411 0.312147 -0.192091
vn 0.636858 0.336706 -0.693572
vn 0.426359 0.051176 -0.903105
vn 0.334384 -0.333007 -0.881643
vn 0.322713 -0.511040 -0.796677
vn 0.088165 -0.969425 -0.229003
vn -0.486052 -0.729295 0.481542
vn -0.378214 -0.849626 0.367545
vn -0.550204 -0.421051 0.721104
vn -0.338878 -0.136327 0.930901
vn 0.035067 -0.026601 0.999031
vn 0.230899 -0.027821 0.972580
vn 0.848182 0.058027 0.526517
vn -0.413673 0.910281 0.016217
vn -0.297860 0.949643 0.097252
vn -0.616277 0.774038 -0.145149
vn -0.766096 0.571499 -0.294083
vn -0.850301 0.320011 -0.417830
vn -0.865303 0.182528 -0.466835
vn 0.413672 -0.910281 -0.016217
vn 0.297860 -0.949643 -0.097253
vn 0.616277 -0.774038 0.145149
vn 0.766096 -0.571499 0.294083
vn 0.850300 -0.320012 0.417829
vn 0.865303 -0.182529 0.466834
vn -0.092671 0.061767 0.993779
vn -0.164315 -0.121938 0.978842
vn 0.159397 0.357673 0.920143
vn 0.523861 0.422864 0.739430
vn 0.806369 0.222909 0.547796
vn 0.886805 0.066731 0.457301
vn 0.878765 -0.468452 -0.091239
vn 0.267484 -0.522941 -0.809311
vn 0.426689 -0.570233 -0.701976
vn -0.118226 -0.466285 -0.876699
vn -0.482300 -0.532512 -0.695570
vn -0.630830 -0.686006 -0.362559
vn -0.623760 -0.760671 -0.179728
vn -0.433859 -0.705241 0.560715
vn -0.677336 0.724168 -0.129602
vn -0.766353 0.640607 -0.048224
vn -0.457789 0.843053 -0.282297
vn -0.199033 0.889730 -0.410813
vn 0.076770 0.860202 -0.504143
vn 0.213685 0.817398 -0.534976
vn 0.677335 -0.724169 0.129604
vn 0.766350 -0.640610 0.048227
vn 0.457789 -0.843053 0.282297
vn 0.199034 -0.889729 0.410813
vn -0.076769 -0.860202 0.504142
vn -0.213683 -0.817399 0.534975
vn -0.840491 -0.539430 -0.050896
vn -0.737634 -0.651530 -0.177215
vn -0.900666 -0.331858 0.280484
vn -0.719982 -0.259575 0.643620
vn -0.394812 -0.360753 0.844973
vn -0.216625 -0.442361 0.870282
vn 0.523834 -0.508006 0.683760
vn 0.996562 0.037065 0.074099
vn 0.971876 -0.102458 0.212037
vn 0.937426 0.213535 -0.275018
vn 0.757094 0.140117 -0.638104
vn 0.551538 -0.143722 -0.821675
vn 0.451472 -0.313577 -0.835370
vn -0.126627 -0.770523 -0.624708
vn -0.454937 0.787537 -0.415713
vn -0.489533 0.696121 -0.525141
vn -0.357318 0.917904 -0.172558
vn -0.229094 0.969653 0.085377
vn -0.081249 0.938350 0.336002
vn -0.003890 0.892117 0.451789
vn 0.454939 -0.787536 0.415714
vn 0.489537 -0.696118 0.525141
vn 0.357318 -0.917904 0.172558
vn 0.229094 -0.969653 -0.085376
vn 0.081248 -0.938351 -0.336000
vn 0.003886 -0.892118 -0.451786
vn 0.270487 -0.436927 -0.857865
vn 0.443040 -0.466118 -0.765800
vn -0.123579 -0.433243 -0.892765
vn -0.458618 -0.560511 -0.689563
vn -0.556250 -0.750603 -0.356624
vn -0.523758 -0.832672 -0.179818
vn -0.283160 -0.788149 0.546481
vn -0.018225 -0.002944 0.999830
vn -0.064423 -0.194074 0.978869
vn 0.182991 0.329644 0.926202
vn 0.518599 0.455927 0.723316
vn 0.809570 0.308903 0.499175
vn 0.903352 0.170794 0.393428
vn 0.925170 -0.331308 -0.185191
vn -0.086232 0.886807 -0.454024
vn 0.052317 0.865861 -0.497541
vn -0.354817 0.871385 -0.338812
vn -0.593012 0.781329 -0.194580
vn -0.780416 0.624352 -0.033684
vn -0.849846 0.524774 0.048732
vn 0.086232 -0.886807 0.454024
vn -0.052316 -0.865861 0.497541
vn 0.354817 -0.871385 0.338812
vn 0.593012 -0.781329 0.194580
vn 0.780416 -0.624353 0.033682
vn 0.849844 -0.524776 -0.048734
vn 0.921877 0.371186 0.111195
vn 0.901805 0.312148 0.298850
vn 0.898321 0.336704 -0.282221
vn 0.820791 0.051175 -0.568932
vn 0.730405 -0.333006 -0.596335
vn 0.677815 -0.511040 -0.528588
vn 0.190854 -0.969425 -0.154240
vn -0.661702 -0.729296 0.174003
vn -0.511314 -0.849627 0.129198
vn -0.837041 -0.421053 0.349395
vn -0.758927 -0.136327 0.636746
vn -0.469147 -0.026599 0.882719
vn -0.286326 -0.027819 0.957728
vn 0.471287 0.058031 0.880069
vn -0.366359 0.910281 -0.192792
vn -0.306581 0.949643 -0.064708
vn -0.461137 0.774038 -0.433841
vn -0.516418 0.571500 -0.637731
vn -0.527467 0.320011 -0.787001
vn -0.515957 0.182528 -0.836942
vn 0.366359 -0.910281 0.192792
vn 0.306581 -0.949643 0.064707
vn 0.461137 -0.774038 0.433841
vn 0.516418 -0.571499 0.637731
vn 0.527468 -0.320011 0.787001
vn 0.515958 -0.182527 0.836941
vn -0.543495 -0.070784 0.836423
vn -0.603213 -0.242965 0.759673
vn -0.280895 0.207495 0.937040
vn 0.126892 0.262951 0.956428
vn 0.462515 0.066366 0.884124
vn 0.573031 -0.082339 0.815387
vn 0.811713 -0.531514 0.242105
vn 0.604093 -0.426219 -0.673357
vn 0.694162 -0.502977 -0.514930
vn 0.295168 -0.324550 -0.898634
vn -0.112483 -0.381120 -0.917657
vn -0.401666 -0.565435 -0.720380
vn -0.481851 -0.665505 -0.570021
vn -0.657494 -0.733354 0.172897
vn -0.526119 0.795743 -0.299985
vn -0.644257 0.710284 -0.283601
vn -0.258652 0.913798 -0.313165
vn 0.030969 0.953587 -0.299522
vn 0.317937 0.911701 -0.260225
vn 0.452678 0.860983 -0.231929
vn 0.526120 -0.795743 0.299985
vn 0.644257 -0.710284 0.283601
vn 0.258653 -0.913798 0.313165
vn -0.030968 -0.953587 0.299522
vn -0.317937 -0.911701 0.260225
vn -0.452678 -0.860983 0.231929
vn -0.729651 -0.445274 -0.518979
vn -0.581832 -0.547595 -0.601341
vn -0.933454 -0.281851 -0.221863
vn -0.941320 -0.278924 0.190048
vn -0.749117 -0.437698 0.497237
vn -0.604678 -0.538475 0.586863
vn 0.136190 -0.646554 0.750613
vn 0.848001 -0.067782 0.525642
vn 0.759462 -0.222442 0.611341
vn 0.961329 0.161013 0.223432
vn 0.969460 0.156934 -0.188464
vn 0.867960 -0.077496 -0.490551
vn 0.782761 -0.233527 -0.576845
vn 0.165009 -0.659171 -0.733666
vn -0.195015 0.877666 -0.437803
vn -0.176321 0.806292 -0.564627
vn -0.219496 0.962601 -0.158812
vn -0.225178 0.965089 0.133782
vn -0.211573 0.884918 0.414918
vn -0.197841 0.815716 0.543568
vn 0.195013 -0.877667 0.437802
vn 0.176318 -0.806294 0.564625
vn 0.219496 -0.962601 0.158812
vn 0.225178 -0.965089 -0.133782
vn 0.211574 -0.884919 -0.414916
vn 0.197841 -0.815717 -0.543566
vn 0.630886 -0.334866 -0.699891
vn 0.740198 -0.392891 -0.545658
vn 0.298497 -0.289195 -0.909542
vn -0.094830 -0.411775 -0.906338
vn -0.339592 -0.636949 -0.692079
vn -0.394606 -0.745862 -0.536634
vn -0.518984 -0.827246 0.215222
vn -0.481587 -0.142423 0.864748
vn -0.516118 -0.323465 0.793091
vn -0.263334 0.176785 0.948368
vn 0.130327 0.298293 0.945535
vn 0.489511 0.157671 0.857624
vn 0.619259 0.027675 0.784699
vn 0.898954 -0.387461 0.204342
vn 0.150846 0.946189 -0.286308
vn 0.293327 0.918648 -0.264659
vn -0.140723 0.940006 -0.310782
vn -0.420238 0.853313 -0.308638
vn -0.663761 0.693533 -0.280059
vn -0.765335 0.590297 -0.256537
vn -0.150846 -0.946189 0.286308
vn -0.293326 -0.918649 0.264659
vn 0.140723 -0.940006 0.310782
vn 0.420239 -0.853312 0.308638
vn 0.663761 -0.693533 0.280059
vn 0.765335 -0.590297 0.256537
vn 0.770602 0.263281 0.580393
vn 0.664438 0.180479 0.725224
vn 0.932274 0.287096 0.220094
vn 0.992040 0.053512 -0.113983
vn 0.917969 -0.312711 -0.244019
vn 0.836724 -0.492778 -0.238878
vn 0.223404 -0.951535 -0.211356
vn -0.679519 -0.680984 -0.272974
vn -0.527734 -0.807398 -0.263828
vn -0.910821 -0.385479 -0.147686
vn -0.970383 -0.152832 0.187080
vn -0.826507 -0.106729 0.552717
vn -0.699671 -0.135741 0.701452
vn 0.008402 -0.111509 0.993728
vn -0.218215 0.958798 -0.181902
vn -0.224240 0.973866 -0.036076
vn -0.192303 0.867507 -0.458749
vn -0.149921 0.701915 -0.696304
vn -0.094698 0.476204 -0.874221
vn -0.063717 0.346687 -0.935814
vn 0.218215 -0.958798 0.181903
vn 0.224240 -0.973866 0.036079
vn 0.192303 -0.867508 0.458749
vn 0.149920 -0.701915 0.696304
vn 0.094698 -0.476204 0.874221
vn 0.063717 -0.346686 0.935815
vn -0.963434 -0.070783 -0.258426
vn -0.908894 -0.242964 -0.338939
vn -0.977979 0.207494 0.022414
vn -0.870406 0.262951 0.416234
vn -0.697927 0.066366 0.713087
vn -0.598403 -0.082339 0.796953
vn 0.020578 -0.531514 0.846800
vn 0.827074 -0.426221 0.366447
vn 0.704235 -0.502979 0.501065
vn 0.945863 -0.324551 0.003028
vn 0.837984 -0.381121 -0.390549
vn 0.561000 -0.565436 -0.604616
vn 0.393221 -0.665506 -0.634412
vn -0.367610 -0.733354 -0.571886
vn 0.122723 0.795743 -0.593070
vn 0.070635 0.710284 -0.700363
vn 0.217909 0.913798 -0.342766
vn 0.294432 0.953587 -0.063104
vn 0.345737 0.911701 0.221962
vn 0.360463 0.860983 0.358852
vn -0.122723 -0.795743 0.593070
vn -0.070635 -0.710284 0.700362
vn -0.217910 -0.913798 0.342766
vn -0.294432 -0.953587 0.063105
vn -0.345737 -0.911701 -0.221962
vn -0.360463 -0.860983 -0.358852
vn 0.268103 -0.445276 -0.854313
vn 0.392113 -0.547597 -0.739179
vn -0.077449 -0.281852 -0.956327
vn -0.471630 -0.278925 -0.836520
vn -0.704391 -0.437697 -0.558798
vn -0.744997 -0.538475 -0.393732
vn -0.671790 -0.646555 0.361477
vn -0.237868 -0.067782 0.968929
vn -0.346733 -0.222443 0.911206
vn 0.084570 0.161013 0.983322
vn 0.478819 0.156933 0.863773
vn 0.734756 -0.077497 0.673891
vn 0.790498 -0.233528 0.566195
vn 0.748748 -0.659172 -0.069783
vn 0.356112 0.877666 -0.320759
vn 0.482506 0.806293 -0.342170
vn 0.083211 0.962601 -0.257829
vn -0.196818 0.965089 -0.172816
vn -0.459990 0.884918 -0.073002
vn -0.578100 0.815716 -0.020186
vn -0.356112 -0.877667 0.320757
vn -0.482505 -0.806294 0.342167
vn -0.083211 -0.962601 0.257828
vn 0.196818 -0.965089 0.172816
vn 0.459989 -0.884919 0.073002
vn 0.578098 -0.815717 0.020186
vn 0.860591 -0.334864 0.383731
vn 0.747687 -0.392889 0.535353
vn 0.957266 -0.289195 0.002824
vn 0.832674 -0.411777 -0.370262
vn 0.553267 -0.636950 -0.536834
vn 0.388429 -0.745862 -0.541121
vn -0.365063 -0.827245 -0.427076
vn -0.971243 -0.142423 -0.190794
vn -0.913763 -0.323464 -0.245779
vn -0.983326 0.176785 0.042617
vn -0.858983 0.298294 0.416135
vn -0.664381 0.157672 0.730573
vn -0.554931 0.027675 0.831436
vn 0.083451 -0.387458 0.918102
vn 0.318909 0.946189 0.054989
vn 0.342348 0.918648 0.197187
vn 0.252086 0.940006 -0.229872
vn 0.163671 0.853312 -0.495045
vn 0.061238 0.693533 -0.717817
vn 0.007480 0.590297 -0.807152
vn -0.318909 -0.946189 -0.054989
vn -0.342348 -0.918649 -0.197186
vn -0.252086 -0.940006 0.229872
vn -0.163671 -0.853312 0.495045
vn -0.061238 -0.693533 0.717817
vn -0.007479 -0.590297 0.807151
vn -0.313857 0.263281 0.912237
vn -0.484406 0.180478 0.856025
vn 0.078767 0.287096 0.954658
vn 0.414962 0.053512 0.908264
vn 0.515744 -0.312711 0.797634
vn 0.485749 -0.492778 0.721954
vn 0.270047 -0.951535 0.147157
vn 0.049631 -0.680983 -0.730615
vn 0.087837 -0.807397 -0.583433
vn -0.141001 -0.385479 -0.911880
vn -0.477788 -0.152832 -0.865078
vn -0.781069 -0.106729 -0.615256
vn -0.883331 -0.135741 -0.448666
vn -0.942495 -0.111509 0.315070
vn 0.105567 0.958798 -0.263746
vn -0.034983 0.973866 -0.224413
vn 0.376871 0.867507 -0.324652
vn 0.615897 0.701915 -0.357753
vn 0.802170 0.476204 -0.360212
vn 0.870323 0.346687 -0.349781
vn -0.105568 -0.958798 0.263746
vn 0.034980 -0.973866 0.224414
vn -0.376871 -0.867508 0.324652
vn -0.615897 -0.701915 0.357753
vn -0.802171 -0.476204 0.360212
vn -0.870323 -0.346686 0.349781
vn -0.051940 -0.070783 -0.996139
vn 0.041486 -0.242964 -0.969148
vn -0.323529 0.207495 -0.923187
vn -0.664832 0.262950 -0.699182
vn -0.893857 0.066364 -0.443413
vn -0.942864 -0.082340 -0.322844
vn -0.798995 -0.531514 0.281247
vn -0.092932 -0.426221 0.899833
vn -0.258921 -0.502979 0.824604
vn 0.289408 -0.324551 0.900505
vn 0.630386 -0.381121 0.676284
vn 0.748383 -0.565436 0.346706
vn 0.724874 -0.665506 0.177932
vn 0.430299 -0.733354 -0.526342
vn 0.601966 0.795743 -0.066552
vn 0.687911 0.710284 -0.149247
vn 0.393328 0.913798 0.101324
vn 0.151000 0.953587 0.260521
vn -0.104260 0.911701 0.397405
vn -0.229899 0.860983 0.453712
vn -0.601967 -0.795743 0.066552
vn -0.687911 -0.710284 0.149247
vn -0.393328 -0.913798 -0.101324
vn -0.151001 -0.953587 -0.260521
vn 0.104259 -0.911701 -0.397405
vn 0.229900 -0.860983 -0.453712
vn 0.895350 -0.445273 -0.009015
vn 0.824172 -0.547593 0.144504
vn 0.885589 -0.281849 -0.369179
vn 0.649837 -0.278924 -0.707046
vn 0.313779 -0.437697 -0.842594
vn 0.144245 -0.538475 -0.830204
vn -0.551380 -0.646554 -0.527208
vn -0.995012 -0.067782 0.073190
vn -0.973755 -0.222442 -0.048185
vn -0.909061 0.161014 0.384294
vn -0.673534 0.156933 0.722305
vn -0.413856 -0.077497 0.907038
vn -0.294206 -0.233527 0.926773
vn 0.297742 -0.659171 0.690539
vn 0.415104 0.877666 0.239563
vn 0.474526 0.806293 0.353154
vn 0.270923 0.962601 -0.000535
vn 0.103537 0.965089 -0.240588
vn -0.072716 0.884918 -0.460035
vn -0.159445 0.815716 -0.556043
vn -0.415102 -0.877667 -0.239563
vn -0.474522 -0.806294 -0.353154
vn -0.270923 -0.962601 0.000535
vn -0.103538 -0.965089 0.240588
vn 0.072715 -0.884919 0.460034
vn 0.159444 -0.815717 0.556042
vn -0.099012 -0.334866 0.937049
vn -0.278103 -0.392891 0.876524
vn 0.293125 -0.289196 0.911286
vn 0.609450 -0.411777 0.677503
vn 0.681528 -0.636950 0.360297
vn 0.634668 -0.745863 0.202203
vn 0.293363 -0.827246 -0.479169
vn -0.118675 -0.142424 -0.982666
vn -0.048620 -0.323465 -0.944990
vn -0.344396 0.176785 -0.922030
vn -0.661208 0.298293 -0.688349
vn -0.900122 0.157671 -0.406105
vn -0.962226 0.027675 -0.270844
vn -0.847379 -0.387459 0.363076
vn 0.046251 0.946189 0.320293
vn -0.081744 0.918648 0.386527
vn 0.296520 0.940006 0.168713
vn 0.521393 0.853312 0.002683
vn 0.701609 0.693533 -0.163577
vn 0.769958 0.590297 -0.242310
vn -0.046251 -0.946189 -0.320293
vn 0.081743 -0.918648 -0.386527
vn -0.296520 -0.940006 -0.168714
vn -0.521393 -0.853312 -0.002683
vn -0.701608 -0.693533 0.163577
vn -0.769958 -0.590297 0.242310
vn -0.964576 0.263281 -0.016599
vn -0.963818 0.180479 -0.196171
vn -0.883594 0.287096 0.369917
vn -0.735580 0.053512 0.675321
vn -0.599221 -0.312711 0.736984
vn -0.536515 -0.492778 0.685070
vn -0.056505 -0.951535 0.302304
vn 0.710193 -0.680983 -0.178570
vn 0.582021 -0.807397 -0.096752
vn 0.823677 -0.385479 -0.415886
vn 0.675094 -0.152832 -0.721728
vn 0.343779 -0.106729 -0.932966
vn 0.153742 -0.135741 -0.978743
vn -0.590896 -0.111509 -0.799004
vn 0.283459 0.958798 0.018898
vn 0.202619 0.973866 -0.102619
vn 0.425222 0.867507 0.258103
vn 0.530566 0.701915 0.475201
vn 0.590466 0.476204 0.651598
vn 0.601606 0.346687 0.719638
vn -0.283459 -0.958798 -0.018899
vn -0.202621 -0.973866 0.102616
vn -0.425222 -0.867508 -0.258103
vn -0.530565 -0.701915 -0.475201
vn -0.590466 -0.476204 -0.651598
vn -0.601606 -0.346686 -0.719638
vn 0.931334 -0.070782 -0.357221
vn 0.934534 -0.242964 -0.260027
vn 0.778028 0.207495 -0.592975
vn 0.459517 0.262951 -0.848352
vn 0.145492 0.066366 -0.987131
vn 0.015681 -0.082338 -0.996481
vn -0.514384 -0.531513 -0.672980
vn -0.884510 -0.426220 0.189680
vn -0.864257 -0.502978 0.008569
vn -0.766999 -0.324551 0.553515
vn -0.448384 -0.381124 0.808515
vn -0.098474 -0.565438 0.818891
vn 0.054775 -0.665506 0.744380
vn 0.633550 -0.733353 0.246590
vn 0.249313 0.795743 0.551939
vn 0.354518 0.710284 0.608123
vn 0.025180 0.913798 0.405388
vn -0.201109 0.953587 0.224115
vn -0.410173 0.911701 0.023648
vn -0.502548 0.860983 -0.078443
vn -0.249313 -0.795743 -0.551938
vn -0.354519 -0.710284 -0.608123
vn -0.025181 -0.913798 -0.405388
vn 0.201108 -0.953587 -0.224116
vn 0.410173 -0.911701 -0.023648
vn 0.502549 -0.860983 0.078443
vn 0.285252 -0.445277 0.848740
vn 0.117253 -0.547598 0.828485
vn 0.624772 -0.281853 0.728161
vn 0.873250 -0.278926 0.399542
vn 0.898317 -0.437698 0.038046
vn 0.834145 -0.538475 -0.119362
vn 0.331018 -0.646554 -0.687309
vn -0.377083 -0.067781 -0.923696
vn -0.255080 -0.222443 -0.940985
vn -0.646401 0.161014 -0.745815
vn -0.895086 0.156934 -0.417364
vn -0.990533 -0.077497 -0.113310
vn -0.972328 -0.233527 0.006582
vn -0.564733 -0.659172 0.496558
vn -0.099564 0.877666 0.468817
vn -0.189233 0.806292 0.560431
vn 0.084228 0.962601 0.257498
vn 0.260808 0.965089 0.024124
vn 0.415049 0.884918 -0.211316
vn 0.479558 0.815716 -0.323468
vn 0.099565 -0.877667 -0.468815
vn 0.189234 -0.806294 -0.560429
vn -0.084229 -0.962601 -0.257498
vn -0.260808 -0.965089 -0.024124
vn -0.415048 -0.884919 0.211315
vn -0.479557 -0.815717 0.323467
vn -0.921783 -0.334866 0.195397
vn -0.919563 -0.392890 0.006369
vn -0.776104 -0.289199 0.560381
vn -0.456013 -0.411779 0.788980
vn -0.132059 -0.636950 0.759510
vn 0.003817 -0.745862 0.666089
vn 0.546371 -0.827246 0.130933
vn 0.897898 -0.142423 -0.416527
vn 0.883715 -0.323465 -0.338257
vn 0.770478 0.176785 -0.612462
vn 0.450334 0.298294 -0.841558
vn 0.108075 0.157672 -0.981560
vn -0.039757 0.027676 -0.998826
vn -0.607160 -0.387460 -0.693709
vn -0.290324 0.946189 0.142963
vn -0.392869 0.918648 0.041700
vn -0.068826 0.940006 0.334143
vn 0.158567 0.853312 0.496703
vn 0.372380 0.693533 0.616721
vn 0.468381 0.590297 0.657396
vn 0.290325 -0.946189 -0.142963
vn 0.392869 -0.918649 -0.041701
vn 0.068826 -0.940006 -0.334143
vn -0.158567 -0.853312 -0.496703
vn -0.372380 -0.693533 -0.616721
vn -0.468381 -0.590297 -0.657396
vn -0.282284 0.263281 -0.922496
vn -0.111266 0.180479 -0.977265
vn -0.624857 0.287096 -0.726037
vn -0.869575 0.053512 -0.490893
vn -0.886083 -0.312711 -0.342153
vn -0.817333 -0.492778 -0.298557
vn -0.304969 -0.951535 0.039677
vn 0.389293 -0.680984 0.620252
vn 0.271872 -0.807398 0.523636
vn 0.650062 -0.385480 0.654848
vn 0.895019 -0.152832 0.419026
vn 0.993537 -0.106729 0.038651
vn 0.978349 -0.135741 -0.156230
vn 0.577301 -0.111509 -0.808882
vn 0.069621 0.958798 0.275425
vn 0.160209 0.973866 0.160991
vn -0.114069 0.867507 0.484168
vn -0.287989 0.701915 0.651443
vn -0.437242 0.476204 0.762921
vn -0.498509 0.346687 0.794541
vn -0.069620 -0.958798 -0.275426
vn -0.160207 -0.973866 -0.160994
vn 0.114069 -0.867508 -0.484168
vn 0.287989 -0.701915 -0.651443
vn 0.437242 -0.476203 -0.762922
vn 0.498510 -0.346686 -0.794542
vn 0.627536 -0.070784 0.775363
vn 0.536088 -0.242965 0.808441
vn 0.804377 0.207494 0.556708
vn 0.948829 0.262951 0.174872
vn 0.983777 0.066366 -0.166669
vn 0.952556 -0.082339 -0.293016
vn 0.481088 -0.531513 -0.697171
vn -0.453725 -0.426220 -0.782604
vn -0.275219 -0.502979 -0.819309
vn -0.763440 -0.324549 -0.558414
vn -0.907503 -0.381120 -0.176594
vn -0.809243 -0.565436 0.159397
vn -0.691022 -0.665505 0.282121
vn -0.038744 -0.733353 0.678743
vn -0.447883 0.795743 0.407669
vn -0.468807 0.710284 0.525087
vn -0.377765 0.913798 0.149220
vn -0.275292 0.953587 -0.122010
vn -0.149241 0.911701 -0.382790
vn -0.080693 0.860983 -0.502192
vn 0.447883 -0.795743 -0.407669
vn 0.468807 -0.710284 -0.525087
vn 0.377766 -0.913798 -0.149220
vn 0.275293 -0.953587 0.122010
vn 0.149241 -0.911701 0.382790
vn 0.080693 -0.860983 0.502193
vn -0.719054 -0.445274 0.533566
vn -0.751706 -0.547595 0.367530
vn -0.499458 -0.281851 0.819208
vn -0.110138 -0.278925 0.953976
vn 0.241411 -0.437698 0.866107
vn 0.371284 -0.538476 0.756434
vn 0.755960 -0.646554 0.102428
vn 0.761962 -0.067782 -0.644065
vn 0.816106 -0.222443 -0.533376
vn 0.509564 0.161013 -0.845233
vn 0.120340 0.156933 -0.980250
vn -0.198327 -0.077497 -0.977067
vn -0.306726 -0.233528 -0.922705
vn -0.646765 -0.659173 -0.383648
vn -0.476638 0.877666 0.050181
vn -0.591478 0.806293 -0.006788
vn -0.218867 0.962601 0.159677
vn 0.057651 0.965089 0.255498
vn 0.329231 0.884918 0.329435
vn 0.455828 0.815716 0.356129
vn 0.476637 -0.877667 -0.050180
vn 0.591476 -0.806294 0.006791
vn 0.218867 -0.962601 -0.159677
vn -0.057650 -0.965089 -0.255498
vn -0.329229 -0.884919 -0.329435
vn -0.455826 -0.815717 -0.356129
vn -0.470681 -0.334864 -0.816287
vn -0.290218 -0.392888 -0.872589
vn -0.772784 -0.289197 -0.564952
vn -0.891281 -0.411778 -0.189886
vn -0.763145 -0.636950 0.109106
vn -0.632309 -0.745862 0.209463
vn 0.044313 -0.827245 0.560090
vn 0.673606 -0.142423 0.725238
vn 0.594785 -0.323465 0.735936
vn 0.820578 0.176785 0.543507
vn 0.939530 0.298294 0.168238
vn 0.966916 0.157672 -0.200533
vn 0.937654 0.027676 -0.346465
vn 0.472133 -0.387460 -0.791811
vn -0.225681 0.946189 -0.231937
vn -0.161063 0.918648 -0.360755
vn -0.339057 0.940006 0.037798
vn -0.423393 0.853313 0.304296
vn -0.471465 0.693533 0.544732
vn -0.480483 0.590297 0.648603
vn 0.225681 -0.946189 0.231937
vn 0.161063 -0.918649 0.360754
vn 0.339057 -0.940006 -0.037798
vn 0.423393 -0.853312 -0.304296
vn 0.471465 -0.693533 -0.544731
vn 0.480483 -0.590297 -0.648602
vn 0.790115 0.263280 -0.553535
vn 0.497411 0.287095 -0.818632
vn 0.198153 0.053512 -0.978709
vn 0.051592 -0.312712 -0.948446
vn 0.031376 -0.492778 -0.869589
vn -0.131976 -0.951535 -0.277782
vn -0.469597 -0.680984 0.561908
vn -0.413994 -0.807398 0.420378
vn -0.421917 -0.385479 0.820604
vn -0.121942 -0.152832 0.980700
vn 0.270260 -0.106729 0.956853
vn 0.450910 -0.135741 0.882187
vn 0.947688 -0.111509 0.299088
vn -0.240431 0.958798 0.151324
vn -0.103605 0.973866 0.202117
vn -0.495721 0.867507 0.041130
vn -0.708553 0.701915 -0.072587
vn -0.860697 0.476204 -0.180087
vn -0.909702 0.346687 -0.228585
vn 0.240432 -0.958798 -0.151324
vn 0.103608 -0.973866 -0.202116
vn 0.495721 -0.867508 -0.041130
vn 0.708552 -0.701915 0.072587
vn 0.860697 -0.476203 0.180086
vn 0.909702 -0.346686 0.228584
vn -0.577147 0.061769 0.814301
vn -0.631725 -0.121935 0.765543
vn -0.322031 0.357676 0.876564
vn 0.083961 0.422867 0.902294
vn 0.424438 0.222909 0.877590
vn 0.539344 0.066728 0.839438
vn 0.806649 -0.468455 0.360371
vn 0.636302 -0.522947 -0.567139
vn 0.720511 -0.570234 -0.394584
vn 0.335962 -0.466298 -0.818349
vn -0.069894 -0.532525 -0.843523
vn -0.365032 -0.686012 -0.629396
vn -0.450328 -0.760672 -0.467528
vn -0.656096 -0.705238 0.268658
vn -0.521789 0.724168 -0.450906
vn -0.639568 0.640609 -0.424939
vn -0.255308 0.843053 -0.473370
vn 0.033038 0.889729 -0.455291
vn 0.318556 0.860202 -0.398215
vn 0.452545 0.817398 -0.356460
vn 0.521788 -0.724169 0.450906
vn 0.639566 -0.640611 0.424939
vn 0.255309 -0.843053 0.473370
vn -0.033038 -0.889730 0.455291
vn -0.318556 -0.860201 0.398217
vn -0.452545 -0.817396 0.356463
vn -0.702439 -0.539429 -0.464323
vn -0.550202 -0.651531 -0.522288
vn -0.920242 -0.331856 -0.207428
vn -0.945333 -0.259572 0.197401
vn -0.764406 -0.360748 0.534364
vn -0.622746 -0.442352 0.645378
vn 0.111772 -0.508009 0.854069
vn 0.826000 0.037061 0.562451
vn 0.735652 -0.102463 0.669565
vn 0.949344 0.213534 0.230540
vn 0.974714 0.140120 -0.174068
vn 0.888483 -0.143719 -0.435825
vn 0.808670 -0.313574 -0.497719
vn 0.202690 -0.770520 -0.604330
vn -0.186130 0.787538 -0.587486
vn -0.161378 0.696121 -0.699552
vn -0.223167 0.917904 -0.328097
vn -0.241090 0.969653 -0.040608
vn -0.238363 0.938351 0.250359
vn -0.229260 0.892119 0.389311
vn 0.186131 -0.787537 0.587486
vn 0.161378 -0.696121 0.699551
vn 0.223167 -0.917904 0.328098
vn 0.241090 -0.969653 0.040608
vn 0.238363 -0.938351 -0.250360
vn 0.229259 -0.892119 -0.389313
vn 0.663181 -0.436924 -0.607691
vn 0.766583 -0.466119 -0.441682
vn 0.339359 -0.433239 -0.834949
vn -0.052394 -0.560510 -0.826489
vn -0.303418 -0.750601 -0.586972
vn -0.363686 -0.832667 -0.417610
vn -0.518466 -0.788149 0.331683
vn -0.515698 -0.002946 0.856766
vn -0.545229 -0.194072 0.815513
vn -0.304623 0.329637 0.893613
vn 0.087463 0.455919 0.885713
vn 0.451519 0.308897 0.837086
vn 0.585610 0.170790 0.792396
vn 0.893815 -0.331311 0.302206
vn 0.152332 0.886806 -0.436314
vn 0.294077 0.865860 -0.404728
vn -0.137874 0.871385 -0.470828
vn -0.416273 0.781329 -0.465017
vn -0.659018 0.624353 -0.419378
vn -0.760353 0.524775 -0.382719
vn -0.152331 -0.886807 0.436312
vn -0.294076 -0.865862 0.404725
vn 0.137875 -0.871385 0.470828
vn 0.416273 -0.781329 0.465018
vn 0.659019 -0.624353 0.419377
vn 0.760354 -0.524776 0.382717
vn 0.742772 0.371180 0.557238
vn 0.631563 0.312142 0.709716
vn 0.919080 0.336703 0.204751
vn 0.995292 0.051175 -0.082314
vn 0.930717 -0.333006 -0.151240
vn 0.851299 -0.511039 -0.118868
vn 0.242407 -0.969424 -0.038156
vn -0.660052 -0.729297 -0.180159
vn -0.507410 -0.849626 -0.143770
vn -0.899597 -0.421052 -0.115936
vn -0.975623 -0.136325 0.171973
vn -0.847653 -0.026598 0.529884
vn -0.726830 -0.027818 0.686254
vn -0.031887 0.058029 0.997806
vn -0.220881 0.910281 -0.350142
vn -0.233154 0.949642 -0.209328
vn -0.182436 0.774038 -0.606286
vn -0.128365 0.571499 -0.810501
vn -0.063300 0.320012 -0.945296
vn -0.028362 0.182529 -0.982791
vn 0.220881 -0.910281 0.350142
vn 0.233154 -0.949642 0.209329
vn 0.182436 -0.774038 0.606285
vn 0.128365 -0.571499 0.810500
vn 0.063300 -0.320012 0.945297
vn 0.028361 -0.182528 0.982791
vn -0.906974 0.061768 0.416633
vn -0.929860 -0.121936 0.347119
vn -0.717169 0.357676 0.598111
vn -0.378434 0.422867 0.823390
vn -0.071222 0.222909 0.972234
vn 0.047366 0.066728 0.996646
vn 0.518394 -0.468454 0.715414
vn 0.834622 -0.522949 -0.173005
vn 0.821273 -0.570235 0.018536
vn 0.700126 -0.466300 -0.540729
vn 0.361231 -0.532525 -0.765460
vn -0.001429 -0.686012 -0.727589
vn -0.156231 -0.760673 -0.630054
vn -0.702525 -0.705238 -0.095384
vn -0.226429 0.724169 -0.651390
vn -0.341412 0.640610 -0.687791
vn 0.015582 0.843053 -0.537605
vn 0.256257 0.889730 -0.377775
vn 0.474985 0.860202 -0.185587
vn 0.570145 0.817398 -0.082431
vn 0.226428 -0.724169 0.651390
vn 0.341410 -0.640611 0.687791
vn -0.015581 -0.843053 0.537605
vn -0.256257 -0.889730 0.377774
vn -0.474986 -0.860201 0.185587
vn -0.570147 -0.817397 0.082433
vn -0.376168 -0.539429 -0.753335
vn -0.215344 -0.651531 -0.727416
vn -0.693239 -0.331855 -0.639759
vn -0.917383 -0.259572 -0.301713
vn -0.929177 -0.360747 0.080570
vn -0.862003 -0.442351 0.247541
vn -0.330240 -0.508004 0.795533
vn 0.434111 0.037062 0.900097
vn 0.302310 -0.102462 0.947687
vn 0.706886 0.213534 0.674326
vn 0.931161 0.140119 0.336610
vn 0.987361 -0.143721 0.066807
vn 0.949188 -0.313575 -0.026700
vn 0.477699 -0.770521 -0.422020
vn 0.132549 0.787538 -0.601843
vn 0.210018 0.696121 -0.686519
vn -0.029220 0.917904 -0.395724
vn -0.188486 0.969653 -0.155713
vn -0.331608 0.938351 0.097635
vn -0.393201 0.892119 0.222524
vn -0.132549 -0.787537 0.601844
vn -0.210018 -0.696121 0.686519
vn 0.029220 -0.917904 0.395725
vn 0.188486 -0.969653 0.155712
vn 0.331608 -0.938351 -0.097637
vn 0.393201 -0.892119 -0.222525
vn 0.878177 -0.436924 -0.194685
vn 0.884720 -0.466121 0.000784
vn 0.711369 -0.433234 -0.553410
vn 0.367869 -0.560505 -0.741961
vn 0.030718 -0.750599 -0.660044
vn -0.106157 -0.832667 -0.543504
vn -0.614847 -0.788149 0.028012
vn -0.874990 -0.002946 0.484132
vn -0.879939 -0.194071 0.433640
vn -0.710617 0.329635 0.621581
vn -0.367111 0.455918 0.810782
vn -0.027516 0.308897 0.950698
vn 0.110955 0.170789 0.979040
vn 0.622962 -0.331312 0.708626
vn 0.350080 0.886806 -0.301693
vn 0.457043 0.865860 -0.203466
vn 0.116011 0.871385 -0.476686
vn -0.127994 0.781329 -0.610853
vn -0.361038 0.624352 -0.692702
vn -0.467126 0.524774 -0.711622
vn -0.350079 -0.886807 0.301691
vn -0.457041 -0.865862 0.203464
vn -0.116011 -0.871385 0.476686
vn 0.127994 -0.781329 0.610854
vn 0.361038 -0.624353 0.692701
vn 0.467127 -0.524776 0.711620
vn 0.364641 0.371179 0.853969
vn 0.192092 0.312139 0.930414
vn 0.693571 0.336703 0.636860
vn 0.903105 0.051175 0.426360
vn 0.881644 -0.333006 0.334381
vn 0.796681 -0.511039 0.322706
vn 0.229008 -0.969424 0.088160
vn -0.481543 -0.729297 -0.486047
vn -0.367545 -0.849626 -0.378213
vn -0.721106 -0.421052 -0.550201
vn -0.930901 -0.136326 -0.338879
vn -0.999031 -0.026599 0.035066
vn -0.972580 -0.027818 0.230898
vn -0.526518 0.058028 0.848181
vn -0.016218 0.910281 -0.413672
vn -0.097253 0.949642 -0.297861
vn 0.145149 0.774038 -0.616277
vn 0.294083 0.571499 -0.766097
vn 0.417829 0.320012 -0.850301
vn 0.466834 0.182528 -0.865303
vn 0.016218 -0.910281 0.413673
vn 0.097253 -0.949642 0.297862
vn -0.145149 -0.774038 0.616277
vn -0.294083 -0.571499 0.766096
vn -0.417829 -0.320012 0.850301
vn -0.466834 -0.182529 0.865303
vn -0.993779 0.061765 -0.092670
vn -0.978842 -0.121937 -0.164315
vn -0.920143 0.357672 0.159397
vn -0.739429 0.422866 0.523860
vn -0.547795 0.222911 0.806369
vn -0.457300 0.066732 0.886805
vn 0.091237 -0.468452 0.878765
vn 0.809310 -0.522943 0.267484
vn 0.701977 -0.570232 0.426689
vn 0.876695 -0.466293 -0.118224
vn 0.695567 -0.532523 -0.482293
vn 0.362557 -0.686012 -0.630824
vn 0.179727 -0.760673 -0.623758
vn -0.560713 -0.705237 -0.433868
vn 0.129602 0.724169 -0.677335
vn 0.048224 0.640610 -0.766351
vn 0.282297 0.843053 -0.457789
vn 0.410813 0.889729 -0.199034
vn 0.504142 0.860202 0.076770
vn 0.534976 0.817398 0.213685
vn -0.129602 -0.724169 0.677335
vn -0.048225 -0.640611 0.766350
vn -0.282296 -0.843053 0.457789
vn -0.410812 -0.889730 0.199034
vn -0.504144 -0.860201 -0.076770
vn -0.534978 -0.817397 -0.213684
vn 0.050897 -0.539428 -0.840492
vn 0.177215 -0.651529 -0.737634
vn -0.280483 -0.331856 -0.900667
vn -0.643620 -0.259575 -0.719982
vn -0.844976 -0.360748 -0.394812
vn -0.870287 -0.442350 -0.216625
vn -0.683765 -0.508002 0.523832
vn -0.074098 0.037063 0.996562
vn -0.212037 -0.102460 0.971876
vn 0.275018 0.213536 0.937426
vn 0.638105 0.140123 0.757091
vn 0.821679 -0.143715 0.551534
vn 0.835374 -0.313570 0.451468
vn 0.624713 -0.770518 -0.126632
vn 0.415713 0.787538 -0.454937
vn 0.525141 0.696121 -0.489533
vn 0.172557 0.917904 -0.357317
vn -0.085377 0.969653 -0.229094
vn -0.335999 0.938351 -0.081249
vn -0.451784 0.892119 -0.003889
vn -0.415713 -0.787538 0.454937
vn -0.525140 -0.696122 0.489533
vn -0.172558 -0.917904 0.357318
vn 0.085377 -0.969653 0.229094
vn 0.335999 -0.938351 0.081248
vn 0.451785 -0.892119 0.003888
vn 0.857867 -0.436923 0.270486
vn 0.765799 -0.466119 0.443040
vn 0.892769 -0.433233 -0.123583
vn 0.689565 -0.560503 -0.458624
vn 0.356624 -0.750598 -0.556257
vn 0.179817 -0.832666 -0.523767
vn -0.546480 -0.788148 -0.283166
vn -0.999830 -0.002948 -0.018221
vn -0.978869 -0.194074 -0.064422
vn -0.926203 0.329635 0.182997
vn -0.723319 0.455918 0.518603
vn -0.499178 0.308897 0.809570
vn -0.393430 0.170789 0.903351
vn 0.185188 -0.331310 0.925170
vn 0.454025 0.886806 -0.086234
vn 0.497544 0.865860 0.052314
vn 0.338812 0.871385 -0.354817
vn 0.194580 0.781329 -0.593012
vn 0.033683 0.624353 -0.780416
vn -0.048732 0.524775 -0.849845
vn -0.454023 -0.886807 0.086233
vn -0.497541 -0.865862 -0.052316
vn -0.338812 -0.871385 0.354817
vn -0.194580 -0.781329 0.593012
vn -0.033682 -0.624353 0.780416
vn 0.048734 -0.524776 0.849844
vn -0.111196 0.371180 0.921879
vn -0.298850 0.312142 0.901807
vn 0.282220 0.336702 0.898322
vn 0.568932 0.051175 0.820791
vn 0.596337 -0.333006 0.730404
vn 0.528593 -0.511039 0.677812
vn 0.154248 -0.969424 0.190852
vn -0.174004 -0.729297 -0.661701
vn -0.129197 -0.849626 -0.511315
vn -0.349395 -0.421052 -0.837041
vn -0.636745 -0.136326 -0.758928
vn -0.882719 -0.026599 -0.469147
vn -0.957728 -0.027819 -0.286326
vn -0.880068 0.058028 0.471288
vn 0.192791 0.910281 -0.366360
vn 0.064706 0.949642 -0.306582
vn 0.433841 0.774038 -0.461137
vn 0.637732 0.571499 -0.516418
vn 0.787001 0.320012 -0.527468
vn 0.836941 0.182529 -0.515958
vn -0.192792 -0.910281 0.366360
vn -0.064707 -0.949642 0.306582
vn -0.433841 -0.774038 0.461137
vn -0.637731 -0.571499 0.516418
vn -0.787001 -0.320012 0.527467
vn -0.836942 -0.182529 0.515957
vn -0.814301 0.061769 -0.577147
vn -0.765543 -0.121935 -0.631725
vn -0.876564 0.357676 -0.322031
vn -0.902294 0.422867 0.083961
vn -0.877590 0.222909 0.424438
vn -0.839438 0.066728 0.539344
vn -0.360371 -0.468455 0.806649
vn 0.567139 -0.522947 0.636302
vn 0.394584 -0.570234 0.720511
vn 0.818349 -0.466298 0.335962
vn 0.843523 -0.532525 -0.069894
vn 0.629396 -0.686012 -0.365032
vn 0.467528 -0.760672 -0.450328
vn -0.268658 -0.705238 -0.656096
vn 0.450906 0.724168 -0.521789
vn 0.424939 0.640609 -0.639568
vn 0.473370 0.843053 -0.255308
vn 0.455291 0.889729 0.033038
vn 0.398215 0.860202 0.318556
vn 0.356460 0.817398 0.452545
vn -0.450906 -0.724169 0.521788
vn -0.424939 -0.640611 0.639566
vn -0.473370 -0.843053 0.255309
vn -0.455291 -0.889730 -0.033038
vn -0.398217 -0.860201 -0.318556
vn -0.356463 -0.817396 -0.452545
vn 0.464323 -0.539429 -0.702439
vn 0.522288 -0.651531 -0.550202
vn 0.207428 -0.331856 -0.920242
vn -0.197401 -0.259572 -0.945333
vn -0.534364 -0.360748 -0.764406
vn -0.645378 -0.442352 -0.622746
vn -0.854069 -0.508009 0.111772
vn -0.562451 0.037061 0.826000
vn -0.669565 -0.102463 0.735652
vn -0.230540 0.213534 0.949344
vn 0.174068 0.140120 0.974714
vn 0.435825 -0.143719 0.888483
vn 0.497719 -0.313574 0.808670
vn 0.604330 -0.770520 0.202690
vn 0.587486 0.787538 -0.186130
vn 0.699552 0.696121 -0.161378
vn 0.328097 0.917904 -0.223167
vn 0.040608 0.969653 -0.241090
vn -0.250359 0.938351 -0.238363
vn -0.389311 0.892119 -0.229260
vn -0.587486 -0.787537 0.186131
vn -0.699551 -0.696121 0.161378
vn -0.328098 -0.917904 0.223167
vn -0.040608 -0.969653 0.241090
vn 0.250360 -0.938351 0.238363
vn 0.389313 -0.892119 0.229259
vn 0.607691 -0.436924 0.663181
vn 0.441682 -0.466119 0.766583
vn 0.834949 -0.433239 0.339359
vn 0.826489 -0.560510 -0.052394
vn 0.586972 -0.750601 -0.303418
vn 0.417610 -0.832667 -0.363686
vn -0.331683 -0.788149 -0.518466
vn -0.856766 -0.002946 -0.515698
vn -0.815513 -0.194072 -0.545229
vn -0.893613 0.329637 -0.304623
vn -0.885713 0.455919 0.087463
vn -0.837086 0.308897 0.451519
vn -0.792396 0.170790 0.585610
vn -0.302206 -0.331311 0.893815
vn 0.436314 0.886806 0.152332
vn 0.404728 0.865860 0.294077
vn 0.470828 0.871385 -0.137874
vn 0.465017 0.781329 -0.416273
vn 0.419378 0.624353 -0.659018
vn 0.382719 0.524775 -0.760353
vn -0.436312 -0.886807 -0.152331
vn -0.404725 -0.865862 -0.294076
vn -0.470828 -0.871385 0.137875
vn -0.465018 -0.781329 0.416273
vn -0.419377 -0.624353 0.659019
vn -0.382717 -0.524776 0.760354
vn -0.557238 0.371180 0.742772
vn -0.709716 0.312142 0.631563
vn -0.204751 0.336703 0.919080
vn 0.082314 0.051175 0.995292
vn 0.151240 -0.333006 0.930717
vn 0.118868 -0.511039 0.851299
vn 0.038156 -0.969424 0.242407
vn 0.180159 -0.729297 -0.660052
vn 0.143770 -0.849626 -0.507410
vn 0.115936 -0.421052 -0.899597
vn -0.171973 -0.136325 -0.975623
vn -0.529884 -0.026598 -0.847653
vn -0.686254 -0.027818 -0.726830
vn -0.997806 0.058029 -0.031887
vn 0.350142 0.910281 -0.220881
vn 0.209328 0.949642 -0.233154
vn 0.606286 0.774038 -0.182436
vn 0.810501 0.571499 -0.128365
vn 0.945296 0.320012 -0.063300
vn 0.982791 0.182529 -0.028362
vn -0.350142 -0.910281 0.220881
vn -0.209329 -0.949642 0.233154
vn -0.606285 -0.774038 0.182436
vn -0.810500 -0.571499 0.128365
vn -0.945297 -0.320012 0.063300
vn -0.982791 -0.182528 0.028361
vn -0.416633 0.061768 -0.906974
vn -0.347119 -0.121936 -0.929860
vn -0.598111 0.357676 -0.717169
vn -0.823390 0.422867 -0.378434
vn -0.972234 0.222909 -0.071222
vn -0.996646 0.066728 0.047366
vn -0.715414 -0.468454 0.518394
vn 0.173005 -0.522949 0.834622
vn -0.018536 -0.570235 0.821273
vn 0.540729 -0.466300 0.700126
vn 0.765460 -0.532525 0.361231
vn 0.727589 -0.686012 -0.001429
vn 0.630054 -0.760673 -0.156231
vn 0.095384 -0.705238 -0.702525
vn 0.651390 0.724169 -0.226429
vn 0.687791 0.640610 -0.341412
vn 0.537605 0.843053 0.015582
vn 0.377775 0.889730 0.256257
vn 0.185587 0.860202 0.474985
vn 0.082431 0.817398 0.570145
vn -0.651390 -0.724169 0.226428
vn -0.687791 -0.640611 0.341410
vn -0.537605 -0.843053 -0.015581
vn -0.377774 -0.889730 -0.256257
vn -0.185587 -0.860201 -0.474986
vn -0.082433 -0.817397 -0.570147
vn 0.753335 -0.539429 -0.376168
vn 0.727416 -0.651531 -0.215344
vn 0.639759 -0.331855 -0.693239
vn 0.301713 -0.259572 -0.917383
vn -0.080570 -0.360747 -0.929177
vn -0.247541 -0.442351 -0.862003
vn -0.795533 -0.508004 -0.330240
vn -0.900097 0.037062 0.434111
vn -0.947687 -0.102462 0.302310
vn -0.674326 0.213534 0.706886
vn -0.336610 0.140119 0.931161
vn -0.066807 -0.143721 0.987361
vn 0.026700 -0.313575 0.949188
vn 0.422020 -0.770521 0.477699
vn 0.601843 0.787538 0.132549
vn 0.686519 0.696121 0.210018
vn 0.395724 0.917904 -0.029220
vn 0.155713 0.969653 -0.188486
vn -0.097635 0.938351 -0.331608
vn -0.222524 0.892119 -0.393201
vn -0.601844 -0.787537 -0.132549
vn -0.686519 -0.696121 -0.210018
vn -0.395725 -0.917904 0.029220
vn -0.155712 -0.969653 0.188486
vn 0.097637 -0.938351 0.331608
vn 0.222525 -0.892119 0.393201
vn 0.194685 -0.436924 0.878177
vn -0.000784 -0.466121 0.884720
vn 0.553410 -0.433234 0.711369
vn 0.741961 -0.560505 0.367869
vn 0.660044 -0.750599 0.030718
vn 0.543504 -0.832667 -0.106157
vn -0.028012 -0.788149 -0.614847
vn -0.484132 -0.002946 -0.874990
vn -0.433640 -0.194071 -0.879939
vn -0.621581 0.329635 -0.710617
vn -0.810782 0.455918 -0.367111
vn -0.950697 0.308897 -0.027516
vn -0.979040 0.170789 0.110955
vn -0.708626 -0.331312 0.622962
vn 0.301693 0.886806 0.350080
vn 0.203466 0.865860 0.457043
vn 0.476686 0.871385 0.116011
vn 0.610853 0.781329 -0.127994
vn 0.692702 0.624352 -0.361038
vn 0.711622 0.524774 -0.467126
vn -0.301691 -0.886807 -0.350079
vn -0.203464 -0.865861 -0.457041
vn -0.476686 -0.871385 -0.116011
vn -0.610854 -0.781329 0.127994
vn -0.692701 -0.624353 0.361038
vn -0.711620 -0.524776 0.467127
vn -0.853969 0.371179 0.364641
vn -0.930414 0.312139 0.192092
vn -0.636860 0.336703 0.693571
vn -0.426360 0.051175 0.903105
vn -0.334381 -0.333006 0.881644
vn -0.322706 -0.511039 0.796681
vn -0.088160 -0.969424 0.229008
vn 0.486047 -0.729297 -0.481543
vn 0.378213 -0.849626 -0.367545
vn 0.550201 -0.421052 -0.721106
vn 0.338879 -0.136326 -0.930901
vn -0.035066 -0.026599 -0.999031
vn -0.230898 -0.027818 -0.972580
vn -0.848181 0.058028 -0.526518
vn 0.413672 0.910281 -0.016218
vn 0.297861 0.949642 -0.097253
vn 0.616277 0.774038 0.145149
vn 0.766097 0.571499 0.294083
vn 0.850301 0.320012 0.417829
vn 0.865303 0.182528 0.466834
vn -0.413673 -0.910281 0.016218
vn -0.297862 -0.949642 0.097253
vn -0.616277 -0.774038 -0.145149
vn -0.766096 -0.571499 -0.294083
vn -0.850301 -0.320012 -0.417829
vn -0.865303 -0.182529 -0.466834
vn 0.092670 0.061765 -0.993779
vn 0.164315 -0.121937 -0.978842
vn -0.159397 0.357672 -0.920143
vn -0.523860 0.422866 -0.739429
vn -0.806369 0.222911 -0.547795
vn -0.886805 0.066732 -0.457300
vn -0.878765 -0.468452 0.091237
vn -0.267484 -0.522943 0.809310
vn -0.426689 -0.570232 0.701977
vn 0.118224 -0.466293 0.876695
vn 0.482293 -0.532523 0.695567
vn 0.630824 -0.686012 0.362557
vn 0.623758 -0.760673 0.179727
vn 0.433868 -0.705237 -0.560713
vn 0.677335 0.724169 0.129602
vn 0.766351 0.640610 0.048224
vn 0.457789 0.843053 0.282297
vn 0.199034 0.889729 0.410813
vn -0.076770 0.860202 0.504142
vn -0.213685 0.817398 0.534976
vn -0.677335 -0.724169 -0.129602
vn -0.766350 -0.640611 -0.048225
vn -0.457789 -0.843053 -0.282296
vn -0.199034 -0.889730 -0.410812
vn 0.076770 -0.860201 -0.504144
vn 0.213684 -0.817397 -0.534978
vn 0.840492 -0.539428 0.050897
vn 0.737634 -0.651529 0.177215
vn 0.900667 -0.331856 -0.280483
vn 0.719982 -0.259575 -0.643620
vn 0.394812 -0.360748 -0.844976
vn 0.216625 -0.442350 -0.870287
vn -0.523832 -0.508002 -0.683765
vn -0.996562 0.037063 -0.074098
vn -0.971876 -0.102460 -0.212037
vn -0.937426 0.213536 0.275018
vn -0.757091 0.140123 0.638105
vn -0.551534 -0.143715 0.821679
vn -0.451468 -0.313570 0.835374
vn 0.126632 -0.770518 0.624713
vn 0.454937 0.787538 0.415713
vn 0.489533 0.696121 0.525141
vn 0.357317 0.917904 0.172557
vn 0.229094 0.969653 -0.085377
vn 0.081249 0.938351 -0.335999
vn 0.003889 0.892119 -0.451784
vn -0.454937 -0.787538 -0.415713
vn -0.489533 -0.696122 -0.525140
vn -0.357318 -0.917904 -0.172558
vn -0.229094 -0.969653 0.085377
vn -0.081248 -0.938351 0.335999
vn -0.003888 -0.892119 0.451785
vn -0.270486 -0.436923 0.857867
vn -0.443040 -0.466119 0.765799
vn 0.123583 -0.433233 0.892769
vn 0.458624 -0.560503 0.689565
vn 0.556257 -0.750598 0.356624
vn 0.523767 -0.832666 0.179817
vn 0.283166 -0.788148 -0.546480
vn 0.018221 -0.002948 -0.999830
vn 0.064422 -0.194074 -0.978869
vn -0.182997 0.329635 -0.926203
vn -0.518603 0.455918 -0.723319
vn -0.809570 0.308897 -0.499178
vn -0.903351 0.170789 -0.393430
vn -0.925170 -0.331310 0.185188
vn 0.086234 0.886806 0.454025
vn -0.052314 0.865860 0.497544
vn 0.354817 0.871385 0.338812
vn 0.593012 0.781329 0.194580
vn 0.780416 0.624353 0.033683
vn 0.849845 0.524775 -0.048732
vn -0.086233 -0.886807 -0.454023
vn 0.052316 -0.865862 -0.497541
vn -0.354817 -0.871385 -0.338812
vn -0.593012 -0.781329 -0.194580
vn -0.780416 -0.624353 -0.033682
vn -0.849844 -0.524776 0.048734
vn -0.921879 0.371180 -0.111196
vn -0.901807 0.312142 -0.298850
vn -0.898322 0.336702 0.282220
vn -0.820791 0.051175 0.568932
vn -0.730404 -0.333006 0.596336
vn -0.677812 -0.511039 0.528593
vn -0.190852 -0.969424 0.154248
vn 0.661701 -0.729297 -0.174004
vn 0.511315 -0.849626 -0.129197
vn 0.837041 -0.421052 -0.349395
vn 0.758928 -0.136326 -0.636745
vn 0.469147 -0.026599 -0.882719
vn 0.286326 -0.027819 -0.957728
vn -0.471288 0.058028 -0.880068
vn 0.366360 0.910281 0.192791
vn 0.306582 0.949642 0.064706
vn 0.461137 0.774038 0.433841
vn 0.516418 0.571499 0.637732
vn 0.527468 0.320012 0.787001
vn 0.515958 0.182529 0.836941
vn -0.366360 -0.910281 -0.192792
vn -0.306582 -0.949642 -0.064707
vn -0.461137 -0.774038 -0.433841
vn -0.516418 -0.571499 -0.637731
vn -0.527467 -0.320012 -0.787001
vn -0.515957 -0.182529 -0.836942
vn 0.577147 0.061769 -0.814301
vn 0.631725 -0.121935 -0.765543
vn 0.322031 0.357676 -0.876564
vn -0.083961 0.422867 -0.902294
vn -0.424438 0.222909 -0.877590
vn -0.539344 0.066728 -0.839438
vn -0.806649 -0.468455 -0.360371
vn -0.636302 -0.522947 0.567139
vn -0.720511 -0.570234 0.394584
vn -0.335962 -0.466298 0.818349
vn 0.069894 -0.532525 0.843523
vn 0.365032 -0.686012 0.629396
vn 0.450328 -0.760672 0.467528
vn 0.656096 -0.705238 -0.268658
vn 0.521789 0.724168 0.450906
vn 0.639568 0.640609 0.424939
vn 0.255308 0.843053 0.473370
vn -0.033038 0.889729 0.455291
vn -0.318556 0.860202 0.398215
vn -0.452545 0.817398 0.356460
vn -0.521788 -0.724169 -0.450906
vn -0.639566 -0.640611 -0.424939
vn -0.255309 -0.843053 -0.473370
vn 0.033038 -0.889730 -0.455291
vn 0.318556 -0.860201 -0.398217
vn 0.452545 -0.817396 -0.356463
vn 0.702439 -0.539429 0.464323
vn 0.550202 -0.651531 0.522288
vn 0.920242 -0.331856 0.207428
vn 0.945333 -0.259572 -0.197401
vn 0.764406 -0.360748 -0.534364
vn 0.622746 -0.442352 -0.645378
vn -0.111772 -0.508009 -0.854069
vn -0.826000 0.037061 -0.562451
vn -0.735652 -0.102463 -0.669565
vn -0.949344 0.213534 -0.230540
vn -0.974714 0.140120 0.174068
vn -0.888483 -0.143719 0.435825
vn -0.808670 -0.313574 0.497719
vn -0.202690 -0.770520 0.604330
vn 0.186130 0.787538 0.587486
vn 0.161378 0.696121 0.699552
vn 0.223167 0.917904 0.328097
vn 0.241090 0.969653 0.040608
vn 0.238363 0.938351 -0.250359
vn 0.229260 0.892119 -0.389311
vn -0.186131 -0.787537 -0.587486
vn -0.161378 -0.696121 -0.699551
vn -0.223167 -0.917904 -0.328098
vn -0.241090 -0.969653 -0.040608
vn -0.238363 -0.938351 0.250360
vn -0.229259 -0.892119 0.389313
vn -0.663181 -0.436924 0.607691
vn -0.766583 -0.466119 0.441682
vn -0.339359 -0.433239 0.834949
vn 0.052394 -0.560510 0.826489
vn 0.303418 -0.750601 0.586972
vn 0.363686 -0.832667 0.417610
vn 0.518466 -0.788149 -0.331683
vn 0.515698 -0.002946 -0.856766
vn 0.545229 -0.194072 -0.815513
vn 0.304623 0.329637 -0.893613
vn -0.087463 0.455919 -0.885713
vn -0.451519 0.308897 -0.837086
vn -0.585610 0.170790 -0.792396
vn -0.893815 -0.331311 -0.302206
vn -0.152332 0.886806 0.436314
vn -0.294077 0.865860 0.404728
vn 0.137874 0.871385 0.470828
vn 0.416273 0.781329 0.465017
vn 0.659018 0.624353 0.419378
vn 0.760353 0.524775 0.382719
vn 0.152331 -0.886807 -0.436312
vn 0.294076 -0.865862 -0.404725
vn -0.137875 -0.871385 -0.470828
vn -0.416273 -0.781329 -0.465018
vn -0.659019 -0.624353 -0.419377
vn -0.760354 -0.524776 -0.382717
vn -0.742772 0.371180 -0.557238
vn -0.631563 0.312142 -0.709716
vn -0.919080 0.336703 -0.204751
vn -0.995292 0.051175 0.082314
vn -0.930717 -0.333006 0.151240
vn -0.851299 -0.511039 0.118868
vn -0.242407 -0.969424 0.038156
vn 0.660052 -0.729297 0.180159
vn 0.507410 -0.849626 0.143770
vn 0.899597 -0.421052 0.115936
vn 0.975623 -0.136325 -0.171973
vn 0.847653 -0.026598 -0.529884
vn 0.726830 -0.027818 -0.686254
vn 0.031887 0.058029 -0.997806
vn 0.220881 0.910281 0.350142
vn 0.233154 0.949642 0.209328
vn 0.182436 0.774038 0.606286
vn 0.128365 0.571499 0.810501
vn 0.063300 0.320012 0.945296
vn 0.028362 0.182529 0.982791
vn -0.220881 -0.910281 -0.350142
vn -0.233154 -0.949642 -0.209329
vn -0.182436 -0.774038 -0.606285
vn -0.128365 -0.571499 -0.810500
vn -0.063300 -0.320012 -0.945297
vn -0.028361 -0.182528 -0.982791
vn 0.906974 0.061768 -0.416633
vn 0.929860 -0.121936 -0.347119
vn 0.717169 0.357676 -0.598111
vn 0.378434 0.422867 -0.823390
vn 0.071222 0.222909 -0.972234
vn -0.047366 0.066728 -0.996646
vn -0.518394 -0.468454 -0.715414
vn -0.834622 -0.522949 0.173005
vn -0.821273 -0.570235 -0.018536
vn -0.700126 -0.466300 0.540729
vn -0.361231 -0.532525 0.765460
vn 0.001429 -0.686012 0.727589
vn 0.156231 -0.760673 0.630054
vn 0.702525 -0.705238 0.095384
vn 0.226429 0.724169 0.651390
vn 0.341412 0.640610 0.687791
vn -0.015582 0.843053 0.537605
vn -0.256257 0.889730 0.377775
vn -0.474985 0.860202 0.185587
vn -0.570145 0.817398 0.082431
vn -0.226428 -0.724169 -0.651390
vn -0.341410 -0.640611 -0.687791
vn 0.015581 -0.843053 -0.537605
vn 0.256257 -0.889730 -0.377774
vn 0.474986 -0.860201 -0.185587
vn 0.570147 -0.817397 -0.082433
vn 0.376168 -0.539429 0.753335
vn 0.215344 -0.651531 0.727416
vn 0.693239 -0.331855 0.639759
vn 0.917383 -0.259572 0.301713
vn 0.929177 -0.360747 -0.080570
vn 0.862003 -0.442351 -0.247541
vn 0.330240 -0.508004 -0.795533
vn -0.434111 0.037062 -0.900097
vn -0.302310 -0.102462 -0.947687
vn -0.706886 0.213534 -0.674326
vn -0.931161 0.140119 -0.336610
vn -0.987361 -0.143721 -0.066807
vn -0.949188 -0.313575 0.026700
vn -0.477699 -0.770521 0.422020
vn -0.132549 0.787538 0.601843
vn -0.210018 0.696121 0.686519
vn 0.029220 0.917904 0.395724
vn 0.188486 0.969653 0.155713
vn 0.331608 0.938351 -0.097635
vn 0.393201 0.892119 -0.222524
vn 0.132549 -0.787537 -0.601844
vn 0.210018 -0.696121 -0.686519
vn -0.029220 -0.917904 -0.395725
vn -0.188486 -0.969653 -0.155712
vn -0.331608 -0.938351 0.097637
vn -0.393201 -0.892119 0.222525
vn -0.878177 -0.436924 0.194685
vn -0.884720 -0.466121 -0.000784
vn -0.711369 -0.433234 0.553410
vn -0.367869 -0.560505 0.741961
vn -0.030718 -0.750599 0.660044
vn 0.106157 -0.832667 0.543504
vn 0.614847 -0.788149 -0.028012
vn 0.874990 -0.002946 -0.484132
vn 0.879939 -0.194071 -0.433640
vn 0.710617 0.329635 -0.621581
vn 0.367111 0.455918 -0.810782
vn 0.027516 0.308897 -0.950698
vn -0.110955 0.170789 -0.979040
vn -0.622962 -0.331312 -0.708626
vn -0.350080 0.886806 0.301693
vn -0.457043 0.865860 0.203466
vn -0.116011 0.871385 0.476686
vn 0.127994 0.781329 0.610853
vn 0.361038 0.624352 0.692702
vn 0.467126 0.524774 0.711622
vn 0.350079 -0.886807 -0.301691
vn 0.457041 -0.865862 -0.203464
vn 0.116011 -0.871385 -0.476686
vn -0.127994 -0.781329 -0.610854
vn -0.361038 -0.624353 -0.692701
vn -0.467127 -0.524776 -0.711620
vn -0.364641 0.371179 -0.853969
vn -0.192092 0.312139 -0.930414
vn -0.693571 0.336703 -0.636860
vn -0.903105 0.051175 -0.426360
vn -0.881644 -0.333006 -0.334381
vn -0.796681 -0.511039 -0.322706
vn -0.229008 -0.969424 -0.088160
vn 0.481543 -0.729297 0.486047
vn 0.367545 -0.849626 0.378213
vn 0.721106 -0.421052 0.550201
vn 0.930901 -0.136326 0.338879
vn 0.999031 -0.026599 -0.035066
vn 0.972580 -0.027818 -0.230898
vn 0.526518 0.058028 -0.848181
vn 0.016218 0.910281 0.413672
vn 0.097253 0.949642 0.297861
vn -0.145149 0.774038 0.616277
vn -0.294083 0.571499 0.766097
vn -0.417829 0.320012 0.850301
vn -0.466834 0.182528 0.865303
vn -0.016218 -0.910281 -0.413673
vn -0.097253 -0.949642 -0.297862
vn 0.145149 -0.774038 -0.616277
vn 0.294083 -0.571499 -0.766096
vn 0.417829 -0.320012 -0.850301
vn 0.466834 -0.182529 -0.865303
vn 0.993779 0.061765 0.092670
vn 0.978842 -0.121937 0.164315
vn 0.920143 0.357672 -0.159397
vn 0.739429 0.422866 -0.523860
vn 0.547795 0.222911 -0.806369
vn 0.457300 0.066732 -0.886805
vn -0.091237 -0.468452 -0.878765
vn -0.809310 -0.522943 -0.267484
vn -0.701977 -0.570232 -0.426689
vn -0.876695 -0.466293 0.118224
vn -0.695567 -0.532523 0.482293
vn -0.362557 -0.686012 0.630824
vn -0.179727 -0.760673 0.623758
vn 0.560713 -0.705237 0.433868
vn -0.129602 0.724169 0.677335
vn -0.048224 0.640610 0.766351
vn -0.282297 0.843053 0.457789
vn -0.410813 0.889729 0.199034
vn -0.504142 0.860202 -0.076770
vn -0.534976 0.817398 -0.213685
vn 0.129602 -0.724169 -0.677335
vn 0.048225 -0.640611 -0.766350
vn 0.282296 -0.843053 -0.457789
vn 0.410812 -0.889730 -0.199034
vn 0.504144 -0.860201 0.076770
vn 0.534978 -0.817397 0.213684
vn -0.050897 -0.539428 0.840492
vn -0.177215 -0.651529 0.737634
vn 0.280483 -0.331856 0.900667
vn 0.643620 -0.259575 0.719982
vn 0.844976 -0.360748 0.394812
vn 0.870287 -0.442350 0.216625
vn 0.683765 -0.508002 -0.523832
vn 0.074098 0.037063 -0.996562
vn 0.212037 -0.102460 -0.971876
vn -0.275018 0.213536 -0.937426
vn -0.638105 0.140123 -0.757091
vn -0.821679 -0.143715 -0.551534
vn -0.835374 -0.313570 -0.451468
vn -0.624713 -0.770518 0.126632
vn -0.415713 0.787538 0.454937
vn -0.525141 0.696121 0.489533
vn -0.172557 0.917904 0.357317
vn 0.085377 0.969653 0.229094
vn 0.335999 0.938351 0.081249
vn 0.451784 0.892119 0.003889
vn 0.415713 -0.787538 -0.454937
vn 0.525140 -0.696122 -0.489533
vn 0.172558 -0.917904 -0.357318
vn -0.085377 -0.969653 -0.229094
vn -0.335999 -0.938351 -0.081248
vn -0.451785 -0.892119 -0.003888
vn -0.857867 -0.436923 -0.270486
vn -0.765799 -0.466119 -0.443040
vn -0.892769 -0.433233 0.123583
vn -0.689565 -0.560503 0.458624
vn -0.356624 -0.750598 0.556257
vn -0.179817 -0.832666 0.523767
vn 0.546480 -0.788148 0.283166
vn 0.999830 -0.002948 0.018221
vn 0.978869 -0.194074 0.064422
vn 0.926203 0.329635 -0.182997
vn 0.723319 0.455918 -0.518603
vn 0.499178 0.308897 -0.809570
vn 0.393430 0.170789 -0.903351
vn -0.185188 -0.331310 -0.925170
vn -0.454025 0.886806 0.086234
vn -0.497544 0.865860 -0.052314
vn -0.338812 0.871385 0.354817
vn -0.194580 0.781329 0.593012
vn -0.033683 0.624353 0.780416
vn 0.048732 0.524775 0.849845
vn 0.454023 -0.886807 -0.086233
vn 0.497541 -0.865862 0.052316
vn 0.338812 -0.871385 -0.354817
vn 0.194580 -0.781329 -0.593012
vn 0.033682 -0.624353 -0.780416
vn -0.048734 -0.524776 -0.849844
vn 0.111196 0.371180 -0.921879
vn 0.298850 0.312142 -0.901807
vn -0.282220 0.336702 -0.898322
vn -0.568932 0.051175 -0.820791
vn -0.596337 -0.333006 -0.730404
vn -0.528593 -0.511039 -0.677812
vn -0.154248 -0.969424 -0.190852
vn 0.174004 -0.729297 0.661701
vn 0.129197 -0.849626 0.511315
vn 0.349395 -0.421052 0.837041
vn 0.636745 -0.136326 0.758928
vn 0.882719 -0.026599 0.469147
vn 0.957728 -0.027819 0.286326
vn 0.880068 0.058028 -0.471288
vn -0.192791 0.910281 0.366360
vn -0.064706 0.949642 0.306582
vn -0.433841 0.774038 0.461137
vn -0.637732 0.571499 0.516418
vn -0.787001 0.320012 0.527468
vn -0.836941 0.182529 0.515958
vn 0.192792 -0.910281 -0.366360
vn 0.064707 -0.949642 -0.306582
vn 0.433841 -0.774038 -0.461137
vn 0.637731 -0.571499 -0.516418
vn 0.787001 -0.320012 -0.527467
vn 0.836942 -0.182529 -0.515957
vn 0.814301 0.061769 0.577147
vn 0.765543 -0.121935 0.631725
vn 0.876564 0.357676 0.322031
vn 0.902294 0.422867 -0.083961
vn 0.877590 0.222909 -0.424438
vn 0.839438 0.066728 -0.539344
vn 0.360371 -0.468455 -0.806649
vn -0.567139 -0.522947 -0.636302
vn -0.394584 -0.570234 -0.720511
vn -0.818349 -0.466298 -0.335962
vn -0.843523 -0.532525 0.069894
vn -0.629396 -0.686012 0.365032
vn -0.467528 -0.760672 0.450328
vn 0.268658 -0.705238 0.656096
vn -0.450906 0.724168 0.521789
vn -0.424939 0.640609 0.639568
vn -0.473370 0.843053 0.255308
vn -0.455291 0.889729 -0.033038
vn -0.398215 0.860202 -0.318556
vn -0.356460 0.817398 -0.452545
vn 0.450906 -0.724169 -0.521788
vn 0.424939 -0.640611 -0.639566
vn 0.473370 -0.843053 -0.255309
vn 0.455291 -0.889730 0.033038
vn 0.398217 -0.860201 0.318556
vn 0.356463 -0.817396 0.452545
vn -0.464323 -0.539429 0.702439
vn -0.522288 -0.651531 0.550202
vn -0.207428 -0.331856 0.920242
vn 0.197401 -0.259572 0.945333
vn 0.534364 -0.360748 0.764406
vn 0.645378 -0.442352 0.622746
vn 0.854069 -0.508009 -0.111772
vn 0.562451 0.037061 -0.826000
vn 0.669565 -0.102463 -0.735652
vn 0.230540 0.213534 -0.949344
vn -0.174068 0.140120 -0.974714
vn -0.435825 -0.143719 -0.888483
vn -0.497719 -0.313574 -0.808670
vn -0.604330 -0.770520 -0.202690
vn -0.587486 0.787538 0.186130
vn -0.699552 0.696121 0.161378
vn -0.328097 0.917904 0.223167
vn -0.040608 0.969653 0.241090
vn 0.250359 0.938351 0.238363
vn 0.389311 0.892119 0.229260
vn 0.587486 -0.787537 -0.186131
vn 0.699551 -0.696121 -0.161378
vn 0.328098 -0.917904 -0.223167
vn 0.040608 -0.969653 -0.241090
vn -0.250360 -0.938351 -0.238363
vn -0.389313 -0.892119 -0.229259
vn -0.607691 -0.436924 -0.663181
vn -0.441682 -0.466119 -0.766583
vn -0.834949 -0.433239 -0.339359
vn -0.826489 -0.560510 0.052394
vn -0.586972 -0.750601 0.303418
vn -0.417610 -0.832667 0.363686
vn 0.331683 -0.788149 0.518466
vn 0.856766 -0.002946 0.515698
vn 0.815513 -0.194072 0.545229
vn 0.893613 0.329637 0.304623
vn 0.885713 0.455919 -0.087463
vn 0.837086 0.308897 -0.451519
vn 0.792396 0.170790 -0.585610
vn 0.302206 -0.331311 -0.893815
vn -0.436314 0.886806 -0.152332
vn -0.404728 0.865860 -0.294077
vn -0.470828 0.871385 0.137874
vn -0.465017 0.781329 0.416273
vn -0.419378 0.624353 0.659018
vn -0.382719 0.524775 0.760353
vn 0.436312 -0.886807 0.152331
vn 0.404725 -0.865862 0.294076
vn 0.470828 -0.871385 -0.137875
vn 0.465018 -0.781329 -0.416273
vn 0.419377 -0.624353 -0.659019
vn 0.382717 -0.524776 -0.760354
vn 0.557238 0.371180 -0.742772
vn 0.709716 0.312142 -0.631563
vn 0.204751 0.336703 -0.919080
vn -0.082314 0.051175 -0.995292
vn -0.151240 -0.333006 -0.930717
vn -0.118868 -0.511039 -0.851299
vn -0.038156 -0.969424 -0.242407
vn -0.180159 -0.729297 0.660052
vn -0.143770 -0.849626 0.507410
vn -0.115936 -0.421052 0.899597
vn 0.171973 -0.136325 0.975623
vn 0.529884 -0.026598 0.847653
vn 0.686254 -0.027818 0.726830
vn 0.997806 0.058029 0.031887
vn -0.350142 0.910281 0.220881
vn -0.209328 0.949642 0.233154
vn -0.606286 0.774038 0.182436
vn -0.810501 0.571499 0.128365
vn -0.945296 0.320012 0.063300
vn -0.982791 0.182529 0.028362
vn 0.350142 -0.910281 -0.220881
vn 0.209329 -0.949642 -0.233154
vn 0.606285 -0.774038 -0.182436
vn 0.810500 -0.571499 -0.128365
vn 0.945297 -0.320012 -0.063300
vn 0.982791 -0.182528 -0.028361
vn 0.416633 0.061768 0.906974
vn 0.347119 -0.121936 0.929860
vn 0.598111 0.357676 0.717169
vn 0.823390 0.422867 0.378434
vn 0.972234 0.222909 0.071222
vn 0.996646 0.066728 -0.047366
vn 0.715414 -0.468454 -0.518394
vn -0.173005 -0.522949 -0.834622
vn 0.018536 -0.570235 -0.821273
vn -0.540729 -0.466300 -0.700126
vn -0.765460 -0.532525 -0.361231
vn -0.727589 -0.686012 0.001429
vn -0.630054 -0.760673 0.156231
vn -0.095384 -0.705238 0.702525
vn -0.651390 0.724169 0.226429
vn -0.687791 0.640610 0.341412
vn -0.537605 0.843053 -0.015582
vn -0.377775 0.889730 -0.256257
vn -0.185587 0.860202 -0.474985
vn -0.082431 0.817398 -0.570145
vn 0.651390 -0.724169 -0.226428
vn 0.687791 -0.640611 -0.341410
vn 0.537605 -0.843053 0.015581
vn 0.377774 -0.889730 0.256257
vn 0.185587 -0.860201 0.474986
vn 0.082433 -0.817397 0.570147
vn -0.753335 -0.539429 0.376168
vn -0.727416 -0.651531 0.215344
vn -0.639759 -0.331855 0.693239
vn -0.301713 -0.259572 0.917383
vn 0.080570 -0.360747 0.929177
vn 0.247541 -0.442351 0.862003
vn 0.795533 -0.508004 0.330240
vn 0.900097 0.037062 -0.434111
vn 0.947687 -0.102462 -0.302310
vn 0.674326 0.213534 -0.706886
vn 0.336610 0.140119 -0.931161
vn 0.066807 -0.143721 -0.987361
vn -0.026700 -0.313575 -0.949188
vn -0.422020 -0.770521 -0.477699
vn -0.601843 0.787538 -0.132549
vn -0.686519 0.696121 -0.210018
vn -0.395724 0.917904 0.029220
vn -0.155713 0.969653 0.188486
vn 0.097635 0.938351 0.331608
vn 0.222524 0.892119 0.393201
vn 0.601844 -0.787537 0.132549
vn 0.686519 -0.696121 0.210018
vn 0.395725 -0.917904 -0.029220
vn 0.155712 -0.969653 -0.188486
vn -0.097637 -0.938351 -0.331608
vn -0.222525 -0.892119 -0.393201
vn -0.194685 -0.436924 -0.878177
vn 0.000784 -0.466121 -0.884720
vn -0.553410 -0.433234 -0.711369
vn -0.741961 -0.560505 -0.367869
vn -0.660044 -0.750599 -0.030718
vn -0.543504 -0.832667 0.106157
vn 0.028012 -0.788149 0.614847
vn 0.484132 -0.002946 0.874990
vn 0.433640 -0.194071 0.879939
vn 0.621581 0.329635 0.710617
vn 0.810782 0.455918 0.367111
vn 0.950697 0.308897 0.027516
vn 0.979040 0.170789 -0.110955
vn 0.708626 -0.331312 -0.622962
vn -0.301693 0.886806 -0.350080
vn -0.203466 0.865860 -0.457043
vn -0.476686 0.871385 -0.116011
vn -0.610853 0.781329 0.127994
vn -0.692702 0.624352 0.361038
vn -0.711622 0.524774 0.467126
vn 0.301691 -0.886807 0.350079
vn 0.203464 -0.865861 0.457041
vn 0.476686 -0.871385 0.116011
vn 0.610854 -0.781329 -0.127994
vn 0.692701 -0.624353 -0.361038
vn 0.711620 -0.524776 -0.467127
vn 0.853969 0.371179 -0.364641
vn 0.930414 0.312139 -0.192092
vn 0.636860 0.336703 -0.693571
vn 0.426360 0.051175 -0.903105
vn 0.334381 -0.333006 -0.881644
vn 0.322706 -0.511039 -0.796681
vn 0.088160 -0.969424 -0.229008
vn -0.486047 -0.729297 0.481543
vn -0.378213 -0.849626 0.367545
vn -0.550201 -0.421052 0.721106
vn -0.338879 -0.136326 0.930901
vn 0.035066 -0.026599 0.999031
vn 0.230898 -0.027818 0.972580
vn 0.848181 0.058028 0.526518
vn -0.413672 0.910281 0.016218
vn -0.297861 0.949642 0.097253
vn -0.616277 0.774038 -0.145149
vn -0.766097 0.571499 -0.294083
vn -0.850301 0.320012 -0.417829
vn -0.865303 0.182528 -0.466834
vn 0.413673 -0.910281 -0.016218
vn 0.297862 -0.949642 -0.097253
vn 0.616277 -0.774038 0.145149
vn 0.766096 -0.571499 0.294083
vn 0.850301 -0.320012 0.417829
vn 0.865303 -0.182529 0.466834
vn -0.092670 0.061765 0.993779
vn -0.164315 -0.121937 0.978842
vn 0.159397 0.357672 0.920143
vn 0.523860 0.422866 0.739429
vn 0.806369 0.222911 0.547795
vn 0.886805 0.066732 0.457300
vn 0.878765 -0.468452 -0.091237
vn 0.267484 -0.522943 -0.809310
vn 0.426689 -0.570232 -0.701977
vn -0.118224 -0.466293 -0.876695
vn -0.482293 -0.532523 -0.695567
vn -0.630824 -0.686012 -0.362557
vn -0.623758 -0.760673 -0.179727
vn -0.433868 -0.705237 0.560713
vn -0.677335 0.724169 -0.129602
vn -0.766351 0.640610 -0.048224
vn -0.457789 0.843053 -0.282297
vn -0.199034 0.889729 -0.410813
vn 0.076770 0.860202 -0.504142
vn 0.213685 0.817398 -0.534976
vn 0.677335 -0.724169 0.129602
vn 0.766350 -0.640611 0.048225
vn 0.457789 -0.843053 0.282296
vn 0.199034 -0.889730 0.410812
vn -0.076770 -0.860201 0.504144
vn -0.213684 -0.817397 0.534978
vn -0.840492 -0.539428 -0.050897
vn -0.737634 -0.651529 -0.177215
vn -0.900667 -0.331856 0.280483
vn -0.719982 -0.259575 0.643620
vn -0.394812 -0.360748 0.844976
vn -0.216625 -0.442350 0.870287
vn 0.523832 -0.508002 0.683765
vn 0.996562 0.037063 0.074098
vn 0.971876 -0.102460 0.212037
vn 0.937426 0.213536 -0.275018
vn 0.757091 0.140123 -0.638105
vn 0.551534 -0.143715 -0.821679
vn 0.451468 -0.313570 -0.835374
vn -0.126632 -0.770518 -0.624713
vn -0.454937 0.787538 -0.415713
vn -0.489533 0.696121 -0.525141
vn -0.357317 0.917904 -0.172557
vn -0.229094 0.969653 0.085377
vn -0.081249 0.938351 0.335999
vn -0.003889 0.892119 0.451784
vn 0.454937 -0.787538 0.415713
vn 0.489533 -0.696122 0.525140
vn 0.357318 -0.917904 0.172558
vn 0.229094 -0.969653 -0.085377
vn 0.081248 -0.938351 -0.335999
vn 0.003888 -0.892119 -0.451785
vn 0.270486 -0.436923 -0.857867
vn 0.443040 -0.466119 -0.765799
vn -0.123583 -0.433233 -0.892769
vn -0.458624 -0.560503 -0.689565
vn -0.556257 -0.750598 -0.356624
vn -0.523767 -0.832666 -0.179817
vn -0.283166 -0.788148 0.546480
vn -0.018221 -0.002948 0.999830
vn -0.064422 -0.194074 0.978869
vn 0.182997 0.329635 0.926203
vn 0.518603 0.455918 0.723319
vn 0.809570 0.308897 0.499178
vn 0.903351 0.170789 0.393430
vn 0.925170 -0.331310 -0.185188
vn -0.086234 0.886806 -0.454025
vn 0.052314 0.865860 -0.497544
vn -0.354817 0.871385 -0.338812
vn -0.593012 0.781329 -0.194580
vn -0.780416 0.624353 -0.033683
vn -0.849845 0.524775 0.048732
vn 0.086233 -0.886807 0.454023
vn -0.052316 -0.865862 0.497541
vn 0.354817 -0.871385 0.338812
vn 0.593012 -0.781329 0.194580
vn 0.780416 -0.624353 0.033682
vn 0.849844 -0.524776 -0.048734
vn 0.921879 0.371180 0.111196
vn 0.901807 0.312142 0.298850
vn 0.898322 0.336702 -0.282220
vn 0.820791 0.051175 -0.568932
vn 0.730404 -0.333006 -0.596336
vn 0.677812 -0.511039 -0.528593
vn 0.190852 -0.969424 -0.154248
vn -0.661701 -0.729297 0.174004
vn -0.511315 -0.849626 0.129197
vn -0.837041 -0.421052 0.349395
vn -0.758928 -0.136326 0.636745
vn -0.469147 -0.026599 0.882719
vn -0.286326 -0.027819 0.957728
vn 0.471288 0.058028 0.880068
vn -0.366360 0.910281 -0.192791
vn -0.306582 0.949642 -0.064706
vn -0.461137 0.774038 -0.433841
vn -0.516418 0.571499 -0.637732
vn -0.527468 0.320012 -0.787001
vn -0.515958 0.182529 -0.836941
vn 0.366360 -0.910281 0.192792
vn 0.306582 -0.949642 0.064707
vn 0.461137 -0.774038 0.433841
vn 0.516418 -0.571499 0.637731
vn 0.527467 -0.320012 0.787001
vn 0.515957 -0.182529 0.836942
vn 0.000000 1.000000 0.000000
vn -0.174886 -0.980821 0.086054
vn 0.174886 -0.980821 -0.086054
vn 0.192919 -0.980821 -0.027800
vn -0.192919 -0.980821 0.027800
vn 0.343366 -0.923880 -0.168957
vn 0.378771 -0.923880 -0.054582
vn 0.828959 -0.382684 -0.407898
vn 0.879987 -0.195266 -0.433007
vn 0.970723 -0.195265 -0.139883
vn 0.914434 -0.382683 -0.131772
vn 0.879986 0.195266 -0.433007
vn 0.970723 0.195266 -0.139883
vn 0.828958 0.382685 -0.407898
vn 0.914434 0.382684 -0.131772
vn 0.343367 0.923879 -0.168958
vn 0.174887 0.980821 -0.086055
vn 0.192920 0.980821 -0.027800
vn 0.378773 0.923879 -0.054582
vn -0.174887 0.980821 0.086055
vn -0.192920 0.980821 0.027800
vn -0.343367 0.923879 0.168958
vn -0.378773 0.923879 0.054582
vn -0.828958 0.382685 0.407898
vn -0.879986 0.195266 0.433007
vn -0.970723 0.195267 0.139883
vn -0.914433 0.382686 0.131772
vn -0.879986 -0.195266 0.433007
vn -0.970723 -0.195266 0.139883
vn -0.828958 -0.382684 0.407898
vn -0.914433 -0.382685 0.131772
vn -0.343366 -0.923880 0.168957
vn -0.378771 -0.923880 0.054582
vn -0.139734 -0.980821 0.135885
vn 0.139734 -0.980821 -0.135885
vn 0.274349 -0.923880 -0.266793
vn 0.662339 -0.382683 -0.644097
vn 0.703110 -0.195265 -0.683745
vn 0.703110 0.195266 -0.683745
vn 0.662339 0.382684 -0.644097
vn 0.274351 0.923879 -0.266794
vn 0.139734 0.980821 -0.135886
vn -0.139734 0.980821 0.135886
vn -0.274351 0.923879 0.266794
vn -0.662339 0.382684 0.644097
vn -0.703110 0.195266 0.683745
vn -0.703110 -0.195265 0.683745
vn -0.662339 -0.382683 0.644097
vn -0.274349 -0.923880 0.266793
vn -0.090904 -0.980821 0.172414
vn 0.090904 -0.980821 -0.172415
vn 0.178478 -0.923880 -0.338514
vn 0.430885 -0.382682 -0.817247
vn 0.457409 -0.195265 -0.867553
vn 0.457409 0.195265 -0.867553
vn 0.430885 0.382683 -0.817246
vn 0.178479 0.923879 -0.338515
vn 0.090904 0.980821 -0.172416
vn -0.090904 0.980821 0.172415
vn -0.178479 0.923879 0.338515
vn -0.430885 0.382683 0.817246
vn -0.457409 0.195265 0.867553
vn -0.457409 -0.195265 0.867553
vn -0.430885 -0.382683 0.817246
vn -0.178478 -0.923880 0.338513
vn -0.033176 -0.980821 0.192067
vn 0.033176 -0.980821 -0.192067
vn 0.065136 -0.923880 -0.377099
vn 0.157253 -0.382683 -0.910398
vn 0.166933 -0.195265 -0.966439
vn 0.166933 0.195266 -0.966439
vn 0.157253 0.382684 -0.910398
vn 0.065137 0.923879 -0.377101
vn 0.033176 0.980821 -0.192068
vn -0.033176 0.980821 0.192068
vn -0.065136 0.923879 0.377100
vn -0.157253 0.382685 0.910398
vn -0.166933 0.195266 0.966439
vn -0.166933 -0.195266 0.966439
vn -0.157253 -0.382684 0.910398
vn -0.065136 -0.923880 0.377098
vn 0.027800 -0.980821 0.192919
vn -0.027800 -0.980821 -0.192919
vn -0.054582 -0.923880 -0.378771
vn -0.131772 -0.382683 -0.914434
vn -0.139883 -0.195265 -0.970724
vn -0.139883 0.195266 -0.970723
vn -0.131772 0.382684 -0.914434
vn -0.054582 0.923879 -0.378773
vn -0.027800 0.980821 -0.192920
vn 0.027800 0.980821 0.192920
vn 0.054582 0.923879 0.378773
vn 0.131772 0.382686 0.914433
vn 0.139883 0.195267 0.970723
vn 0.139883 -0.195266 0.970723
vn 0.131772 -0.382685 0.914433
vn 0.054582 -0.923880 0.378771
vn 0.086054 -0.980821 0.174886
vn -0.086054 -0.980821 -0.174886
vn -0.168957 -0.923880 -0.343366
vn -0.407898 -0.382684 -0.828959
vn -0.433007 -0.195266 -0.879987
vn -0.433007 0.195266 -0.879986
vn -0.407898 0.382685 -0.828958
vn -0.168958 0.923879 -0.343367
vn -0.086055 0.980821 -0.174887
vn 0.086055 0.980821 0.174887
vn 0.168958 0.923879 0.343367
vn 0.407898 0.382685 0.828958
vn 0.433007 0.195266 0.879986
vn 0.433007 -0.195266 0.879986
vn 0.407898 -0.382684 0.828958
vn 0.168957 -0.923880 0.343365
vn 0.135885 -0.980821 0.139734
vn -0.135885 -0.980821 -0.139734
vn -0.266793 -0.923880 -0.274349
vn -0.644097 -0.382683 -0.662339
vn -0.683745 -0.195265 -0.703110
vn -0.683745 0.195266 -0.703110
vn -0.644097 0.382684 -0.662339
vn -0.266794 0.923879 -0.274351
vn -0.135886 0.980821 -0.139734
vn 0.135886 0.980821 0.139734
vn 0.266794 0.923879 0.274351
vn 0.644097 0.382684 0.662339
vn 0.683745 0.195266 0.703110
vn 0.683745 -0.195265 0.703110
vn 0.644097 -0.382683 0.662339
vn 0.266793 -0.923880 0.274349
vn 0.172414 -0.980821 0.090904
vn -0.172415 -0.980821 -0.090904
vn -0.338514 -0.923880 -0.178478
vn -0.817247 -0.382682 -0.430885
vn -0.867553 -0.195265 -0.457409
vn -0.867553 0.195265 -0.457409
vn -0.817246 0.382683 -0.430885
vn -0.338515 0.923879 -0.178479
vn -0.172416 0.980821 -0.090904
vn 0.172415 0.980821 0.090904
vn 0.338515 0.923879 0.178479
vn 0.817246 0.382683 0.430885
vn 0.867553 0.195265 0.457409
vn 0.867553 -0.195265 0.457409
vn 0.817246 -0.382683 0.430885
vn 0.338513 -0.923880 0.178478
vn 0.192067 -0.980821 0.033176
vn -0.192067 -0.980821 -0.033176
vn -0.377099 -0.923880 -0.065136
vn -0.910398 -0.382683 -0.157253
vn -0.966439 -0.195265 -0.166933
vn -0.966439 0.195266 -0.166933
vn -0.910398 0.382684 -0.157253
vn -0.377101 0.923879 -0.065137
vn -0.192068 0.980821 -0.033176
vn 0.192068 0.980821 0.033176
vn 0.377100 0.923879 0.065136
vn 0.910398 0.382685 0.157253
vn 0.966439 0.195266 0.166933
vn 0.966439 -0.195266 0.166933
vn 0.910398 -0.382684 0.157253
vn 0.377098 -0.923880 0.065136
vn 0.192919 -0.980821 -0.027800
vn -0.192919 -0.980821 0.027800
vn -0.378771 -0.923880 0.054582
vn -0.914434 -0.382683 0.131772
vn -0.970724 -0.195265 0.139883
vn -0.970723 0.195266 0.139883
vn -0.914434 0.382684 0.131772
vn -0.378773 0.923879 0.054582
vn -0.192920 0.980821 0.027800
vn 0.192920 0.980821 -0.027800
vn 0.378773 0.923879 -0.054582
vn 0.914433 0.382686 -0.131772
vn 0.970723 0.195267 -0.139883
vn 0.970723 -0.195266 -0.139883
vn 0.914433 -0.382685 -0.131772
vn 0.378771 -0.923880 -0.054582
vn 0.174886 -0.980821 -0.086054
vn -0.174886 -0.980821 0.086054
vn -0.343366 -0.923880 0.168957
vn -0.828959 -0.382684 0.407898
vn -0.879987 -0.195266 0.433007
vn -0.879986 0.195266 0.433007
vn -0.828958 0.382685 0.407898
vn -0.343367 0.923879 0.168958
vn -0.174887 0.980821 0.086055
vn 0.174887 0.980821 -0.086055
vn 0.343367 0.923879 -0.168958
vn 0.828958 0.382685 -0.407898
vn 0.879986 0.195266 -0.433007
vn 0.879986 -0.195266 -0.433007
vn 0.828958 -0.382684 -0.407898
vn 0.343366 -0.923880 -0.168957
vn 0.139734 -0.980821 -0.135885
vn -0.139734 -0.980821 0.135885
vn -0.274349 -0.923880 0.266793
vn -0.662339 -0.382683 0.644097
vn -0.703110 -0.195265 0.683745
vn -0.703110 0.195266 0.683745
vn -0.662339 0.382684 0.644097
vn -0.274351 0.923879 0.266794
vn -0.139734 0.980821 0.135886
vn 0.139734 0.980821 -0.135886
vn 0.274351 0.923879 -0.266794
vn 0.662339 0.382684 -0.644097
vn 0.703110 0.195266 -0.683745
vn 0.703110 -0.195265 -0.683745
vn 0.662339 -0.382683 -0.644097
vn 0.274349 -0.923880 -0.266793
vn 0.090904 -0.980821 -0.172414
vn -0.090904 -0.980821 0.172415
vn -0.178478 -0.923880 0.338514
vn -0.430885 -0.382682 0.817247
vn -0.457409 -0.195265 0.867553
vn -0.457409 0.195265 0.867553
vn -0.430885 0.382683 0.817246
vn -0.178479 0.923879 0.338515
vn -0.090904 0.980821 0.172416
vn 0.090904 0.980821 -0.172415
vn 0.178479 0.923879 -0.338515
vn 0.430885 0.382683 -0.817246
vn 0.457409 0.195265 -0.867553
vn 0.457409 -0.195265 -0.867553
vn 0.430885 -0.382683 -0.817246
vn 0.178478 -0.923880 -0.338513
vn 0.033176 -0.980821 -0.192067
vn -0.033176 -0.980821 0.192067
vn -0.065136 -0.923880 0.377099
vn -0.157253 -0.382683 0.910398
vn -0.166933 -0.195265 0.966439
vn -0.166933 0.195266 0.966439
vn -0.157253 0.382684 0.910398
vn -0.065137 0.923879 0.377101
vn -0.033176 0.980821 0.192068
vn 0.033176 0.980821 -0.192068
vn 0.065136 0.923879 -0.377100
vn 0.157253 0.382685 -0.910398
vn 0.166933 0.195266 -0.966439
vn 0.166933 -0.195266 -0.966439
vn 0.157253 -0.382684 -0.910398
vn 0.065136 -0.923880 -0.377098
vn -0.027800 -0.980821 -0.192919
vn 0.027800 -0.980821 0.192919
vn 0.054582 -0.923880 0.378771
vn 0.131772 -0.382683 0.914434
vn 0.139883 -0.195265 0.970724
vn 0.139883 0.195266 0.970723
vn 0.131772 0.382684 0.914434
vn 0.054582 0.923879 0.378773
vn 0.027800 0.980821 0.192920
vn -0.027800 0.980821 -0.192920
vn -0.054582 0.923879 -0.378773
vn -0.131772 0.382686 -0.914433
vn -0.139883 0.195267 -0.970723
vn -0.139883 -0.195266 -0.970723
vn -0.131772 -0.382685 -0.914433
vn -0.054582 -0.923880 -0.378771
vn -0.086054 -0.980821 -0.174886
vn 0.086054 -0.980821 0.174886
vn 0.168957 -0.923880 0.343366
vn 0.407898 -0.382684 0.828959
vn 0.433007 -0.195266 0.879987
vn 0.433007 0.195266 0.879986
vn 0.407898 0.382685 0.828958
vn 0.168958 0.923879 0.343367
vn 0.086055 0.980821 0.174887
vn -0.086055 0.980821 -0.174887
vn -0.168958 0.923879 -0.343367
vn -0.407898 0.382685 -0.828958
vn -0.433007 0.195266 -0.879986
vn -0.433007 -0.195266 -0.879986
vn -0.407898 -0.382684 -0.828958
vn -0.168957 -0.923880 -0.343365
vn -0.135885 -0.980821 -0.139734
vn 0.135885 -0.980821 0.139734
vn 0.266793 -0.923880 0.274349
vn 0.644097 -0.382683 0.662339
vn 0.683745 -0.195265 0.703110
vn 0.683745 0.195266 0.703110
vn 0.644097 0.382684 0.662339
vn 0.266794 0.923879 0.274351
vn 0.135886 0.980821 0.139734
vn -0.135886 0.980821 -0.139734
vn -0.266794 0.923879 -0.274351
vn -0.644097 0.382684 -0.662339
vn -0.683745 0.195266 -0.703110
vn -0.683745 -0.195265 -0.703110
vn -0.644097 -0.382683 -0.662339
vn -0.266793 -0.923880 -0.274349
vn -0.172414 -0.980821 -0.090904
vn 0.172415 -0.980821 0.090904
vn 0.338514 -0.923880 0.178478
vn 0.817247 -0.382682 0.430885
vn 0.867553 -0.195265 0.457409
vn 0.867553 0.195265 0.457409
vn 0.817246 0.382683 0.430885
vn 0.338515 0.923879 0.178479
vn 0.172416 0.980821 0.090904
vn -0.172415 0.980821 -0.090904
vn -0.338515 0.923879 -0.178479
vn -0.817246 0.382683 -0.430885
vn -0.867553 0.195265 -0.457409
vn -0.867553 -0.195265 -0.457409
vn -0.817246 -0.382683 -0.430885
vn -0.338513 -0.923880 -0.178478
vn -0.192067 -0.980821 -0.033176
vn 0.192067 -0.980821 0.033176
vn 0.377099 -0.923880 0.065136
vn 0.910398 -0.382683 0.157253
vn 0.966439 -0.195265 0.166933
vn 0.966439 0.195266 0.166933
vn 0.910398 0.382684 0.157253
vn 0.377101 0.923879 0.065137
vn 0.192068 0.980821 0.033176
vn -0.192068 0.980821 -0.033176
vn -0.377100 0.923879 -0.065136
vn -0.910398 0.382685 -0.157253
vn -0.966439 0.195266 -0.166933
vn -0.966439 -0.195266 -0.166933
vn -0.910398 -0.382684 -0.157253
vn -0.377098 -0.923880 -0.065136
vn -0.174888 -0.980820 0.086055
vn 0.174888 -0.980820 -0.086055
vn 0.192921 -0.980820 -0.027800
vn -0.192921 -0.980820 0.027800
vn 0.343369 -0.923878 -0.168959
vn 0.378775 -0.923878 -0.054582
vn 0.828958 -0.382685 -0.407898
vn 0.879986 -0.195266 -0.433007
vn 0.970723 -0.195266 -0.139883
vn 0.914433 -0.382685 -0.131772
vn 0.879987 0.195266 -0.433007
vn 0.970724 0.195265 -0.139883
vn 0.828959 0.382684 -0.407898
vn 0.914434 0.382683 -0.131772
vn 0.343366 0.923880 -0.168957
vn 0.174886 0.980821 -0.086054
vn 0.192919 0.980821 -0.027800
vn 0.378771 0.923880 -0.054582
vn -0.174886 0.980821 0.086054
vn -0.192919 0.980821 0.027800
vn -0.343365 0.923880 0.168957
vn -0.378771 0.923880 0.054582
vn -0.828958 0.382684 0.407898
vn -0.879986 0.195266 0.433007
vn -0.970723 0.195266 0.139883
vn -0.914433 0.382685 0.131772
vn -0.879986 -0.195267 0.433007
vn -0.970723 -0.195267 0.139883
vn -0.828958 -0.382686 0.407898
vn -0.914433 -0.382687 0.131772
vn -0.343369 -0.923878 0.168959
vn -0.378775 -0.923878 0.054582
vn -0.139735 -0.980820 0.135887
vn 0.139735 -0.980820 -0.135887
vn 0.274352 -0.923878 -0.266796
vn 0.662338 -0.382685 -0.644096
vn 0.703110 -0.195266 -0.683745
vn 0.703110 0.195265 -0.683745
vn 0.662339 0.382683 -0.644097
vn 0.274349 0.923880 -0.266793
vn 0.139734 0.980821 -0.135885
vn -0.139734 0.980821 0.135885
vn -0.274349 0.923880 0.266793
vn -0.662339 0.382683 0.644097
vn -0.703110 0.195265 0.683745
vn -0.703110 -0.195266 0.683745
vn -0.662339 -0.382685 0.644096
vn -0.274352 -0.923878 0.266796
vn -0.090905 -0.980821 0.172416
vn 0.090905 -0.980821 -0.172417
vn 0.178480 -0.923878 -0.338517
vn 0.430885 -0.382684 -0.817246
vn 0.457409 -0.195266 -0.867553
vn 0.457409 0.195265 -0.867553
vn 0.430885 0.382682 -0.817247
vn 0.178478 0.923880 -0.338514
vn 0.090904 0.980821 -0.172415
vn -0.090904 0.980821 0.172414
vn -0.178478 0.923880 0.338513
vn -0.430885 0.382682 0.817247
vn -0.457409 0.195265 0.867553
vn -0.457409 -0.195266 0.867553
vn -0.430885 -0.382684 0.817246
vn -0.178480 -0.923878 0.338517
vn -0.033176 -0.980820 0.192069
vn 0.033176 -0.980820 -0.192069
vn 0.065137 -0.923878 -0.377103
vn 0.157253 -0.382685 -0.910398
vn 0.166933 -0.195266 -0.966439
vn 0.166933 0.195265 -0.966439
vn 0.157253 0.382683 -0.910398
vn 0.065136 0.923880 -0.377099
vn 0.033176 0.980821 -0.192067
vn -0.033176 0.980821 0.192067
vn -0.065136 0.923880 0.377098
vn -0.157253 0.382684 0.910398
vn -0.166933 0.195266 0.966439
vn -0.166933 -0.195267 0.966439
vn -0.157253 -0.382686 0.910397
vn -0.065137 -0.923878 0.377103
vn 0.027800 -0.980820 0.192921
vn -0.027800 -0.980820 -0.192921
vn -0.054582 -0.923878 -0.378775
vn -0.131772 -0.382685 -0.914433
vn -0.139883 -0.195266 -0.970723
vn -0.139883 0.195265 -0.970724
vn -0.131772 0.382683 -0.914434
vn -0.054582 0.923880 -0.378771
vn -0.027800 0.980821 -0.192919
vn 0.027800 0.980821 0.192919
vn 0.054582 0.923880 0.378771
vn 0.131772 0.382685 0.914433
vn 0.139883 0.195266 0.970723
vn 0.139883 -0.195267 0.970723
vn 0.131772 -0.382687 0.914433
vn 0.054582 -0.923878 0.378775
vn 0.086055 -0.980820 0.174888
vn -0.086055 -0.980820 -0.174888
vn -0.168959 -0.923878 -0.343369
vn -0.407898 -0.382685 -0.828958
vn -0.433007 -0.195266 -0.879986
vn -0.433007 0.195266 -0.879987
vn -0.407898 0.382684 -0.828959
vn -0.168957 0.923880 -0.343366
vn -0.086054 0.980821 -0.174886
vn 0.086054 0.980821 0.174886
vn 0.168957 0.923880 0.343365
vn 0.407898 0.382684 0.828958
vn 0.433007 0.195266 0.879986
vn 0.433007 -0.195267 0.879986
vn 0.407898 -0.382686 0.828958
vn 0.168959 -0.923878 0.343369
vn 0.135887 -0.980820 0.139735
vn -0.135887 -0.980820 -0.139735
vn -0.266796 -0.923878 -0.274352
vn -0.644096 -0.382685 -0.662338
vn -0.683745 -0.195266 -0.703110
vn -0.683745 0.195265 -0.703110
vn -0.644097 0.382683 -0.662339
vn -0.266793 0.923880 -0.274349
vn -0.135885 0.980821 -0.139734
vn 0.135885 0.980821 0.139734
vn 0.266793 0.923880 0.274349
vn 0.644097 0.382683 0.662339
vn 0.683745 0.195265 0.703110
vn 0.683745 -0.195266 0.703110
vn 0.644096 -0.382685 0.662339
vn 0.266796 -0.923878 0.274352
vn 0.172416 -0.980821 0.090905
vn -0.172417 -0.980821 -0.090905
vn -0.338517 -0.923878 -0.178480
vn -0.817246 -0.382684 -0.430885
vn -0.867553 -0.195266 -0.457409
vn -0.867553 0.195265 -0.457409
vn -0.817247 0.382682 -0.430885
vn -0.338514 0.923880 -0.178478
vn -0.172415 0.980821 -0.090904
vn 0.172414 0.980821 0.090904
vn 0.338513 0.923880 0.178478
vn 0.817247 0.382682 0.430885
vn 0.867553 0.195265 0.457409
vn 0.867553 -0.195266 0.457409
vn 0.817246 -0.382684 0.430885
vn 0.338517 -0.923878 0.178480
vn 0.192069 -0.980820 0.033176
vn -0.192069 -0.980820 -0.033176
vn -0.377103 -0.923878 -0.065137
vn -0.910398 -0.382685 -0.157253
vn -0.966439 -0.195266 -0.166933
vn -0.966439 0.195265 -0.166933
vn -0.910398 0.382683 -0.157253
vn -0.377099 0.923880 -0.065136
vn -0.192067 0.980821 -0.033176
vn 0.192067 0.980821 0.033176
vn 0.377098 0.923880 0.065136
vn 0.910398 0.382684 0.157253
vn 0.966439 0.195266 0.166933
vn 0.966439 -0.195267 0.166933
vn 0.910397 -0.382686 0.157253
vn 0.377103 -0.923878 0.065137
vn 0.192921 -0.980820 -0.027800
vn -0.192921 -0.980820 0.027800
vn -0.378775 -0.923878 0.054582
vn -0.914433 -0.382685 0.131772
vn -0.970723 -0.195266 0.139883
vn -0.970724 0.195265 0.139883
vn -0.914434 0.382683 0.131772
vn -0.378771 0.923880 0.054582
vn -0.192919 0.980821 0.027800
vn 0.192919 0.980821 -0.027800
vn 0.378771 0.923880 -0.054582
vn 0.914433 0.382685 -0.131772
vn 0.970723 0.195266 -0.139883
vn 0.970723 -0.195267 -0.139883
vn 0.914433 -0.382687 -0.131772
vn 0.378775 -0.923878 -0.054582
vn 0.174888 -0.980820 -0.086055
vn -0.174888 -0.980820 0.086055
vn -0.343369 -0.923878 0.168959
vn -0.828958 -0.382685 0.407898
vn -0.879986 -0.195266 0.433007
vn -0.879987 0.195266 0.433007
vn -0.828959 0.382684 0.407898
vn -0.343366 0.923880 0.168957
vn -0.174886 0.980821 0.086054
vn 0.174886 0.980821 -0.086054
vn 0.343365 0.923880 -0.168957
vn 0.828958 0.382684 -0.407898
vn 0.879986 0.195266 -0.433007
vn 0.879986 -0.195267 -0.433007
vn 0.828958 -0.382686 -0.407898
vn 0.343369 -0.923878 -0.168959
vn 0.139735 -0.980820 -0.135887
vn -0.139735 -0.980820 0.135887
vn -0.274352 -0.923878 0.266796
vn -0.662338 -0.382685 0.644096
vn -0.703110 -0.195266 0.683745
vn -0.703110 0.195265 0.683745
vn -0.662339 0.382683 0.644097
vn -0.274349 0.923880 0.266793
vn -0.139734 0.980821 0.135885
vn 0.139734 0.980821 -0.135885
vn 0.274349 0.923880 -0.266793
vn 0.662339 0.382683 -0.644097
vn 0.703110 0.195265 -0.683745
vn 0.703110 -0.195266 -0.683745
vn 0.662339 -0.382685 -0.644096
vn 0.274352 -0.923878 -0.266796
vn 0.090905 -0.980821 -0.172416
vn -0.090905 -0.980821 0.172417
vn -0.178480 -0.923878 0.338517
vn -0.430885 -0.382684 0.817246
vn -0.457409 -0.195266 0.867553
vn -0.457409 0.195265 0.867553
vn -0.430885 0.382682 0.817247
vn -0.178478 0.923880 0.338514
vn -0.090904 0.980821 0.172415
vn 0.090904 0.980821 -0.172414
vn 0.178478 0.923880 -0.338513
vn 0.430885 0.382682 -0.817247
vn 0.457409 0.195265 -0.867553
vn 0.457409 -0.195266 -0.867553
vn 0.430885 -0.382684 -0.817246
vn 0.178480 -0.923878 -0.338517
vn 0.033176 -0.980820 -0.192069
vn -0.033176 -0.980820 0.192069
vn -0.065137 -0.923878 0.377103
vn -0.157253 -0.382685 0.910398
vn -0.166933 -0.195266 0.966439
vn -0.166933 0.195265 0.966439
vn -0.157253 0.382683 0.910398
vn -0.065136 0.923880 0.377099
vn -0.033176 0.980821 0.192067
vn 0.033176 0.980821 -0.192067
vn 0.065136 0.923880 -0.377098
vn 0.157253 0.382684 -0.910398
vn 0.166933 0.195266 -0.966439
vn 0.166933 -0.195267 -0.966439
vn 0.157253 -0.382686 -0.910397
vn 0.065137 -0.923878 -0.377103
vn -0.027800 -0.980820 -0.192921
vn 0.027800 -0.980820 0.192921
vn 0.054582 -0.923878 0.378775
vn 0.131772 -0.382685 0.914433
vn 0.139883 -0.195266 0.970723
vn 0.139883 0.195265 0.970724
vn 0.131772 0.382683 0.914434
vn 0.054582 0.923880 0.378771
vn 0.027800 0.980821 0.192919
vn -0.027800 0.980821 -0.192919
vn -0.054582 0.923880 -0.378771
vn -0.131772 0.382685 -0.914433
vn -0.139883 0.195266 -0.970723
vn -0.139883 -0.195267 -0.970723
vn -0.131772 -0.382687 -0.914433
vn -0.054582 -0.923878 -0.378775
vn -0.086055 -0.980820 -0.174888
vn 0.086055 -0.980820 0.174888
vn 0.168959 -0.923878 0.343369
vn 0.407898 -0.382685 0.828958
vn 0.433007 -0.195266 0.879986
vn 0.433007 0.195266 0.879987
vn 0.407898 0.382684 0.828959
vn 0.168957 0.923880 0.343366
vn 0.086054 0.980821 0.174886
vn -0.086054 0.980821 -0.174886
vn -0.168957 0.923880 -0.343365
vn -0.407898 0.382684 -0.828958
vn -0.433007 0.195266 -0.879986
vn -0.433007 -0.195267 -0.879986
vn -0.407898 -0.382686 -0.828958
vn -0.168959 -0.923878 -0.343369
vn -0.135887 -0.980820 -0.139735
vn 0.135887 -0.980820 0.139735
vn 0.266796 -0.923878 0.274352
vn 0.644096 -0.382685 0.662338
vn 0.683745 -0.195266 0.703110
vn 0.683745 0.195265 0.703110
vn 0.644097 0.382683 0.662339
vn 0.266793 0.923880 0.274349
vn 0.135885 0.980821 0.139734
vn -0.135885 0.980821 -0.139734
vn -0.266793 0.923880 -0.274349
vn -0.644097 0.382683 -0.662339
vn -0.683745 0.195265 -0.703110
vn -0.683745 -0.195266 -0.703110
vn -0.644096 -0.382685 -0.662339
vn -0.266796 -0.923878 -0.274352
vn -0.172416 -0.980821 -0.090905
vn 0.172417 -0.980821 0.090905
vn 0.338517 -0.923878 0.178480
vn 0.817246 -0.382684 0.430885
vn 0.867553 -0.195266 0.457409
vn 0.867553 0.195265 0.457409
vn 0.817247 0.382682 0.430885
vn 0.338514 0.923880 0.178478
vn 0.172415 0.980821 0.090904
vn -0.172414 0.980821 -0.090904
vn -0.338513 0.923880 -0.178478
vn -0.817247 0.382682 -0.430885
vn -0.867553 0.195265 -0.457409
vn -0.867553 -0.195266 -0.457409
vn -0.817246 -0.382684 -0.430885
vn -0.338517 -0.923878 -0.178480
vn -0.192069 -0.980820 -0.033176
vn 0.192069 -0.980820 0.033176
vn 0.377103 -0.923878 0.065137
vn 0.910398 -0.382685 0.157253
vn 0.966439 -0.195266 0.166933
vn 0.966439 0.195265 0.166933
vn 0.910398 0.382683 0.157253
vn 0.377099 0.923880 0.065136
vn 0.192067 0.980821 0.033176
vn -0.192067 0.980821 -0.033176
vn -0.377098 0.923880 -0.065136
vn -0.910398 0.382684 -0.157253
vn -0.966439 0.195266 -0.166933
vn -0.966439 -0.195267 -0.166933
vn -0.910397 -0.382686 -0.157253
vn -0.377103 -0.923878 -0.065137
vn 0.289133 -0.923880 -0.250696
vn 0.378770 -0.923880 -0.054582
vn 0.698030 -0.382683 -0.605234
vn 0.740938 -0.195660 -0.642439
vn 0.970646 -0.195660 -0.139872
vn 0.914434 -0.382682 -0.131772
vn 0.740938 0.195660 -0.642439
vn 0.970646 0.195660 -0.139872
vn 0.698030 0.382683 -0.605234
vn 0.914434 0.382682 -0.131772
vn 0.289133 0.923880 -0.250696
vn 0.378770 0.923880 -0.054582
vn 0.892180 -0.195660 0.407103
vn 0.892180 0.195660 0.407103
vn 0.530453 0.195661 0.824825
vn 0.530453 -0.195661 0.824825
vn 0.107698 -0.923880 -0.367216
vn 0.260006 -0.382684 -0.886538
vn 0.275989 -0.195661 -0.941035
vn 0.275989 0.195661 -0.941035
vn 0.260006 0.382684 -0.886538
vn 0.107698 0.923879 -0.367217
vn 0.348151 0.923880 0.158862
vn 0.840512 -0.382683 0.383527
vn 0.499734 -0.382684 0.777058
vn -0.107931 -0.923880 -0.367148
vn -0.260568 -0.382685 -0.886373
vn -0.276586 -0.195661 -0.940860
vn -0.276586 0.195661 -0.940860
vn -0.260568 0.382685 -0.886373
vn -0.107931 0.923879 -0.367148
vn 0.840512 0.382683 0.383527
vn 0.348151 -0.923880 0.158862
vn 0.206996 -0.923880 0.321868
vn -0.289292 -0.923880 -0.250512
vn -0.698414 -0.382683 -0.604791
vn -0.741346 -0.195660 -0.641968
vn -0.741346 0.195660 -0.641968
vn -0.698414 0.382683 -0.604791
vn -0.289292 0.923880 -0.250513
vn 0.499734 0.382684 0.777058
vn -0.378805 -0.923880 -0.054341
vn -0.914518 -0.382683 -0.131192
vn -0.970734 -0.195660 -0.139256
vn -0.970734 0.195660 -0.139256
vn -0.914518 0.382683 -0.131192
vn -0.378805 0.923880 -0.054341
vn 0.206996 0.923880 0.321868
vn 0.000121 0.923879 0.382684
vn -0.348051 -0.923879 0.159083
vn -0.840268 -0.382684 0.384060
vn -0.891921 -0.195661 0.407669
vn -0.891921 0.195661 0.407669
vn -0.840268 0.382684 0.384060
vn -0.348051 0.923879 0.159083
vn 0.000293 0.382685 0.923879
vn 0.000311 0.195661 0.980672
vn -0.206793 -0.923879 0.322000
vn -0.499240 -0.382685 0.777375
vn -0.529929 -0.195661 0.825162
vn -0.529929 0.195661 0.825162
vn -0.499240 0.382685 0.777375
vn -0.206793 0.923879 0.322001
vn 0.000311 -0.195661 0.980671
vn 0.000293 -0.382685 0.923879
vn 0.000121 -0.923879 0.382684
vn 0.136090 -0.981305 -0.136090
vn 0.278021 -0.958859 -0.057390
vn 0.278021 -0.958859 0.057390
vn 0.136090 -0.981305 0.136090
vn 0.848032 -0.501809 -0.170382
vn 0.946771 -0.260435 -0.189205
vn 0.946771 -0.260435 0.189205
vn 0.848032 -0.501809 0.170382
vn 0.946771 0.260435 -0.189205
vn 0.946771 0.260435 0.189206
vn 0.848032 0.501809 -0.170382
vn 0.848032 0.501809 0.170382
vn 0.278023 0.958858 -0.057390
vn 0.136091 0.981304 -0.136091
vn 0.136091 0.981304 0.136091
vn 0.278023 0.958858 0.057390
vn 0.196915 -0.960442 -0.196915
vn 0.608547 -0.509255 -0.608547
vn 0.681525 -0.266547 -0.681525
vn 0.681525 0.266547 -0.681525
vn 0.608547 0.509255 -0.608547
vn 0.196917 0.960441 -0.196917
vn 0.057390 -0.958859 -0.278021
vn 0.170382 -0.501808 -0.848032
vn 0.189205 -0.260435 -0.946771
vn 0.189205 0.260435 -0.946771
vn 0.170382 0.501808 -0.848032
vn 0.057390 0.958858 -0.278023
vn -0.136090 -0.981305 -0.136090
vn -0.057390 -0.958859 -0.278021
vn -0.170382 -0.501808 -0.848032
vn -0.189205 -0.260435 -0.946771
vn -0.189205 0.260435 -0.946771
vn -0.170382 0.501808 -0.848032
vn -0.057390 0.958858 -0.278023
vn -0.136091 0.981304 -0.136091
vn -0.196915 -0.960442 -0.196915
vn -0.608547 -0.509255 -0.608547
vn -0.681525 -0.266547 -0.681525
vn -0.681525 0.266547 -0.681525
vn -0.608547 0.509255 -0.608547
vn -0.196917 0.960441 -0.196917
vn -0.278021 -0.958859 -0.057390
vn -0.848032 -0.501809 -0.170382
vn -0.946771 -0.260435 -0.189205
vn -0.946771 0.260435 -0.189206
vn -0.848032 0.501809 -0.170382
vn -0.278023 0.958858 -0.057390
vn -0.136090 -0.981305 0.136090
vn -0.278021 -0.958859 0.057390
vn -0.848032 -0.501809 0.170382
vn -0.946771 -0.260435 0.189205
vn -0.946771 0.260435 0.189205
vn -0.848032 0.501809 0.170382
vn -0.278023 0.958858 0.057390
vn -0.136091 0.981304 0.136091
vn -0.196915 -0.960442 0.196915
vn -0.608547 -0.509255 0.608547
vn -0.681525 -0.266547 0.681525
vn -0.681525 0.266547 0.681525
vn -0.608547 0.509255 0.608547
vn -0.196917 0.960441 0.196917
vn -0.057390 -0.958859 0.278021
vn -0.170382 -0.501808 0.848032
vn -0.189205 -0.260435 0.946771
vn -0.189205 0.260435 0.946771
vn -0.170382 0.501808 0.848032
vn -0.057390 0.958858 0.278023
vn 0.057390 -0.958859 0.278021
vn 0.170382 -0.501808 0.848032
vn 0.189205 -0.260435 0.946771
vn 0.189205 0.260435 0.946771
vn 0.170382 0.501808 0.848032
vn 0.057390 0.958858 0.278023
vn 0.196915 -0.960442 0.196915
vn 0.608547 -0.509255 0.608547
vn 0.681525 -0.266547 0.681525
vn 0.681525 0.266547 0.681525
vn 0.608547 0.509255 0.608547
vn 0.196917 0.960441 0.196917
vn 0.188062 -0.981305 -0.040910
vn 0.264913 -0.958859 0.102030
vn 0.202859 -0.958859 0.198589
vn 0.040910 -0.981305 0.188062
vn 0.805525 -0.501809 0.315146
vn 0.898766 -0.260435 0.352693
vn 0.694182 -0.260435 0.671033
vn 0.621294 -0.501809 0.601815
vn 0.898766 0.260435 0.352693
vn 0.694182 0.260435 0.671033
vn 0.805525 0.501809 0.315146
vn 0.621294 0.501809 0.601815
vn 0.264916 0.958858 0.102031
vn 0.188064 0.981304 -0.040911
vn 0.040911 0.981304 0.188064
vn 0.202860 0.958858 0.198590
vn 0.272116 -0.960442 -0.059195
vn 0.840947 -0.509256 -0.182937
vn 0.941795 -0.266547 -0.204876
vn 0.941795 0.266548 -0.204876
vn 0.840947 0.509256 -0.182937
vn 0.272118 0.960441 -0.059196
vn 0.198589 -0.958859 -0.202859
vn 0.601815 -0.501809 -0.621294
vn 0.671032 -0.260435 -0.694182
vn 0.671032 0.260435 -0.694182
vn 0.601815 0.501809 -0.621294
vn 0.198590 0.958858 -0.202860
vn -0.040911 -0.981305 -0.188062
vn 0.102030 -0.958859 -0.264913
vn 0.315146 -0.501809 -0.805525
vn 0.352693 -0.260435 -0.898766
vn 0.352693 0.260435 -0.898766
vn 0.315146 0.501809 -0.805525
vn 0.102031 0.958858 -0.264916
vn -0.040911 0.981304 -0.188064
vn -0.059195 -0.960442 -0.272116
vn -0.182937 -0.509255 -0.840948
vn -0.204875 -0.266547 -0.941795
vn -0.204875 0.266548 -0.941795
vn -0.182937 0.509255 -0.840948
vn -0.059196 0.960441 -0.272118
vn -0.202859 -0.958859 -0.198589
vn -0.621294 -0.501809 -0.601815
vn -0.694182 -0.260435 -0.671032
vn -0.694182 0.260435 -0.671032
vn -0.621294 0.501809 -0.601815
vn -0.202860 0.958858 -0.198591
vn -0.188062 -0.981305 0.040910
vn -0.264913 -0.958859 -0.102030
vn -0.805525 -0.501809 -0.315146
vn -0.898766 -0.260435 -0.352693
vn -0.898766 0.260435 -0.352693
vn -0.805525 0.501809 -0.315146
vn -0.264916 0.958858 -0.102031
vn -0.188064 0.981304 0.040911
vn -0.272116 -0.960442 0.059195
vn -0.840948 -0.509255 0.182937
vn -0.941795 -0.266547 0.204875
vn -0.941796 0.266547 0.204875
vn -0.840948 0.509255 0.182937
vn -0.272118 0.960441 0.059196
vn -0.198589 -0.958859 0.202859
vn -0.601815 -0.501808 0.621295
vn -0.671033 -0.260435 0.694182
vn -0.671033 0.260435 0.694182
vn -0.601815 0.501808 0.621295
vn -0.198590 0.958858 0.202861
vn -0.102030 -0.958859 0.264913
vn -0.315146 -0.501809 0.805525
vn -0.352693 -0.260435 0.898766
vn -0.352693 0.260435 0.898766
vn -0.315146 0.501809 0.805525
vn -0.102031 0.958858 0.264916
vn 0.059195 -0.960442 0.272116
vn 0.182937 -0.509255 0.840948
vn 0.204875 -0.266547 0.941795
vn 0.204875 0.266547 0.941795
vn 0.182937 0.509255 0.840948
vn 0.059196 0.960441 0.272118
vn 0.180326 -0.981305 0.067258
vn 0.167697 -0.958859 0.229056
vn 0.063291 -0.958859 0.276737
vn -0.067258 -0.981305 0.180326
vn 0.507270 -0.501809 0.700617
vn 0.565411 -0.260435 0.782614
vn 0.221195 -0.260436 0.939812
vn 0.197300 -0.501809 0.842176
vn 0.565411 0.260435 0.782614
vn 0.221195 0.260436 0.939812
vn 0.507270 0.501809 0.700617
vn 0.197300 0.501809 0.842176
vn 0.167699 0.958858 0.229058
vn 0.180327 0.981304 0.067259
vn -0.067258 0.981304 0.180328
vn 0.063291 0.958858 0.276740
vn 0.260921 -0.960442 0.097319
vn 0.806354 -0.509255 0.300755
vn 0.903053 -0.266547 0.336821
vn 0.903053 0.266547 0.336821
vn 0.806354 0.509255 0.300755
vn 0.260924 0.960441 0.097320
vn 0.276737 -0.958859 -0.063291
vn 0.842176 -0.501809 -0.197300
vn 0.939812 -0.260435 -0.221195
vn 0.939812 0.260435 -0.221195
vn 0.842176 0.501808 -0.197300
vn 0.276739 0.958858 -0.063291
vn 0.067258 -0.981305 -0.180326
vn 0.229056 -0.958859 -0.167698
vn 0.700617 -0.501808 -0.507271
vn 0.782614 -0.260435 -0.565411
vn 0.782614 0.260435 -0.565411
vn 0.700617 0.501808 -0.507271
vn 0.229058 0.958859 -0.167699
vn 0.067258 0.981304 -0.180328
vn 0.097318 -0.960442 -0.260922
vn 0.300754 -0.509255 -0.806354
vn 0.336821 -0.266547 -0.903053
vn 0.336821 0.266547 -0.903053
vn 0.300754 0.509255 -0.806354
vn 0.097319 0.960441 -0.260924
vn -0.063291 -0.958859 -0.276737
vn -0.197300 -0.501810 -0.842176
vn -0.221195 -0.260436 -0.939812
vn -0.221195 0.260436 -0.939812
vn -0.197300 0.501809 -0.842176
vn -0.063291 0.958858 -0.276740
vn -0.180326 -0.981305 -0.067258
vn -0.167698 -0.958859 -0.229056
vn -0.507270 -0.501809 -0.700617
vn -0.565410 -0.260436 -0.782614
vn -0.565410 0.260436 -0.782614
vn -0.507270 0.501809 -0.700617
vn -0.167699 0.958858 -0.229058
vn -0.180328 0.981304 -0.067259
vn -0.260922 -0.960442 -0.097319
vn -0.806353 -0.509256 -0.300755
vn -0.903052 -0.266548 -0.336822
vn -0.903052 0.266548 -0.336822
vn -0.806353 0.509256 -0.300755
vn -0.260924 0.960441 -0.097320
vn -0.276737 -0.958859 0.063290
vn -0.842176 -0.501809 0.197300
vn -0.939812 -0.260435 0.221195
vn -0.939812 0.260435 0.221195
vn -0.842176 0.501808 0.197300
vn -0.276740 0.958858 0.063291
vn -0.229056 -0.958859 0.167698
vn -0.700618 -0.501808 0.507271
vn -0.782614 -0.260435 0.565411
vn -0.782614 0.260435 0.565411
vn -0.700618 0.501808 0.507271
vn -0.229058 0.958859 0.167699
vn -0.097318 -0.960442 0.260922
vn -0.300754 -0.509255 0.806354
vn -0.336821 -0.266547 0.903053
vn -0.336821 0.266547 0.903053
vn -0.300754 0.509255 0.806354
vn -0.097319 0.960441 0.260924
vn 0.115337 -0.981305 0.154073
vn 0.017239 -0.958859 0.283358
vn -0.096372 -0.958859 0.267024
vn -0.154073 -0.981305 0.115337
vn 0.047960 -0.501809 0.863648
vn 0.052540 -0.260435 0.964061
vn -0.322020 -0.260435 0.910207
vn -0.289336 -0.501809 0.815152
vn 0.052540 0.260435 0.964061
vn -0.322020 0.260435 0.910207
vn 0.047960 0.501809 0.863648
vn -0.289336 0.501809 0.815152
vn 0.017239 0.958858 0.283361
vn 0.115338 0.981304 0.154074
vn -0.154074 0.981304 0.115338
vn -0.096373 0.958858 0.267026
vn 0.166886 -0.960442 0.222934
vn 0.515748 -0.509255 0.688958
vn 0.577597 -0.266547 0.771579
vn 0.577597 0.266547 0.771579
vn 0.515748 0.509255 0.688958
vn 0.166888 0.960441 0.222936
vn 0.267023 -0.958859 0.096372
vn 0.815152 -0.501809 0.289335
vn 0.910207 -0.260435 0.322019
vn 0.910207 0.260435 0.322019
vn 0.815152 0.501809 0.289335
vn 0.267026 0.958858 0.096373
vn 0.154072 -0.981305 -0.115337
vn 0.283358 -0.958859 -0.017239
vn 0.863648 -0.501809 -0.047961
vn 0.964061 -0.260435 -0.052541
vn 0.964061 0.260435 -0.052541
vn 0.863648 0.501809 -0.047961
vn 0.283360 0.958858 -0.017240
vn 0.154074 0.981304 -0.115338
vn 0.222934 -0.960442 -0.166887
vn 0.688958 -0.509256 -0.515748
vn 0.771579 -0.266548 -0.577597
vn 0.771579 0.266548 -0.577597
vn 0.688958 0.509256 -0.515748
vn 0.222936 0.960441 -0.166888
vn 0.096372 -0.958859 -0.267024
vn 0.289335 -0.501809 -0.815152
vn 0.322019 -0.260436 -0.910207
vn 0.322020 0.260436 -0.910207
vn 0.289335 0.501809 -0.815152
vn 0.096373 0.958858 -0.267026
vn -0.115338 -0.981305 -0.154073
vn -0.017239 -0.958859 -0.283358
vn -0.047960 -0.501809 -0.863648
vn -0.052540 -0.260435 -0.964061
vn -0.052540 0.260435 -0.964061
vn -0.047960 0.501809 -0.863648
vn -0.017239 0.958858 -0.283361
vn -0.115339 0.981304 -0.154074
vn -0.166887 -0.960442 -0.222935
vn -0.515748 -0.509255 -0.688958
vn -0.577597 -0.266547 -0.771579
vn -0.577597 0.266547 -0.771579
vn -0.515748 0.509255 -0.688958
vn -0.166889 0.960441 -0.222937
vn -0.267024 -0.958859 -0.096372
vn -0.815152 -0.501809 -0.289335
vn -0.910207 -0.260435 -0.322019
vn -0.910207 0.260435 -0.322019
vn -0.815152 0.501809 -0.289335
vn -0.267026 0.958858 -0.096373
vn -0.283359 -0.958859 0.017239
vn -0.863648 -0.501808 0.047960
vn -0.964061 -0.260435 0.052540
vn -0.964061 0.260435 0.052540
vn -0.863648 0.501808 0.047960
vn -0.283361 0.958858 0.017239
vn -0.222935 -0.960442 0.166887
vn -0.688959 -0.509254 0.515747
vn -0.771580 -0.266547 0.577596
vn -0.771580 0.266547 0.577597
vn -0.688959 0.509255 0.515747
vn -0.222937 0.960441 0.166888
vn 0.013730 -0.981305 0.191970
vn -0.138692 -0.958859 0.247696
vn -0.225437 -0.958859 0.172532
vn -0.191970 -0.981305 0.013730
vn -0.426576 -0.501809 0.752476
vn -0.477010 -0.260436 0.839425
vn -0.762995 -0.260435 0.591618
vn -0.684109 -0.501809 0.529323
vn -0.477010 0.260436 0.839425
vn -0.762995 0.260436 0.591618
vn -0.426576 0.501809 0.752476
vn -0.684109 0.501809 0.529323
vn -0.138694 0.958858 0.247699
vn 0.013730 0.981304 0.191972
vn -0.191972 0.981304 0.013730
vn -0.225439 0.958858 0.172533
vn 0.019867 -0.960442 0.277771
vn 0.061396 -0.509256 0.858423
vn 0.068758 -0.266547 0.961366
vn 0.068758 0.266547 0.961366
vn 0.061396 0.509255 0.858423
vn 0.019867 0.960441 0.277773
vn 0.172532 -0.958859 0.225437
vn 0.529323 -0.501809 0.684109
vn 0.591618 -0.260436 0.762995
vn 0.591618 0.260435 0.762995
vn 0.529323 0.501809 0.684109
vn 0.172533 0.958858 0.225439
vn 0.191970 -0.981305 -0.013730
vn 0.247697 -0.958859 0.138693
vn 0.752476 -0.501809 0.426576
vn 0.839425 -0.260436 0.477010
vn 0.839425 0.260435 0.477011
vn 0.752476 0.501809 0.426576
vn 0.247699 0.958858 0.138694
vn 0.191972 0.981304 -0.013730
vn 0.277771 -0.960442 -0.019867
vn 0.858422 -0.509256 -0.061395
vn 0.961366 -0.266548 -0.068758
vn 0.961366 0.266548 -0.068758
vn 0.858423 0.509256 -0.061395
vn 0.277773 0.960441 -0.019867
vn 0.225437 -0.958859 -0.172532
vn 0.684109 -0.501810 -0.529323
vn 0.762995 -0.260436 -0.591618
vn 0.762995 0.260436 -0.591618
vn 0.684109 0.501810 -0.529323
vn 0.225439 0.958858 -0.172533
vn -0.013730 -0.981305 -0.191970
vn 0.138693 -0.958859 -0.247696
vn 0.426576 -0.501809 -0.752476
vn 0.477011 -0.260435 -0.839425
vn 0.477011 0.260435 -0.839425
vn 0.426576 0.501809 -0.752476
vn 0.138694 0.958858 -0.247699
vn -0.013730 0.981304 -0.191972
vn -0.019866 -0.960442 -0.277770
vn -0.061396 -0.509255 -0.858423
vn -0.068758 -0.266547 -0.961366
vn -0.068758 0.266547 -0.961366
vn -0.061396 0.509255 -0.858423
vn -0.019867 0.960441 -0.277772
vn -0.172532 -0.958859 -0.225437
vn -0.529323 -0.501809 -0.684109
vn -0.591618 -0.260435 -0.762995
vn -0.591618 0.260435 -0.762995
vn -0.529323 0.501809 -0.684109
vn -0.172533 0.958858 -0.225439
vn -0.247696 -0.958859 -0.138693
vn -0.752476 -0.501809 -0.426577
vn -0.839425 -0.260435 -0.477011
vn -0.839425 0.260435 -0.477011
vn -0.752476 0.501809 -0.426577
vn -0.247698 0.958858 -0.138694
vn -0.277770 -0.960442 0.019866
vn -0.858423 -0.509256 0.061395
vn -0.961366 -0.266547 0.068758
vn -0.961366 0.266548 0.068758
vn -0.858423 0.509256 0.061395
vn -0.277772 0.960441 0.019866
vn -0.092237 -0.981305 0.168919
vn -0.250591 -0.958859 0.133392
vn -0.282928 -0.958859 0.023263
vn -0.168919 -0.981305 -0.092236
vn -0.765678 -0.501809 0.402398
vn -0.855114 -0.260435 0.448278
vn -0.961725 -0.260435 0.085195
vn -0.861683 -0.501809 0.075438
vn -0.855114 0.260436 0.448278
vn -0.961725 0.260435 0.085195
vn -0.765678 0.501809 0.402398
vn -0.861683 0.501809 0.075438
vn -0.250593 0.958858 0.133394
vn -0.092237 0.981304 0.168920
vn -0.168920 0.981304 -0.092237
vn -0.282930 0.958858 0.023263
vn -0.133461 -0.960442 0.244416
vn -0.412449 -0.509255 0.755344
vn -0.461911 -0.266547 0.845926
vn -0.461911 0.266547 0.845926
vn -0.412449 0.509255 0.755344
vn -0.133463 0.960441 0.244418
vn 0.023263 -0.958859 0.282928
vn 0.075437 -0.501809 0.861683
vn 0.085194 -0.260435 0.961725
vn 0.085194 0.260435 0.961725
vn 0.075437 0.501809 0.861683
vn 0.023263 0.958858 0.282930
vn 0.168919 -0.981305 0.092237
vn 0.133393 -0.958859 0.250591
vn 0.402398 -0.501810 0.765678
vn 0.448278 -0.260436 0.855114
vn 0.448278 0.260436 0.855114
vn 0.402398 0.501810 0.765678
vn 0.133394 0.958858 0.250593
vn 0.168920 0.981304 0.092238
vn 0.244416 -0.960442 0.133462
vn 0.755344 -0.509256 0.412449
vn 0.845926 -0.266548 0.461911
vn 0.845926 0.266548 0.461911
vn 0.755344 0.509256 0.412449
vn 0.244418 0.960441 0.133463
vn 0.282928 -0.958859 -0.023263
vn 0.861682 -0.501810 -0.075437
vn 0.961725 -0.260436 -0.085194
vn 0.961725 0.260436 -0.085194
vn 0.861682 0.501810 -0.075437
vn 0.282930 0.958858 -0.023263
vn 0.092237 -0.981305 -0.168919
vn 0.250591 -0.958859 -0.133393
vn 0.765678 -0.501810 -0.402398
vn 0.855114 -0.260436 -0.448278
vn 0.855114 0.260436 -0.448278
vn 0.765678 0.501810 -0.402398
vn 0.250593 0.958858 -0.133394
vn 0.092237 0.981304 -0.168920
vn 0.133461 -0.960442 -0.244416
vn 0.412449 -0.509256 -0.755344
vn 0.461910 -0.266548 -0.845927
vn 0.461910 0.266548 -0.845926
vn 0.412449 0.509256 -0.755344
vn 0.133462 0.960441 -0.244418
vn -0.023262 -0.958859 -0.282928
vn -0.075438 -0.501809 -0.861683
vn -0.085195 -0.260435 -0.961725
vn -0.085195 0.260435 -0.961725
vn -0.075438 0.501809 -0.861682
vn -0.023263 0.958858 -0.282930
vn -0.133393 -0.958859 -0.250590
vn -0.402399 -0.501809 -0.765678
vn -0.448278 -0.260435 -0.855114
vn -0.448278 0.260435 -0.855114
vn -0.402399 0.501809 -0.765678
vn -0.133394 0.958858 -0.250593
vn -0.244416 -0.960442 -0.133461
vn -0.755344 -0.509255 -0.412449
vn -0.845926 -0.266547 -0.461910
vn -0.845926 0.266547 -0.461910
vn -0.755345 0.509255 -0.412449
vn -0.244418 0.960441 -0.133462
vn -0.168919 -0.981305 0.092237
vn -0.282928 -0.958859 -0.023263
vn -0.250591 -0.958859 -0.133393
vn -0.092237 -0.981305 -0.168919
vn -0.861682 -0.501810 -0.075437
vn -0.961725 -0.260436 -0.085194
vn -0.855114 -0.260436 -0.448278
vn -0.765678 -0.501810 -0.402398
vn -0.961725 0.260436 -0.085194
vn -0.855114 0.260436 -0.448278
vn -0.861682 0.501810 -0.075437
vn -0.765678 0.501810 -0.402398
vn -0.282930 0.958858 -0.023263
vn -0.168920 0.981304 0.092238
vn -0.092237 0.981304 -0.168920
vn -0.250593 0.958858 -0.133394
vn -0.244416 -0.960442 0.133462
vn -0.755344 -0.509256 0.412449
vn -0.845926 -0.266548 0.461911
vn -0.845926 0.266548 0.461911
vn -0.755344 0.509256 0.412449
vn -0.244418 0.960441 0.133463
vn -0.133393 -0.958859 0.250591
vn -0.402398 -0.501810 0.765678
vn -0.448278 -0.260436 0.855114
vn -0.448278 0.260436 0.855114
vn -0.402398 0.501810 0.765678
vn -0.133394 0.958858 0.250593
vn 0.092237 -0.981305 0.168919
vn -0.023263 -0.958859 0.282928
vn -0.075437 -0.501809 0.861683
vn -0.085194 -0.260435 0.961725
vn -0.085194 0.260435 0.961725
vn -0.075437 0.501809 0.861683
vn -0.023263 0.958858 0.282930
vn 0.092237 0.981304 0.168920
vn 0.133461 -0.960442 0.244416
vn 0.412449 -0.509255 0.755344
vn 0.461911 -0.266547 0.845926
vn 0.461911 0.266547 0.845926
vn 0.412450 0.509255 0.755344
vn 0.133463 0.960441 0.244418
vn 0.250591 -0.958859 0.133392
vn 0.765678 -0.501809 0.402398
vn 0.855114 -0.260436 0.448278
vn 0.855114 0.260435 0.448278
vn 0.765678 0.501809 0.402398
vn 0.250593 0.958858 0.133394
vn 0.168919 -0.981305 -0.092236
vn 0.282928 -0.958859 0.023263
vn 0.861683 -0.501809 0.075438
vn 0.961725 -0.260435 0.085195
vn 0.961725 0.260435 0.085195
vn 0.861683 0.501809 0.075438
vn 0.282930 0.958858 0.023263
vn 0.168920 0.981304 -0.092237
vn 0.244416 -0.960442 -0.133461
vn 0.755345 -0.509255 -0.412449
vn 0.845926 -0.266547 -0.461910
vn 0.845926 0.266547 -0.461910
vn 0.755345 0.509255 -0.412449
vn 0.244418 0.960441 -0.133462
vn 0.133393 -0.958859 -0.250590
vn 0.402399 -0.501809 -0.765678
vn 0.448278 -0.260435 -0.855114
vn 0.448278 0.260435 -0.855114
vn 0.402399 0.501809 -0.765678
vn 0.133394 0.958858 -0.250593
vn 0.023262 -0.958859 -0.282928
vn 0.075438 -0.501809 -0.861682
vn 0.085195 -0.260435 -0.961725
vn 0.085195 0.260435 -0.961725
vn 0.075438 0.501809 -0.861683
vn 0.023263 0.958858 -0.282930
vn -0.133461 -0.960442 -0.244416
vn -0.412449 -0.509256 -0.755344
vn -0.461910 -0.266548 -0.845926
vn -0.461910 0.266548 -0.845927
vn -0.412449 0.509256 -0.755344
vn -0.133462 0.960441 -0.244418
vn -0.191970 -0.981305 -0.013730
vn -0.225437 -0.958859 -0.172532
vn -0.138693 -0.958859 -0.247696
vn 0.013730 -0.981305 -0.191970
vn -0.684109 -0.501809 -0.529323
vn -0.762995 -0.260436 -0.591618
vn -0.477011 -0.260435 -0.839425
vn -0.426576 -0.501809 -0.752476
vn -0.762995 0.260436 -0.591618
vn -0.477011 0.260435 -0.839425
vn -0.684109 0.501810 -0.529323
vn -0.426576 0.501809 -0.752476
vn -0.225439 0.958858 -0.172533
vn -0.191972 0.981304 -0.013730
vn 0.013730 0.981304 -0.191972
vn -0.138694 0.958858 -0.247699
vn -0.277771 -0.960442 -0.019867
vn -0.858423 -0.509256 -0.061395
vn -0.961366 -0.266548 -0.068758
vn -0.961366 0.266548 -0.068758
vn -0.858422 0.509256 -0.061395
vn -0.277773 0.960441 -0.019867
vn -0.247697 -0.958859 0.138693
vn -0.752476 -0.501809 0.426576
vn -0.839425 -0.260436 0.477010
vn -0.839425 0.260435 0.477011
vn -0.752476 0.501809 0.426576
vn -0.247699 0.958858 0.138694
vn -0.013730 -0.981305 0.191970
vn -0.172532 -0.958859 0.225437
vn -0.529323 -0.501809 0.684109
vn -0.591618 -0.260436 0.762995
vn -0.591618 0.260435 0.762995
vn -0.529323 0.501809 0.684109
vn -0.172533 0.958858 0.225439
vn -0.013730 0.981304 0.191972
vn -0.019867 -0.960442 0.277771
vn -0.061396 -0.509255 0.858423
vn -0.068758 -0.266547 0.961366
vn -0.068758 0.266547 0.961366
vn -0.061396 0.509256 0.858423
vn -0.019867 0.960441 0.277773
vn 0.138692 -0.958859 0.247696
vn 0.426576 -0.501809 0.752476
vn 0.477010 -0.260436 0.839425
vn 0.477010 0.260436 0.839425
vn 0.426576 0.501809 0.752476
vn 0.138694 0.958858 0.247699
vn 0.191970 -0.981305 0.013730
vn 0.225437 -0.958859 0.172532
vn 0.684109 -0.501809 0.529323
vn 0.762995 -0.260436 0.591618
vn 0.762995 0.260435 0.591618
vn 0.684109 0.501809 0.529323
vn 0.225439 0.958858 0.172533
vn 0.191972 0.981304 0.013730
vn 0.277770 -0.960442 0.019866
vn 0.858423 -0.509256 0.061395
vn 0.961366 -0.266548 0.068758
vn 0.961366 0.266547 0.068758
vn 0.858423 0.509256 0.061395
vn 0.277773 0.960441 0.019866
vn 0.247696 -0.958859 -0.138693
vn 0.752476 -0.501809 -0.426577
vn 0.839425 -0.260435 -0.477011
vn 0.839425 0.260435 -0.477011
vn 0.752476 0.501809 -0.426577
vn 0.247698 0.958858 -0.138694
vn 0.172532 -0.958859 -0.225437
vn 0.529323 -0.501809 -0.684109
vn 0.591618 -0.260435 -0.762995
vn 0.591618 0.260435 -0.762995
vn 0.529323 0.501809 -0.684109
vn 0.172533 0.958858 -0.225439
vn 0.019866 -0.960442 -0.277770
vn 0.061396 -0.509255 -0.858423
vn 0.068758 -0.266547 -0.961366
vn 0.068758 0.266547 -0.961366
vn 0.061396 0.509255 -0.858423
vn 0.019867 0.960441 -0.277772
vn -0.154073 -0.981305 -0.115337
vn -0.096372 -0.958859 -0.267024
vn 0.017239 -0.958859 -0.283358
vn 0.115338 -0.981305 -0.154073
vn -0.289335 -0.501809 -0.815152
vn -0.322020 -0.260436 -0.910207
vn 0.052540 -0.260435 -0.964061
vn 0.047960 -0.501809 -0.863648
vn -0.322019 0.260436 -0.910207
vn 0.052540 0.260435 -0.964061
vn -0.289335 0.501809 -0.815152
vn 0.047960 0.501809 -0.863648
vn -0.096373 0.958858 -0.267026
vn -0.154074 0.981304 -0.115338
vn 0.115339 0.981304 -0.154074
vn 0.017239 0.958858 -0.283361
vn -0.222934 -0.960442 -0.166887
vn -0.688958 -0.509256 -0.515748
vn -0.771579 -0.266548 -0.577597
vn -0.771579 0.266548 -0.577597
vn -0.688958 0.509256 -0.515748
vn -0.222936 0.960441 -0.166888
vn -0.283358 -0.958859 -0.017239
vn -0.863648 -0.501809 -0.047961
vn -0.964061 -0.260435 -0.052541
vn -0.964061 0.260435 -0.052541
vn -0.863648 0.501809 -0.047961
vn -0.283360 0.958858 -0.017240
vn -0.115337 -0.981305 0.154072
vn -0.267023 -0.958859 0.096372
vn -0.815152 -0.501809 0.289335
vn -0.910207 -0.260435 0.322019
vn -0.910207 0.260435 0.322019
vn -0.815152 0.501809 0.289335
vn -0.267026 0.958858 0.096373
vn -0.115338 0.981304 0.154074
vn -0.166886 -0.960442 0.222934
vn -0.515748 -0.509255 0.688958
vn -0.577597 -0.266547 0.771579
vn -0.577597 0.266547 0.771579
vn -0.515748 0.509255 0.688958
vn -0.166888 0.960441 0.222936
vn -0.017239 -0.958859 0.283358
vn -0.047960 -0.501809 0.863648
vn -0.052540 -0.260435 0.964061
vn -0.052540 0.260435 0.964061
vn -0.047960 0.501809 0.863648
vn -0.017239 0.958858 0.283361
vn 0.154073 -0.981305 0.115337
vn 0.096372 -0.958859 0.267024
vn 0.289336 -0.501809 0.815152
vn 0.322020 -0.260435 0.910207
vn 0.322020 0.260435 0.910207
vn 0.289336 0.501809 0.815152
vn 0.096373 0.958858 0.267026
vn 0.154074 0.981304 0.115338
vn 0.222935 -0.960442 0.166887
vn 0.688959 -0.509255 0.515747
vn 0.771580 -0.266547 0.577597
vn 0.771580 0.266547 0.577596
vn 0.688959 0.509254 0.515747
vn 0.222937 0.960441 0.166888
vn 0.283359 -0.958859 0.017239
vn 0.863648 -0.501808 0.047960
vn 0.964061 -0.260435 0.052540
vn 0.964061 0.260435 0.052540
vn 0.863648 0.501808 0.047960
vn 0.283361 0.958858 0.017239
vn 0.267024 -0.958859 -0.096372
vn 0.815152 -0.501809 -0.289335
vn 0.910207 -0.260435 -0.322019
vn 0.910207 0.260435 -0.322019
vn 0.815152 0.501809 -0.289335
vn 0.267026 0.958858 -0.096373
vn 0.166887 -0.960442 -0.222935
vn 0.515748 -0.509255 -0.688958
vn 0.577597 -0.266547 -0.771579
vn 0.577597 0.266547 -0.771579
vn 0.515748 0.509255 -0.688958
vn 0.166889 0.960441 -0.222937
vn -0.067258 -0.981305 -0.180326
vn 0.063291 -0.958859 -0.276737
vn 0.167698 -0.958859 -0.229056
vn 0.180326 -0.981305 -0.067258
vn 0.197300 -0.501809 -0.842176
vn 0.221195 -0.260436 -0.939812
vn 0.565410 -0.260436 -0.782614
vn 0.507270 -0.501809 -0.700617
vn 0.221195 0.260436 -0.939812
vn 0.565410 0.260436 -0.782614
vn 0.197300 0.501810 -0.842176
vn 0.507270 0.501809 -0.700617
vn 0.063291 0.958858 -0.276740
vn -0.067258 0.981304 -0.180328
vn 0.180328 0.981304 -0.067259
vn 0.167699 0.958858 -0.229058
vn -0.097318 -0.960442 -0.260922
vn -0.300754 -0.509255 -0.806354
vn -0.336821 -0.266547 -0.903053
vn -0.336821 0.266547 -0.903053
vn -0.300754 0.509255 -0.806354
vn -0.097319 0.960441 -0.260924
vn -0.229056 -0.958859 -0.167698
vn -0.700617 -0.501809 -0.507271
vn -0.782614 -0.260435 -0.565411
vn -0.782614 0.260435 -0.565411
vn -0.700617 0.501808 -0.507271
vn -0.229058 0.958858 -0.167699
vn -0.180326 -0.981305 0.067258
vn -0.276737 -0.958859 -0.063291
vn -0.842176 -0.501809 -0.197300
vn -0.939812 -0.260435 -0.221195
vn -0.939812 0.260435 -0.221195
vn -0.842176 0.501809 -0.197300
vn -0.276740 0.958858 -0.063291
vn -0.180327 0.981304 0.067259
vn -0.260921 -0.960442 0.097319
vn -0.806354 -0.509255 0.300754
vn -0.903053 -0.266547 0.336821
vn -0.903053 0.266547 0.336821
vn -0.806354 0.509255 0.300755
vn -0.260924 0.960441 0.097320
vn -0.167697 -0.958859 0.229056
vn -0.507270 -0.501809 0.700617
vn -0.565411 -0.260435 0.782614
vn -0.565411 0.260435 0.782614
vn -0.507270 0.501809 0.700617
vn -0.167699 0.958858 0.229058
vn 0.067258 -0.981305 0.180326
vn -0.063291 -0.958859 0.276737
vn -0.197300 -0.501809 0.842176
vn -0.221195 -0.260436 0.939812
vn -0.221195 0.260436 0.939812
vn -0.197300 0.501809 0.842176
vn -0.063291 0.958858 0.276740
vn 0.067258 0.981304 0.180328
vn 0.097318 -0.960442 0.260922
vn 0.300754 -0.509255 0.806354
vn 0.336821 -0.266547 0.903053
vn 0.336821 0.266547 0.903053
vn 0.300754 0.509255 0.806354
vn 0.097319 0.960441 0.260924
vn 0.229056 -0.958859 0.167698
vn 0.700618 -0.501808 0.507271
vn 0.782614 -0.260435 0.565411
vn 0.782614 0.260435 0.565411
vn 0.700618 0.501808 0.507271
vn 0.229058 0.958859 0.167699
vn 0.276737 -0.958859 0.063290
vn 0.842176 -0.501809 0.197300
vn 0.939812 -0.260435 0.221195
vn 0.939812 0.260435 0.221195
vn 0.842176 0.501809 0.197300
vn 0.276740 0.958858 0.063291
vn 0.260922 -0.960442 -0.097319
vn 0.806353 -0.509256 -0.300755
vn 0.903052 -0.266548 -0.336822
vn 0.903052 0.266547 -0.336822
vn 0.806353 0.509256 -0.300755
vn 0.260924 0.960441 -0.097320
vn 0.040911 -0.981305 -0.188062
vn 0.202859 -0.958859 -0.198589
vn 0.264913 -0.958859 -0.102030
vn 0.188062 -0.981305 0.040910
vn 0.621294 -0.501809 -0.601815
vn 0.694182 -0.260435 -0.671032
vn 0.898766 -0.260435 -0.352693
vn 0.805525 -0.501809 -0.315146
vn 0.694182 0.260435 -0.671032
vn 0.898766 0.260435 -0.352693
vn 0.621294 0.501809 -0.601815
vn 0.805525 0.501809 -0.315146
vn 0.202860 0.958858 -0.198591
vn 0.040911 0.981304 -0.188064
vn 0.188064 0.981304 0.040911
vn 0.264916 0.958858 -0.102031
vn 0.059195 -0.960442 -0.272116
vn 0.182937 -0.509255 -0.840948
vn 0.204875 -0.266548 -0.941795
vn 0.204875 0.266547 -0.941795
vn 0.182937 0.509255 -0.840948
vn 0.059196 0.960441 -0.272118
vn -0.102030 -0.958859 -0.264913
vn -0.315146 -0.501809 -0.805525
vn -0.352693 -0.260435 -0.898766
vn -0.352693 0.260435 -0.898766
vn -0.315146 0.501809 -0.805525
vn -0.102031 0.958858 -0.264916
vn -0.188062 -0.981305 -0.040910
vn -0.198589 -0.958859 -0.202859
vn -0.601815 -0.501809 -0.621294
vn -0.671032 -0.260435 -0.694182
vn -0.671032 0.260435 -0.694182
vn -0.601815 0.501809 -0.621294
vn -0.198590 0.958858 -0.202860
vn -0.188064 0.981304 -0.040911
vn -0.272116 -0.960442 -0.059195
vn -0.840947 -0.509256 -0.182937
vn -0.941795 -0.266548 -0.204876
vn -0.941795 0.266547 -0.204876
vn -0.840947 0.509256 -0.182937
vn -0.272118 0.960441 -0.059196
vn -0.264913 -0.958859 0.102030
vn -0.805525 -0.501809 0.315146
vn -0.898766 -0.260435 0.352693
vn -0.898766 0.260435 0.352693
vn -0.805525 0.501809 0.315146
vn -0.264916 0.958858 0.102031
vn -0.040910 -0.981305 0.188062
vn -0.202859 -0.958859 0.198589
vn -0.621294 -0.501809 0.601815
vn -0.694182 -0.260435 0.671033
vn -0.694182 0.260435 0.671033
vn -0.621294 0.501809 0.601815
vn -0.202860 0.958858 0.198590
vn -0.040911 0.981304 0.188064
vn -0.059195 -0.960442 0.272116
vn -0.182937 -0.509255 0.840948
vn -0.204875 -0.266547 0.941795
vn -0.204875 0.266547 0.941795
vn -0.182937 0.509255 0.840948
vn -0.059196 0.960441 0.272118
vn 0.102030 -0.958859 0.264913
vn 0.315146 -0.501809 0.805525
vn 0.352693 -0.260435 0.898766
vn 0.352693 0.260435 0.898766
vn 0.315146 0.501809 0.805525
vn 0.102031 0.958858 0.264916
vn 0.198589 -0.958859 0.202859
vn 0.601815 -0.501808 0.621295
vn 0.671033 -0.260435 0.694182
vn 0.671033 0.260435 0.694182
vn 0.601815 0.501808 0.621295
vn 0.198590 0.958858 0.202861
vn 0.272116 -0.960442 0.059195
vn 0.840948 -0.509255 0.182937
vn 0.941795 -0.266547 0.204875
vn 0.941795 0.266547 0.204875
vn 0.840948 0.509255 0.182937
vn 0.272118 0.960441 0.059196

# Mesh
g FlowerPot
usemtl DefaultMaterial
f 9/9/9 10/10/10 11/11/11 1/1/1 2/2/2 3/3/3 4/4/4 5/5/5 6/6/6 7/7/7 8/8/8
f 17/17/17 18/18/18 19/19/19 20/20/20 21/21/21 22/22/22 12/12/12 13/13/13 14/14/14 15/15/15 16/16/16
f 23/23/23 24/24/23 25/25/24 26/26/24
f 27/27/25 28/28/25 24/24/23 23/23/23
f 29/29/26 30/30/26 28/28/25 27/27/25
f 31/31/27 32/32/27 30/30/26 29/29/26
f 33/33/28 34/34/28 32/32/27 31/31/27
f 36/36/29 34/37/29 33/38/29 35/35/29
f 36/41/31 35/42/31 37/39/30 38/40/30
f 38/40/30 37/39/30 39/43/32 40/44/32
f 40/44/32 39/43/32 41/45/33 42/46/33
f 42/46/33 41/45/33 43/47/34 44/48/34
f 44/48/34 43/47/34 45/49/35 46/50/35
f 45/54/36 26/51/36 25/52/36 46/53/36
f 24/55/37 44/56/37 46/53/38 25/52/38
f 28/57/39 42/58/39 44/56/37 24/55/37
f 30/59/40 40/60/40 42/58/39 28/57/39
f 32/61/41 38/62/41 40/60/40 30/59/40
f 34/37/42 36/36/42 38/62/41 32/61/41
f 43/63/43 23/64/43 26/51/44 45/54/44
f 41/65/45 27/66/45 23/64/43 43/63/43
f 39/67/46 29/68/46 27/66/45 41/65/45
f 37/69/47 31/70/47 29/68/46 39/67/46
f 35/71/48 33/72/48 31/70/47 37/69/47
f 49/75/50 50/76/50 47/73/49 48/74/49
f 48/74/49 47/73/49 51/77/51 52/78/51
f 52/78/51 51/77/51 53/79/52 54/80/52
f 55/81/53 56/82/53 54/80/52 53/79/52
f 57/83/54 58/84/54 56/82/53 55/81/53
f 59/85/55 60/86/55 58/87/55 57/88/55
f 61/89/56 62/90/56 60/91/57 59/92/57
f 63/93/58 64/94/58 62/90/56 61/89/56
f 65/95/59 66/96/59 64/94/58 63/93/58
f 66/96/59 65/95/59 67/97/60 68/98/60
f 68/98/60 67/97/60 69/99/61 70/100/61
f 70/103/62 69/104/62 50/101/62 49/102/62
f 68/106/63 70/103/64 49/102/64 48/105/63
f 66/108/65 68/106/63 48/105/63 52/107/65
f 64/110/66 66/108/65 52/107/65 54/109/66
f 62/112/67 64/110/66 54/109/66 56/111/67
f 60/86/68 62/112/67 56/111/67 58/87/68
f 69/116/70 67/113/69 47/114/69 50/115/70
f 67/113/69 65/117/71 51/118/71 47/114/69
f 65/117/71 63/119/72 53/120/72 51/118/71
f 63/119/72 61/121/73 55/122/73 53/120/72
f 61/121/73 59/85/74 57/88/74 55/122/73
f 73/125/76 74/126/76 71/123/75 72/124/75
f 72/124/75 71/123/75 75/127/77 76/128/77
f 76/128/77 75/127/77 77/129/78 78/130/78
f 78/130/78 77/129/78 79/131/79 80/132/79
f 80/132/79 79/131/79 81/133/80 82/134/80
f 81/138/81 83/135/81 84/136/81 82/137/81
f 85/139/82 86/140/82 84/141/83 83/142/83
f 87/143/84 88/144/84 86/140/82 85/139/82
f 89/145/85 90/146/85 88/144/84 87/143/84
f 91/147/86 92/148/86 90/146/85 89/145/85
f 93/149/87 94/150/87 92/148/86 91/147/86
f 73/152/88 94/153/88 93/154/88 74/151/88
f 94/153/90 73/152/90 72/155/89 92/156/89
f 92/156/89 72/155/89 76/157/91 90/158/91
f 90/158/91 76/157/91 78/159/92 88/160/92
f 88/160/92 78/159/92 80/161/93 86/162/93
f 86/162/93 80/161/93 82/137/94 84/136/94
f 74/151/96 93/154/96 91/163/95 71/164/95
f 71/164/95 91/163/95 89/165/97 75/166/97
f 75/166/97 89/165/97 87/167/98 77/168/98
f 77/168/98 87/167/98 85/169/99 79/170/99
f 79/170/99 85/169/99 83/171/100 81/172/100
f 95/173/101 96/174/101 97/175/102 98/176/102
f 99/177/103 100/178/103 96/174/101 95/173/101
f 101/179/104 102/180/104 100/178/103 99/177/103
f 102/180/104 101/179/104 103/181/105 104/182/105
f 104/182/105 103/181/105 105/183/106 106/184/106
f 106/187/107 105/188/107 107/185/107 108/186/107
f 108/191/109 107/192/109 109/189/108 110/190/108
f 110/190/108 109/189/108 111/193/110 112/194/110
f 112/194/110 111/193/110 113/195/111 114/196/111
f 115/197/112 116/198/112 114/196/111 113/195/111
f 117/199/113 118/200/113 116/198/112 115/197/112
f 98/201/114 97/202/114 118/203/114 117/204/114
f 97/202/116 96/205/115 116/206/115 118/203/116
f 96/205/115 100/207/117 114/208/117 116/206/115
f 100/207/117 102/209/118 112/210/118 114/208/117
f 102/209/118 104/211/119 110/212/119 112/210/118
f 104/211/119 106/213/120 108/214/120 110/212/119
f 95/216/121 98/201/122 117/204/122 115/215/121
f 99/218/123 95/216/121 115/215/121 113/217/123
f 101/220/124 99/218/123 113/217/123 111/219/124
f 103/222/125 101/220/124 111/219/124 109/221/125
f 105/188/126 103/222/125 109/221/125 107/185/126
f 121/225/128 122/226/128 119/223/127 120/224/127
f 120/224/127 119/223/127 123/227/129 124/228/129
f 125/229/130 126/230/130 124/228/129 123/227/129
f 127/231/131 128/232/131 126/230/130 125/229/130
f 129/233/132 130/234/132 128/232/131 127/231/131
f 131/235/133 132/236/133 130/237/133 129/238/133
f 133/239/134 134/240/134 132/241/135 131/242/135
f 135/243/136 136/244/136 134/240/134 133/239/134
f 136/244/136 135/243/136 137/245/137 138/246/137
f 138/246/137 137/245/137 139/247/138 140/248/138
f 140/248/138 139/247/138 141/249/139 142/250/139
f 142/253/140 141/254/140 122/251/140 121/252/140
f 140/256/141 142/253/142 121/252/142 120/255/141
f 138/258/143 140/256/141 120/255/141 124/257/143
f 136/260/144 138/258/143 124/257/143 126/259/144
f 134/262/145 136/260/144 126/259/144 128/261/145
f 132/236/146 134/262/145 128/261/145 130/237/146
f 141/266/148 139/263/147 119/264/147 122/265/148
f 139/263/147 137/267/149 123/268/149 119/264/147
f 137/267/149 135/269/150 125/270/150 123/268/149
f 135/269/150 133/271/151 127/272/151 125/270/150
f 133/271/151 131/235/152 129/238/152 127/272/151
f 145/275/154 146/276/154 143/273/153 144/274/153
f 144/274/153 143/273/153 147/277/155 148/278/155
f 148/278/155 147/277/155 149/279/156 150/280/156
f 150/280/156 149/279/156 151/281/157 152/282/157
f 152/282/157 151/281/157 153/283/158 154/284/158
f 155/285/159 156/286/159 154/287/159 153/288/159
f 157/289/160 158/290/160 156/291/161 155/292/161
f 159/293/162 160/294/162 158/290/160 157/289/160
f 161/295/163 162/296/163 160/294/162 159/293/162
f 163/297/164 164/298/164 162/296/163 161/295/163
f 165/299/165 166/300/165 164/298/164 163/297/164
f 166/303/166 165/304/166 146/301/166 145/302/166
f 166/307/168 145/308/168 144/305/167 164/306/167
f 164/306/167 144/305/167 148/309/169 162/310/169
f 162/310/169 148/309/169 150/311/170 160/312/170
f 160/312/170 150/311/170 152/313/171 158/314/171
f 158/314/171 152/313/171 154/287/172 156/286/172
f 146/301/174 165/304/174 163/315/173 143/316/173
f 143/316/173 163/315/173 161/317/175 147/318/175
f 147/318/175 161/317/175 159/319/176 149/320/176
f 149/320/176 159/319/176 157/321/177 151/322/177
f 151/322/177 157/321/177 155/285/178 153/288/178
f 167/323/179 168/324/179 169/325/180 170/326/180
f 171/327/181 172/328/181 168/324/179 167/323/179
f 172/328/181 171/327/181 173/329/182 174/330/182
f 174/330/182 173/329/182 175/331/183 176/332/183
f 176/332/183 175/331/183 177/333/184 178/334/184
f 178/337/185 177/338/185 179/335/185 180/336/185
f 180/341/187 179/342/187 181/339/186 182/340/186
f 182/340/186 181/339/186 183/343/188 184/344/188
f 185/345/189 186/346/189 184/344/188 183/343/188
f 187/347/190 188/348/190 186/346/189 185/345/189
f 189/349/191 190/350/191 188/348/190 187/347/190
f 170/351/192 169/352/192 190/353/192 189/354/192
f 169/352/194 168/355/193 188/356/193 190/353/194
f 168/355/193 172/357/195 186/358/195 188/356/193
f 172/357/195 174/359/196 184/360/196 186/358/195
f 174/359/196 176/361/197 182/362/197 184/360/196
f 176/361/197 178/337/198 180/336/198 182/362/197
f 167/364/199 170/365/200 189/366/200 187/363/199
f 171/368/201 167/364/199 187/363/199 185/367/201
f 173/370/202 171/368/201 185/367/201 183/369/202
f 175/372/203 173/370/202 183/369/202 181/371/203
f 177/338/204 175/372/203 181/371/203 179/335/204
f 191/373/205 192/374/205 193/375/206 194/376/206
f 195/377/207 196/378/207 192/374/205 191/373/205
f 197/379/208 198/380/208 196/378/207 195/377/207
f 199/381/209 200/382/209 198/380/208 197/379/208
f 201/383/210 202/384/210 200/382/209 199/381/209
f 204/386/211 202/387/211 201/388/211 203/385/211
f 204/391/213 203/392/213 205/389/212 206/390/212
f 206/390/212 205/389/212 207/393/214 208/394/214
f 208/394/214 207/393/214 209/395/215 210/396/215
f 210/396/215 209/395/215 211/397/216 212/398/216
f 212/398/216 211/397/216 213/399/217 214/400/217
f 194/401/218 193/402/218 214/403/218 213/404/218
f 192/405/219 212/406/219 214/407/220 193/408/220
f 196/409/221 210/410/221 212/406/219 192/405/219
f 196/409/221 198/411/222 208/412/222 210/410/221
f 198/411/222 200/413/223 206/414/223 208/412/222
f 202/387/224 204/386/224 206/414/223 200/413/223
f 211/415/225 191/416/225 194/401/226 213/404/226
f 209/417/227 195/418/227 191/416/225 211/415/225
f 197/420/228 195/418/227 209/417/227 207/419/228
f 199/422/229 197/420/228 207/419/228 205/421/229
f 203/385/230 201/388/230 199/422/229 205/421/229
f 217/425/232 218/426/232 215/423/231 216/424/231
f 216/424/231 215/423/231 219/427/233 220/428/233
f 220/428/233 219/427/233 221/429/234 222/430/234
f 222/430/234 221/429/234 223/431/235 224/432/235
f 224/432/235 223/431/235 225/433/236 226/434/236
f 227/435/237 228/436/237 226/437/237 225/438/237
f 229/439/238 230/440/238 228/441/239 227/442/239
f 231/443/240 232/444/240 230/440/238 229/439/238
f 233/445/241 234/446/241 232/444/240 231/443/240
f 235/447/242 236/448/242 234/446/241 233/445/241
f 238/450/243 236/448/242 235/447/242 237/449/243
f 238/453/244 237/454/244 218/451/244 217/452/244
f 236/456/245 238/453/246 217/452/246 216/455/245
f 234/458/247 236/456/245 216/455/245 220/457/247
f 232/460/248 234/458/247 220/457/247 222/459/248
f 230/462/249 232/460/248 222/459/248 224/461/249
f 230/462/249 224/461/249 226/437/250 228/436/250
f 237/466/252 235/463/251 215/464/251 218/465/252
f 235/463/251 233/467/253 219/468/253 215/464/251
f 233/467/253 231/469/254 221/470/254 219/468/253
f 231/469/254 229/471/255 223/472/255 221/470/254
f 223/472/255 229/471/255 227/435/256 225/438/256
f 239/473/257 240/474/257 241/475/258 242/476/258
f 240/474/257 239/473/257 243/477/259 244/478/259
f 244/478/259 243/477/259 245/479/260 246/480/260
f 246/480/260 245/479/260 247/481/261 248/482/261
f 248/482/261 247/481/261 249/483/262 250/484/262
f 250/487/263 249/488/263 251/485/263 252/486/263
f 252/491/265 251/492/265 253/489/264 254/490/264
f 255/493/266 256/494/266 254/490/264 253/489/264
f 257/495/267 258/496/267 256/494/266 255/493/266
f 259/497/268 260/498/268 258/496/267 257/495/267
f 261/499/269 262/500/269 260/498/268 259/497/268
f 242/501/270 241/502/270 262/503/270 261/504/270
f 241/502/272 240/505/271 260/506/271 262/503/272
f 240/505/271 244/507/273 258/508/273 260/506/271
f 244/507/273 246/509/274 256/510/274 258/508/273
f 246/509/274 248/511/275 254/512/275 256/510/274
f 248/511/275 250/487/276 252/486/276 254/512/275
f 239/514/277 242/515/278 261/516/278 259/513/277
f 243/518/279 239/514/277 259/513/277 257/517/279
f 245/520/280 243/518/279 257/517/279 255/519/280
f 247/522/281 245/520/280 255/519/280 253/521/281
f 249/488/282 247/522/281 253/521/281 251/485/282
f 263/523/283 264/524/283 265/525/284 266/526/284
f 267/527/285 268/528/285 264/524/283 263/523/283
f 269/529/286 270/530/286 268/528/285 267/527/285
f 271/531/287 272/532/287 270/530/286 269/529/286
f 272/532/287 271/531/287 273/533/288 274/534/288
f 274/537/289 273/538/289 275/535/289 276/536/289
f 276/541/291 275/542/291 277/539/290 278/540/290
f 278/540/290 277/539/290 279/543/292 280/544/292
f 280/544/292 279/543/292 281/545/293 282/546/293
f 282/546/293 281/545/293 283/547/294 284/548/294
f 284/548/294 283/547/294 285/549/295 286/550/295
f 266/551/296 265/552/296 286/553/296 285/554/296
f 264/555/297 284/556/297 286/553/298 265/552/298
f 264/555/297 268/557/299 282/558/299 284/556/297
f 268/557/299 270/559/300 280/560/300 282/558/299
f 270/559/300 272/561/301 278/562/301 280/560/300
f 272/561/301 274/537/302 276/536/302 278/562/301
f 283/563/303 263/564/303 266/565/304 285/566/304
f 267/568/305 263/564/303 283/563/303 281/567/305
f 269/570/306 267/568/305 281/567/305 279/569/306
f 271/572/307 269/570/306 279/569/306 277/571/307
f 273/538/308 271/572/307 277/571/307 275/535/308
f 289/575/310 290/576/310 287/573/309 288/574/309
f 291/577/311 292/578/311 288/574/309 287/573/309
f 293/579/312 294/580/312 292/578/311 291/577/311
f 295/581/313 296/582/313 294/580/312 293/579/312
f 297/583/314 298/584/314 296/582/313 295/581/313
f 299/585/315 300/586/315 298/587/315 297/588/315
f 301/589/316 302/590/316 300/591/317 299/592/317
f 303/593/318 304/594/318 302/590/316 301/589/316
f 304/594/318 303/593/318 305/595/319 306/596/319
f 306/596/319 305/595/319 307/597/320 308/598/320
f 308/598/320 307/597/320 309/599/321 310/600/321
f 310/603/322 309/604/322 290/601/322 289/602/322
f 308/606/323 310/603/324 289/602/324 288/605/323
f 306/608/325 308/606/323 288/605/323 292/607/325
f 304/610/326 306/608/325 292/607/325 294/609/326
f 302/612/327 304/610/326 294/609/326 296/611/327
f 300/614/328 302/612/327 296/611/327 298/613/328
f 309/604/330 307/615/329 287/616/329 290/601/330
f 307/615/329 305/617/331 291/618/331 287/616/329
f 305/617/331 303/619/332 293/620/332 291/618/331
f 303/619/332 301/621/333 295/622/333 293/620/332
f 301/621/333 299/585/334 297/588/334 295/622/333
f 313/625/336 314/626/336 311/623/335 312/624/335
f 312/624/335 311/623/335 315/627/337 316/628/337
f 316/628/337 315/627/337 317/629/338 318/630/338
f 318/630/338 317/629/338 319/631/339 320/632/339
f 320/632/339 319/631/339 321/633/340 322/634/340
f 322/637/341 321/638/341 323/635/341 324/636/341
f 324/641/343 323/642/343 325/639/342 326/640/342
f 327/643/344 328/644/344 326/640/342 325/639/342
f 329/645/345 330/646/345 328/644/344 327/643/344
f 331/647/346 332/648/346 330/646/345 329/645/345
f 333/649/347 334/650/347 332/648/346 331/647/346
f 314/651/348 313/652/348 334/653/348 333/654/348
f 313/652/350 312/655/349 332/656/349 334/653/350
f 312/655/349 316/657/351 330/658/351 332/656/349
f 316/657/351 318/659/352 328/660/352 330/658/351
f 318/659/352 320/661/353 326/662/353 328/660/352
f 320/661/353 322/637/354 324/636/354 326/662/353
f 311/664/355 314/665/356 333/666/356 331/663/355
f 315/668/357 311/664/355 331/663/355 329/667/357
f 317/670/358 315/668/357 329/667/357 327/669/358
f 319/672/359 317/670/358 327/669/358 325/671/359
f 321/638/360 319/672/359 325/671/359 323/635/360
f 335/673/361 336/674/361 337/675/362 338/676/362
f 339/677/363 340/678/363 336/674/361 335/673/361
f 341/679/364 342/680/364 340/678/363 339/677/363
f 343/681/365 344/682/365 342/680/364 341/679/364
f 344/682/365 343/681/365 345/683/366 346/684/366
f 346/687/367 345/688/367 347/685/367 348/686/367
f 348/691/369 347/692/369 349/689/368 350/690/368
f 350/690/368 349/689/368 351/693/370 352/694/370
f 352/694/370 351/693/370 353/695/371 354/696/371
f 354/696/371 353/695/371 355/697/372 356/698/372
f 357/699/373 358/700/373 356/698/372 355/697/372
f 338/701/374 337/702/374 358/703/374 357/704/374
f 337/702/376 336/705/375 356/706/375 358/703/376
f 336/705/375 340/707/377 354/708/377 356/706/375
f 340/707/377 342/709/378 352/710/378 354/708/377
f 342/709/378 344/711/379 350/712/379 352/710/378
f 344/711/379 346/687/380 348/686/380 350/712/379
f 335/714/381 338/701/382 357/704/382 355/713/381
f 339/716/383 335/714/381 355/713/381 353/715/383
f 341/718/384 339/716/383 353/715/383 351/717/384
f 343/720/385 341/718/384 351/717/384 349/719/385
f 345/722/386 343/720/385 349/719/385 347/721/386
f 359/723/387 360/724/387 361/725/388 362/726/388
f 363/727/389 364/728/389 360/724/387 359/723/387
f 365/729/390 366/730/390 364/728/389 363/727/389
f 367/731/391 368/732/391 366/730/390 365/729/390
f 369/733/392 370/734/392 368/732/391 367/731/391
f 371/735/393 372/736/393 370/737/393 369/738/393
f 374/740/394 372/741/395 371/742/395 373/739/394
f 374/740/394 373/739/394 375/743/396 376/744/396
f 376/744/396 375/743/396 377/745/397 378/746/397
f 378/746/397 377/745/397 379/747/398 380/748/398
f 380/748/398 379/747/398 381/749/399 382/750/399
f 382/753/400 381/754/400 362/751/400 361/752/400
f 380/756/401 382/753/402 361/752/402 360/755/401
f 378/758/403 380/756/401 360/755/401 364/757/403
f 376/760/404 378/758/403 364/757/403 366/759/404
f 374/762/405 376/760/404 366/759/404 368/761/405
f 372/736/406 374/762/405 368/761/405 370/737/406
f 381/766/408 379/763/407 359/764/407 362/765/408
f 379/763/407 377/767/409 363/768/409 359/764/407
f 377/767/409 375/769/410 365/770/410 363/768/409
f 375/769/410 373/771/411 367/772/411 365/770/410
f 373/771/411 371/735/412 369/738/412 367/772/411
f 385/775/414 386/776/414 383/773/413 384/774/413
f 384/774/413 383/773/413 387/777/415 388/778/415
f 388/778/415 387/777/415 389/779/416 390/780/416
f 390/780/416 389/779/416 391/781/417 392/782/417
f 393/783/418 394/784/418 392/782/417 391/781/417
f 395/785/419 396/786/419 394/787/419 393/788/419
f 397/789/420 398/790/420 396/791/421 395/792/421
f 399/793/422 400/794/422 398/790/420 397/789/420
f 401/795/423 402/796/423 400/794/422 399/793/422
f 403/797/424 404/798/424 402/796/423 401/795/423
f 404/798/424 403/797/424 405/799/425 406/800/425
f 406/803/426 405/804/426 386/801/426 385/802/426
f 404/806/427 406/803/428 385/802/428 384/805/427
f 402/808/429 404/806/427 384/805/427 388/807/429
f 400/810/430 402/808/429 388/807/429 390/809/430
f 398/812/431 400/810/430 390/809/430 392/811/431
f 396/814/432 398/812/431 392/811/431 394/813/432
f 405/804/434 403/815/433 383/816/433 386/801/434
f 403/815/433 401/817/435 387/818/435 383/816/433
f 401/817/435 399/819/436 389/820/436 387/818/435
f 399/819/436 397/821/437 391/822/437 389/820/436
f 397/821/437 395/785/438 393/788/438 391/822/437
f 407/823/439 408/824/439 409/825/440 410/826/440
f 411/827/441 412/828/441 408/824/439 407/823/439
f 413/829/442 414/830/442 412/828/441 411/827/441
f 415/831/443 416/832/443 414/830/442 413/829/442
f 416/832/443 415/831/443 417/833/444 418/834/444
f 418/837/445 417/838/445 419/835/445 420/836/445
f 420/841/447 419/842/447 421/839/446 422/840/446
f 422/840/446 421/839/446 423/843/448 424/844/448
f 424/844/448 423/843/448 425/845/449 426/846/449
f 427/847/450 428/848/450 426/846/449 425/845/449
f 429/849/451 430/850/451 428/848/450 427/847/450
f 410/851/452 409/852/452 430/853/452 429/854/452
f 409/858/454 408/855/453 428/856/453 430/857/454
f 408/855/453 412/859/455 426/860/455 428/856/453
f 412/859/455 414/861/456 424/862/456 426/860/455
f 414/861/456 416/863/457 422/864/457 424/862/456
f 416/863/457 418/837/458 420/836/458 422/864/457
f 407/866/459 410/851/460 429/854/460 427/865/459
f 411/868/461 407/866/459 427/865/459 425/867/461
f 413/870/462 411/868/461 425/867/461 423/869/462
f 415/872/463 413/870/462 423/869/462 421/871/463
f 417/838/464 415/872/463 421/871/463 419/835/464
f 431/873/465 432/874/465 433/875/466 434/876/466
f 435/877/467 436/878/467 432/874/465 431/873/465
f 437/879/468 438/880/468 436/878/467 435/877/467
f 439/881/469 440/882/469 438/880/468 437/879/468
f 441/883/470 442/884/470 440/882/469 439/881/469
f 443/885/471 444/886/471 442/887/471 441/888/471
f 444/891/473 443/892/473 445/889/472 446/890/472
f 446/890/472 445/889/472 447/893/474 448/894/474
f 448/894/474 447/893/474 449/895/475 450/896/475
f 450/896/475 449/895/475 451/897/476 452/898/476
f 452/898/476 451/897/476 453/899/477 454/900/477
f 454/903/478 453/904/478 434/901/478 433/902/478
f 432/905/479 452/906/479 454/903/480 433/902/480
f 436/907/481 450/908/481 452/906/479 432/905/479
f 448/910/482 450/908/481 436/907/481 438/909/482
f 440/911/483 446/912/483 448/910/482 438/909/482
f 442/887/484 444/886/484 446/912/483 440/911/483
f 451/913/485 431/914/485 434/915/486 453/916/486
f 449/917/487 435/918/487 431/914/485 451/913/485
f 449/917/487 447/919/488 437/920/488 435/918/487
f 445/921/489 439/922/489 437/920/488 447/919/488
f 443/885/490 441/888/490 439/922/489 445/921/489
f 457/925/492 458/926/492 455/923/491 456/924/491
f 456/924/491 455/923/491 459/927/493 460/928/493
f 460/928/493 459/927/493 461/929/494 462/930/494
f 463/931/495 464/932/495 462/930/494 461/929/494
f 465/933/496 466/934/496 464/932/495 463/931/495
f 467/935/497 468/936/497 466/937/497 465/938/497
f 469/939/498 470/940/498 468/941/499 467/942/499
f 471/943/500 472/944/500 470/940/498 469/939/498
f 473/945/501 474/946/501 472/944/500 471/943/500
f 473/945/501 475/947/502 476/948/502 474/946/501
f 476/948/502 475/947/502 477/949/503 478/950/503
f 478/953/504 477/954/504 458/951/504 457/952/504
f 476/956/505 478/953/506 457/952/506 456/955/505
f 474/958/507 476/956/505 456/955/505 460/957/507
f 472/960/508 474/958/507 460/957/507 462/959/508
f 470/962/509 472/960/508 462/959/508 464/961/509
f 468/936/510 470/962/509 464/961/509 466/937/510
f 477/954/512 475/963/511 455/964/511 458/951/512
f 475/963/511 473/965/513 459/966/513 455/964/511
f 473/965/513 471/967/514 461/968/514 459/966/513
f 471/967/514 469/969/515 463/970/515 461/968/514
f 469/969/515 467/971/516 465/972/516 463/970/515
f 481/975/518 482/976/518 479/973/517 480/974/517
f 480/974/517 479/973/517 483/977/519 484/978/519
f 484/978/519 483/977/519 485/979/520 486/980/520
f 486/980/520 485/979/520 487/981/521 488/982/521
f 488/982/521 487/981/521 489/983/522 490/984/522
f 490/987/523 489/988/523 491/985/523 492/986/523
f 491/992/525 493/989/524 494/990/524 492/991/525
f 495/993/526 496/994/526 494/990/524 493/989/524
f 497/995/527 498/996/527 496/994/526 495/993/526
f 499/997/528 500/998/528 498/996/527 497/995/527
f 501/999/529 502/1000/529 500/998/528 499/997/528
f 482/1001/530 481/1002/530 502/1003/530 501/1004/530
f 502/1003/532 481/1002/532 480/1005/531 500/1006/531
f 500/1006/531 480/1005/531 484/1007/533 498/1008/533
f 484/1007/533 486/1009/534 496/1010/534 498/1008/533
f 486/1009/534 488/1011/535 494/1012/535 496/1010/534
f 488/1011/535 490/1013/536 492/1014/536 494/1012/535
f 482/1001/538 501/1004/538 499/1015/537 479/1016/537
f 483/1018/539 479/1016/537 499/1015/537 497/1017/539
f 485/1020/540 483/1018/539 497/1017/539 495/1019/540
f 487/1022/541 485/1020/540 495/1019/540 493/1021/541
f 489/988/542 487/1022/541 493/1021/541 491/985/542
f 503/1023/543 504/1024/543 505/1025/544 506/1026/544
f 507/1027/545 508/1028/545 504/1024/543 503/1023/543
f 509/1029/546 510/1030/546 508/1028/545 507/1027/545
f 511/1031/547 512/1032/547 510/1030/546 509/1029/546
f 513/1033/548 514/1034/548 512/1032/547 511/1031/547
f 516/1036/549 514/1037/549 513/1038/549 515/1035/549
f 516/1041/551 515/1042/551 517/1039/550 518/1040/550
f 518/1040/550 517/1039/550 519/1043/552 520/1044/552
f 520/1044/552 519/1043/552 521/1045/553 522/1046/553
f 522/1046/553 521/1045/553 523/1047/554 524/1048/554
f 524/1048/554 523/1047/554 525/1049/555 526/1050/555
f 525/1054/556 506/1051/556 505/1052/556 526/1053/556
f 504/1055/557 524/1056/557 526/1057/558 505/1058/558
f 508/1059/559 522/1060/559 524/1056/557 504/1055/557
f 510/1061/560 520/1062/560 522/1060/559 508/1059/559
f 512/1063/561 518/1064/561 520/1062/560 510/1061/560
f 514/1037/562 516/1036/562 518/1064/561 512/1063/561
f 523/1065/563 503/1066/563 506/1051/564 525/1054/564
f 521/1067/565 507/1068/565 503/1066/563 523/1065/563
f 519/1069/566 509/1070/566 507/1068/565 521/1067/565
f 517/1071/567 511/1072/567 509/1070/566 519/1069/566
f 515/1035/568 513/1038/568 511/1072/567 517/1071/567
f 529/1075/570 530/1076/570 527/1073/569 528/1074/569
f 528/1074/569 527/1073/569 531/1077/571 532/1078/571
f 532/1078/571 531/1077/571 533/1079/572 534/1080/572
f 535/1081/573 536/1082/573 534/1080/572 533/1079/572
f 537/1083/574 538/1084/574 536/1082/573 535/1081/573
f 539/1085/575 540/1086/575 538/1087/575 537/1088/575
f 541/1089/576 542/1090/576 540/1091/577 539/1092/577
f 543/1093/578 544/1094/578 542/1090/576 541/1089/576
f 545/1095/579 546/1096/579 544/1094/578 543/1093/578
f 546/1096/579 545/1095/579 547/1097/580 548/1098/580
f 548/1098/580 547/1097/580 549/1099/581 550/1100/581
f 550/1103/582 549/1104/582 530/1101/582 529/1102/582
f 548/1106/583 550/1103/584 529/1102/584 528/1105/583
f 546/1108/585 548/1106/583 528/1105/583 532/1107/585
f 544/1110/586 546/1108/585 532/1107/585 534/1109/586
f 542/1112/587 544/1110/586 534/1109/586 536/1111/587
f 540/1114/588 542/1112/587 536/1111/587 538/1113/588
f 549/1104/590 547/1115/589 527/1116/589 530/1101/590
f 547/1115/589 545/1117/591 531/1118/591 527/1116/589
f 545/1117/591 543/1119/592 533/1120/592 531/1118/591
f 543/1119/592 541/1121/593 535/1122/593 533/1120/592
f 541/1121/593 539/1085/594 537/1088/594 535/1122/593
f 553/1125/596 554/1126/596 551/1123/595 552/1124/595
f 552/1124/595 551/1123/595 555/1127/597 556/1128/597
f 556/1128/597 555/1127/597 557/1129/598 558/1130/598
f 558/1130/598 557/1129/598 559/1131/599 560/1132/599
f 560/1132/599 559/1131/599 561/1133/600 562/1134/600
f 561/1138/601 563/1135/601 564/1136/601 562/1137/601
f 565/1139/602 566/1140/602 564/1141/603 563/1142/603
f 567/1143/604 568/1144/604 566/1140/602 565/1139/602
f 569/1145/605 570/1146/605 568/1144/604 567/1143/604
f 571/1147/606 572/1148/606 570/1146/605 569/1145/605
f 573/1149/607 574/1150/607 572/1148/606 571/1147/606
f 553/1152/608 574/1153/608 573/1154/608 554/1151/608
f 574/1153/610 553/1152/610 552/1155/609 572/1156/609
f 572/1156/609 552/1155/609 556/1157/611 570/1158/611
f 570/1158/611 556/1157/611 558/1159/612 568/1160/612
f 568/1160/612 558/1159/612 560/1161/613 566/1162/613
f 566/1162/613 560/1161/613 562/1137/614 564/1136/614
f 554/1165/616 573/1166/616 571/1163/615 551/1164/615
f 551/1164/615 571/1163/615 569/1167/617 555/1168/617
f 555/1168/617 569/1167/617 567/1169/618 557/1170/618
f 557/1170/618 567/1169/618 565/1171/619 559/1172/619
f 559/1172/619 565/1171/619 563/1135/620 561/1138/620
f 575/1173/621 576/1174/621 577/1175/622 578/1176/622
f 579/1177/623 580/1178/623 576/1174/621 575/1173/621
f 581/1179/624 582/1180/624 580/1178/623 579/1177/623
f 582/1180/624 581/1179/624 583/1181/625 584/1182/625
f 584/1182/625 583/1181/625 585/1183/626 586/1184/626
f 586/1187/627 585/1188/627 587/1185/627 588/1186/627
f 588/1191/629 587/1192/629 589/1189/628 590/1190/628
f 590/1190/628 589/1189/628 591/1193/630 592/1194/630
f 592/1194/630 591/1193/630 593/1195/631 594/1196/631
f 595/1197/632 596/1198/632 594/1196/631 593/1195/631
f 597/1199/633 598/1200/633 596/1198/632 595/1197/632
f 578/1201/634 577/1202/634 598/1203/634 597/1204/634
f 577/1202/636 576/1205/635 596/1206/635 598/1203/636
f 576/1205/635 580/1207/637 594/1208/637 596/1206/635
f 580/1207/637 582/1209/638 592/1210/638 594/1208/637
f 582/1209/638 584/1211/639 590/1212/639 592/1210/638
f 584/1211/639 586/1187/640 588/1186/640 590/1212/639
f 575/1214/641 578/1201/642 597/1204/642 595/1213/641
f 579/1216/643 575/1214/641 595/1213/641 593/1215/643
f 581/1218/644 579/1216/643 593/1215/643 591/1217/644
f 583/1220/645 581/1218/644 591/1217/644 589/1219/645
f 585/1222/646 583/1220/645 589/1219/645 587/1221/646
f 599/1223/647 600/1224/647 601/1225/648 602/1226/648
f 603/1227/649 604/1228/649 600/1224/647 599/1223/647
f 605/1229/650 606/1230/650 604/1228/649 603/1227/649
f 607/1231/651 608/1232/651 606/1230/650 605/1229/650
f 609/1233/652 610/1234/652 608/1232/651 607/1231/651
f 611/1235/653 612/1236/653 610/1237/653 609/1238/653
f 614/1240/654 612/1241/655 611/1242/655 613/1239/654
f 614/1240/654 613/1239/654 615/1243/656 616/1244/656
f 616/1244/656 615/1243/656 617/1245/657 618/1246/657
f 618/1246/657 617/1245/657 619/1247/658 620/1248/658
f 620/1248/658 619/1247/658 621/1249/659 622/1250/659
f 622/1253/660 621/1254/660 602/1251/660 601/1252/660
f 600/1255/661 620/1256/661 622/1253/662 601/1252/662
f 618/1258/663 620/1256/661 600/1255/661 604/1257/663
f 616/1260/664 618/1258/663 604/1257/663 606/1259/664
f 614/1262/665 616/1260/664 606/1259/664 608/1261/665
f 612/1264/666 614/1262/665 608/1261/665 610/1263/666
f 619/1265/667 599/1266/667 602/1251/668 621/1254/668
f 619/1265/667 617/1267/669 603/1268/669 599/1266/667
f 617/1267/669 615/1269/670 605/1270/670 603/1268/669
f 615/1269/670 613/1271/671 607/1272/671 605/1270/670
f 613/1271/671 611/1235/672 609/1238/672 607/1272/671
f 625/1275/674 626/1276/674 623/1273/673 624/1274/673
f 624/1274/673 623/1273/673 627/1277/675 628/1278/675
f 628/1278/675 627/1277/675 629/1279/676 630/1280/676
f 630/1280/676 629/1279/676 631/1281/677 632/1282/677
f 633/1283/678 634/1284/678 632/1282/677 631/1281/677
f 635/1285/679 636/1286/679 634/1287/679 633/1288/679
f 637/1289/680 638/1290/680 636/1291/681 635/1292/681
f 639/1293/682 640/1294/682 638/1290/680 637/1289/680
f 641/1295/683 642/1296/683 640/1294/682 639/1293/682
f 643/1297/684 644/1298/684 642/1296/683 641/1295/683
f 644/1298/684 643/1297/684 645/1299/685 646/1300/685
f 646/1303/686 645/1304/686 626/1301/686 625/1302/686
f 644/1306/687 646/1303/688 625/1302/688 624/1305/687
f 642/1308/689 644/1306/687 624/1305/687 628/1307/689
f 640/1310/690 642/1308/689 628/1307/689 630/1309/690
f 638/1312/691 640/1310/690 630/1309/690 632/1311/691
f 636/1314/692 638/1312/691 632/1311/691 634/1313/692
f 645/1304/694 643/1315/693 623/1316/693 626/1301/694
f 643/1315/693 641/1317/695 627/1318/695 623/1316/693
f 641/1317/695 639/1319/696 629/1320/696 627/1318/695
f 639/1319/696 637/1321/697 631/1322/697 629/1320/696
f 637/1321/697 635/1285/698 633/1288/698 631/1322/697
f 649/1325/700 650/1326/700 647/1323/699 648/1324/699
f 648/1324/699 647/1323/699 651/1327/701 652/1328/701
f 652/1328/701 651/1327/701 653/1329/702 654/1330/702
f 654/1330/702 653/1329/702 655/1331/703 656/1332/703
f 656/1332/703 655/1331/703 657/1333/704 658/1334/704
f 658/1337/705 657/1338/705 659/1335/705 660/1336/705
f 661/1339/706 662/1340/706 660/1341/707 659/1342/707
f 663/1343/708 664/1344/708 662/1340/706 661/1339/706
f 665/1345/709 666/1346/709 664/1344/708 663/1343/708
f 667/1347/710 668/1348/710 666/1346/709 665/1345/709
f 669/1349/711 670/1350/711 668/1348/710 667/1347/710
f 650/1351/712 649/1352/712 670/1353/712 669/1354/712
f 670/1353/714 649/1352/714 648/1355/713 668/1356/713
f 648/1355/713 652/1357/715 666/1358/715 668/1356/713
f 652/1357/715 654/1359/716 664/1360/716 666/1358/715
f 654/1359/716 656/1361/717 662/1362/717 664/1360/716
f 662/1362/717 656/1361/717 658/1337/718 660/1336/718
f 647/1364/719 650/1365/720 669/1366/720 667/1363/719
f 651/1368/721 647/1364/719 667/1363/719 665/1367/721
f 653/1370/722 651/1368/721 665/1367/721 663/1369/722
f 655/1372/723 653/1370/722 663/1369/722 661/1371/723
f 657/1338/724 655/1372/723 661/1371/723 659/1335/724
f 671/1373/725 672/1374/725 673/1375/726 674/1376/726
f 675/1377/727 676/1378/727 672/1374/725 671/1373/725
f 677/1379/728 678/1380/728 676/1378/727 675/1377/727
f 679/1381/729 680/1382/729 678/1380/728 677/1379/728
f 680/1382/729 679/1381/729 681/1383/730 682/1384/730
f 682/1387/731 681/1388/731 683/1385/731 684/1386/731
f 684/1391/733 683/1392/733 685/1389/732 686/1390/732
f 686/1390/732 685/1389/732 687/1393/734 688/1394/734
f 688/1394/734 687/1393/734 689/1395/735 690/1396/735
f 690/1396/735 689/1395/735 691/1397/736 692/1398/736
f 693/1399/737 694/1400/737 692/1398/736 691/1397/736
f 674/1401/738 673/1402/738 694/1403/738 693/1404/738
f 673/1402/740 672/1405/739 692/1406/739 694/1403/740
f 672/1405/739 676/1407/741 690/1408/741 692/1406/739
f 676/1407/741 678/1409/742 688/1410/742 690/1408/741
f 678/1409/742 680/1411/743 686/1412/743 688/1410/742
f 680/1411/743 682/1387/744 684/1386/744 686/1412/743
f 671/1414/745 674/1415/746 693/1416/746 691/1413/745
f 675/1418/747 671/1414/745 691/1413/745 689/1417/747
f 677/1420/748 675/1418/747 689/1417/747 687/1419/748
f 679/1422/749 677/1420/748 687/1419/748 685/1421/749
f 681/1388/750 679/1422/749 685/1421/749 683/1385/750
f 697/1425/752 698/1426/752 695/1423/751 696/1424/751
f 699/1427/753 700/1428/753 696/1424/751 695/1423/751
f 701/1429/754 702/1430/754 700/1428/753 699/1427/753
f 703/1431/755 704/1432/755 702/1430/754 701/1429/754
f 705/1433/756 706/1434/756 704/1432/755 703/1431/755
f 707/1435/757 708/1436/757 706/1437/757 705/1438/757
f 709/1439/758 710/1440/758 708/1441/759 707/1442/759
f 711/1443/760 712/1444/760 710/1440/758 709/1439/758
f 712/1444/760 711/1443/760 713/1445/761 714/1446/761
f 714/1446/761 713/1445/761 715/1447/762 716/1448/762
f 716/1448/762 715/1447/762 717/1449/763 718/1450/763
f 718/1453/764 717/1454/764 698/1451/764 697/1452/764
f 716/1456/765 718/1457/766 697/1458/766 696/1455/765
f 714/1460/767 716/1456/765 696/1455/765 700/1459/767
f 712/1462/768 714/1460/767 700/1459/767 702/1461/768
f 710/1464/769 712/1462/768 702/1461/768 704/1463/769
f 708/1436/770 710/1464/769 704/1463/769 706/1437/770
f 717/1454/772 715/1465/771 695/1466/771 698/1451/772
f 715/1465/771 713/1467/773 699/1468/773 695/1466/771
f 713/1467/773 711/1469/774 701/1470/774 699/1468/773
f 711/1469/774 709/1471/775 703/1472/775 701/1470/774
f 709/1471/775 707/1435/776 705/1438/776 703/1472/775
f 721/1475/778 722/1476/778 719/1473/777 720/1474/777
f 720/1474/777 719/1473/777 723/1477/779 724/1478/779
f 724/1478/779 723/1477/779 725/1479/780 726/1480/780
f 726/1480/780 725/1479/780 727/1481/781 728/1482/781
f 728/1482/781 727/1481/781 729/1483/782 730/1484/782
f 731/1485/783 732/1486/783 730/1487/783 729/1488/783
f 733/1489/784 734/1490/784 732/1491/785 731/1492/785
f 735/1493/786 736/1494/786 734/1490/784 733/1489/784
f 737/1495/787 738/1496/787 736/1494/786 735/1493/786
f 739/1497/788 740/1498/788 738/1496/787 737/1495/787
f 741/1499/789 742/1500/789 740/1498/788 739/1497/788
f 742/1503/790 741/1504/790 722/1501/790 721/1502/790
f 742/1503/792 721/1502/792 720/1505/791 740/1506/791
f 738/1508/793 740/1506/791 720/1505/791 724/1507/793
f 736/1510/794 738/1508/793 724/1507/793 726/1509/794
f 734/1512/795 736/1510/794 726/1509/794 728/1511/795
f 734/1512/795 728/1511/795 730/1487/796 732/1486/796
f 722/1501/798 741/1504/798 739/1513/797 719/1514/797
f 739/1513/797 737/1515/799 723/1516/799 719/1514/797
f 737/1515/799 735/1517/800 725/1518/800 723/1516/799
f 735/1517/800 733/1519/801 727/1520/801 725/1518/800
f 727/1520/801 733/1519/801 731/1521/802 729/1522/802
f 743/1523/803 744/1524/803 745/1525/804 746/1526/804
f 748/1528/805 744/1524/803 743/1523/803 747/1527/805
f 748/1528/805 747/1527/805 749/1529/806 750/1530/806
f 750/1530/806 749/1529/806 751/1531/807 752/1532/807
f 752/1532/807 751/1531/807 753/1533/808 754/1534/808
f 754/1537/809 753/1538/809 755/1535/809 756/1536/809
f 756/1541/811 755/1542/811 757/1539/810 758/1540/810
f 759/1543/812 760/1544/812 758/1540/810 757/1539/810
f 761/1545/813 762/1546/813 760/1544/812 759/1543/812
f 763/1547/814 764/1548/814 762/1546/813 761/1545/813
f 765/1549/815 766/1550/815 764/1548/814 763/1547/814
f 746/1551/816 745/1552/816 766/1553/816 765/1554/816
f 745/1558/818 744/1555/817 764/1556/817 766/1557/818
f 744/1555/817 748/1559/819 762/1560/819 764/1556/817
f 748/1559/819 750/1561/820 760/1562/820 762/1560/819
f 750/1561/820 752/1563/821 758/1564/821 760/1562/820
f 752/1563/821 754/1537/822 756/1536/822 758/1564/821
f 743/1566/823 746/1551/824 765/1554/824 763/1565/823
f 747/1568/825 743/1566/823 763/1565/823 761/1567/825
f 749/1570/826 747/1568/825 761/1567/825 759/1569/826
f 751/1572/827 749/1570/826 759/1569/826 757/1571/827
f 753/1538/828 751/1572/827 757/1571/827 755/1535/828
f 767/1573/829 768/1574/829 769/1575/830 770/1576/830
f 771/1577/831 772/1578/831 768/1574/829 767/1573/829
f 773/1579/832 774/1580/832 772/1578/831 771/1577/831
f 775/1581/833 776/1582/833 774/1580/832 773/1579/832
f 776/1582/833 775/1581/833 777/1583/834 778/1584/834
f 778/1587/835 777/1588/835 779/1585/835 780/1586/835
f 780/1591/837 779/1592/837 781/1589/836 782/1590/836
f 782/1590/836 781/1589/836 783/1593/838 784/1594/838
f 784/1594/838 783/1593/838 785/1595/839 786/1596/839
f 786/1596/839 785/1595/839 787/1597/840 788/1598/840
f 788/1598/840 787/1597/840 789/1599/841 790/1600/841
f 770/1601/842 769/1602/842 790/1603/842 789/1604/842
f 768/1605/843 788/1606/843 790/1603/844 769/1602/844
f 768/1605/843 772/1607/845 786/1608/845 788/1606/843
f 772/1607/845 774/1609/846 784/1610/846 786/1608/845
f 774/1609/846 776/1611/847 782/1612/847 784/1610/846
f 776/1611/847 778/1587/848 780/1586/848 782/1612/847
f 787/1613/849 767/1614/849 770/1615/850 789/1616/850
f 771/1618/851 767/1614/849 787/1613/849 785/1617/851
f 773/1620/852 771/1618/851 785/1617/851 783/1619/852
f 775/1622/853 773/1620/852 783/1619/852 781/1621/853
f 777/1588/854 775/1622/853 781/1621/853 779/1585/854
f 793/1625/856 794/1626/856 791/1623/855 792/1624/855
f 792/1624/855 791/1623/855 795/1627/857 796/1628/857
f 796/1628/857 795/1627/857 797/1629/858 798/1630/858
f 799/1631/859 800/1632/859 798/1630/858 797/1629/858
f 801/1633/860 802/1634/860 800/1632/859 799/1631/859
f 803/1635/861 804/1636/861 802/1637/861 801/1638/861
f 805/1639/862 806/1640/862 804/1641/863 803/1642/863
f 807/1643/864 808/1644/864 806/1640/862 805/1639/862
f 809/1645/865 810/1646/865 808/1644/864 807/1643/864
f 810/1646/865 809/1645/865 811/1647/866 812/1648/866
f 812/1648/866 811/1647/866 813/1649/867 814/1650/867
f 814/1653/868 813/1654/868 794/1651/868 793/1652/868
f 812/1656/869 814/1657/870 793/1658/870 792/1655/869
f 810/1660/871 812/1656/869 792/1655/869 796/1659/871
f 808/1662/872 810/1660/871 796/1659/871 798/1661/872
f 806/1664/873 808/1662/872 798/1661/872 800/1663/873
f 804/1636/874 806/1664/873 800/1663/873 802/1637/874
f 813/1654/876 811/1665/875 791/1666/875 794/1651/876
f 811/1665/875 809/1667/877 795/1668/877 791/1666/875
f 809/1667/877 807/1669/878 797/1670/878 795/1668/877
f 807/1669/878 805/1671/879 799/1672/879 797/1670/878
f 805/1671/879 803/1635/880 801/1638/880 799/1672/879
f 817/1675/882 818/1676/882 815/1673/881 816/1674/881
f 816/1674/881 815/1673/881 819/1677/883 820/1678/883
f 820/1678/883 819/1677/883 821/1679/884 822/1680/884
f 822/1680/884 821/1679/884 823/1681/885 824/1682/885
f 824/1682/885 823/1681/885 825/1683/886 826/1684/886
f 825/1688/887 827/1685/887 828/1686/887 826/1687/887
f 829/1689/888 830/1690/888 828/1691/889 827/1692/889
f 831/1693/890 832/1694/890 830/1690/888 829/1689/888
f 833/1695/891 834/1696/891 832/1694/890 831/1693/890
f 835/1697/892 836/1698/892 834/1696/891 833/1695/891
f 837/1699/893 838/1700/893 836/1698/892 835/1697/892
f 817/1702/894 838/1703/894 837/1704/894 818/1701/894
f 838/1703/896 817/1702/896 816/1705/895 836/1706/895
f 836/1706/895 816/1705/895 820/1707/897 834/1708/897
f 834/1708/897 820/1707/897 822/1709/898 832/1710/898
f 832/1710/898 822/1709/898 824/1711/899 830/1712/899
f 830/1712/899 824/1711/899 826/1713/900 828/1714/900
f 818/1701/902 837/1704/902 835/1715/901 815/1716/901
f 815/1716/901 835/1715/901 833/1717/903 819/1718/903
f 819/1718/903 833/1717/903 831/1719/904 821/1720/904
f 821/1720/904 831/1719/904 829/1721/905 823/1722/905
f 823/1722/905 829/1721/905 827/1685/906 825/1688/906
f 839/1723/907 840/1724/907 841/1725/908 842/1726/908
f 843/1727/909 844/1728/909 840/1724/907 839/1723/907
f 846/1730/910 844/1728/909 843/1727/909 845/1729/910
f 846/1730/910 845/1729/910 847/1731/911 848/1732/911
f 848/1732/911 847/1731/911 849/1733/912 850/1734/912
f 850/1737/913 849/1738/913 851/1735/913 852/1736/913
f 852/1741/915 851/1742/915 853/1739/914 854/1740/914
f 854/1740/914 853/1739/914 855/1743/916 856/1744/916
f 858/1746/917 856/1744/916 855/1743/916 857/1745/917
f 859/1747/918 860/1748/918 858/1746/917 857/1745/917
f 861/1749/919 862/1750/919 860/1748/918 859/1747/918
f 842/1751/920 841/1752/920 862/1753/920 861/1754/920
f 841/1752/922 840/1755/921 860/1756/921 862/1753/922
f 840/1755/921 844/1757/923 858/1758/923 860/1756/921
f 844/1757/923 846/1759/924 856/1760/924 858/1758/923
f 846/1759/924 848/1761/925 854/1762/925 856/1760/924
f 848/1761/925 850/1737/926 852/1736/926 854/1762/925
f 839/1764/927 842/1765/928 861/1766/928 859/1763/927
f 843/1768/929 839/1764/927 859/1763/927 857/1767/929
f 845/1770/930 843/1768/929 857/1767/929 855/1769/930
f 847/1772/931 845/1770/930 855/1769/930 853/1771/931
f 849/1738/932 847/1772/931 853/1771/931 851/1735/932
f 863/1773/933 864/1774/933 865/1775/934 866/1776/934
f 867/1777/935 868/1778/935 864/1774/933 863/1773/933
f 869/1779/936 870/1780/936 868/1778/935 867/1777/935
f 871/1781/937 872/1782/937 870/1780/936 869/1779/936
f 873/1783/938 874/1784/938 872/1782/937 871/1781/937
f 876/1786/939 874/1787/939 873/1788/939 875/1785/939
f 876/1791/941 875/1792/941 877/1789/940 878/1790/940
f 878/1790/940 877/1789/940 879/1793/942 880/1794/942
f 880/1794/942 879/1793/942 881/1795/943 882/1796/943
f 882/1796/943 881/1795/943 883/1797/944 884/1798/944
f 884/1798/944 883/1797/944 885/1799/945 886/1800/945
f 865/1802/946 886/1803/946 885/1804/946 866/1801/946
f 864/1805/947 884/1806/947 886/1803/948 865/1802/948
f 868/1807/949 882/1808/949 884/1806/947 864/1805/947
f 870/1809/950 880/1810/950 882/1808/949 868/1807/949
f 872/1811/951 878/1812/951 880/1810/950 870/1809/950
f 874/1787/952 876/1786/952 878/1812/951 872/1811/951
f 883/1813/953 863/1814/953 866/1815/954 885/1816/954
f 881/1817/955 867/1818/955 863/1814/953 883/1813/953
f 879/1819/956 869/1820/956 867/1818/955 881/1817/955
f 877/1821/957 871/1822/957 869/1820/956 879/1819/956
f 875/1785/958 873/1788/958 871/1822/957 877/1821/957
f 889/1825/960 890/1826/960 887/1823/959 888/1824/959
f 888/1824/959 887/1823/959 891/1827/961 892/1828/961
f 892/1828/961 891/1827/961 893/1829/962 894/1830/962
f 894/1830/962 893/1829/962 895/1831/963 896/1832/963
f 898/1834/964 896/1832/963 895/1831/963 897/1833/964
f 899/1835/965 900/1836/965 898/1837/965 897/1838/965
f 901/1839/966 902/1840/966 900/1841/967 899/1842/967
f 903/1843/968 904/1844/968 902/1840/966 901/1839/966
f 905/1845/969 906/1846/969 904/1844/968 903/1843/968
f 907/1847/970 908/1848/970 906/1846/969 905/1845/969
f 908/1848/970 907/1847/970 909/1849/971 910/1850/971
f 910/1853/972 909/1854/972 890/1851/972 889/1852/972
f 908/1856/973 910/1853/974 889/1852/974 888/1855/973
f 906/1858/975 908/1856/973 888/1855/973 892/1857/975
f 904/1860/976 906/1858/975 892/1857/975 894/1859/976
f 902/1862/977 904/1860/976 894/1859/976 896/1861/977
f 900/1864/978 902/1862/977 896/1861/977 898/1863/978
f 909/1854/980 907/1865/979 887/1866/979 890/1851/980
f 907/1865/979 905/1867/981 891/1868/981 887/1866/979
f 905/1867/981 903/1869/982 893/1870/982 891/1868/981
f 903/1869/982 901/1871/983 895/1872/983 893/1870/982
f 901/1871/983 899/1835/984 897/1838/984 895/1872/983
f 912/1874/985 913/1875/986 914/1876/986 911/1873/985
f 912/1874/985 911/1873/985 915/1877/987 916/1878/987
f 916/1878/987 915/1877/987 917/1879/988 918/1880/988
f 918/1880/988 917/1879/988 919/1881/989 920/1882/989
f 920/1882/989 919/1881/989 921/1883/990 922/1884/990
f 922/1887/991 921/1888/991 923/1885/991 924/1886/991
f 925/1889/992 926/1890/992 924/1891/993 923/1892/993
f 927/1893/994 928/1894/994 926/1890/992 925/1889/992
f 929/1895/995 930/1896/995 928/1894/994 927/1893/994
f 931/1897/996 932/1898/996 930/1896/995 929/1895/995
f 933/1899/997 934/1900/997 932/1898/996 931/1897/996
f 914/1901/998 913/1902/998 934/1903/998 933/1904/998
f 913/1902/1000 912/1905/999 932/1906/999 934/1903/1000
f 912/1905/999 916/1907/1001 930/1908/1001 932/1906/999
f 916/1907/1001 918/1909/1002 928/1910/1002 930/1908/1001
f 918/1909/1002 920/1911/1003 926/1912/1003 928/1910/1002
f 926/1912/1003 920/1911/1003 922/1913/1004 924/1914/1004
f 911/1916/1005 914/1901/1006 933/1904/1006 931/1915/1005
f 915/1918/1007 911/1916/1005 931/1915/1005 929/1917/1007
f 917/1920/1008 915/1918/1007 929/1917/1007 927/1919/1008
f 919/1922/1009 917/1920/1008 927/1919/1008 925/1921/1009
f 919/1922/1009 925/1921/1009 923/1885/1010 921/1888/1010
f 935/1923/1011 936/1924/1011 937/1925/1012 938/1926/1012
f 939/1927/1013 940/1928/1013 936/1924/1011 935/1923/1011
f 941/1929/1014 942/1930/1014 940/1928/1013 939/1927/1013
f 944/1932/1015 942/1930/1014 941/1929/1014 943/1931/1015
f 944/1932/1015 943/1931/1015 945/1933/1016 946/1934/1016
f 946/1937/1017 945/1938/1017 947/1935/1017 948/1936/1017
f 948/1941/1019 947/1942/1019 949/1939/1018 950/1940/1018
f 950/1940/1018 949/1939/1018 951/1943/1020 952/1944/1020
f 952/1944/1020 951/1943/1020 953/1945/1021 954/1946/1021
f 954/1946/1021 953/1945/1021 955/1947/1022 956/1948/1022
f 957/1949/1023 958/1950/1023 956/1948/1022 955/1947/1022
f 938/1951/1024 937/1952/1024 958/1953/1024 957/1954/1024
f 937/1952/1026 936/1955/1025 956/1956/1025 958/1953/1026
f 936/1955/1025 940/1957/1027 954/1958/1027 956/1956/1025
f 940/1957/1027 942/1959/1028 952/1960/1028 954/1958/1027
f 942/1959/1028 944/1961/1029 950/1962/1029 952/1960/1028
f 944/1961/1029 946/1963/1030 948/1964/1030 950/1962/1029
f 935/1966/1031 938/1951/1032 957/1954/1032 955/1965/1031
f 939/1968/1033 935/1966/1031 955/1965/1031 953/1967/1033
f 941/1970/1034 939/1968/1033 953/1967/1033 951/1969/1034
f 943/1972/1035 941/1970/1034 951/1969/1034 949/1971/1035
f 945/1938/1036 943/1972/1035 949/1971/1035 947/1935/1036
f 959/1973/1037 960/1974/1037 961/1975/1038 962/1976/1038
f 963/1977/1039 964/1978/1039 960/1974/1037 959/1973/1037
f 965/1979/1040 966/1980/1040 964/1978/1039 963/1977/1039
f 967/1981/1041 968/1982/1041 966/1980/1040 965/1979/1040
f 969/1983/1042 970/1984/1042 968/1982/1041 967/1981/1041
f 971/1985/1043 972/1986/1043 970/1987/1043 969/1988/1043
f 973/1989/1044 974/1990/1044 972/1991/1045 971/1992/1045
f 976/1994/1046 974/1990/1044 973/1989/1044 975/1993/1046
f 976/1994/1046 975/1993/1046 977/1995/1047 978/1996/1047
f 978/1996/1047 977/1995/1047 979/1997/1048 980/1998/1048
f 980/1998/1048 979/1997/1048 981/1999/1049 982/2000/1049
f 982/2003/1050 981/2004/1050 962/2001/1050 961/2002/1050
f 960/2005/1051 980/2006/1051 982/2003/1052 961/2002/1052
f 978/2008/1053 980/2006/1051 960/2005/1051 964/2007/1053
f 976/2010/1054 978/2008/1053 964/2007/1053 966/2009/1054
f 974/2012/1055 976/2010/1054 966/2009/1054 968/2011/1055
f 972/1986/1056 974/2012/1055 968/2011/1055 970/1987/1056
f 979/2013/1057 959/2014/1057 962/2015/1058 981/2016/1058
f 979/2013/1057 977/2017/1059 963/2018/1059 959/2014/1057
f 977/2017/1059 975/2019/1060 965/2020/1060 963/2018/1059
f 975/2019/1060 973/2021/1061 967/2022/1061 965/2020/1060
f 973/2021/1061 971/1985/1062 969/1988/1062 967/2022/1061
f 985/2025/1064 986/2026/1064 983/2023/1063 984/2024/1063
f 984/2024/1063 983/2023/1063 987/2027/1065 988/2028/1065
f 988/2028/1065 987/2027/1065 989/2029/1066 990/2030/1066
f 990/2030/1066 989/2029/1066 991/2031/1067 992/2032/1067
f 992/2032/1067 991/2031/1067 993/2033/1068 994/2034/1068
f 995/2035/1069 996/2036/1069 994/2037/1069 993/2038/1069
f 997/2039/1070 998/2040/1070 996/2041/1071 995/2042/1071
f 999/2043/1072 1000/2044/1072 998/2040/1070 997/2039/1070
f 1001/2045/1073 1002/2046/1073 1000/2044/1072 999/2043/1072
f 1003/2047/1074 1004/2048/1074 1002/2046/1073 1001/2045/1073
f 1005/2049/1075 1006/2050/1075 1004/2048/1074 1003/2047/1074
f 1006/2053/1076 1005/2054/1076 986/2051/1076 985/2052/1076
f 1006/2057/1078 985/2058/1078 984/2055/1077 1004/2056/1077
f 1002/2060/1079 1004/2056/1077 984/2055/1077 988/2059/1079
f 1000/2062/1080 1002/2060/1079 988/2059/1079 990/2061/1080
f 1000/2062/1080 990/2061/1080 992/2063/1081 998/2064/1081
f 998/2064/1081 992/2063/1081 994/2037/1082 996/2036/1082
f 986/2051/1084 1005/2054/1084 1003/2065/1083 983/2066/1083
f 1003/2065/1083 1001/2067/1085 987/2068/1085 983/2066/1083
f 1001/2067/1085 999/2069/1086 989/2070/1086 987/2068/1085
f 989/2070/1086 999/2069/1086 997/2071/1087 991/2072/1087
f 991/2072/1087 997/2071/1087 995/2035/1088 993/2038/1088
f 1007/2073/1089 1008/2074/1089 1009/2075/1090 1010/2076/1090
f 1011/2077/1091 1012/2078/1091 1008/2074/1089 1007/2073/1089
f 1012/2078/1091 1011/2077/1091 1013/2079/1092 1014/2080/1092
f 1014/2080/1092 1013/2079/1092 1015/2081/1093 1016/2082/1093
f 1016/2082/1093 1015/2081/1093 1017/2083/1094 1018/2084/1094
f 1018/2087/1095 1017/2088/1095 1019/2085/1095 1020/2086/1095
f 1020/2091/1097 1019/2092/1097 1021/2089/1096 1022/2090/1096
f 1023/2093/1098 1024/2094/1098 1022/2090/1096 1021/2089/1096
f 1025/2095/1099 1026/2096/1099 1024/2094/1098 1023/2093/1098
f 1027/2097/1100 1028/2098/1100 1026/2096/1099 1025/2095/1099
f 1029/2099/1101 1030/2100/1101 1028/2098/1100 1027/2097/1100
f 1010/2101/1102 1009/2102/1102 1030/2103/1102 1029/2104/1102
f 1009/2102/1104 1008/2105/1103 1028/2106/1103 1030/2103/1104
f 1008/2105/1103 1012/2107/1105 1026/2108/1105 1028/2106/1103
f 1012/2107/1105 1014/2109/1106 1024/2110/1106 1026/2108/1105
f 1014/2109/1106 1016/2111/1107 1022/2112/1107 1024/2110/1106
f 1016/2111/1107 1018/2087/1108 1020/2086/1108 1022/2112/1107
f 1007/2114/1109 1010/2101/1110 1029/2104/1110 1027/2113/1109
f 1011/2116/1111 1007/2114/1109 1027/2113/1109 1025/2115/1111
f 1013/2118/1112 1011/2116/1111 1025/2115/1111 1023/2117/1112
f 1015/2120/1113 1013/2118/1112 1023/2117/1112 1021/2119/1113
f 1017/2122/1114 1015/2120/1113 1021/2119/1113 1019/2121/1114
f 1031/2123/1115 1032/2124/1115 1033/2125/1116 1034/2126/1116
f 1035/2127/1117 1036/2128/1117 1032/2124/1115 1031/2123/1115
f 1037/2129/1118 1038/2130/1118 1036/2128/1117 1035/2127/1117
f 1039/2131/1119 1040/2132/1119 1038/2130/1118 1037/2129/1118
f 1041/2133/1120 1042/2134/1120 1040/2132/1119 1039/2131/1119
f 1042/2137/1121 1041/2138/1121 1043/2135/1121 1044/2136/1121
f 1044/2141/1123 1043/2142/1123 1045/2139/1122 1046/2140/1122
f 1046/2140/1122 1045/2139/1122 1047/2143/1124 1048/2144/1124
f 1048/2144/1124 1047/2143/1124 1049/2145/1125 1050/2146/1125
f 1050/2146/1125 1049/2145/1125 1051/2147/1126 1052/2148/1126
f 1052/2148/1126 1051/2147/1126 1053/2149/1127 1054/2150/1127
f 1034/2151/1128 1033/2152/1128 1054/2153/1128 1053/2154/1128
f 1032/2155/1129 1052/2156/1129 1054/2153/1130 1033/2152/1130
f 1036/2157/1131 1050/2158/1131 1052/2156/1129 1032/2155/1129
f 1036/2157/1131 1038/2159/1132 1048/2160/1132 1050/2158/1131
f 1038/2159/1132 1040/2161/1133 1046/2162/1133 1048/2160/1132
f 1042/2137/1134 1044/2136/1134 1046/2162/1133 1040/2161/1133
f 1051/2163/1135 1031/2164/1135 1034/2165/1136 1053/2166/1136
f 1049/2167/1137 1035/2168/1137 1031/2164/1135 1051/2163/1135
f 1037/2170/1138 1035/2168/1137 1049/2167/1137 1047/2169/1138
f 1039/2172/1139 1037/2170/1138 1047/2169/1138 1045/2171/1139
f 1041/2138/1140 1039/2172/1139 1045/2171/1139 1043/2135/1140
f 1057/2175/1142 1058/2176/1142 1055/2173/1141 1056/2174/1141
f 1056/2174/1141 1055/2173/1141 1059/2177/1143 1060/2178/1143
f 1061/2179/1144 1062/2180/1144 1060/2178/1143 1059/2177/1143
f 1063/2181/1145 1064/2182/1145 1062/2180/1144 1061/2179/1144
f 1065/2183/1146 1066/2184/1146 1064/2182/1145 1063/2181/1145
f 1067/2185/1147 1068/2186/1147 1066/2187/1147 1065/2188/1147
f 1069/2189/1148 1070/2190/1148 1068/2191/1149 1067/2192/1149
f 1071/2193/1150 1072/2194/1150 1070/2190/1148 1069/2189/1148
f 1072/2194/1150 1071/2193/1150 1073/2195/1151 1074/2196/1151
f 1074/2196/1151 1073/2195/1151 1075/2197/1152 1076/2198/1152
f 1076/2198/1152 1075/2197/1152 1077/2199/1153 1078/2200/1153
f 1078/2203/1154 1077/2204/1154 1058/2201/1154 1057/2202/1154
f 1076/2206/1155 1078/2203/1156 1057/2202/1156 1056/2205/1155
f 1074/2208/1157 1076/2206/1155 1056/2205/1155 1060/2207/1157
f 1072/2210/1158 1074/2208/1157 1060/2207/1157 1062/2209/1158
f 1070/2212/1159 1072/2210/1158 1062/2209/1158 1064/2211/1159
f 1068/2186/1160 1070/2212/1159 1064/2211/1159 1066/2187/1160
f 1077/2204/1162 1075/2213/1161 1055/2214/1161 1058/2201/1162
f 1075/2213/1161 1073/2215/1163 1059/2216/1163 1055/2214/1161
f 1073/2215/1163 1071/2217/1164 1061/2218/1164 1059/2216/1163
f 1071/2217/1164 1069/2219/1165 1063/2220/1165 1061/2218/1164
f 1069/2219/1165 1067/2221/1166 1065/2222/1166 1063/2220/1165
f 1081/2225/1168 1082/2226/1168 1079/2223/1167 1080/2224/1167
f 1080/2224/1167 1079/2223/1167 1083/2227/1169 1084/2228/1169
f 1084/2228/1169 1083/2227/1169 1085/2229/1170 1086/2230/1170
f 1086/2230/1170 1085/2229/1170 1087/2231/1171 1088/2232/1171
f 1088/2232/1171 1087/2231/1171 1089/2233/1172 1090/2234/1172
f 1089/2238/1173 1091/2235/1173 1092/2236/1173 1090/2237/1173
f 1093/2239/1174 1094/2240/1174 1092/2241/1175 1091/2242/1175
f 1095/2243/1176 1096/2244/1176 1094/2240/1174 1093/2239/1174
f 1097/2245/1177 1098/2246/1177 1096/2244/1176 1095/2243/1176
f 1099/2247/1178 1100/2248/1178 1098/2246/1177 1097/2245/1177
f 1101/2249/1179 1102/2250/1179 1100/2248/1178 1099/2247/1178
f 1081/2252/1180 1102/2253/1180 1101/2254/1180 1082/2251/1180
f 1102/2257/1182 1081/2258/1182 1080/2255/1181 1100/2256/1181
f 1100/2256/1181 1080/2255/1181 1084/2259/1183 1098/2260/1183
f 1098/2260/1183 1084/2259/1183 1086/2261/1184 1096/2262/1184
f 1096/2262/1184 1086/2261/1184 1088/2263/1185 1094/2264/1185
f 1094/2264/1185 1088/2263/1185 1090/2237/1186 1092/2236/1186
f 1082/2251/1188 1101/2254/1188 1099/2265/1187 1079/2266/1187
f 1079/2266/1187 1099/2265/1187 1097/2267/1189 1083/2268/1189
f 1083/2268/1189 1097/2267/1189 1095/2269/1190 1085/2270/1190
f 1085/2270/1190 1095/2269/1190 1093/2271/1191 1087/2272/1191
f 1087/2272/1191 1093/2271/1191 1091/2235/1192 1089/2238/1192
f 1103/2273/1193 1104/2274/1193 1105/2275/1194 1106/2276/1194
f 1107/2277/1195 1108/2278/1195 1104/2274/1193 1103/2273/1193
f 1109/2279/1196 1110/2280/1196 1108/2278/1195 1107/2277/1195
f 1110/2280/1196 1109/2279/1196 1111/2281/1197 1112/2282/1197
f 1112/2282/1197 1111/2281/1197 1113/2283/1198 1114/2284/1198
f 1114/2287/1199 1113/2288/1199 1115/2285/1199 1116/2286/1199
f 1116/2291/1201 1115/2292/1201 1117/2289/1200 1118/2290/1200
f 1118/2290/1200 1117/2289/1200 1119/2293/1202 1120/2294/1202
f 1120/2294/1202 1119/2293/1202 1121/2295/1203 1122/2296/1203
f 1123/2297/1204 1124/2298/1204 1122/2296/1203 1121/2295/1203
f 1125/2299/1205 1126/2300/1205 1124/2298/1204 1123/2297/1204
f 1106/2301/1206 1105/2302/1206 1126/2303/1206 1125/2304/1206
f 1105/2302/1208 1104/2305/1207 1124/2306/1207 1126/2303/1208
f 1104/2305/1207 1108/2307/1209 1122/2308/1209 1124/2306/1207
f 1108/2307/1209 1110/2309/1210 1120/2310/1210 1122/2308/1209
f 1110/2309/1210 1112/2311/1211 1118/2312/1211 1120/2310/1210
f 1112/2311/1211 1114/2313/1212 1116/2314/1212 1118/2312/1211
f 1103/2316/1213 1106/2301/1214 1125/2304/1214 1123/2315/1213
f 1107/2318/1215 1103/2316/1213 1123/2315/1213 1121/2317/1215
f 1109/2320/1216 1107/2318/1215 1121/2317/1215 1119/2319/1216
f 1111/2322/1217 1109/2320/1216 1119/2319/1216 1117/2321/1217
f 1113/2288/1218 1111/2322/1217 1117/2321/1217 1115/2285/1218
f 1127/2323/1219 1128/2324/1219 1129/2325/1220 1130/2326/1220
f 1131/2327/1221 1132/2328/1221 1128/2324/1219 1127/2323/1219
f 1133/2329/1222 1134/2330/1222 1132/2328/1221 1131/2327/1221
f 1135/2331/1223 1136/2332/1223 1134/2330/1222 1133/2329/1222
f 1137/2333/1224 1138/2334/1224 1136/2332/1223 1135/2331/1223
f 1140/2336/1225 1138/2337/1225 1137/2338/1225 1139/2335/1225
f 1140/2341/1227 1139/2342/1227 1141/2339/1226 1142/2340/1226
f 1142/2340/1226 1141/2339/1226 1143/2343/1228 1144/2344/1228
f 1144/2344/1228 1143/2343/1228 1145/2345/1229 1146/2346/1229
f 1146/2346/1229 1145/2345/1229 1147/2347/1230 1148/2348/1230
f 1148/2348/1230 1147/2347/1230 1149/2349/1231 1150/2350/1231
f 1149/2354/1232 1130/2351/1232 1129/2352/1232 1150/2353/1232
f 1128/2355/1233 1148/2356/1233 1150/2353/1234 1129/2352/1234
f 1132/2357/1235 1146/2358/1235 1148/2356/1233 1128/2355/1233
f 1134/2359/1236 1144/2360/1236 1146/2358/1235 1132/2357/1235
f 1136/2361/1237 1142/2362/1237 1144/2360/1236 1134/2359/1236
f 1138/2337/1238 1140/2336/1238 1142/2362/1237 1136/2361/1237
f 1147/2363/1239 1127/2364/1239 1130/2365/1240 1149/2366/1240
f 1145/2367/1241 1131/2368/1241 1127/2364/1239 1147/2363/1239
f 1143/2369/1242 1133/2370/1242 1131/2368/1241 1145/2367/1241
f 1141/2371/1243 1135/2372/1243 1133/2370/1242 1143/2369/1242
f 1139/2335/1244 1137/2338/1244 1135/2372/1243 1141/2371/1243
f 1153/2375/1246 1154/2376/1246 1151/2373/1245 1152/2374/1245
f 1152/2374/1245 1151/2373/1245 1155/2377/1247 1156/2378/1247
f 1156/2378/1247 1155/2377/1247 1157/2379/1248 1158/2380/1248
f 1159/2381/1249 1160/2382/1249 1158/2380/1248 1157/2379/1248
f 1161/2383/1250 1162/2384/1250 1160/2382/1249 1159/2381/1249
f 1163/2385/1251 1164/2386/1251 1162/2387/1251 1161/2388/1251
f 1165/2389/1252 1166/2390/1252 1164/2391/1253 1163/2392/1253
f 1167/2393/1254 1168/2394/1254 1166/2390/1252 1165/2389/1252
f 1169/2395/1255 1170/2396/1255 1168/2394/1254 1167/2393/1254
f 1170/2396/1255 1169/2395/1255 1171/2397/1256 1172/2398/1256
f 1172/2398/1256 1171/2397/1256 1173/2399/1257 1174/2400/1257
f 1174/2403/1258 1173/2404/1258 1154/2401/1258 1153/2402/1258
f 1172/2406/1259 1174/2403/1260 1153/2402/1260 1152/2405/1259
f 1170/2408/1261 1172/2406/1259 1152/2405/1259 1156/2407/1261
f 1168/2410/1262 1170/2408/1261 1156/2407/1261 1158/2409/1262
f 1166/2412/1263 1168/2410/1262 1158/2409/1262 1160/2411/1263
f 1164/2386/1264 1166/2412/1263 1160/2411/1263 1162/2387/1264
f 1173/2404/1266 1171/2413/1265 1151/2414/1265 1154/2401/1266
f 1171/2413/1265 1169/2415/1267 1155/2416/1267 1151/2414/1265
f 1169/2415/1267 1167/2417/1268 1157/2418/1268 1155/2416/1267
f 1167/2417/1268 1165/2419/1269 1159/2420/1269 1157/2418/1268
f 1165/2419/1269 1163/2421/1270 1161/2422/1270 1159/2420/1269
f 1177/2425/1272 1178/2426/1272 1175/2423/1271 1176/2424/1271
f 1176/2424/1271 1175/2423/1271 1179/2427/1273 1180/2428/1273
f 1180/2428/1273 1179/2427/1273 1181/2429/1274 1182/2430/1274
f 1182/2430/1274 1181/2429/1274 1183/2431/1275 1184/2432/1275
f 1184/2432/1275 1183/2431/1275 1185/2433/1276 1186/2434/1276
f 1186/2437/1277 1185/2438/1277 1187/2435/1277 1188/2436/1277
f 1187/2442/1279 1189/2439/1278 1190/2440/1278 1188/2441/1279
f 1191/2443/1280 1192/2444/1280 1190/2440/1278 1189/2439/1278
f 1193/2445/1281 1194/2446/1281 1192/2444/1280 1191/2443/1280
f 1195/2447/1282 1196/2448/1282 1194/2446/1281 1193/2445/1281
f 1197/2449/1283 1198/2450/1283 1196/2448/1282 1195/2447/1282
f 1178/2451/1284 1177/2452/1284 1198/2453/1284 1197/2454/1284
f 1198/2453/1286 1177/2452/1286 1176/2455/1285 1196/2456/1285
f 1176/2455/1285 1180/2457/1287 1194/2458/1287 1196/2456/1285
f 1180/2457/1287 1182/2459/1288 1192/2460/1288 1194/2458/1287
f 1182/2459/1288 1184/2461/1289 1190/2462/1289 1192/2460/1288
f 1184/2461/1289 1186/2437/1290 1188/2436/1290 1190/2462/1289
f 1178/2465/1292 1197/2466/1292 1195/2463/1291 1175/2464/1291
f 1179/2468/1293 1175/2464/1291 1195/2463/1291 1193/2467/1293
f 1181/2470/1294 1179/2468/1293 1193/2467/1293 1191/2469/1294
f 1183/2472/1295 1181/2470/1294 1191/2469/1294 1189/2471/1295
f 1185/2438/1296 1183/2472/1295 1189/2471/1295 1187/2435/1296
f 1199/2473/1297 1200/2474/1297 1201/2475/1298 1202/2476/1298
f 1203/2477/1299 1204/2478/1299 1200/2474/1297 1199/2473/1297
f 1205/2479/1300 1206/2480/1300 1204/2478/1299 1203/2477/1299
f 1207/2481/1301 1208/2482/1301 1206/2480/1300 1205/2479/1300
f 1208/2482/1301 1207/2481/1301 1209/2483/1302 1210/2484/1302
f 1210/2487/1303 1209/2488/1303 1211/2485/1303 1212/2486/1303
f 1212/2491/1305 1211/2492/1305 1213/2489/1304 1214/2490/1304
f 1214/2490/1304 1213/2489/1304 1215/2493/1306 1216/2494/1306
f 1216/2494/1306 1215/2493/1306 1217/2495/1307 1218/2496/1307
f 1218/2496/1307 1217/2495/1307 1219/2497/1308 1220/2498/1308
f 1221/2499/1309 1222/2500/1309 1220/2498/1308 1219/2497/1308
f 1202/2501/1310 1201/2502/1310 1222/2503/1310 1221/2504/1310
f 1201/2502/1312 1200/2505/1311 1220/2506/1311 1222/2503/1312
f 1200/2505/1311 1204/2507/1313 1218/2508/1313 1220/2506/1311
f 1204/2507/1313 1206/2509/1314 1216/2510/1314 1218/2508/1313
f 1206/2509/1314 1208/2511/1315 1214/2512/1315 1216/2510/1314
f 1208/2511/1315 1210/2513/1316 1212/2514/1316 1214/2512/1315
f 1199/2516/1317 1202/2501/1318 1221/2504/1318 1219/2515/1317
f 1203/2518/1319 1199/2516/1317 1219/2515/1317 1217/2517/1319
f 1205/2520/1320 1203/2518/1319 1217/2517/1319 1215/2519/1320
f 1207/2522/1321 1205/2520/1320 1215/2519/1320 1213/2521/1321
f 1209/2488/1322 1207/2522/1321 1213/2521/1321 1211/2485/1322
f 1223/2523/1323 1224/2524/1323 1225/2525/1324 1226/2526/1324
f 1227/2527/1325 1228/2528/1325 1224/2524/1323 1223/2523/1323
f 1229/2529/1326 1230/2530/1326 1228/2528/1325 1227/2527/1325
f 1231/2531/1327 1232/2532/1327 1230/2530/1326 1229/2529/1326
f 1233/2533/1328 1234/2534/1328 1232/2532/1327 1231/2531/1327
f 1235/2535/1329 1236/2536/1329 1234/2537/1329 1233/2538/1329
f 1236/2541/1331 1235/2542/1331 1237/2539/1330 1238/2540/1330
f 1238/2540/1330 1237/2539/1330 1239/2543/1332 1240/2544/1332
f 1240/2544/1332 1239/2543/1332 1241/2545/1333 1242/2546/1333
f 1242/2546/1333 1241/2545/1333 1243/2547/1334 1244/2548/1334
f 1244/2548/1334 1243/2547/1334 1245/2549/1335 1246/2550/1335
f 1246/2553/1336 1245/2554/1336 1226/2551/1336 1225/2552/1336
f 1224/2555/1337 1244/2556/1337 1246/2553/1338 1225/2552/1338
f 1242/2558/1339 1244/2556/1337 1224/2555/1337 1228/2557/1339
f 1240/2560/1340 1242/2558/1339 1228/2557/1339 1230/2559/1340
f 1238/2562/1341 1240/2560/1340 1230/2559/1340 1232/2561/1341
f 1234/2537/1342 1236/2536/1342 1238/2562/1341 1232/2561/1341
f 1245/2566/1344 1243/2563/1343 1223/2564/1343 1226/2565/1344
f 1243/2563/1343 1241/2567/1345 1227/2568/1345 1223/2564/1343
f 1241/2567/1345 1239/2569/1346 1229/2570/1346 1227/2568/1345
f 1239/2569/1346 1237/2571/1347 1231/2572/1347 1229/2570/1346
f 1237/2571/1347 1235/2535/1348 1233/2538/1348 1231/2572/1347
f 1249/2575/1350 1250/2576/1350 1247/2573/1349 1248/2574/1349
f 1248/2574/1349 1247/2573/1349 1251/2577/1351 1252/2578/1351
f 1252/2578/1351 1251/2577/1351 1253/2579/1352 1254/2580/1352
f 1254/2580/1352 1253/2579/1352 1255/2581/1353 1256/2582/1353
f 1257/2583/1354 1258/2584/1354 1256/2582/1353 1255/2581/1353
f 1259/2585/1355 1260/2586/1355 1258/2587/1355 1257/2588/1355
f 1261/2589/1356 1262/2590/1356 1260/2591/1357 1259/2592/1357
f 1263/2593/1358 1264/2594/1358 1262/2590/1356 1261/2589/1356
f 1265/2595/1359 1266/2596/1359 1264/2594/1358 1263/2593/1358
f 1267/2597/1360 1268/2598/1360 1266/2596/1359 1265/2595/1359
f 1268/2598/1360 1267/2597/1360 1269/2599/1361 1270/2600/1361
f 1270/2603/1362 1269/2604/1362 1250/2601/1362 1249/2602/1362
f 1268/2606/1363 1270/2603/1364 1249/2602/1364 1248/2605/1363
f 1266/2608/1365 1268/2606/1363 1248/2605/1363 1252/2607/1365
f 1264/2610/1366 1266/2608/1365 1252/2607/1365 1254/2609/1366
f 1262/2612/1367 1264/2610/1366 1254/2609/1366 1256/2611/1367
f 1260/2614/1368 1262/2612/1367 1256/2611/1367 1258/2613/1368
f 1269/2604/1370 1267/2615/1369 1247/2616/1369 1250/2601/1370
f 1267/2615/1369 1265/2617/1371 1251/2618/1371 1247/2616/1369
f 1265/2617/1371 1263/2619/1372 1253/2620/1372 1251/2618/1371
f 1263/2619/1372 1261/2621/1373 1255/2622/1373 1253/2620/1372
f 1261/2621/1373 1259/2585/1374 1257/2588/1374 1255/2622/1373
f 1271/2623/1375 1272/2624/1375 1273/2625/1376 1274/2626/1376
f 1272/2624/1375 1271/2623/1375 1275/2627/1377 1276/2628/1377
f 1276/2628/1377 1275/2627/1377 1277/2629/1378 1278/2630/1378
f 1278/2630/1378 1277/2629/1378 1279/2631/1379 1280/2632/1379
f 1280/2632/1379 1279/2631/1379 1281/2633/1380 1282/2634/1380
f 1282/2637/1381 1281/2638/1381 1283/2635/1381 1284/2636/1381
f 1284/2641/1383 1283/2642/1383 1285/2639/1382 1286/2640/1382
f 1286/2640/1382 1285/2639/1382 1287/2643/1384 1288/2644/1384
f 1289/2645/1385 1290/2646/1385 1288/2644/1384 1287/2643/1384
f 1291/2647/1386 1292/2648/1386 1290/2646/1385 1289/2645/1385
f 1293/2649/1387 1294/2650/1387 1292/2648/1386 1291/2647/1386
f 1274/2651/1388 1273/2652/1388 1294/2653/1388 1293/2654/1388
f 1273/2652/1390 1272/2655/1389 1292/2656/1389 1294/2653/1390
f 1272/2655/1389 1276/2657/1391 1290/2658/1391 1292/2656/1389
f 1276/2657/1391 1278/2659/1392 1288/2660/1392 1290/2658/1391
f 1278/2659/1392 1280/2661/1393 1286/2662/1393 1288/2660/1392
f 1280/2661/1393 1282/2663/1394 1284/2664/1394 1286/2662/1393
f 1271/2666/1395 1274/2651/1396 1293/2654/1396 1291/2665/1395
f 1275/2668/1397 1271/2666/1395 1291/2665/1395 1289/2667/1397
f 1277/2670/1398 1275/2668/1397 1289/2667/1397 1287/2669/1398
f 1279/2672/1399 1277/2670/1398 1287/2669/1398 1285/2671/1399
f 1281/2638/1400 1279/2672/1399 1285/2671/1399 1283/2635/1400
f 1295/2673/1401 1296/2674/1401 1297/2675/1402 1298/2676/1402
f 1299/2677/1403 1300/2678/1403 1296/2674/1401 1295/2673/1401
f 1301/2679/1404 1302/2680/1404 1300/2678/1403 1299/2677/1403
f 1303/2681/1405 1304/2682/1405 1302/2680/1404 1301/2679/1404
f 1305/2683/1406 1306/2684/1406 1304/2682/1405 1303/2681/1405
f 1306/2687/1407 1305/2688/1407 1307/2685/1407 1308/2686/1407
f 1308/2691/1409 1307/2692/1409 1309/2689/1408 1310/2690/1408
f 1310/2690/1408 1309/2689/1408 1311/2693/1410 1312/2694/1410
f 1312/2694/1410 1311/2693/1410 1313/2695/1411 1314/2696/1411
f 1314/2696/1411 1313/2695/1411 1315/2697/1412 1316/2698/1412
f 1316/2698/1412 1315/2697/1412 1317/2699/1413 1318/2700/1413
f 1298/2701/1414 1297/2702/1414 1318/2703/1414 1317/2704/1414
f 1296/2705/1415 1316/2706/1415 1318/2703/1416 1297/2702/1416
f 1296/2705/1415 1300/2707/1417 1314/2708/1417 1316/2706/1415
f 1300/2707/1417 1302/2709/1418 1312/2710/1418 1314/2708/1417
f 1302/2709/1418 1304/2711/1419 1310/2712/1419 1312/2710/1418
f 1306/2687/1420 1308/2686/1420 1310/2712/1419 1304/2711/1419
f 1315/2713/1421 1295/2714/1421 1298/2701/1422 1317/2704/1422
f 1299/2716/1423 1295/2714/1421 1315/2713/1421 1313/2715/1423
f 1301/2718/1424 1299/2716/1423 1313/2715/1423 1311/2717/1424
f 1303/2720/1425 1301/2718/1424 1311/2717/1424 1309/2719/1425
f 1307/2721/1426 1305/2722/1426 1303/2720/1425 1309/2719/1425
f 1321/2725/1428 1322/2726/1428 1319/2723/1427 1320/2724/1427
f 1319/2723/1427 1323/2727/1429 1324/2728/1429 1320/2724/1427
f 1325/2729/1430 1326/2730/1430 1324/2728/1429 1323/2727/1429
f 1327/2731/1431 1328/2732/1431 1326/2730/1430 1325/2729/1430
f 1329/2733/1432 1330/2734/1432 1328/2732/1431 1327/2731/1431
f 1331/2735/1433 1332/2736/1433 1330/2737/1433 1329/2738/1433
f 1333/2739/1434 1334/2740/1434 1332/2741/1435 1331/2742/1435
f 1334/2740/1434 1333/2739/1434 1335/2743/1436 1336/2744/1436
f 1336/2744/1436 1335/2743/1436 1337/2745/1437 1338/2746/1437
f 1338/2746/1437 1337/2745/1437 1339/2747/1438 1340/2748/1438
f 1340/2748/1438 1339/2747/1438 1341/2749/1439 1342/2750/1439
f 1342/2753/1440 1341/2754/1440 1322/2751/1440 1321/2752/1440
f 1340/2756/1441 1342/2753/1442 1321/2752/1442 1320/2755/1441
f 1338/2758/1443 1340/2756/1441 1320/2755/1441 1324/2757/1443
f 1336/2760/1444 1338/2758/1443 1324/2757/1443 1326/2759/1444
f 1334/2762/1445 1336/2760/1444 1326/2759/1444 1328/2761/1445
f 1332/2736/1446 1334/2762/1445 1328/2761/1445 1330/2737/1446
f 1341/2766/1448 1339/2763/1447 1319/2764/1447 1322/2765/1448
f 1339/2763/1447 1337/2767/1449 1323/2768/1449 1319/2764/1447
f 1337/2767/1449 1335/2769/1450 1325/2770/1450 1323/2768/1449
f 1335/2769/1450 1333/2771/1451 1327/2772/1451 1325/2770/1450
f 1333/2771/1451 1331/2735/1452 1329/2738/1452 1327/2772/1451
f 1345/2775/1454 1346/2776/1454 1343/2773/1453 1344/2774/1453
f 1344/2774/1453 1343/2773/1453 1347/2777/1455 1348/2778/1455
f 1348/2778/1455 1347/2777/1455 1349/2779/1456 1350/2780/1456
f 1350/2780/1456 1349/2779/1456 1351/2781/1457 1352/2782/1457
f 1353/2783/1458 1354/2784/1458 1352/2782/1457 1351/2781/1457
f 1355/2785/1459 1356/2786/1459 1354/2787/1459 1353/2788/1459
f 1357/2789/1460 1358/2790/1460 1356/2791/1461 1355/2792/1461
f 1359/2793/1462 1360/2794/1462 1358/2790/1460 1357/2789/1460
f 1361/2795/1463 1362/2796/1463 1360/2794/1462 1359/2793/1462
f 1363/2797/1464 1364/2798/1464 1362/2796/1463 1361/2795/1463
f 1365/2799/1465 1366/2800/1465 1364/2798/1464 1363/2797/1464
f 1366/2803/1466 1365/2804/1466 1346/2801/1466 1345/2802/1466
f 1366/2807/1468 1345/2808/1468 1344/2805/1467 1364/2806/1467
f 1362/2810/1469 1364/2806/1467 1344/2805/1467 1348/2809/1469
f 1360/2812/1470 1362/2810/1469 1348/2809/1469 1350/2811/1470
f 1358/2814/1471 1360/2812/1470 1350/2811/1470 1352/2813/1471
f 1356/2786/1472 1358/2814/1471 1352/2813/1471 1354/2787/1472
f 1346/2801/1474 1365/2804/1474 1363/2815/1473 1343/2816/1473
f 1363/2815/1473 1361/2817/1475 1347/2818/1475 1343/2816/1473
f 1361/2817/1475 1359/2819/1476 1349/2820/1476 1347/2818/1475
f 1359/2819/1476 1357/2821/1477 1351/2822/1477 1349/2820/1476
f 1357/2821/1477 1355/2785/1478 1353/2788/1478 1351/2822/1477
f 1367/2823/1479 1368/2824/1479 1369/2825/1480 1370/2826/1480
f 1371/2827/1481 1372/2828/1481 1368/2824/1479 1367/2823/1479
f 1373/2829/1482 1374/2830/1482 1372/2828/1481 1371/2827/1481
f 1374/2830/1482 1373/2829/1482 1375/2831/1483 1376/2832/1483
f 1376/2832/1483 1375/2831/1483 1377/2833/1484 1378/2834/1484
f 1378/2837/1485 1377/2838/1485 1379/2835/1485 1380/2836/1485
f 1380/2841/1487 1379/2842/1487 1381/2839/1486 1382/2840/1486
f 1382/2840/1486 1381/2839/1486 1383/2843/1488 1384/2844/1488
f 1384/2844/1488 1383/2843/1488 1385/2845/1489 1386/2846/1489
f 1387/2847/1490 1388/2848/1490 1386/2846/1489 1385/2845/1489
f 1389/2849/1491 1390/2850/1491 1388/2848/1490 1387/2847/1490
f 1370/2851/1492 1369/2852/1492 1390/2853/1492 1389/2854/1492
f 1369/2858/1494 1368/2855/1493 1388/2856/1493 1390/2857/1494
f 1368/2855/1493 1372/2859/1495 1386/2860/1495 1388/2856/1493
f 1372/2859/1495 1374/2861/1496 1384/2862/1496 1386/2860/1495
f 1374/2861/1496 1376/2863/1497 1382/2864/1497 1384/2862/1496
f 1376/2863/1497 1378/2837/1498 1380/2836/1498 1382/2864/1497
f 1367/2866/1499 1370/2851/1500 1389/2854/1500 1387/2865/1499
f 1371/2868/1501 1367/2866/1499 1387/2865/1499 1385/2867/1501
f 1373/2870/1502 1371/2868/1501 1385/2867/1501 1383/2869/1502
f 1375/2872/1503 1373/2870/1502 1383/2869/1502 1381/2871/1503
f 1377/2838/1504 1375/2872/1503 1381/2871/1503 1379/2835/1504
f 1391/2873/1505 1392/2874/1505 1393/2875/1506 1394/2876/1506
f 1395/2877/1507 1396/2878/1507 1392/2874/1505 1391/2873/1505
f 1397/2879/1508 1398/2880/1508 1396/2878/1507 1395/2877/1507
f 1399/2881/1509 1400/2882/1509 1398/2880/1508 1397/2879/1508
f 1401/2883/1510 1402/2884/1510 1400/2882/1509 1399/2881/1509
f 1404/2886/1511 1402/2887/1511 1401/2888/1511 1403/2885/1511
f 1404/2891/1513 1403/2892/1513 1405/2889/1512 1406/2890/1512
f 1406/2890/1512 1405/2889/1512 1407/2893/1514 1408/2894/1514
f 1408/2894/1514 1407/2893/1514 1409/2895/1515 1410/2896/1515
f 1410/2896/1515 1409/2895/1515 1411/2897/1516 1412/2898/1516
f 1412/2898/1516 1411/2897/1516 1413/2899/1517 1414/2900/1517
f 1413/2904/1518 1394/2901/1518 1393/2902/1518 1414/2903/1518
f 1392/2905/1519 1412/2906/1519 1414/2903/1520 1393/2902/1520
f 1396/2907/1521 1410/2908/1521 1412/2906/1519 1392/2905/1519
f 1398/2909/1522 1408/2910/1522 1410/2908/1521 1396/2907/1521
f 1400/2911/1523 1406/2912/1523 1408/2910/1522 1398/2909/1522
f 1402/2913/1524 1404/2914/1524 1406/2912/1523 1400/2911/1523
f 1411/2915/1525 1391/2916/1525 1394/2901/1526 1413/2904/1526
f 1409/2917/1527 1395/2918/1527 1391/2916/1525 1411/2915/1525
f 1407/2919/1528 1397/2920/1528 1395/2918/1527 1409/2917/1527
f 1405/2921/1529 1399/2922/1529 1397/2920/1528 1407/2919/1528
f 1403/2885/1530 1401/2888/1530 1399/2922/1529 1405/2921/1529
f 1417/2925/1532 1418/2926/1532 1415/2923/1531 1416/2924/1531
f 1416/2924/1531 1415/2923/1531 1419/2927/1533 1420/2928/1533
f 1419/2927/1533 1421/2929/1534 1422/2930/1534 1420/2928/1533
f 1423/2931/1535 1424/2932/1535 1422/2930/1534 1421/2929/1534
f 1425/2933/1536 1426/2934/1536 1424/2932/1535 1423/2931/1535
f 1427/2935/1537 1428/2936/1537 1426/2937/1537 1425/2938/1537
f 1429/2939/1538 1430/2940/1538 1428/2941/1539 1427/2942/1539
f 1431/2943/1540 1432/2944/1540 1430/2940/1538 1429/2939/1538
f 1431/2943/1540 1433/2945/1541 1434/2946/1541 1432/2944/1540
f 1434/2946/1541 1433/2945/1541 1435/2947/1542 1436/2948/1542
f 1436/2948/1542 1435/2947/1542 1437/2949/1543 1438/2950/1543
f 1438/2953/1544 1437/2954/1544 1418/2951/1544 1417/2952/1544
f 1436/2956/1545 1438/2953/1546 1417/2952/1546 1416/2955/1545
f 1434/2958/1547 1436/2956/1545 1416/2955/1545 1420/2957/1547
f 1432/2960/1548 1434/2958/1547 1420/2957/1547 1422/2959/1548
f 1430/2962/1549 1432/2960/1548 1422/2959/1548 1424/2961/1549
f 1428/2936/1550 1430/2962/1549 1424/2961/1549 1426/2937/1550
f 1437/2966/1552 1435/2963/1551 1415/2964/1551 1418/2965/1552
f 1435/2963/1551 1433/2967/1553 1419/2968/1553 1415/2964/1551
f 1433/2967/1553 1431/2969/1554 1421/2970/1554 1419/2968/1553
f 1431/2969/1554 1429/2971/1555 1423/2972/1555 1421/2970/1554
f 1429/2971/1555 1427/2935/1556 1425/2938/1556 1423/2972/1555
f 1441/2975/1558 1442/2976/1558 1439/2973/1557 1440/2974/1557
f 1440/2974/1557 1439/2973/1557 1443/2977/1559 1444/2978/1559
f 1444/2978/1559 1443/2977/1559 1445/2979/1560 1446/2980/1560
f 1446/2980/1560 1445/2979/1560 1447/2981/1561 1448/2982/1561
f 1448/2982/1561 1447/2981/1561 1449/2983/1562 1450/2984/1562
f 1449/2988/1563 1451/2985/1563 1452/2986/1563 1450/2987/1563
f 1453/2989/1564 1454/2990/1564 1452/2991/1565 1451/2992/1565
f 1455/2993/1566 1456/2994/1566 1454/2990/1564 1453/2989/1564
f 1457/2995/1567 1458/2996/1567 1456/2994/1566 1455/2993/1566
f 1459/2997/1568 1460/2998/1568 1458/2996/1567 1457/2995/1567
f 1461/2999/1569 1462/3000/1569 1460/2998/1568 1459/2997/1568
f 1461/3004/1570 1442/3001/1570 1441/3002/1570 1462/3003/1570
f 1462/3003/1572 1441/3002/1572 1440/3005/1571 1460/3006/1571
f 1460/3006/1571 1440/3005/1571 1444/3007/1573 1458/3008/1573
f 1458/3008/1573 1444/3007/1573 1446/3009/1574 1456/3010/1574
f 1456/3010/1574 1446/3009/1574 1448/3011/1575 1454/3012/1575
f 1454/3012/1575 1448/3011/1575 1450/2987/1576 1452/2986/1576
f 1442/3001/1578 1461/3004/1578 1459/3013/1577 1439/3014/1577
f 1439/3014/1577 1459/3013/1577 1457/3015/1579 1443/3016/1579
f 1443/3016/1579 1457/3015/1579 1455/3017/1580 1445/3018/1580
f 1445/3018/1580 1455/3017/1580 1453/3019/1581 1447/3020/1581
f 1447/3020/1581 1453/3019/1581 1451/3021/1582 1449/3022/1582
f 1463/3023/1583 1464/3024/1583 1465/3025/1584 1466/3026/1584
f 1467/3027/1585 1468/3028/1585 1464/3024/1583 1463/3023/1583
f 1469/3029/1586 1470/3030/1586 1468/3028/1585 1467/3027/1585
f 1471/3031/1587 1472/3032/1587 1470/3030/1586 1469/3029/1586
f 1471/3031/1587 1473/3033/1588 1474/3034/1588 1472/3032/1587
f 1474/3037/1589 1473/3038/1589 1475/3035/1589 1476/3036/1589
f 1476/3041/1591 1475/3042/1591 1477/3039/1590 1478/3040/1590
f 1478/3040/1590 1477/3039/1590 1479/3043/1592 1480/3044/1592
f 1480/3044/1592 1479/3043/1592 1481/3045/1593 1482/3046/1593
f 1482/3046/1593 1481/3045/1593 1483/3047/1594 1484/3048/1594
f 1485/3049/1595 1486/3050/1595 1484/3048/1594 1483/3047/1594
f 1466/3051/1596 1465/3052/1596 1486/3053/1596 1485/3054/1596
f 1465/3052/1598 1464/3055/1597 1484/3056/1597 1486/3053/1598
f 1464/3055/1597 1468/3057/1599 1482/3058/1599 1484/3056/1597
f 1468/3057/1599 1470/3059/1600 1480/3060/1600 1482/3058/1599
f 1470/3059/1600 1472/3061/1601 1478/3062/1601 1480/3060/1600
f 1472/3061/1601 1474/3063/1602 1476/3064/1602 1478/3062/1601
f 1463/3066/1603 1466/3051/1604 1485/3054/1604 1483/3065/1603
f 1467/3068/1605 1463/3066/1603 1483/3065/1603 1481/3067/1605
f 1469/3070/1606 1467/3068/1605 1481/3067/1605 1479/3069/1606
f 1471/3072/1607 1469/3070/1606 1479/3069/1606 1477/3071/1607
f 1473/3038/1608 1471/3072/1607 1477/3071/1607 1475/3035/1608
f 1490/3076/1610 1487/3073/1609 1488/3074/1609 1489/3075/1610
f 1491/3077/1611 1492/3078/1611 1488/3074/1609 1487/3073/1609
f 1493/3079/1612 1494/3080/1612 1492/3078/1611 1491/3077/1611
f 1495/3081/1613 1496/3082/1613 1494/3080/1612 1493/3079/1612
f 1497/3083/1614 1498/3084/1614 1496/3082/1613 1495/3081/1613
f 1499/3085/1615 1500/3086/1615 1498/3087/1615 1497/3088/1615
f 1500/3091/1617 1499/3092/1617 1501/3089/1616 1502/3090/1616
f 1502/3090/1616 1501/3089/1616 1503/3093/1618 1504/3094/1618
f 1504/3094/1618 1503/3093/1618 1505/3095/1619 1506/3096/1619
f 1506/3096/1619 1505/3095/1619 1507/3097/1620 1508/3098/1620
f 1508/3098/1620 1507/3097/1620 1509/3099/1621 1510/3100/1621
f 1510/3103/1622 1509/3104/1622 1490/3101/1622 1489/3102/1622
f 1508/3106/1623 1510/3103/1624 1489/3102/1624 1488/3105/1623
f 1506/3108/1625 1508/3106/1623 1488/3105/1623 1492/3107/1625
f 1504/3110/1626 1506/3108/1625 1492/3107/1625 1494/3109/1626
f 1502/3112/1627 1504/3110/1626 1494/3109/1626 1496/3111/1627
f 1498/3113/1628 1500/3114/1628 1502/3112/1627 1496/3111/1627
f 1509/3104/1630 1507/3115/1629 1487/3116/1629 1490/3101/1630
f 1507/3115/1629 1505/3117/1631 1491/3118/1631 1487/3116/1629
f 1505/3117/1631 1503/3119/1632 1493/3120/1632 1491/3118/1631
f 1503/3119/1632 1501/3121/1633 1495/3122/1633 1493/3120/1632
f 1499/3085/1634 1497/3088/1634 1495/3122/1633 1501/3121/1633
f 1513/3125/1636 1514/3126/1636 1511/3123/1635 1512/3124/1635
f 1512/3124/1635 1511/3123/1635 1515/3127/1637 1516/3128/1637
f 1516/3128/1637 1515/3127/1637 1517/3129/1638 1518/3130/1638
f 1517/3129/1638 1519/3131/1639 1520/3132/1639 1518/3130/1638
f 1521/3133/1640 1522/3134/1640 1520/3132/1639 1519/3131/1639
f 1523/3135/1641 1524/3136/1641 1522/3137/1641 1521/3138/1641
f 1525/3139/1642 1526/3140/1642 1524/3141/1643 1523/3142/1643
f 1527/3143/1644 1528/3144/1644 1526/3140/1642 1525/3139/1642
f 1529/3145/1645 1530/3146/1645 1528/3144/1644 1527/3143/1644
f 1531/3147/1646 1532/3148/1646 1530/3146/1645 1529/3145/1645
f 1532/3148/1646 1531/3147/1646 1533/3149/1647 1534/3150/1647
f 1534/3153/1648 1533/3154/1648 1514/3151/1648 1513/3152/1648
f 1532/3156/1649 1534/3153/1650 1513/3152/1650 1512/3155/1649
f 1530/3158/1651 1532/3156/1649 1512/3155/1649 1516/3157/1651
f 1528/3160/1652 1530/3158/1651 1516/3157/1651 1518/3159/1652
f 1526/3162/1653 1528/3160/1652 1518/3159/1652 1520/3161/1653
f 1524/3136/1654 1526/3162/1653 1520/3161/1653 1522/3137/1654
f 1533/3166/1656 1531/3163/1655 1511/3164/1655 1514/3165/1656
f 1531/3163/1655 1529/3167/1657 1515/3168/1657 1511/3164/1655
f 1529/3167/1657 1527/3169/1658 1517/3170/1658 1515/3168/1657
f 1527/3169/1658 1525/3171/1659 1519/3172/1659 1517/3170/1658
f 1525/3171/1659 1523/3135/1660 1521/3138/1660 1519/3172/1659
f 1537/3175/1662 1538/3176/1662 1535/3173/1661 1536/3174/1661
f 1536/3174/1661 1535/3173/1661 1539/3177/1663 1540/3178/1663
f 1540/3178/1663 1539/3177/1663 1541/3179/1664 1542/3180/1664
f 1542/3180/1664 1541/3179/1664 1543/3181/1665 1544/3182/1665
f 1544/3182/1665 1543/3181/1665 1545/3183/1666 1546/3184/1666
f 1546/3187/1667 1545/3188/1667 1547/3185/1667 1548/3186/1667
f 1548/3191/1669 1547/3192/1669 1549/3189/1668 1550/3190/1668
f 1549/3189/1668 1551/3193/1670 1552/3194/1670 1550/3190/1668
f 1553/3195/1671 1554/3196/1671 1552/3194/1670 1551/3193/1670
f 1555/3197/1672 1556/3198/1672 1554/3196/1671 1553/3195/1671
f 1557/3199/1673 1558/3200/1673 1556/3198/1672 1555/3197/1672
f 1538/3201/1674 1537/3202/1674 1558/3203/1674 1557/3204/1674
f 1558/3203/1676 1537/3202/1676 1536/3205/1675 1556/3206/1675
f 1536/3205/1675 1540/3207/1677 1554/3208/1677 1556/3206/1675
f 1540/3207/1677 1542/3209/1678 1552/3210/1678 1554/3208/1677
f 1542/3209/1678 1544/3211/1679 1550/3212/1679 1552/3210/1678
f 1544/3211/1679 1546/3187/1680 1548/3186/1680 1550/3212/1679
f 1538/3215/1682 1557/3216/1682 1555/3213/1681 1535/3214/1681
f 1539/3218/1683 1535/3214/1681 1555/3213/1681 1553/3217/1683
f 1541/3220/1684 1539/3218/1683 1553/3217/1683 1551/3219/1684
f 1543/3222/1685 1541/3220/1684 1551/3219/1684 1549/3221/1685
f 1545/3188/1686 1543/3222/1685 1549/3221/1685 1547/3185/1686
f 1559/3223/1687 1560/3224/1687 1561/3225/1688 1562/3226/1688
f 1563/3227/1689 1564/3228/1689 1560/3224/1687 1559/3223/1687
f 1565/3229/1690 1566/3230/1690 1564/3228/1689 1563/3227/1689
f 1567/3231/1691 1568/3232/1691 1566/3230/1690 1565/3229/1690
f 1569/3233/1692 1570/3234/1692 1568/3232/1691 1567/3231/1691
f 1570/3237/1693 1569/3238/1693 1571/3235/1693 1572/3236/1693
f 1572/3241/1695 1571/3242/1695 1573/3239/1694 1574/3240/1694
f 1574/3240/1694 1573/3239/1694 1575/3243/1696 1576/3244/1696
f 1576/3244/1696 1575/3243/1696 1577/3245/1697 1578/3246/1697
f 1578/3246/1697 1577/3245/1697 1579/3247/1698 1580/3248/1698
f 1580/3248/1698 1579/3247/1698 1581/3249/1699 1582/3250/1699
f 1562/3251/1700 1561/3252/1700 1582/3253/1700 1581/3254/1700
f 1560/3255/1701 1580/3256/1701 1582/3257/1702 1561/3258/1702
f 1560/3255/1701 1564/3259/1703 1578/3260/1703 1580/3256/1701
f 1564/3259/1703 1566/3261/1704 1576/3262/1704 1578/3260/1703
f 1568/3263/1705 1574/3264/1705 1576/3262/1704 1566/3261/1704
f 1570/3237/1706 1572/3236/1706 1574/3264/1705 1568/3263/1705
f 1579/3265/1707 1559/3266/1707 1562/3251/1708 1581/3254/1708
f 1563/3268/1709 1559/3266/1707 1579/3265/1707 1577/3267/1709
f 1565/3270/1710 1563/3268/1709 1577/3267/1709 1575/3269/1710
f 1573/3271/1711 1567/3272/1711 1565/3270/1710 1575/3269/1710
f 1571/3235/1712 1569/3238/1712 1567/3272/1711 1573/3271/1711
f 1585/3275/1714 1586/3276/1714 1583/3273/1713 1584/3274/1713
f 1584/3274/1713 1583/3273/1713 1587/3277/1715 1588/3278/1715
f 1589/3279/1716 1590/3280/1716 1588/3278/1715 1587/3277/1715
f 1591/3281/1717 1592/3282/1717 1590/3280/1716 1589/3279/1716
f 1593/3283/1718 1594/3284/1718 1592/3282/1717 1591/3281/1717
f 1595/3285/1719 1596/3286/1719 1594/3287/1719 1593/3288/1719
f 1597/3289/1720 1598/3290/1720 1596/3291/1721 1595/3292/1721
f 1598/3290/1720 1597/3289/1720 1599/3293/1722 1600/3294/1722
f 1600/3294/1722 1599/3293/1722 1601/3295/1723 1602/3296/1723
f 1602/3296/1723 1601/3295/1723 1603/3297/1724 1604/3298/1724
f 1604/3298/1724 1603/3297/1724 1605/3299/1725 1606/3300/1725
f 1606/3303/1726 1605/3304/1726 1586/3301/1726 1585/3302/1726
f 1604/3306/1727 1606/3303/1728 1585/3302/1728 1584/3305/1727
f 1602/3308/1729 1604/3306/1727 1584/3305/1727 1588/3307/1729
f 1600/3310/1730 1602/3308/1729 1588/3307/1729 1590/3309/1730
f 1598/3312/1731 1600/3310/1730 1590/3309/1730 1592/3311/1731
f 1596/3286/1732 1598/3312/1731 1592/3311/1731 1594/3287/1732
f 1605/3304/1734 1603/3313/1733 1583/3314/1733 1586/3301/1734
f 1603/3313/1733 1601/3315/1735 1587/3316/1735 1583/3314/1733
f 1601/3315/1735 1599/3317/1736 1589/3318/1736 1587/3316/1735
f 1599/3317/1736 1597/3319/1737 1591/3320/1737 1589/3318/1736
f 1597/3319/1737 1595/3321/1738 1593/3322/1738 1591/3320/1737
f 1609/3325/1740 1610/3326/1740 1607/3323/1739 1608/3324/1739
f 1608/3324/1739 1607/3323/1739 1611/3327/1741 1612/3328/1741
f 1612/3328/1741 1611/3327/1741 1613/3329/1742 1614/3330/1742
f 1614/3330/1742 1613/3329/1742 1615/3331/1743 1616/3332/1743
f 1616/3332/1743 1615/3331/1743 1617/3333/1744 1618/3334/1744
f 1619/3335/1745 1620/3336/1745 1618/3337/1745 1617/3338/1745
f 1621/3339/1746 1622/3340/1746 1620/3341/1747 1619/3342/1747
f 1623/3343/1748 1624/3344/1748 1622/3340/1746 1621/3339/1746
f 1625/3345/1749 1626/3346/1749 1624/3344/1748 1623/3343/1748
f 1627/3347/1750 1628/3348/1750 1626/3346/1749 1625/3345/1749
f 1629/3349/1751 1630/3350/1751 1628/3348/1750 1627/3347/1750
f 1630/3353/1752 1629/3354/1752 1610/3351/1752 1609/3352/1752
f 1630/3353/1754 1609/3352/1754 1608/3355/1753 1628/3356/1753
f 1628/3356/1753 1608/3355/1753 1612/3357/1755 1626/3358/1755
f 1624/3360/1756 1626/3358/1755 1612/3357/1755 1614/3359/1756
f 1622/3362/1757 1624/3360/1756 1614/3359/1756 1616/3361/1757
f 1622/3362/1757 1616/3361/1757 1618/3337/1758 1620/3336/1758
f 1610/3365/1760 1629/3366/1760 1627/3363/1759 1607/3364/1759
f 1607/3364/1759 1627/3363/1759 1625/3367/1761 1611/3368/1761
f 1625/3367/1761 1623/3369/1762 1613/3370/1762 1611/3368/1761
f 1623/3369/1762 1621/3371/1763 1615/3372/1763 1613/3370/1762
f 1621/3371/1763 1619/3335/1764 1617/3338/1764 1615/3372/1763
f 1631/3373/1765 1632/3374/1765 1633/3375/1766 1634/3376/1766
f 1635/3377/1767 1636/3378/1767 1632/3374/1765 1631/3373/1765
f 1636/3378/1767 1635/3377/1767 1637/3379/1768 1638/3380/1768
f 1638/3380/1768 1637/3379/1768 1639/3381/1769 1640/3382/1769
f 1640/3382/1769 1639/3381/1769 1641/3383/1770 1642/3384/1770
f 1642/3387/1771 1641/3388/1771 1643/3385/1771 1644/3386/1771
f 1644/3391/1773 1643/3392/1773 1645/3389/1772 1646/3390/1772
f 1646/3390/1772 1645/3389/1772 1647/3393/1774 1648/3394/1774
f 1649/3395/1775 1650/3396/1775 1648/3394/1774 1647/3393/1774
f 1651/3397/1776 1652/3398/1776 1650/3396/1775 1649/3395/1775
f 1653/3399/1777 1654/3400/1777 1652/3398/1776 1651/3397/1776
f 1634/3401/1778 1633/3402/1778 1654/3403/1778 1653/3404/1778
f 1633/3402/1780 1632/3405/1779 1652/3406/1779 1654/3403/1780
f 1632/3405/1779 1636/3407/1781 1650/3408/1781 1652/3406/1779
f 1636/3407/1781 1638/3409/1782 1648/3410/1782 1650/3408/1781
f 1638/3409/1782 1640/3411/1783 1646/3412/1783 1648/3410/1782
f 1640/3411/1783 1642/3413/1784 1644/3414/1784 1646/3412/1783
f 1631/3416/1785 1634/3401/1786 1653/3404/1786 1651/3415/1785
f 1635/3418/1787 1631/3416/1785 1651/3415/1785 1649/3417/1787
f 1637/3420/1788 1635/3418/1787 1649/3417/1787 1647/3419/1788
f 1639/3422/1789 1637/3420/1788 1647/3419/1788 1645/3421/1789
f 1641/3388/1790 1639/3422/1789 1645/3421/1789 1643/3385/1790
f 1655/3423/1791 1656/3424/1791 1657/3425/1792 1658/3426/1792
f 1659/3427/1793 1660/3428/1793 1656/3424/1791 1655/3423/1791
f 1661/3429/1794 1662/3430/1794 1660/3428/1793 1659/3427/1793
f 1663/3431/1795 1664/3432/1795 1662/3430/1794 1661/3429/1794
f 1665/3433/1796 1666/3434/1796 1664/3432/1795 1663/3431/1795
f 1668/3436/1797 1666/3437/1797 1665/3438/1797 1667/3435/1797
f 1668/3441/1799 1667/3442/1799 1669/3439/1798 1670/3440/1798
f 1670/3440/1798 1669/3439/1798 1671/3443/1800 1672/3444/1800
f 1672/3444/1800 1671/3443/1800 1673/3445/1801 1674/3446/1801
f 1674/3446/1801 1673/3445/1801 1675/3447/1802 1676/3448/1802
f 1676/3448/1802 1675/3447/1802 1677/3449/1803 1678/3450/1803
f 1677/3454/1804 1658/3451/1804 1657/3452/1804 1678/3453/1804
f 1656/3455/1805 1676/3456/1805 1678/3453/1806 1657/3452/1806
f 1660/3457/1807 1674/3458/1807 1676/3456/1805 1656/3455/1805
f 1662/3459/1808 1672/3460/1808 1674/3458/1807 1660/3457/1807
f 1664/3461/1809 1670/3462/1809 1672/3460/1808 1662/3459/1808
f 1666/3463/1810 1668/3464/1810 1670/3462/1809 1664/3461/1809
f 1675/3465/1811 1655/3466/1811 1658/3451/1812 1677/3454/1812
f 1673/3467/1813 1659/3468/1813 1655/3466/1811 1675/3465/1811
f 1671/3469/1814 1661/3470/1814 1659/3468/1813 1673/3467/1813
f 1669/3471/1815 1663/3472/1815 1661/3470/1814 1671/3469/1814
f 1667/3435/1816 1665/3438/1816 1663/3472/1815 1669/3471/1815
f 1681/3475/1818 1682/3476/1818 1679/3473/1817 1680/3474/1817
f 1680/3474/1817 1679/3473/1817 1683/3477/1819 1684/3478/1819
f 1684/3478/1819 1683/3477/1819 1685/3479/1820 1686/3480/1820
f 1687/3481/1821 1688/3482/1821 1686/3480/1820 1685/3479/1820
f 1689/3483/1822 1690/3484/1822 1688/3482/1821 1687/3481/1821
f 1691/3485/1823 1692/3486/1823 1690/3487/1823 1689/3488/1823
f 1693/3489/1824 1694/3490/1824 1692/3491/1825 1691/3492/1825
f 1695/3493/1826 1696/3494/1826 1694/3490/1824 1693/3489/1824
f 1697/3495/1827 1698/3496/1827 1696/3494/1826 1695/3493/1826
f 1698/3496/1827 1697/3495/1827 1699/3497/1828 1700/3498/1828
f 1700/3498/1828 1699/3497/1828 1701/3499/1829 1702/3500/1829
f 1702/3503/1830 1701/3504/1830 1682/3501/1830 1681/3502/1830
f 1700/3506/1831 1702/3503/1832 1681/3502/1832 1680/3505/1831
f 1698/3508/1833 1700/3506/1831 1680/3505/1831 1684/3507/1833
f 1696/3510/1834 1698/3508/1833 1684/3507/1833 1686/3509/1834
f 1694/3512/1835 1696/3510/1834 1686/3509/1834 1688/3511/1835
f 1692/3486/1836 1694/3512/1835 1688/3511/1835 1690/3487/1836
f 1701/3504/1838 1699/3513/1837 1679/3514/1837 1682/3501/1838
f 1699/3513/1837 1697/3515/1839 1683/3516/1839 1679/3514/1837
f 1697/3515/1839 1695/3517/1840 1685/3518/1840 1683/3516/1839
f 1695/3517/1840 1693/3519/1841 1687/3520/1841 1685/3518/1840
f 1693/3519/1841 1691/3521/1842 1689/3522/1842 1687/3520/1841
f 1705/3525/1844 1706/3526/1844 1703/3523/1843 1704/3524/1843
f 1704/3524/1843 1703/3523/1843 1707/3527/1845 1708/3528/1845
f 1708/3528/1845 1707/3527/1845 1709/3529/1846 1710/3530/1846
f 1710/3530/1846 1709/3529/1846 1711/3531/1847 1712/3532/1847
f 1712/3532/1847 1711/3531/1847 1713/3533/1848 1714/3534/1848
f 1713/3538/1849 1715/3535/1849 1716/3536/1849 1714/3537/1849
f 1717/3539/1850 1718/3540/1850 1716/3541/1851 1715/3542/1851
f 1719/3543/1852 1720/3544/1852 1718/3540/1850 1717/3539/1850
f 1721/3545/1853 1722/3546/1853 1720/3544/1852 1719/3543/1852
f 1723/3547/1854 1724/3548/1854 1722/3546/1853 1721/3545/1853
f 1725/3549/1855 1726/3550/1855 1724/3548/1854 1723/3547/1854
f 1705/3552/1856 1726/3553/1856 1725/3554/1856 1706/3551/1856
f 1726/3553/1858 1705/3552/1858 1704/3555/1857 1724/3556/1857
f 1724/3556/1857 1704/3555/1857 1708/3557/1859 1722/3558/1859
f 1722/3558/1859 1708/3557/1859 1710/3559/1860 1720/3560/1860
f 1720/3560/1860 1710/3559/1860 1712/3561/1861 1718/3562/1861
f 1718/3562/1861 1712/3561/1861 1714/3537/1862 1716/3536/1862
f 1706/3551/1864 1725/3554/1864 1723/3563/1863 1703/3564/1863
f 1703/3564/1863 1723/3563/1863 1721/3565/1865 1707/3566/1865
f 1707/3566/1865 1721/3565/1865 1719/3567/1866 1709/3568/1866
f 1709/3568/1866 1719/3567/1866 1717/3569/1867 1711/3570/1867
f 1711/3570/1867 1717/3569/1867 1715/3571/1868 1713/3572/1868
f 1727/3573/1869 1728/3574/1869 1729/3575/1870 1730/3576/1870
f 1731/3577/1871 1732/3578/1871 1728/3574/1869 1727/3573/1869
f 1733/3579/1872 1734/3580/1872 1732/3578/1871 1731/3577/1871
f 1734/3580/1872 1733/3579/1872 1735/3581/1873 1736/3582/1873
f 1736/3582/1873 1735/3581/1873 1737/3583/1874 1738/3584/1874
f 1738/3587/1875 1737/3588/1875 1739/3585/1875 1740/3586/1875
f 1740/3591/1877 1739/3592/1877 1741/3589/1876 1742/3590/1876
f 1742/3590/1876 1741/3589/1876 1743/3593/1878 1744/3594/1878
f 1744/3594/1878 1743/3593/1878 1745/3595/1879 1746/3596/1879
f 1747/3597/1880 1748/3598/1880 1746/3596/1879 1745/3595/1879
f 1749/3599/1881 1750/3600/1881 1748/3598/1880 1747/3597/1880
f 1730/3601/1882 1729/3602/1882 1750/3603/1882 1749/3604/1882
f 1729/3602/1884 1728/3605/1883 1748/3606/1883 1750/3603/1884
f 1728/3605/1883 1732/3607/1885 1746/3608/1885 1748/3606/1883
f 1732/3607/1885 1734/3609/1886 1744/3610/1886 1746/3608/1885
f 1734/3609/1886 1736/3611/1887 1742/3612/1887 1744/3610/1886
f 1736/3611/1887 1738/3613/1888 1740/3614/1888 1742/3612/1887
f 1727/3616/1889 1730/3601/1890 1749/3604/1890 1747/3615/1889
f 1731/3618/1891 1727/3616/1889 1747/3615/1889 1745/3617/1891
f 1733/3620/1892 1731/3618/1891 1745/3617/1891 1743/3619/1892
f 1735/3622/1893 1733/3620/1892 1743/3619/1892 1741/3621/1893
f 1737/3588/1894 1735/3622/1893 1741/3621/1893 1739/3585/1894
f 1753/3625/1896 1754/3626/1896 1751/3623/1895 1752/3624/1895
f 1752/3624/1895 1751/3623/1895 1755/3627/1897 1756/3628/1897
f 1757/3629/1898 1758/3630/1898 1756/3628/1897 1755/3627/1897
f 1759/3631/1899 1760/3632/1899 1758/3630/1898 1757/3629/1898
f 1761/3633/1900 1762/3634/1900 1760/3632/1899 1759/3631/1899
f 1763/3635/1901 1764/3636/1901 1762/3637/1901 1761/3638/1901
f 1765/3639/1902 1766/3640/1902 1764/3641/1903 1763/3642/1903
f 1767/3643/1904 1768/3644/1904 1766/3640/1902 1765/3639/1902
f 1768/3644/1904 1767/3643/1904 1769/3645/1905 1770/3646/1905
f 1770/3646/1905 1769/3645/1905 1771/3647/1906 1772/3648/1906
f 1772/3648/1906 1771/3647/1906 1773/3649/1907 1774/3650/1907
f 1774/3653/1908 1773/3654/1908 1754/3651/1908 1753/3652/1908
f 1772/3656/1909 1774/3653/1910 1753/3652/1910 1752/3655/1909
f 1770/3658/1911 1772/3656/1909 1752/3655/1909 1756/3657/1911
f 1768/3660/1912 1770/3658/1911 1756/3657/1911 1758/3659/1912
f 1766/3662/1913 1768/3660/1912 1758/3659/1912 1760/3661/1913
f 1764/3636/1914 1766/3662/1913 1760/3661/1913 1762/3637/1914
f 1773/3654/1916 1771/3663/1915 1751/3664/1915 1754/3651/1916
f 1771/3663/1915 1769/3665/1917 1755/3666/1917 1751/3664/1915
f 1769/3665/1917 1767/3667/1918 1757/3668/1918 1755/3666/1917
f 1767/3667/1918 1765/3669/1919 1759/3670/1919 1757/3668/1918
f 1765/3669/1919 1763/3671/1920 1761/3672/1920 1759/3670/1919
f 1777/3675/1922 1778/3676/1922 1775/3673/1921 1776/3674/1921
f 1776/3674/1921 1775/3673/1921 1779/3677/1923 1780/3678/1923
f 1780/3678/1923 1779/3677/1923 1781/3679/1924 1782/3680/1924
f 1782/3680/1924 1781/3679/1924 1783/3681/1925 1784/3682/1925
f 1784/3682/1925 1783/3681/1925 1785/3683/1926 1786/3684/1926
f 1787/3685/1927 1788/3686/1927 1786/3687/1927 1785/3688/1927
f 1789/3689/1928 1790/3690/1928 1788/3691/1929 1787/3692/1929
f 1791/3693/1930 1792/3694/1930 1790/3690/1928 1789/3689/1928
f 1793/3695/1931 1794/3696/1931 1792/3694/1930 1791/3693/1930
f 1795/3697/1932 1796/3698/1932 1794/3696/1931 1793/3695/1931
f 1797/3699/1933 1798/3700/1933 1796/3698/1932 1795/3697/1932
f 1798/3703/1934 1797/3704/1934 1778/3701/1934 1777/3702/1934
f 1798/3707/1936 1777/3708/1936 1776/3705/1935 1796/3706/1935
f 1796/3706/1935 1776/3705/1935 1780/3709/1937 1794/3710/1937
f 1794/3710/1937 1780/3709/1937 1782/3711/1938 1792/3712/1938
f 1792/3712/1938 1782/3711/1938 1784/3713/1939 1790/3714/1939
f 1790/3714/1939 1784/3713/1939 1786/3687/1940 1788/3686/1940
f 1778/3701/1942 1797/3704/1942 1795/3715/1941 1775/3716/1941
f 1775/3716/1941 1795/3715/1941 1793/3717/1943 1779/3718/1943
f 1779/3718/1943 1793/3717/1943 1791/3719/1944 1781/3720/1944
f 1781/3720/1944 1791/3719/1944 1789/3721/1945 1783/3722/1945
f 1783/3722/1945 1789/3721/1945 1787/3685/1946 1785/3688/1946
f 1799/3723/1947 1800/3724/1947 1801/3725/1948 1802/3726/1948
f 1803/3727/1949 1804/3728/1949 1800/3724/1947 1799/3723/1947
f 1804/3728/1949 1803/3727/1949 1805/3729/1950 1806/3730/1950
f 1806/3730/1950 1805/3729/1950 1807/3731/1951 1808/3732/1951
f 1808/3732/1951 1807/3731/1951 1809/3733/1952 1810/3734/1952
f 1810/3737/1953 1809/3738/1953 1811/3735/1953 1812/3736/1953
f 1812/3741/1955 1811/3742/1955 1813/3739/1954 1814/3740/1954
f 1814/3740/1954 1813/3739/1954 1815/3743/1956 1816/3744/1956
f 1817/3745/1957 1818/3746/1957 1816/3744/1956 1815/3743/1956
f 1819/3747/1958 1820/3748/1958 1818/3746/1957 1817/3745/1957
f 1821/3749/1959 1822/3750/1959 1820/3748/1958 1819/3747/1958
f 1802/3751/1960 1801/3752/1960 1822/3753/1960 1821/3754/1960
f 1801/3752/1962 1800/3755/1961 1820/3756/1961 1822/3753/1962
f 1800/3755/1961 1804/3757/1963 1818/3758/1963 1820/3756/1961
f 1804/3757/1963 1806/3759/1964 1816/3760/1964 1818/3758/1963
f 1806/3759/1964 1808/3761/1965 1814/3762/1965 1816/3760/1964
f 1808/3761/1965 1810/3737/1966 1812/3736/1966 1814/3762/1965
f 1799/3764/1967 1802/3765/1968 1821/3766/1968 1819/3763/1967
f 1803/3768/1969 1799/3764/1967 1819/3763/1967 1817/3767/1969
f 1805/3770/1970 1803/3768/1969 1817/3767/1969 1815/3769/1970
f 1807/3772/1971 1805/3770/1970 1815/3769/1970 1813/3771/1971
f 1809/3738/1972 1807/3772/1971 1813/3771/1971 1811/3735/1972
f 1823/3773/1973 1824/3774/1973 1825/3775/1974 1826/3776/1974
f 1827/3777/1975 1828/3778/1975 1824/3774/1973 1823/3773/1973
f 1829/3779/1976 1830/3780/1976 1828/3778/1975 1827/3777/1975
f 1831/3781/1977 1832/3782/1977 1830/3780/1976 1829/3779/1976
f 1833/3783/1978 1834/3784/1978 1832/3782/1977 1831/3781/1977
f 1836/3786/1979 1834/3787/1979 1833/3788/1979 1835/3785/1979
f 1836/3791/1981 1835/3792/1981 1837/3789/1980 1838/3790/1980
f 1838/3790/1980 1837/3789/1980 1839/3793/1982 1840/3794/1982
f 1840/3794/1982 1839/3793/1982 1841/3795/1983 1842/3796/1983
f 1842/3796/1983 1841/3795/1983 1843/3797/1984 1844/3798/1984
f 1844/3798/1984 1843/3797/1984 1845/3799/1985 1846/3800/1985
f 1826/3801/1986 1825/3802/1986 1846/3803/1986 1845/3804/1986
f 1824/3805/1987 1844/3806/1987 1846/3807/1988 1825/3808/1988
f 1828/3809/1989 1842/3810/1989 1844/3806/1987 1824/3805/1987
f 1828/3809/1989 1830/3811/1990 1840/3812/1990 1842/3810/1989
f 1830/3811/1990 1832/3813/1991 1838/3814/1991 1840/3812/1990
f 1834/3787/1992 1836/3786/1992 1838/3814/1991 1832/3813/1991
f 1843/3815/1993 1823/3816/1993 1826/3801/1994 1845/3804/1994
f 1841/3817/1995 1827/3818/1995 1823/3816/1993 1843/3815/1993
f 1829/3820/1996 1827/3818/1995 1841/3817/1995 1839/3819/1996
f 1831/3822/1997 1829/3820/1996 1839/3819/1996 1837/3821/1997
f 1835/3785/1998 1833/3788/1998 1831/3822/1997 1837/3821/1997
f 1849/3825/2000 1850/3826/2000 1847/3823/1999 1848/3824/1999
f 1848/3824/1999 1847/3823/1999 1851/3827/2001 1852/3828/2001
f 1852/3828/2001 1851/3827/2001 1853/3829/2002 1854/3830/2002
f 1854/3830/2002 1853/3829/2002 1855/3831/2003 1856/3832/2003
f 1856/3832/2003 1855/3831/2003 1857/3833/2004 1858/3834/2004
f 1859/3835/2005 1860/3836/2005 1858/3837/2005 1857/3838/2005
f 1861/3839/2006 1862/3840/2006 1860/3841/2007 1859/3842/2007
f 1863/3843/2008 1864/3844/2008 1862/3840/2006 1861/3839/2006
f 1865/3845/2009 1866/3846/2009 1864/3844/2008 1863/3843/2008
f 1867/3847/2010 1868/3848/2010 1866/3846/2009 1865/3845/2009
f 1870/3850/2011 1868/3848/2010 1867/3847/2010 1869/3849/2011
f 1870/3853/2012 1869/3854/2012 1850/3851/2012 1849/3852/2012
f 1868/3856/2013 1870/3853/2014 1849/3852/2014 1848/3855/2013
f 1866/3858/2015 1868/3856/2013 1848/3855/2013 1852/3857/2015
f 1864/3860/2016 1866/3858/2015 1852/3857/2015 1854/3859/2016
f 1862/3862/2017 1864/3860/2016 1854/3859/2016 1856/3861/2017
f 1862/3862/2017 1856/3861/2017 1858/3837/2018 1860/3836/2018
f 1869/3866/2020 1867/3863/2019 1847/3864/2019 1850/3865/2020
f 1867/3863/2019 1865/3867/2021 1851/3868/2021 1847/3864/2019
f 1865/3867/2021 1863/3869/2022 1853/3870/2022 1851/3868/2021
f 1863/3869/2022 1861/3871/2023 1855/3872/2023 1853/3870/2022
f 1855/3872/2023 1861/3871/2023 1859/3835/2024 1857/3838/2024
f 1871/3873/2025 1872/3874/2025 1873/3875/2026 1874/3876/2026
f 1872/3874/2025 1871/3873/2025 1875/3877/2027 1876/3878/2027
f 1876/3878/2027 1875/3877/2027 1877/3879/2028 1878/3880/2028
f 1878/3880/2028 1877/3879/2028 1879/3881/2029 1880/3882/2029
f 1880/3882/2029 1879/3881/2029 1881/3883/2030 1882/3884/2030
f 1882/3887/2031 1881/3888/2031 1883/3885/2031 1884/3886/2031
f 1884/3891/2033 1883/3892/2033 1885/3889/2032 1886/3890/2032
f 1887/3893/2034 1888/3894/2034 1886/3890/2032 1885/3889/2032
f 1889/3895/2035 1890/3896/2035 1888/3894/2034 1887/3893/2034
f 1891/3897/2036 1892/3898/2036 1890/3896/2035 1889/3895/2035
f 1893/3899/2037 1894/3900/2037 1892/3898/2036 1891/3897/2036
f 1874/3901/2038 1873/3902/2038 1894/3903/2038 1893/3904/2038
f 1873/3902/2040 1872/3905/2039 1892/3906/2039 1894/3903/2040
f 1872/3905/2039 1876/3907/2041 1890/3908/2041 1892/3906/2039
f 1876/3907/2041 1878/3909/2042 1888/3910/2042 1890/3908/2041
f 1878/3909/2042 1880/3911/2043 1886/3912/2043 1888/3910/2042
f 1880/3911/2043 1882/3887/2044 1884/3886/2044 1886/3912/2043
f 1871/3914/2045 1874/3901/2046 1893/3904/2046 1891/3913/2045
f 1875/3916/2047 1871/3914/2045 1891/3913/2045 1889/3915/2047
f 1877/3918/2048 1875/3916/2047 1889/3915/2047 1887/3917/2048
f 1879/3920/2049 1877/3918/2048 1887/3917/2048 1885/3919/2049
f 1881/3922/2050 1879/3920/2049 1885/3919/2049 1883/3921/2050
f 1895/3923/2051 1896/3924/2051 1897/3925/2052 1898/3926/2052
f 1899/3927/2053 1900/3928/2053 1896/3924/2051 1895/3923/2051
f 1901/3929/2054 1902/3930/2054 1900/3928/2053 1899/3927/2053
f 1903/3931/2055 1904/3932/2055 1902/3930/2054 1901/3929/2054
f 1904/3932/2055 1903/3931/2055 1905/3933/2056 1906/3934/2056
f 1906/3937/2057 1905/3938/2057 1907/3935/2057 1908/3936/2057
f 1908/3941/2059 1907/3942/2059 1909/3939/2058 1910/3940/2058
f 1910/3940/2058 1909/3939/2058 1911/3943/2060 1912/3944/2060
f 1912/3944/2060 1911/3943/2060 1913/3945/2061 1914/3946/2061
f 1914/3946/2061 1913/3945/2061 1915/3947/2062 1916/3948/2062
f 1916/3948/2062 1915/3947/2062 1917/3949/2063 1918/3950/2063
f 1898/3951/2064 1897/3952/2064 1918/3953/2064 1917/3954/2064
f 1896/3955/2065 1916/3956/2065 1918/3953/2066 1897/3952/2066
f 1896/3955/2065 1900/3957/2067 1914/3958/2067 1916/3956/2065
f 1900/3957/2067 1902/3959/2068 1912/3960/2068 1914/3958/2067
f 1902/3959/2068 1904/3961/2069 1910/3962/2069 1912/3960/2068
f 1904/3961/2069 1906/3937/2070 1908/3936/2070 1910/3962/2069
f 1915/3963/2071 1895/3964/2071 1898/3965/2072 1917/3966/2072
f 1899/3968/2073 1895/3964/2071 1915/3963/2071 1913/3967/2073
f 1901/3970/2074 1899/3968/2073 1913/3967/2073 1911/3969/2074
f 1903/3972/2075 1901/3970/2074 1911/3969/2074 1909/3971/2075
f 1905/3938/2076 1903/3972/2075 1909/3971/2075 1907/3935/2076
f 1921/3975/2078 1922/3976/2078 1919/3973/2077 1920/3974/2077
f 1923/3977/2079 1924/3978/2079 1920/3974/2077 1919/3973/2077
f 1925/3979/2080 1926/3980/2080 1924/3978/2079 1923/3977/2079
f 1927/3981/2081 1928/3982/2081 1926/3980/2080 1925/3979/2080
f 1929/3983/2082 1930/3984/2082 1928/3982/2081 1927/3981/2081
f 1931/3985/2083 1932/3986/2083 1930/3987/2083 1929/3988/2083
f 1933/3989/2084 1934/3990/2084 1932/3991/2085 1931/3992/2085
f 1935/3993/2086 1936/3994/2086 1934/3990/2084 1933/3989/2084
f 1936/3994/2086 1935/3993/2086 1937/3995/2087 1938/3996/2087
f 1938/3996/2087 1937/3995/2087 1939/3997/2088 1940/3998/2088
f 1940/3998/2088 1939/3997/2088 1941/3999/2089 1942/4000/2089
f 1942/4003/2090 1941/4004/2090 1922/4001/2090 1921/4002/2090
f 1940/4006/2091 1942/4003/2092 1921/4002/2092 1920/4005/2091
f 1938/4008/2093 1940/4006/2091 1920/4005/2091 1924/4007/2093
f 1936/4010/2094 1938/4008/2093 1924/4007/2093 1926/4009/2094
f 1934/4012/2095 1936/4010/2094 1926/4009/2094 1928/4011/2095
f 1932/4014/2096 1934/4012/2095 1928/4011/2095 1930/4013/2096
f 1941/4004/2098 1939/4015/2097 1919/4016/2097 1922/4001/2098
f 1939/4015/2097 1937/4017/2099 1923/4018/2099 1919/4016/2097
f 1937/4017/2099 1935/4019/2100 1925/4020/2100 1923/4018/2099
f 1935/4019/2100 1933/4021/2101 1927/4022/2101 1925/4020/2100
f 1933/4021/2101 1931/3985/2102 1929/3988/2102 1927/4022/2101
f 1945/4025/2104 1946/4026/2104 1943/4023/2103 1944/4024/2103
f 1944/4024/2103 1943/4023/2103 1947/4027/2105 1948/4028/2105
f 1948/4028/2105 1947/4027/2105 1949/4029/2106 1950/4030/2106
f 1950/4030/2106 1949/4029/2106 1951/4031/2107 1952/4032/2107
f 1952/4032/2107 1951/4031/2107 1953/4033/2108 1954/4034/2108
f 1954/4037/2109 1953/4038/2109 1955/4035/2109 1956/4036/2109
f 1956/4041/2111 1955/4042/2111 1957/4039/2110 1958/4040/2110
f 1959/4043/2112 1960/4044/2112 1958/4040/2110 1957/4039/2110
f 1961/4045/2113 1962/4046/2113 1960/4044/2112 1959/4043/2112
f 1963/4047/2114 1964/4048/2114 1962/4046/2113 1961/4045/2113
f 1965/4049/2115 1966/4050/2115 1964/4048/2114 1963/4047/2114
f 1946/4051/2116 1945/4052/2116 1966/4053/2116 1965/4054/2116
f 1945/4058/2118 1944/4055/2117 1964/4056/2117 1966/4057/2118
f 1944/4055/2117 1948/4059/2119 1962/4060/2119 1964/4056/2117
f 1948/4059/2119 1950/4061/2120 1960/4062/2120 1962/4060/2119
f 1950/4061/2120 1952/4063/2121 1958/4064/2121 1960/4062/2120
f 1952/4063/2121 1954/4037/2122 1956/4036/2122 1958/4064/2121
f 1943/4066/2123 1946/4051/2124 1965/4054/2124 1963/4065/2123
f 1947/4068/2125 1943/4066/2123 1963/4065/2123 1961/4067/2125
f 1949/4070/2126 1947/4068/2125 1961/4067/2125 1959/4069/2126
f 1951/4072/2127 1949/4070/2126 1959/4069/2126 1957/4071/2127
f 1953/4038/2128 1951/4072/2127 1957/4071/2127 1955/4035/2128
f 1967/4073/2129 1968/4074/2129 1969/4075/2130 1970/4076/2130
f 1971/4077/2131 1972/4078/2131 1968/4074/2129 1967/4073/2129
f 1973/4079/2132 1974/4080/2132 1972/4078/2131 1971/4077/2131
f 1975/4081/2133 1976/4082/2133 1974/4080/2132 1973/4079/2132
f 1976/4082/2133 1975/4081/2133 1977/4083/2134 1978/4084/2134
f 1978/4087/2135 1977/4088/2135 1979/4085/2135 1980/4086/2135
f 1980/4091/2137 1979/4092/2137 1981/4089/2136 1982/4090/2136
f 1982/4090/2136 1981/4089/2136 1983/4093/2138 1984/4094/2138
f 1984/4094/2138 1983/4093/2138 1985/4095/2139 1986/4096/2139
f 1986/4096/2139 1985/4095/2139 1987/4097/2140 1988/4098/2140
f 1989/4099/2141 1990/4100/2141 1988/4098/2140 1987/4097/2140
f 1970/4101/2142 1969/4102/2142 1990/4103/2142 1989/4104/2142
f 1969/4102/2144 1968/4105/2143 1988/4106/2143 1990/4103/2144
f 1968/4105/2143 1972/4107/2145 1986/4108/2145 1988/4106/2143
f 1972/4107/2145 1974/4109/2146 1984/4110/2146 1986/4108/2145
f 1974/4109/2146 1976/4111/2147 1982/4112/2147 1984/4110/2146
f 1976/4111/2147 1978/4087/2148 1980/4086/2148 1982/4112/2147
f 1967/4114/2149 1970/4115/2150 1989/4116/2150 1987/4113/2149
f 1971/4118/2151 1967/4114/2149 1987/4113/2149 1985/4117/2151
f 1973/4120/2152 1971/4118/2151 1985/4117/2151 1983/4119/2152
f 1975/4122/2153 1973/4120/2152 1983/4119/2152 1981/4121/2153
f 1977/4088/2154 1975/4122/2153 1981/4121/2153 1979/4085/2154
f 1991/4123/2155 1992/4124/2155 1993/4125/2156 1994/4126/2156
f 1995/4127/2157 1996/4128/2157 1992/4124/2155 1991/4123/2155
f 1997/4129/2158 1998/4130/2158 1996/4128/2157 1995/4127/2157
f 1999/4131/2159 2000/4132/2159 1998/4130/2158 1997/4129/2158
f 2001/4133/2160 2002/4134/2160 2000/4132/2159 1999/4131/2159
f 2003/4135/2161 2004/4136/2161 2002/4137/2161 2001/4138/2161
f 2006/4140/2162 2004/4141/2163 2003/4142/2163 2005/4139/2162
f 2006/4140/2162 2005/4139/2162 2007/4143/2164 2008/4144/2164
f 2008/4144/2164 2007/4143/2164 2009/4145/2165 2010/4146/2165
f 2010/4146/2165 2009/4145/2165 2011/4147/2166 2012/4148/2166
f 2012/4148/2166 2011/4147/2166 2013/4149/2167 2014/4150/2167
f 2014/4153/2168 2013/4154/2168 1994/4151/2168 1993/4152/2168
f 2012/4156/2169 2014/4153/2170 1993/4152/2170 1992/4155/2169
f 2010/4158/2171 2012/4156/2169 1992/4155/2169 1996/4157/2171
f 2008/4160/2172 2010/4158/2171 1996/4157/2171 1998/4159/2172
f 2006/4162/2173 2008/4160/2172 1998/4159/2172 2000/4161/2173
f 2004/4136/2174 2006/4162/2173 2000/4161/2173 2002/4137/2174
f 2013/4166/2176 2011/4163/2175 1991/4164/2175 1994/4165/2176
f 2011/4163/2175 2009/4167/2177 1995/4168/2177 1991/4164/2175
f 2009/4167/2177 2007/4169/2178 1997/4170/2178 1995/4168/2177
f 2007/4169/2178 2005/4171/2179 1999/4172/2179 1997/4170/2178
f 2005/4171/2179 2003/4135/2180 2001/4138/2180 1999/4172/2179
f 2017/4175/2182 2018/4176/2182 2015/4173/2181 2016/4174/2181
f 2016/4174/2181 2015/4173/2181 2019/4177/2183 2020/4178/2183
f 2020/4178/2183 2019/4177/2183 2021/4179/2184 2022/4180/2184
f 2022/4180/2184 2021/4179/2184 2023/4181/2185 2024/4182/2185
f 2025/4183/2186 2026/4184/2186 2024/4182/2185 2023/4181/2185
f 2027/4185/2187 2028/4186/2187 2026/4187/2187 2025/4188/2187
f 2029/4189/2188 2030/4190/2188 2028/4191/2189 2027/4192/2189
f 2031/4193/2190 2032/4194/2190 2030/4190/2188 2029/4189/2188
f 2033/4195/2191 2034/4196/2191 2032/4194/2190 2031/4193/2190
f 2035/4197/2192 2036/4198/2192 2034/4196/2191 2033/4195/2191
f 2036/4198/2192 2035/4197/2192 2037/4199/2193 2038/4200/2193
f 2038/4203/2194 2037/4204/2194 2018/4201/2194 2017/4202/2194
f 2036/4206/2195 2038/4203/2196 2017/4202/2196 2016/4205/2195
f 2034/4208/2197 2036/4206/2195 2016/4205/2195 2020/4207/2197
f 2032/4210/2198 2034/4208/2197 2020/4207/2197 2022/4209/2198
f 2030/4212/2199 2032/4210/2198 2022/4209/2198 2024/4211/2199
f 2028/4214/2200 2030/4212/2199 2024/4211/2199 2026/4213/2200
f 2037/4204/2202 2035/4215/2201 2015/4216/2201 2018/4201/2202
f 2035/4215/2201 2033/4217/2203 2019/4218/2203 2015/4216/2201
f 2033/4217/2203 2031/4219/2204 2021/4220/2204 2019/4218/2203
f 2031/4219/2204 2029/4221/2205 2023/4222/2205 2021/4220/2204
f 2029/4221/2205 2027/4185/2206 2025/4188/2206 2023/4222/2205
f 2039/4223/2207 2040/4224/2207 2041/4225/2208 2042/4226/2208
f 2043/4227/2209 2044/4228/2209 2040/4224/2207 2039/4223/2207
f 2045/4229/2210 2046/4230/2210 2044/4228/2209 2043/4227/2209
f 2047/4231/2211 2048/4232/2211 2046/4230/2210 2045/4229/2210
f 2048/4232/2211 2047/4231/2211 2049/4233/2212 2050/4234/2212
f 2050/4237/2213 2049/4238/2213 2051/4235/2213 2052/4236/2213
f 2052/4241/2215 2051/4242/2215 2053/4239/2214 2054/4240/2214
f 2054/4240/2214 2053/4239/2214 2055/4243/2216 2056/4244/2216
f 2056/4244/2216 2055/4243/2216 2057/4245/2217 2058/4246/2217
f 2059/4247/2218 2060/4248/2218 2058/4246/2217 2057/4245/2217
f 2061/4249/2219 2062/4250/2219 2060/4248/2218 2059/4247/2218
f 2042/4251/2220 2041/4252/2220 2062/4253/2220 2061/4254/2220
f 2041/4258/2222 2040/4255/2221 2060/4256/2221 2062/4257/2222
f 2040/4255/2221 2044/4259/2223 2058/4260/2223 2060/4256/2221
f 2044/4259/2223 2046/4261/2224 2056/4262/2224 2058/4260/2223
f 2046/4261/2224 2048/4263/2225 2054/4264/2225 2056/4262/2224
f 2048/4263/2225 2050/4237/2226 2052/4236/2226 2054/4264/2225
f 2039/4266/2227 2042/4251/2228 2061/4254/2228 2059/4265/2227
f 2043/4268/2229 2039/4266/2227 2059/4265/2227 2057/4267/2229
f 2045/4270/2230 2043/4268/2229 2057/4267/2229 2055/4269/2230
f 2047/4272/2231 2045/4270/2230 2055/4269/2230 2053/4271/2231
f 2049/4238/2232 2047/4272/2231 2053/4271/2231 2051/4235/2232
f 2063/4273/2233 2064/4274/2233 2065/4275/2234 2066/4276/2234
f 2067/4277/2235 2068/4278/2235 2064/4274/2233 2063/4273/2233
f 2069/4279/2236 2070/4280/2236 2068/4278/2235 2067/4277/2235
f 2071/4281/2237 2072/4282/2237 2070/4280/2236 2069/4279/2236
f 2073/4283/2238 2074/4284/2238 2072/4282/2237 2071/4281/2237
f 2075/4285/2239 2076/4286/2239 2074/4287/2239 2073/4288/2239
f 2076/4291/2241 2075/4292/2241 2077/4289/2240 2078/4290/2240
f 2078/4290/2240 2077/4289/2240 2079/4293/2242 2080/4294/2242
f 2080/4294/2242 2079/4293/2242 2081/4295/2243 2082/4296/2243
f 2082/4296/2243 2081/4295/2243 2083/4297/2244 2084/4298/2244
f 2084/4298/2244 2083/4297/2244 2085/4299/2245 2086/4300/2245
f 2086/4303/2246 2085/4304/2246 2066/4301/2246 2065/4302/2246
f 2064/4305/2247 2084/4306/2247 2086/4303/2248 2065/4302/2248
f 2068/4307/2249 2082/4308/2249 2084/4306/2247 2064/4305/2247
f 2080/4310/2250 2082/4308/2249 2068/4307/2249 2070/4309/2250
f 2072/4311/2251 2078/4312/2251 2080/4310/2250 2070/4309/2250
f 2074/4287/2252 2076/4286/2252 2078/4312/2251 2072/4311/2251
f 2083/4313/2253 2063/4314/2253 2066/4315/2254 2085/4316/2254
f 2081/4317/2255 2067/4318/2255 2063/4314/2253 2083/4313/2253
f 2081/4317/2255 2079/4319/2256 2069/4320/2256 2067/4318/2255
f 2077/4321/2257 2071/4322/2257 2069/4320/2256 2079/4319/2256
f 2075/4285/2258 2073/4288/2258 2071/4322/2257 2077/4321/2257
f 2089/4325/2260 2090/4326/2260 2087/4323/2259 2088/4324/2259
f 2088/4324/2259 2087/4323/2259 2091/4327/2261 2092/4328/2261
f 2092/4328/2261 2091/4327/2261 2093/4329/2262 2094/4330/2262
f 2095/4331/2263 2096/4332/2263 2094/4330/2262 2093/4329/2262
f 2097/4333/2264 2098/4334/2264 2096/4332/2263 2095/4331/2263
f 2099/4335/2265 2100/4336/2265 2098/4337/2265 2097/4338/2265
f 2101/4339/2266 2102/4340/2266 2100/4341/2267 2099/4342/2267
f 2103/4343/2268 2104/4344/2268 2102/4340/2266 2101/4339/2266
f 2105/4345/2269 2106/4346/2269 2104/4344/2268 2103/4343/2268
f 2105/4345/2269 2107/4347/2270 2108/4348/2270 2106/4346/2269
f 2108/4348/2270 2107/4347/2270 2109/4349/2271 2110/4350/2271
f 2110/4353/2272 2109/4354/2272 2090/4351/2272 2089/4352/2272
f 2108/4356/2273 2110/4353/2274 2089/4352/2274 2088/4355/2273
f 2106/4358/2275 2108/4356/2273 2088/4355/2273 2092/4357/2275
f 2104/4360/2276 2106/4358/2275 2092/4357/2275 2094/4359/2276
f 2102/4362/2277 2104/4360/2276 2094/4359/2276 2096/4361/2277
f 2100/4336/2278 2102/4362/2277 2096/4361/2277 2098/4337/2278
f 2109/4354/2280 2107/4363/2279 2087/4364/2279 2090/4351/2280
f 2107/4363/2279 2105/4365/2281 2091/4366/2281 2087/4364/2279
f 2105/4365/2281 2103/4367/2282 2093/4368/2282 2091/4366/2281
f 2103/4367/2282 2101/4369/2283 2095/4370/2283 2093/4368/2282
f 2101/4369/2283 2099/4371/2284 2097/4372/2284 2095/4370/2283
f 2113/4375/518 2114/4376/518 2111/4373/2285 2112/4374/2285
f 2112/4374/2285 2111/4373/2285 2115/4377/2286 2116/4378/2286
f 2116/4378/2286 2115/4377/2286 2117/4379/2287 2118/4380/2287
f 2118/4380/2287 2117/4379/2287 2119/4381/2288 2120/4382/2288
f 2120/4382/2288 2119/4381/2288 2121/4383/2289 2122/4384/2289
f 2122/4387/2290 2121/4388/2290 2123/4385/2290 2124/4386/2290
f 2123/4392/2292 2125/4389/2291 2126/4390/2291 2124/4391/2292
f 2127/4393/2293 2128/4394/2293 2126/4390/2291 2125/4389/2291
f 2129/4395/2294 2130/4396/2294 2128/4394/2293 2127/4393/2293
f 2131/4397/2295 2132/4398/2295 2130/4396/2294 2129/4395/2294
f 2133/4399/2296 2134/4400/2296 2132/4398/2295 2131/4397/2295
f 2114/4401/2297 2113/4402/2297 2134/4403/2297 2133/4404/2297
f 2134/4403/2299 2113/4402/2299 2112/4405/2298 2132/4406/2298
f 2132/4406/2298 2112/4405/2298 2116/4407/2300 2130/4408/2300
f 2116/4407/2300 2118/4409/2301 2128/4410/2301 2130/4408/2300
f 2118/4409/2301 2120/4411/2302 2126/4412/2302 2128/4410/2301
f 2120/4411/2302 2122/4413/2303 2124/4414/2303 2126/4412/2302
f 2114/4401/2305 2133/4404/2305 2131/4415/2304 2111/4416/2304
f 2115/4418/2306 2111/4416/2304 2131/4415/2304 2129/4417/2306
f 2117/4420/2307 2115/4418/2306 2129/4417/2306 2127/4419/2307
f 2119/4422/2308 2117/4420/2307 2127/4419/2307 2125/4421/2308
f 2121/4388/2309 2119/4422/2308 2125/4421/2308 2123/4385/2309
f 2135/4423/2310 2136/4424/2310 2137/4425/2311 2138/4426/2311
f 2139/4427/2312 2140/4428/2312 2136/4424/2310 2135/4423/2310
f 2141/4429/2313 2142/4430/2313 2140/4428/2312 2139/4427/2312
f 2143/4431/2314 2144/4432/2314 2142/4430/2313 2141/4429/2313
f 2145/4433/2315 2146/4434/2315 2144/4432/2314 2143/4431/2314
f 2148/4436/2316 2146/4437/2316 2145/4438/2316 2147/4435/2316
f 2148/4441/2318 2147/4442/2318 2149/4439/2317 2150/4440/2317
f 2150/4440/2317 2149/4439/2317 2151/4443/2319 2152/4444/2319
f 2152/4444/2319 2151/4443/2319 2153/4445/2320 2154/4446/2320
f 2154/4446/2320 2153/4445/2320 2155/4447/2321 2156/4448/2321
f 2156/4448/2321 2155/4447/2321 2157/4449/2322 2158/4450/2322
f 2157/4454/2323 2138/4451/2323 2137/4452/2323 2158/4453/2323
f 2136/4455/2324 2156/4456/2324 2158/4453/2325 2137/4452/2325
f 2140/4457/2326 2154/4458/2326 2156/4456/2324 2136/4455/2324
f 2142/4459/2327 2152/4460/2327 2154/4458/2326 2140/4457/2326
f 2144/4461/2328 2150/4462/2328 2152/4460/2327 2142/4459/2327
f 2146/4437/2329 2148/4436/2329 2150/4462/2328 2144/4461/2328
f 2155/4463/2330 2135/4464/2330 2138/4451/2331 2157/4454/2331
f 2153/4465/2332 2139/4466/2332 2135/4464/2330 2155/4463/2330
f 2151/4467/2333 2141/4468/2333 2139/4466/2332 2153/4465/2332
f 2149/4469/2334 2143/4470/2334 2141/4468/2333 2151/4467/2333
f 2147/4471/2335 2145/4472/2335 2143/4470/2334 2149/4469/2334
f 2161/4475/2337 2162/4476/2337 2159/4473/2336 2160/4474/2336
f 2160/4474/2336 2159/4473/2336 2163/4477/2338 2164/4478/2338
f 2164/4478/2338 2163/4477/2338 2165/4479/2339 2166/4480/2339
f 2167/4481/2340 2168/4482/2340 2166/4480/2339 2165/4479/2339
f 2169/4483/2341 2170/4484/2341 2168/4482/2340 2167/4481/2340
f 2171/4485/2342 2172/4486/2342 2170/4487/2342 2169/4488/2342
f 2173/4489/2343 2174/4490/2343 2172/4491/2344 2171/4492/2344
f 2175/4493/2345 2176/4494/2345 2174/4490/2343 2173/4489/2343
f 2177/4495/2346 2178/4496/2346 2176/4494/2345 2175/4493/2345
f 2178/4496/2346 2177/4495/2346 2179/4497/2347 2180/4498/2347
f 2180/4498/2347 2179/4497/2347 2181/4499/2348 2182/4500/2348
f 2182/4503/2349 2181/4504/2349 2162/4501/2349 2161/4502/2349
f 2180/4506/2350 2182/4507/2351 2161/4508/2351 2160/4505/2350
f 2178/4510/2352 2180/4506/2350 2160/4505/2350 2164/4509/2352
f 2176/4512/2353 2178/4510/2352 2164/4509/2352 2166/4511/2353
f 2174/4514/2354 2176/4512/2353 2166/4511/2353 2168/4513/2354
f 2172/4486/2355 2174/4514/2354 2168/4513/2354 2170/4487/2355
f 2181/4504/2357 2179/4515/2356 2159/4516/2356 2162/4501/2357
f 2179/4515/2356 2177/4517/2358 2163/4518/2358 2159/4516/2356
f 2177/4517/2358 2175/4519/2359 2165/4520/2359 2163/4518/2358
f 2175/4519/2359 2173/4521/2360 2167/4522/2360 2165/4520/2359
f 2173/4521/2360 2171/4485/2361 2169/4488/2361 2167/4522/2360
f 2185/4525/2363 2186/4526/2363 2183/4523/2362 2184/4524/2362
f 2184/4524/2362 2183/4523/2362 2187/4527/2364 2188/4528/2364
f 2188/4528/2364 2187/4527/2364 2189/4529/2365 2190/4530/2365
f 2190/4530/2365 2189/4529/2365 2191/4531/2366 2192/4532/2366
f 2192/4532/2366 2191/4531/2366 2193/4533/2367 2194/4534/2367
f 2193/4538/2368 2195/4535/2368 2196/4536/2368 2194/4537/2368
f 2197/4539/2369 2198/4540/2369 2196/4541/2370 2195/4542/2370
f 2199/4543/2371 2200/4544/2371 2198/4540/2369 2197/4539/2369
f 2201/4545/2372 2202/4546/2372 2200/4544/2371 2199/4543/2371
f 2203/4547/2373 2204/4548/2373 2202/4546/2372 2201/4545/2372
f 2205/4549/2374 2206/4550/2374 2204/4548/2373 2203/4547/2373
f 2185/4552/2375 2206/4553/2375 2205/4554/2375 2186/4551/2375
f 2206/4553/2377 2185/4552/2377 2184/4555/2376 2204/4556/2376
f 2204/4556/2376 2184/4555/2376 2188/4557/2378 2202/4558/2378
f 2202/4558/2378 2188/4557/2378 2190/4559/2379 2200/4560/2379
f 2200/4560/2379 2190/4559/2379 2192/4561/2380 2198/4562/2380
f 2198/4562/2380 2192/4561/2380 2194/4537/2381 2196/4536/2381
f 2186/4565/2383 2205/4566/2383 2203/4563/2382 2183/4564/2382
f 2183/4564/2382 2203/4563/2382 2201/4567/2384 2187/4568/2384
f 2187/4568/2384 2201/4567/2384 2199/4569/2385 2189/4570/2385
f 2189/4570/2385 2199/4569/2385 2197/4571/2386 2191/4572/2386
f 2191/4572/2386 2197/4571/2386 2195/4535/2387 2193/4538/2387
f 2207/4573/2388 2208/4574/2388 2209/4575/2389 2210/4576/2389
f 2211/4577/2390 2212/4578/2390 2208/4574/2388 2207/4573/2388
f 2213/4579/2391 2214/4580/2391 2212/4578/2390 2211/4577/2390
f 2214/4580/2391 2213/4579/2391 2215/4581/2392 2216/4582/2392
f 2216/4582/2392 2215/4581/2392 2217/4583/2393 2218/4584/2393
f 2218/4587/2394 2217/4588/2394 2219/4585/2394 2220/4586/2394
f 2220/4591/2396 2219/4592/2396 2221/4589/2395 2222/4590/2395
f 2222/4590/2395 2221/4589/2395 2223/4593/2397 2224/4594/2397
f 2224/4594/2397 2223/4593/2397 2225/4595/2398 2226/4596/2398
f 2227/4597/2399 2228/4598/2399 2226/4596/2398 2225/4595/2398
f 2229/4599/2400 2230/4600/2400 2228/4598/2399 2227/4597/2399
f 2210/4601/2401 2209/4602/2401 2230/4603/2401 2229/4604/2401
f 2209/4602/2403 2208/4605/2402 2228/4606/2402 2230/4603/2403
f 2208/4605/2402 2212/4607/2404 2226/4608/2404 2228/4606/2402
f 2212/4607/2404 2214/4609/2405 2224/4610/2405 2226/4608/2404
f 2214/4609/2405 2216/4611/2406 2222/4612/2406 2224/4610/2405
f 2216/4611/2406 2218/4587/2407 2220/4586/2407 2222/4612/2406
f 2207/4614/2408 2210/4615/2409 2229/4616/2409 2227/4613/2408
f 2211/4618/2410 2207/4614/2408 2227/4613/2408 2225/4617/2410
f 2213/4620/2411 2211/4618/2410 2225/4617/2410 2223/4619/2411
f 2215/4622/2412 2213/4620/2411 2223/4619/2411 2221/4621/2412
f 2217/4588/2413 2215/4622/2412 2221/4621/2412 2219/4585/2413
f 2231/4623/2414 2232/4624/2414 2233/4625/2415 2234/4626/2415
f 2235/4627/2416 2236/4628/2416 2232/4624/2414 2231/4623/2414
f 2237/4629/2417 2238/4630/2417 2236/4628/2416 2235/4627/2416
f 2239/4631/2418 2240/4632/2418 2238/4630/2417 2237/4629/2417
f 2241/4633/2419 2242/4634/2419 2240/4632/2418 2239/4631/2418
f 2243/4635/2420 2244/4636/2420 2242/4637/2420 2241/4638/2420
f 2246/4640/2421 2244/4641/2422 2243/4642/2422 2245/4639/2421
f 2246/4640/2421 2245/4639/2421 2247/4643/2423 2248/4644/2423
f 2248/4644/2423 2247/4643/2423 2249/4645/2424 2250/4646/2424
f 2250/4646/2424 2249/4645/2424 2251/4647/2425 2252/4648/2425
f 2252/4648/2425 2251/4647/2425 2253/4649/2426 2254/4650/2426
f 2254/4653/2427 2253/4654/2427 2234/4651/2427 2233/4652/2427
f 2232/4655/2428 2252/4656/2428 2254/4657/2429 2233/4658/2429
f 2250/4660/2430 2252/4656/2428 2232/4655/2428 2236/4659/2430
f 2248/4662/2431 2250/4660/2430 2236/4659/2430 2238/4661/2431
f 2246/4664/2432 2248/4662/2431 2238/4661/2431 2240/4663/2432
f 2244/4636/2433 2246/4664/2432 2240/4663/2432 2242/4637/2433
f 2251/4665/2434 2231/4666/2434 2234/4651/2435 2253/4654/2435
f 2251/4665/2434 2249/4667/2436 2235/4668/2436 2231/4666/2434
f 2249/4667/2436 2247/4669/2437 2237/4670/2437 2235/4668/2436
f 2247/4669/2437 2245/4671/2438 2239/4672/2438 2237/4670/2437
f 2245/4671/2438 2243/4635/2439 2241/4638/2439 2239/4672/2438
f 2257/4675/2441 2258/4676/2441 2255/4673/2440 2256/4674/2440
f 2256/4674/2440 2255/4673/2440 2259/4677/2442 2260/4678/2442
f 2260/4678/2442 2259/4677/2442 2261/4679/2443 2262/4680/2443
f 2262/4680/2443 2261/4679/2443 2263/4681/2444 2264/4682/2444
f 2265/4683/2445 2266/4684/2445 2264/4682/2444 2263/4681/2444
f 2267/4685/2446 2268/4686/2446 2266/4687/2446 2265/4688/2446
f 2269/4689/2447 2270/4690/2447 2268/4691/2448 2267/4692/2448
f 2271/4693/2449 2272/4694/2449 2270/4690/2447 2269/4689/2447
f 2273/4695/2450 2274/4696/2450 2272/4694/2449 2271/4693/2449
f 2275/4697/2451 2276/4698/2451 2274/4696/2450 2273/4695/2450
f 2276/4698/2451 2275/4697/2451 2277/4699/2452 2278/4700/2452
f 2278/4703/2453 2277/4704/2453 2258/4701/2453 2257/4702/2453
f 2276/4706/2454 2278/4707/2455 2257/4708/2455 2256/4705/2454
f 2274/4710/2456 2276/4706/2454 2256/4705/2454 2260/4709/2456
f 2272/4712/2457 2274/4710/2456 2260/4709/2456 2262/4711/2457
f 2270/4714/2458 2272/4712/2457 2262/4711/2457 2264/4713/2458
f 2268/4686/2459 2270/4714/2458 2264/4713/2458 2266/4687/2459
f 2277/4704/2461 2275/4715/2460 2255/4716/2460 2258/4701/2461
f 2275/4715/2460 2273/4717/2462 2259/4718/2462 2255/4716/2460
f 2273/4717/2462 2271/4719/2463 2261/4720/2463 2259/4718/2462
f 2271/4719/2463 2269/4721/2464 2263/4722/2464 2261/4720/2463
f 2269/4721/2464 2267/4685/2465 2265/4688/2465 2263/4722/2464
f 2281/4725/2467 2282/4726/2467 2279/4723/2466 2280/4724/2466
f 2280/4724/2466 2279/4723/2466 2283/4727/2468 2284/4728/2468
f 2284/4728/2468 2283/4727/2468 2285/4729/2469 2286/4730/2469
f 2286/4730/2469 2285/4729/2469 2287/4731/2470 2288/4732/2470
f 2288/4732/2470 2287/4731/2470 2289/4733/2471 2290/4734/2471
f 2290/4737/2472 2289/4738/2472 2291/4735/2472 2292/4736/2472
f 2293/4739/2473 2294/4740/2473 2292/4741/2474 2291/4742/2474
f 2295/4743/2475 2296/4744/2475 2294/4740/2473 2293/4739/2473
f 2297/4745/2476 2298/4746/2476 2296/4744/2475 2295/4743/2475
f 2299/4747/2477 2300/4748/2477 2298/4746/2476 2297/4745/2476
f 2301/4749/2478 2302/4750/2478 2300/4748/2477 2299/4747/2477
f 2282/4751/2479 2281/4752/2479 2302/4753/2479 2301/4754/2479
f 2302/4753/2481 2281/4752/2481 2280/4755/2480 2300/4756/2480
f 2280/4755/2480 2284/4757/2482 2298/4758/2482 2300/4756/2480
f 2284/4757/2482 2286/4759/2483 2296/4760/2483 2298/4758/2482
f 2286/4759/2483 2288/4761/2484 2294/4762/2484 2296/4760/2483
f 2294/4762/2484 2288/4761/2484 2290/4737/2485 2292/4736/2485
f 2279/4764/2486 2282/4751/2487 2301/4754/2487 2299/4763/2486
f 2283/4766/2488 2279/4764/2486 2299/4763/2486 2297/4765/2488
f 2285/4768/2489 2283/4766/2488 2297/4765/2488 2295/4767/2489
f 2287/4770/2490 2285/4768/2489 2295/4767/2489 2293/4769/2490
f 2289/4772/2491 2287/4770/2490 2293/4769/2490 2291/4771/2491
f 2303/4773/2492 2304/4774/2492 2305/4775/2493 2306/4776/2493
f 2307/4777/2494 2308/4778/2494 2304/4774/2492 2303/4773/2492
f 2309/4779/2495 2310/4780/2495 2308/4778/2494 2307/4777/2494
f 2311/4781/2496 2312/4782/2496 2310/4780/2495 2309/4779/2495
f 2312/4782/2496 2311/4781/2496 2313/4783/2497 2314/4784/2497
f 2314/4787/2498 2313/4788/2498 2315/4785/2498 2316/4786/2498
f 2316/4791/2500 2315/4792/2500 2317/4789/2499 2318/4790/2499
f 2318/4790/2499 2317/4789/2499 2319/4793/2501 2320/4794/2501
f 2320/4794/2501 2319/4793/2501 2321/4795/2502 2322/4796/2502
f 2322/4796/2502 2321/4795/2502 2323/4797/2503 2324/4798/2503
f 2325/4799/2504 2326/4800/2504 2324/4798/2503 2323/4797/2503
f 2306/4801/2505 2305/4802/2505 2326/4803/2505 2325/4804/2505
f 2305/4802/2507 2304/4805/2506 2324/4806/2506 2326/4803/2507
f 2304/4805/2506 2308/4807/2508 2322/4808/2508 2324/4806/2506
f 2308/4807/2508 2310/4809/2509 2320/4810/2509 2322/4808/2508
f 2310/4809/2509 2312/4811/2510 2318/4812/2510 2320/4810/2509
f 2312/4811/2510 2314/4787/2511 2316/4786/2511 2318/4812/2510
f 2303/4814/2512 2306/4815/2513 2325/4816/2513 2323/4813/2512
f 2307/4818/2514 2303/4814/2512 2323/4813/2512 2321/4817/2514
f 2309/4820/2515 2307/4818/2514 2321/4817/2514 2319/4819/2515
f 2311/4822/2516 2309/4820/2515 2319/4819/2515 2317/4821/2516
f 2313/4788/2517 2311/4822/2516 2317/4821/2516 2315/4785/2517
f 2329/4825/2519 2330/4826/2519 2327/4823/2518 2328/4824/2518
f 2331/4827/2520 2332/4828/2520 2328/4824/2518 2327/4823/2518
f 2333/4829/2521 2334/4830/2521 2332/4828/2520 2331/4827/2520
f 2335/4831/2522 2336/4832/2522 2334/4830/2521 2333/4829/2521
f 2337/4833/2523 2338/4834/2523 2336/4832/2522 2335/4831/2522
f 2339/4835/2524 2340/4836/2524 2338/4837/2524 2337/4838/2524
f 2341/4839/2525 2342/4840/2525 2340/4841/2526 2339/4842/2526
f 2343/4843/2527 2344/4844/2527 2342/4840/2525 2341/4839/2525
f 2344/4844/2527 2343/4843/2527 2345/4845/2528 2346/4846/2528
f 2346/4846/2528 2345/4845/2528 2347/4847/2529 2348/4848/2529
f 2348/4848/2529 2347/4847/2529 2349/4849/2530 2350/4850/2530
f 2350/4853/2531 2349/4854/2531 2330/4851/2531 2329/4852/2531
f 2348/4856/2532 2350/4857/2533 2329/4858/2533 2328/4855/2532
f 2346/4860/2534 2348/4856/2532 2328/4855/2532 2332/4859/2534
f 2344/4862/2535 2346/4860/2534 2332/4859/2534 2334/4861/2535
f 2342/4864/2536 2344/4862/2535 2334/4861/2535 2336/4863/2536
f 2340/4836/2537 2342/4864/2536 2336/4863/2536 2338/4837/2537
f 2349/4854/2539 2347/4865/2538 2327/4866/2538 2330/4851/2539
f 2347/4865/2538 2345/4867/2540 2331/4868/2540 2327/4866/2538
f 2345/4867/2540 2343/4869/2541 2333/4870/2541 2331/4868/2540
f 2343/4869/2541 2341/4871/2542 2335/4872/2542 2333/4870/2541
f 2341/4871/2542 2339/4835/2543 2337/4838/2543 2335/4872/2542
f 2353/4875/2545 2354/4876/2545 2351/4873/2544 2352/4874/2544
f 2352/4874/2544 2351/4873/2544 2355/4877/2546 2356/4878/2546
f 2356/4878/2546 2355/4877/2546 2357/4879/2547 2358/4880/2547
f 2358/4880/2547 2357/4879/2547 2359/4881/2548 2360/4882/2548
f 2360/4882/2548 2359/4881/2548 2361/4883/2549 2362/4884/2549
f 2363/4885/2550 2364/4886/2550 2362/4887/2550 2361/4888/2550
f 2365/4889/2551 2366/4890/2551 2364/4891/2552 2363/4892/2552
f 2367/4893/2553 2368/4894/2553 2366/4890/2551 2365/4889/2551
f 2369/4895/2554 2370/4896/2554 2368/4894/2553 2367/4893/2553
f 2371/4897/2555 2372/4898/2555 2370/4896/2554 2369/4895/2554
f 2373/4899/2556 2374/4900/2556 2372/4898/2555 2371/4897/2555
f 2374/4903/2557 2373/4904/2557 2354/4901/2557 2353/4902/2557
f 2374/4903/2559 2353/4902/2559 2352/4905/2558 2372/4906/2558
f 2370/4908/2560 2372/4906/2558 2352/4905/2558 2356/4907/2560
f 2368/4910/2561 2370/4908/2560 2356/4907/2560 2358/4909/2561
f 2366/4912/2562 2368/4910/2561 2358/4909/2561 2360/4911/2562
f 2366/4912/2562 2360/4911/2562 2362/4913/2563 2364/4914/2563
f 2354/4901/2565 2373/4904/2565 2371/4915/2564 2351/4916/2564
f 2371/4915/2564 2369/4917/2566 2355/4918/2566 2351/4916/2564
f 2369/4917/2566 2367/4919/2567 2357/4920/2567 2355/4918/2566
f 2367/4919/2567 2365/4921/2568 2359/4922/2568 2357/4920/2567
f 2359/4922/2568 2365/4921/2568 2363/4885/2569 2361/4888/2569
f 2375/4923/2570 2376/4924/2570 2377/4925/2571 2378/4926/2571
f 2380/4928/2572 2376/4924/2570 2375/4923/2570 2379/4927/2572
f 2380/4928/2572 2379/4927/2572 2381/4929/2573 2382/4930/2573
f 2382/4930/2573 2381/4929/2573 2383/4931/2574 2384/4932/2574
f 2384/4932/2574 2383/4931/2574 2385/4933/2575 2386/4934/2575
f 2386/4937/2576 2385/4938/2576 2387/4935/2576 2388/4936/2576
f 2388/4941/2578 2387/4942/2578 2389/4939/2577 2390/4940/2577
f 2391/4943/2579 2392/4944/2579 2390/4940/2577 2389/4939/2577
f 2393/4945/2580 2394/4946/2580 2392/4944/2579 2391/4943/2579
f 2395/4947/2581 2396/4948/2581 2394/4946/2580 2393/4945/2580
f 2397/4949/2582 2398/4950/2582 2396/4948/2581 2395/4947/2581
f 2378/4951/2583 2377/4952/2583 2398/4953/2583 2397/4954/2583
f 2377/4952/2585 2376/4955/2584 2396/4956/2584 2398/4953/2585
f 2376/4955/2584 2380/4957/2586 2394/4958/2586 2396/4956/2584
f 2380/4957/2586 2382/4959/2587 2392/4960/2587 2394/4958/2586
f 2382/4959/2587 2384/4961/2588 2390/4962/2588 2392/4960/2587
f 2384/4961/2588 2386/4937/2589 2388/4936/2589 2390/4962/2588
f 2375/4964/2590 2378/4951/2591 2397/4954/2591 2395/4963/2590
f 2379/4966/2592 2375/4964/2590 2395/4963/2590 2393/4965/2592
f 2381/4968/2593 2379/4966/2592 2393/4965/2592 2391/4967/2593
f 2383/4970/2594 2381/4968/2593 2391/4967/2593 2389/4969/2594
f 2385/4972/2595 2383/4970/2594 2389/4969/2594 2387/4971/2595
f 2399/4973/2596 2400/4974/2596 2401/4975/2597 2402/4976/2597
f 2403/4977/2598 2404/4978/2598 2400/4974/2596 2399/4973/2596
f 2405/4979/2599 2406/4980/2599 2404/4978/2598 2403/4977/2598
f 2407/4981/2600 2408/4982/2600 2406/4980/2599 2405/4979/2599
f 2408/4982/2600 2407/4981/2600 2409/4983/2601 2410/4984/2601
f 2410/4987/2602 2409/4988/2602 2411/4985/2602 2412/4986/2602
f 2412/4991/2604 2411/4992/2604 2413/4989/2603 2414/4990/2603
f 2414/4990/2603 2413/4989/2603 2415/4993/2605 2416/4994/2605
f 2416/4994/2605 2415/4993/2605 2417/4995/2606 2418/4996/2606
f 2418/4996/2606 2417/4995/2606 2419/4997/2607 2420/4998/2607
f 2420/4998/2607 2419/4997/2607 2421/4999/2608 2422/5000/2608
f 2402/5001/2609 2401/5002/2609 2422/5003/2609 2421/5004/2609
f 2400/5005/2610 2420/5006/2610 2422/5003/2611 2401/5002/2611
f 2400/5005/2610 2404/5007/2612 2418/5008/2612 2420/5006/2610
f 2404/5007/2612 2406/5009/2613 2416/5010/2613 2418/5008/2612
f 2406/5009/2613 2408/5011/2614 2414/5012/2614 2416/5010/2613
f 2408/5011/2614 2410/5013/2615 2412/5014/2615 2414/5012/2614
f 2419/5015/2616 2399/5016/2616 2402/5001/2617 2421/5004/2617
f 2403/5018/2618 2399/5016/2616 2419/5015/2616 2417/5017/2618
f 2405/5020/2619 2403/5018/2618 2417/5017/2618 2415/5019/2619
f 2407/5022/2620 2405/5020/2619 2415/5019/2619 2413/5021/2620
f 2409/4988/2621 2407/5022/2620 2413/5021/2620 2411/4985/2621
f 2425/5025/2623 2426/5026/2623 2423/5023/2622 2424/5024/2622
f 2424/5024/2622 2423/5023/2622 2427/5027/2624 2428/5028/2624
f 2428/5028/2624 2427/5027/2624 2429/5029/2625 2430/5030/2625
f 2431/5031/2626 2432/5032/2626 2430/5030/2625 2429/5029/2625
f 2433/5033/2627 2434/5034/2627 2432/5032/2626 2431/5031/2626
f 2435/5035/2628 2436/5036/2628 2434/5037/2628 2433/5038/2628
f 2437/5039/2629 2438/5040/2629 2436/5041/2630 2435/5042/2630
f 2439/5043/2631 2440/5044/2631 2438/5040/2629 2437/5039/2629
f 2441/5045/2632 2442/5046/2632 2440/5044/2631 2439/5043/2631
f 2442/5046/2632 2441/5045/2632 2443/5047/2633 2444/5048/2633
f 2444/5048/2633 2443/5047/2633 2445/5049/2634 2446/5050/2634
f 2446/5053/2635 2445/5054/2635 2426/5051/2635 2425/5052/2635
f 2444/5056/2636 2446/5053/2637 2425/5052/2637 2424/5055/2636
f 2442/5058/2638 2444/5056/2636 2424/5055/2636 2428/5057/2638
f 2440/5060/2639 2442/5058/2638 2428/5057/2638 2430/5059/2639
f 2438/5062/2640 2440/5060/2639 2430/5059/2639 2432/5061/2640
f 2436/5036/2641 2438/5062/2640 2432/5061/2640 2434/5037/2641
f 2445/5054/2643 2443/5063/2642 2423/5064/2642 2426/5051/2643
f 2443/5063/2642 2441/5065/2644 2427/5066/2644 2423/5064/2642
f 2441/5065/2644 2439/5067/2645 2429/5068/2645 2427/5066/2644
f 2439/5067/2645 2437/5069/2646 2431/5070/2646 2429/5068/2645
f 2437/5069/2646 2435/5071/2647 2433/5072/2647 2431/5070/2646
f 2449/5075/2649 2450/5076/2649 2447/5073/2648 2448/5074/2648
f 2448/5074/2648 2447/5073/2648 2451/5077/2650 2452/5078/2650
f 2452/5078/2650 2451/5077/2650 2453/5079/2651 2454/5080/2651
f 2454/5080/2651 2453/5079/2651 2455/5081/2652 2456/5082/2652
f 2456/5082/2652 2455/5081/2652 2457/5083/2653 2458/5084/2653
f 2457/5088/2654 2459/5085/2654 2460/5086/2654 2458/5087/2654
f 2461/5089/2655 2462/5090/2655 2460/5091/2656 2459/5092/2656
f 2463/5093/2657 2464/5094/2657 2462/5090/2655 2461/5089/2655
f 2465/5095/2658 2466/5096/2658 2464/5094/2657 2463/5093/2657
f 2467/5097/2659 2468/5098/2659 2466/5096/2658 2465/5095/2658
f 2469/5099/2660 2470/5100/2660 2468/5098/2659 2467/5097/2659
f 2449/5102/2661 2470/5103/2661 2469/5104/2661 2450/5101/2661
f 2470/5103/2663 2449/5102/2663 2448/5105/2662 2468/5106/2662
f 2468/5106/2662 2448/5105/2662 2452/5107/2664 2466/5108/2664
f 2466/5108/2664 2452/5107/2664 2454/5109/2665 2464/5110/2665
f 2464/5110/2665 2454/5109/2665 2456/5111/2666 2462/5112/2666
f 2462/5112/2666 2456/5111/2666 2458/5113/2667 2460/5114/2667
f 2450/5101/2669 2469/5104/2669 2467/5115/2668 2447/5116/2668
f 2447/5116/2668 2467/5115/2668 2465/5117/2670 2451/5118/2670
f 2451/5118/2670 2465/5117/2670 2463/5119/2671 2453/5120/2671
f 2453/5120/2671 2463/5119/2671 2461/5121/2672 2455/5122/2672
f 2455/5122/2672 2461/5121/2672 2459/5085/2673 2457/5088/2673
f 2471/5123/2674 2472/5124/2674 2473/5125/2675 2474/5126/2675
f 2475/5127/2676 2476/5128/2676 2472/5124/2674 2471/5123/2674
f 2478/5130/2677 2476/5128/2676 2475/5127/2676 2477/5129/2677
f 2478/5130/2677 2477/5129/2677 2479/5131/2678 2480/5132/2678
f 2480/5132/2678 2479/5131/2678 2481/5133/2679 2482/5134/2679
f 2482/5137/2680 2481/5138/2680 2483/5135/2680 2484/5136/2680
f 2484/5141/2682 2483/5142/2682 2485/5139/2681 2486/5140/2681
f 2486/5140/2681 2485/5139/2681 2487/5143/2683 2488/5144/2683
f 2490/5146/2684 2488/5144/2683 2487/5143/2683 2489/5145/2684
f 2491/5147/2685 2492/5148/2685 2490/5146/2684 2489/5145/2684
f 2493/5149/2686 2494/5150/2686 2492/5148/2685 2491/5147/2685
f 2474/5151/2687 2473/5152/2687 2494/5153/2687 2493/5154/2687
f 2473/5152/2689 2472/5155/2688 2492/5156/2688 2494/5153/2689
f 2472/5155/2688 2476/5157/2690 2490/5158/2690 2492/5156/2688
f 2476/5157/2690 2478/5159/2691 2488/5160/2691 2490/5158/2690
f 2478/5159/2691 2480/5161/2692 2486/5162/2692 2488/5160/2691
f 2480/5161/2692 2482/5137/2693 2484/5136/2693 2486/5162/2692
f 2471/5164/2694 2474/5165/2695 2493/5166/2695 2491/5163/2694
f 2475/5168/2696 2471/5164/2694 2491/5163/2694 2489/5167/2696
f 2477/5170/2697 2475/5168/2696 2489/5167/2696 2487/5169/2697
f 2479/5172/2698 2477/5170/2697 2487/5169/2697 2485/5171/2698
f 2481/5138/2699 2479/5172/2698 2485/5171/2698 2483/5135/2699
f 2495/5173/2700 2496/5174/2700 2497/5175/2701 2498/5176/2701
f 2499/5177/2702 2500/5178/2702 2496/5174/2700 2495/5173/2700
f 2501/5179/2703 2502/5180/2703 2500/5178/2702 2499/5177/2702
f 2503/5181/2704 2504/5182/2704 2502/5180/2703 2501/5179/2703
f 2505/5183/2705 2506/5184/2705 2504/5182/2704 2503/5181/2704
f 2508/5186/2706 2506/5187/2706 2505/5188/2706 2507/5185/2706
f 2508/5191/2708 2507/5192/2708 2509/5189/2707 2510/5190/2707
f 2510/5190/2707 2509/5189/2707 2511/5193/2709 2512/5194/2709
f 2512/5194/2709 2511/5193/2709 2513/5195/2710 2514/5196/2710
f 2514/5196/2710 2513/5195/2710 2515/5197/2711 2516/5198/2711
f 2516/5198/2711 2515/5197/2711 2517/5199/2712 2518/5200/2712
f 2497/5202/2713 2518/5203/2713 2517/5204/2713 2498/5201/2713
f 2496/5205/2714 2516/5206/2714 2518/5203/2715 2497/5202/2715
f 2500/5207/2716 2514/5208/2716 2516/5206/2714 2496/5205/2714
f 2502/5209/2717 2512/5210/2717 2514/5208/2716 2500/5207/2716
f 2504/5211/2718 2510/5212/2718 2512/5210/2717 2502/5209/2717
f 2506/5187/2719 2508/5186/2719 2510/5212/2718 2504/5211/2718
f 2515/5213/2720 2495/5214/2720 2498/5215/2721 2517/5216/2721
f 2513/5217/2722 2499/5218/2722 2495/5214/2720 2515/5213/2720
f 2511/5219/2723 2501/5220/2723 2499/5218/2722 2513/5217/2722
f 2509/5221/2724 2503/5222/2724 2501/5220/2723 2511/5219/2723
f 2507/5185/2725 2505/5188/2725 2503/5222/2724 2509/5221/2724
f 2521/5225/2727 2522/5226/2727 2519/5223/2726 2520/5224/2726
f 2520/5224/2726 2519/5223/2726 2523/5227/2728 2524/5228/2728
f 2524/5228/2728 2523/5227/2728 2525/5229/2729 2526/5230/2729
f 2526/5230/2729 2525/5229/2729 2527/5231/2730 2528/5232/2730
f 2530/5234/2731 2528/5232/2730 2527/5231/2730 2529/5233/2731
f 2531/5235/2732 2532/5236/2732 2530/5237/2732 2529/5238/2732
f 2533/5239/2733 2534/5240/2733 2532/5241/2734 2531/5242/2734
f 2535/5243/2735 2536/5244/2735 2534/5240/2733 2533/5239/2733
f 2537/5245/2736 2538/5246/2736 2536/5244/2735 2535/5243/2735
f 2539/5247/2737 2540/5248/2737 2538/5246/2736 2537/5245/2736
f 2540/5248/2737 2539/5247/2737 2541/5249/2738 2542/5250/2738
f 2542/5253/2739 2541/5254/2739 2522/5251/2739 2521/5252/2739
f 2540/5256/2740 2542/5253/2741 2521/5252/2741 2520/5255/2740
f 2538/5258/2742 2540/5256/2740 2520/5255/2740 2524/5257/2742
f 2536/5260/2743 2538/5258/2742 2524/5257/2742 2526/5259/2743
f 2534/5262/2744 2536/5260/2743 2526/5259/2743 2528/5261/2744
f 2532/5236/2745 2534/5262/2744 2528/5261/2744 2530/5237/2745
f 2541/5254/2747 2539/5263/2746 2519/5264/2746 2522/5251/2747
f 2539/5263/2746 2537/5265/2748 2523/5266/2748 2519/5264/2746
f 2537/5265/2748 2535/5267/2749 2525/5268/2749 2523/5266/2748
f 2535/5267/2749 2533/5269/2750 2527/5270/2750 2525/5268/2749
f 2533/5269/2750 2531/5271/2751 2529/5272/2751 2527/5270/2750
f 2544/5274/2752 2545/5275/2753 2546/5276/2753 2543/5273/2752
f 2544/5274/2752 2543/5273/2752 2547/5277/2754 2548/5278/2754
f 2548/5278/2754 2547/5277/2754 2549/5279/2755 2550/5280/2755
f 2550/5280/2755 2549/5279/2755 2551/5281/2756 2552/5282/2756
f 2552/5282/2756 2551/5281/2756 2553/5283/2757 2554/5284/2757
f 2554/5287/2758 2553/5288/2758 2555/5285/2758 2556/5286/2758
f 2557/5289/2759 2558/5290/2759 2556/5291/2760 2555/5292/2760
f 2559/5293/2761 2560/5294/2761 2558/5290/2759 2557/5289/2759
f 2561/5295/2762 2562/5296/2762 2560/5294/2761 2559/5293/2761
f 2563/5297/2763 2564/5298/2763 2562/5296/2762 2561/5295/2762
f 2565/5299/2764 2566/5300/2764 2564/5298/2763 2563/5297/2763
f 2546/5301/2765 2545/5302/2765 2566/5303/2765 2565/5304/2765
f 2545/5308/2767 2544/5305/2766 2564/5306/2766 2566/5307/2767
f 2544/5305/2766 2548/5309/2768 2562/5310/2768 2564/5306/2766
f 2548/5309/2768 2550/5311/2769 2560/5312/2769 2562/5310/2768
f 2550/5311/2769 2552/5313/2770 2558/5314/2770 2560/5312/2769
f 2558/5314/2770 2552/5313/2770 2554/5287/2771 2556/5286/2771
f 2543/5316/2772 2546/5301/2773 2565/5304/2773 2563/5315/2772
f 2547/5318/2774 2543/5316/2772 2563/5315/2772 2561/5317/2774
f 2549/5320/2775 2547/5318/2774 2561/5317/2774 2559/5319/2775
f 2551/5322/2776 2549/5320/2775 2559/5319/2775 2557/5321/2776
f 2551/5322/2776 2557/5321/2776 2555/5285/2777 2553/5288/2777
f 2567/5323/2778 2568/5324/2778 2569/5325/2779 2570/5326/2779
f 2571/5327/2780 2572/5328/2780 2568/5324/2778 2567/5323/2778
f 2573/5329/2781 2574/5330/2781 2572/5328/2780 2571/5327/2780
f 2576/5332/2782 2574/5330/2781 2573/5329/2781 2575/5331/2782
f 2576/5332/2782 2575/5331/2782 2577/5333/2783 2578/5334/2783
f 2578/5337/2784 2577/5338/2784 2579/5335/2784 2580/5336/2784
f 2580/5341/2786 2579/5342/2786 2581/5339/2785 2582/5340/2785
f 2582/5340/2785 2581/5339/2785 2583/5343/2787 2584/5344/2787
f 2584/5344/2787 2583/5343/2787 2585/5345/2788 2586/5346/2788
f 2586/5346/2788 2585/5345/2788 2587/5347/2789 2588/5348/2789
f 2589/5349/2790 2590/5350/2790 2588/5348/2789 2587/5347/2789
f 2570/5351/2791 2569/5352/2791 2590/5353/2791 2589/5354/2791
f 2569/5352/2793 2568/5355/2792 2588/5356/2792 2590/5353/2793
f 2568/5355/2792 2572/5357/2794 2586/5358/2794 2588/5356/2792
f 2572/5357/2794 2574/5359/2795 2584/5360/2795 2586/5358/2794
f 2574/5359/2795 2576/5361/2796 2582/5362/2796 2584/5360/2795
f 2576/5361/2796 2578/5337/2797 2580/5336/2797 2582/5362/2796
f 2567/5364/2798 2570/5351/2799 2589/5354/2799 2587/5363/2798
f 2571/5366/2800 2567/5364/2798 2587/5363/2798 2585/5365/2800
f 2573/5368/2801 2571/5366/2800 2585/5365/2800 2583/5367/2801
f 2575/5370/2802 2573/5368/2801 2583/5367/2801 2581/5369/2802
f 2577/5372/2803 2575/5370/2802 2581/5369/2802 2579/5371/2803
f 2591/5373/2804 2592/5374/2804 2593/5375/2805 2594/5376/2805
f 2595/5377/2806 2596/5378/2806 2592/5374/2804 2591/5373/2804
f 2597/5379/2807 2598/5380/2807 2596/5378/2806 2595/5377/2806
f 2599/5381/2808 2600/5382/2808 2598/5380/2807 2597/5379/2807
f 2601/5383/2809 2602/5384/2809 2600/5382/2808 2599/5381/2808
f 2603/5385/2810 2604/5386/2810 2602/5387/2810 2601/5388/2810
f 2605/5389/2811 2606/5390/2811 2604/5391/2812 2603/5392/2812
f 2608/5394/2813 2606/5390/2811 2605/5389/2811 2607/5393/2813
f 2608/5394/2813 2607/5393/2813 2609/5395/2814 2610/5396/2814
f 2610/5396/2814 2609/5395/2814 2611/5397/2815 2612/5398/2815
f 2612/5398/2815 2611/5397/2815 2613/5399/2816 2614/5400/2816
f 2614/5403/2817 2613/5404/2817 2594/5401/2817 2593/5402/2817
f 2592/5405/2818 2612/5406/2818 2614/5403/2819 2593/5402/2819
f 2610/5408/2820 2612/5406/2818 2592/5405/2818 2596/5407/2820
f 2608/5410/2821 2610/5408/2820 2596/5407/2820 2598/5409/2821
f 2606/5412/2822 2608/5410/2821 2598/5409/2821 2600/5411/2822
f 2604/5386/2823 2606/5412/2822 2600/5411/2822 2602/5387/2823
f 2611/5413/2824 2591/5414/2824 2594/5415/2825 2613/5416/2825
f 2611/5413/2824 2609/5417/2826 2595/5418/2826 2591/5414/2824
f 2609/5417/2826 2607/5419/2827 2597/5420/2827 2595/5418/2826
f 2607/5419/2827 2605/5421/2828 2599/5422/2828 2597/5420/2827
f 2605/5421/2828 2603/5385/2829 2601/5388/2829 2599/5422/2828
f 2617/5425/2831 2618/5426/2831 2615/5423/2830 2616/5424/2830
f 2616/5424/2830 2615/5423/2830 2619/5427/2832 2620/5428/2832
f 2620/5428/2832 2619/5427/2832 2621/5429/2833 2622/5430/2833
f 2622/5430/2833 2621/5429/2833 2623/5431/2834 2624/5432/2834
f 2624/5432/2834 2623/5431/2834 2625/5433/2835 2626/5434/2835
f 2627/5435/2836 2628/5436/2836 2626/5437/2836 2625/5438/2836
f 2629/5439/2837 2630/5440/2837 2628/5441/2838 2627/5442/2838
f 2631/5443/2839 2632/5444/2839 2630/5440/2837 2629/5439/2837
f 2633/5445/2840 2634/5446/2840 2632/5444/2839 2631/5443/2839
f 2635/5447/2841 2636/5448/2841 2634/5446/2840 2633/5445/2840
f 2637/5449/2842 2638/5450/2842 2636/5448/2841 2635/5447/2841
f 2638/5453/2843 2637/5454/2843 2618/5451/2843 2617/5452/2843
f 2638/5457/2845 2617/5458/2845 2616/5455/2844 2636/5456/2844
f 2634/5460/2846 2636/5456/2844 2616/5455/2844 2620/5459/2846
f 2632/5462/2847 2634/5460/2846 2620/5459/2846 2622/5461/2847
f 2632/5462/2847 2622/5461/2847 2624/5463/2848 2630/5464/2848
f 2630/5464/2848 2624/5463/2848 2626/5437/2849 2628/5436/2849
f 2618/5451/2851 2637/5454/2851 2635/5465/2850 2615/5466/2850
f 2635/5465/2850 2633/5467/2852 2619/5468/2852 2615/5466/2850
f 2633/5467/2852 2631/5469/2853 2621/5470/2853 2619/5468/2852
f 2621/5470/2853 2631/5469/2853 2629/5471/2854 2623/5472/2854
f 2623/5472/2854 2629/5471/2854 2627/5435/2855 2625/5438/2855
f 2639/5473/2856 2640/5474/2856 2641/5475/2857 2642/5476/2857
f 2643/5477/2858 2644/5478/2858 2640/5474/2856 2639/5473/2856
f 2644/5478/2858 2643/5477/2858 2645/5479/2859 2646/5480/2859
f 2646/5480/2859 2645/5479/2859 2647/5481/2860 2648/5482/2860
f 2648/5482/2860 2647/5481/2860 2649/5483/2861 2650/5484/2861
f 2650/5487/2862 2649/5488/2862 2651/5485/2862 2652/5486/2862
f 2652/5491/2864 2651/5492/2864 2653/5489/2863 2654/5490/2863
f 2655/5493/2865 2656/5494/2865 2654/5490/2863 2653/5489/2863
f 2657/5495/2866 2658/5496/2866 2656/5494/2865 2655/5493/2865
f 2659/5497/2867 2660/5498/2867 2658/5496/2866 2657/5495/2866
f 2661/5499/2868 2662/5500/2868 2660/5498/2867 2659/5497/2867
f 2642/5501/2869 2641/5502/2869 2662/5503/2869 2661/5504/2869
f 2641/5508/2871 2640/5505/2870 2660/5506/2870 2662/5507/2871
f 2640/5505/2870 2644/5509/2872 2658/5510/2872 2660/5506/2870
f 2644/5509/2872 2646/5511/2873 2656/5512/2873 2658/5510/2872
f 2646/5511/2873 2648/5513/2874 2654/5514/2874 2656/5512/2873
f 2648/5513/2874 2650/5487/2875 2652/5486/2875 2654/5514/2874
f 2639/5516/2876 2642/5501/2877 2661/5504/2877 2659/5515/2876
f 2643/5518/2878 2639/5516/2876 2659/5515/2876 2657/5517/2878
f 2645/5520/2879 2643/5518/2878 2657/5517/2878 2655/5519/2879
f 2647/5522/2880 2645/5520/2879 2655/5519/2879 2653/5521/2880
f 2649/5488/2881 2647/5522/2880 2653/5521/2880 2651/5485/2881
f 2663/5523/2882 2664/5524/2882 2665/5525/2883 2666/5526/2883
f 2667/5527/2884 2668/5528/2884 2664/5524/2882 2663/5523/2882
f 2669/5529/2885 2670/5530/2885 2668/5528/2884 2667/5527/2884
f 2671/5531/2886 2672/5532/2886 2670/5530/2885 2669/5529/2885
f 2673/5533/2887 2674/5534/2887 2672/5532/2886 2671/5531/2886
f 2674/5537/2888 2673/5538/2888 2675/5535/2888 2676/5536/2888
f 2676/5541/2890 2675/5542/2890 2677/5539/2889 2678/5540/2889
f 2678/5540/2889 2677/5539/2889 2679/5543/2891 2680/5544/2891
f 2680/5544/2891 2679/5543/2891 2681/5545/2892 2682/5546/2892
f 2682/5546/2892 2681/5545/2892 2683/5547/2893 2684/5548/2893
f 2684/5548/2893 2683/5547/2893 2685/5549/2894 2686/5550/2894
f 2666/5551/2895 2665/5552/2895 2686/5553/2895 2685/5554/2895
f 2664/5555/2896 2684/5556/2896 2686/5553/2897 2665/5552/2897
f 2668/5557/2898 2682/5558/2898 2684/5556/2896 2664/5555/2896
f 2668/5557/2898 2670/5559/2899 2680/5560/2899 2682/5558/2898
f 2670/5559/2899 2672/5561/2900 2678/5562/2900 2680/5560/2899
f 2674/5537/2901 2676/5536/2901 2678/5562/2900 2672/5561/2900
f 2683/5563/2902 2663/5564/2902 2666/5565/2903 2685/5566/2903
f 2681/5567/2904 2667/5568/2904 2663/5564/2902 2683/5563/2902
f 2669/5570/2905 2667/5568/2904 2681/5567/2904 2679/5569/2905
f 2671/5572/2906 2669/5570/2905 2679/5569/2905 2677/5571/2906
f 2673/5538/2907 2671/5572/2906 2677/5571/2906 2675/5535/2907
f 2689/5575/2909 2690/5576/2909 2687/5573/2908 2688/5574/2908
f 2688/5574/2908 2687/5573/2908 2691/5577/2910 2692/5578/2910
f 2693/5579/2911 2694/5580/2911 2692/5578/2910 2691/5577/2910
f 2695/5581/2912 2696/5582/2912 2694/5580/2911 2693/5579/2911
f 2697/5583/2913 2698/5584/2913 2696/5582/2912 2695/5581/2912
f 2699/5585/2914 2700/5586/2914 2698/5587/2914 2697/5588/2914
f 2701/5589/2915 2702/5590/2915 2700/5591/2916 2699/5592/2916
f 2703/5593/2917 2704/5594/2917 2702/5590/2915 2701/5589/2915
f 2704/5594/2917 2703/5593/2917 2705/5595/2918 2706/5596/2918
f 2706/5596/2918 2705/5595/2918 2707/5597/2919 2708/5598/2919
f 2708/5598/2919 2707/5597/2919 2709/5599/2920 2710/5600/2920
f 2710/5603/2921 2709/5604/2921 2690/5601/2921 2689/5602/2921
f 2708/5606/2922 2710/5603/2923 2689/5602/2923 2688/5605/2922
f 2706/5608/2924 2708/5606/2922 2688/5605/2922 2692/5607/2924
f 2704/5610/2925 2706/5608/2924 2692/5607/2924 2694/5609/2925
f 2702/5612/2926 2704/5610/2925 2694/5609/2925 2696/5611/2926
f 2700/5586/2927 2702/5612/2926 2696/5611/2926 2698/5587/2927
f 2709/5616/2929 2707/5613/2928 2687/5614/2928 2690/5615/2929
f 2707/5613/2928 2705/5617/2930 2691/5618/2930 2687/5614/2928
f 2705/5617/2930 2703/5619/2931 2693/5620/2931 2691/5618/2930
f 2703/5619/2931 2701/5621/2932 2695/5622/2932 2693/5620/2931
f 2701/5621/2932 2699/5585/2933 2697/5588/2933 2695/5622/2932
f 2713/5625/2935 2714/5626/2935 2711/5623/2934 2712/5624/2934
f 2712/5624/2934 2711/5623/2934 2715/5627/2936 2716/5628/2936
f 2716/5628/2936 2715/5627/2936 2717/5629/2937 2718/5630/2937
f 2718/5630/2937 2717/5629/2937 2719/5631/2938 2720/5632/2938
f 2720/5632/2938 2719/5631/2938 2721/5633/2939 2722/5634/2939
f 2721/5638/2940 2723/5635/2940 2724/5636/2940 2722/5637/2940
f 2725/5639/2941 2726/5640/2941 2724/5641/2942 2723/5642/2942
f 2727/5643/2943 2728/5644/2943 2726/5640/2941 2725/5639/2941
f 2729/5645/2944 2730/5646/2944 2728/5644/2943 2727/5643/2943
f 2731/5647/2945 2732/5648/2945 2730/5646/2944 2729/5645/2944
f 2733/5649/2946 2734/5650/2946 2732/5648/2945 2731/5647/2945
f 2713/5652/2947 2734/5653/2947 2733/5654/2947 2714/5651/2947
f 2734/5657/2949 2713/5658/2949 2712/5655/2948 2732/5656/2948
f 2732/5656/2948 2712/5655/2948 2716/5659/2950 2730/5660/2950
f 2730/5660/2950 2716/5659/2950 2718/5661/2951 2728/5662/2951
f 2728/5662/2951 2718/5661/2951 2720/5663/2952 2726/5664/2952
f 2726/5664/2952 2720/5663/2952 2722/5637/2953 2724/5636/2953
f 2714/5651/2955 2733/5654/2955 2731/5665/2954 2711/5666/2954
f 2711/5666/2954 2731/5665/2954 2729/5667/2956 2715/5668/2956
f 2715/5668/2956 2729/5667/2956 2727/5669/2957 2717/5670/2957
f 2717/5670/2957 2727/5669/2957 2725/5671/2958 2719/5672/2958
f 2719/5672/2958 2725/5671/2958 2723/5635/2959 2721/5638/2959
f 2735/5673/2960 2736/5674/2960 2737/5675/2961 2738/5676/2961
f 2739/5677/2962 2740/5678/2962 2736/5674/2960 2735/5673/2960
f 2741/5679/2963 2742/5680/2963 2740/5678/2962 2739/5677/2962
f 2742/5680/2963 2741/5679/2963 2743/5681/2964 2744/5682/2964
f 2744/5682/2964 2743/5681/2964 2745/5683/2965 2746/5684/2965
f 2746/5687/2966 2745/5688/2966 2747/5685/2966 2748/5686/2966
f 2748/5691/2968 2747/5692/2968 2749/5689/2967 2750/5690/2967
f 2750/5690/2967 2749/5689/2967 2751/5693/2969 2752/5694/2969
f 2752/5694/2969 2751/5693/2969 2753/5695/2970 2754/5696/2970
f 2755/5697/2971 2756/5698/2971 2754/5696/2970 2753/5695/2970
f 2757/5699/2972 2758/5700/2972 2756/5698/2971 2755/5697/2971
f 2738/5701/2973 2737/5702/2973 2758/5703/2973 2757/5704/2973
f 2737/5702/2975 2736/5705/2974 2756/5706/2974 2758/5703/2975
f 2736/5705/2974 2740/5707/2976 2754/5708/2976 2756/5706/2974
f 2740/5707/2976 2742/5709/2977 2752/5710/2977 2754/5708/2976
f 2742/5709/2977 2744/5711/2978 2750/5712/2978 2752/5710/2977
f 2744/5711/2978 2746/5713/2979 2748/5714/2979 2750/5712/2978
f 2735/5716/2980 2738/5701/2981 2757/5704/2981 2755/5715/2980
f 2739/5718/2982 2735/5716/2980 2755/5715/2980 2753/5717/2982
f 2741/5720/2983 2739/5718/2982 2753/5717/2982 2751/5719/2983
f 2743/5722/2984 2741/5720/2983 2751/5719/2983 2749/5721/2984
f 2745/5688/2985 2743/5722/2984 2749/5721/2984 2747/5685/2985
f 2759/5723/2986 2760/5724/2986 2761/5725/2987 2762/5726/2987
f 2763/5727/2988 2764/5728/2988 2760/5724/2986 2759/5723/2986
f 2765/5729/2989 2766/5730/2989 2764/5728/2988 2763/5727/2988
f 2767/5731/2990 2768/5732/2990 2766/5730/2989 2765/5729/2989
f 2769/5733/2991 2770/5734/2991 2768/5732/2990 2767/5731/2990
f 2772/5736/2992 2770/5737/2992 2769/5738/2992 2771/5735/2992
f 2772/5741/2994 2771/5742/2994 2773/5739/2993 2774/5740/2993
f 2774/5740/2993 2773/5739/2993 2775/5743/2995 2776/5744/2995
f 2776/5744/2995 2775/5743/2995 2777/5745/2996 2778/5746/2996
f 2778/5746/2996 2777/5745/2996 2779/5747/2997 2780/5748/2997
f 2780/5748/2997 2779/5747/2997 2781/5749/2998 2782/5750/2998
f 2781/5754/2999 2762/5751/2999 2761/5752/2999 2782/5753/2999
f 2760/5755/3000 2780/5756/3000 2782/5753/3001 2761/5752/3001
f 2764/5757/3002 2778/5758/3002 2780/5756/3000 2760/5755/3000
f 2766/5759/3003 2776/5760/3003 2778/5758/3002 2764/5757/3002
f 2768/5761/3004 2774/5762/3004 2776/5760/3003 2766/5759/3003
f 2770/5737/3005 2772/5736/3005 2774/5762/3004 2768/5761/3004
f 2779/5763/3006 2759/5764/3006 2762/5765/3007 2781/5766/3007
f 2777/5767/3008 2763/5768/3008 2759/5764/3006 2779/5763/3006
f 2775/5769/3009 2765/5770/3009 2763/5768/3008 2777/5767/3008
f 2773/5771/3010 2767/5772/3010 2765/5770/3009 2775/5769/3009
f 2771/5735/3011 2769/5738/3011 2767/5772/3010 2773/5771/3010
f 2785/5775/3013 2786/5776/3013 2783/5773/3012 2784/5774/3012
f 2784/5774/3012 2783/5773/3012 2787/5777/3014 2788/5778/3014
f 2788/5778/3014 2787/5777/3014 2789/5779/3015 2790/5780/3015
f 2791/5781/3016 2792/5782/3016 2790/5780/3015 2789/5779/3015
f 2793/5783/3017 2794/5784/3017 2792/5782/3016 2791/5781/3016
f 2795/5785/3018 2796/5786/3018 2794/5787/3018 2793/5788/3018
f 2797/5789/3019 2798/5790/3019 2796/5791/3020 2795/5792/3020
f 2799/5793/3021 2800/5794/3021 2798/5790/3019 2797/5789/3019
f 2801/5795/3022 2802/5796/3022 2800/5794/3021 2799/5793/3021
f 2802/5796/3022 2801/5795/3022 2803/5797/3023 2804/5798/3023
f 2804/5798/3023 2803/5797/3023 2805/5799/3024 2806/5800/3024
f 2806/5803/3025 2805/5804/3025 2786/5801/3025 2785/5802/3025
f 2804/5806/3026 2806/5803/3027 2785/5802/3027 2784/5805/3026
f 2802/5808/3028 2804/5806/3026 2784/5805/3026 2788/5807/3028
f 2800/5810/3029 2802/5808/3028 2788/5807/3028 2790/5809/3029
f 2798/5812/3030 2800/5810/3029 2790/5809/3029 2792/5811/3030
f 2796/5786/3031 2798/5812/3030 2792/5811/3030 2794/5787/3031
f 2805/5816/3033 2803/5813/3032 2783/5814/3032 2786/5815/3033
f 2803/5813/3032 2801/5817/3034 2787/5818/3034 2783/5814/3032
f 2801/5817/3034 2799/5819/3035 2789/5820/3035 2787/5818/3034
f 2799/5819/3035 2797/5821/3036 2791/5822/3036 2789/5820/3035
f 2797/5821/3036 2795/5785/3037 2793/5788/3037 2791/5822/3036
f 2809/5825/3039 2810/5826/3039 2807/5823/3038 2808/5824/3038
f 2808/5824/3038 2807/5823/3038 2811/5827/3040 2812/5828/3040
f 2812/5828/3040 2811/5827/3040 2813/5829/3041 2814/5830/3041
f 2814/5830/3041 2813/5829/3041 2815/5831/3042 2816/5832/3042
f 2816/5832/3042 2815/5831/3042 2817/5833/3043 2818/5834/3043
f 2818/5837/3044 2817/5838/3044 2819/5835/3044 2820/5836/3044
f 2819/5842/3046 2821/5839/3045 2822/5840/3045 2820/5841/3046
f 2823/5843/3047 2824/5844/3047 2822/5840/3045 2821/5839/3045
f 2825/5845/3048 2826/5846/3048 2824/5844/3047 2823/5843/3047
f 2827/5847/3049 2828/5848/3049 2826/5846/3048 2825/5845/3048
f 2829/5849/3050 2830/5850/3050 2828/5848/3049 2827/5847/3049
f 2810/5851/3051 2809/5852/3051 2830/5853/3051 2829/5854/3051
f 2830/5857/3053 2809/5858/3053 2808/5855/3052 2828/5856/3052
f 2808/5855/3052 2812/5859/3054 2826/5860/3054 2828/5856/3052
f 2812/5859/3054 2814/5861/3055 2824/5862/3055 2826/5860/3054
f 2814/5861/3055 2816/5863/3056 2822/5864/3056 2824/5862/3055
f 2816/5863/3056 2818/5837/3057 2820/5836/3057 2822/5864/3056
f 2810/5851/3059 2829/5854/3059 2827/5865/3058 2807/5866/3058
f 2811/5868/3060 2807/5866/3058 2827/5865/3058 2825/5867/3060
f 2813/5870/3061 2811/5868/3060 2825/5867/3060 2823/5869/3061
f 2815/5872/3062 2813/5870/3061 2823/5869/3061 2821/5871/3062
f 2817/5838/3063 2815/5872/3062 2821/5871/3062 2819/5835/3063
f 2831/5873/3064 2832/5874/3064 2833/5875/3065 2834/5876/3065
f 2835/5877/3066 2836/5878/3066 2832/5874/3064 2831/5873/3064
f 2837/5879/3067 2838/5880/3067 2836/5878/3066 2835/5877/3066
f 2839/5881/3068 2840/5882/3068 2838/5880/3067 2837/5879/3067
f 2840/5882/3068 2839/5881/3068 2841/5883/3069 2842/5884/3069
f 2842/5887/3070 2841/5888/3070 2843/5885/3070 2844/5886/3070
f 2844/5891/3072 2843/5892/3072 2845/5889/3071 2846/5890/3071
f 2846/5890/3071 2845/5889/3071 2847/5893/3073 2848/5894/3073
f 2848/5894/3073 2847/5893/3073 2849/5895/3074 2850/5896/3074
f 2850/5896/3074 2849/5895/3074 2851/5897/3075 2852/5898/3075
f 2853/5899/3076 2854/5900/3076 2852/5898/3075 2851/5897/3075
f 2834/5901/3077 2833/5902/3077 2854/5903/3077 2853/5904/3077
f 2833/5902/3079 2832/5905/3078 2852/5906/3078 2854/5903/3079
f 2832/5905/3078 2836/5907/3080 2850/5908/3080 2852/5906/3078
f 2836/5907/3080 2838/5909/3081 2848/5910/3081 2850/5908/3080
f 2838/5909/3081 2840/5911/3082 2846/5912/3082 2848/5910/3081
f 2840/5911/3082 2842/5913/3083 2844/5914/3083 2846/5912/3082
f 2831/5916/3084 2834/5901/3085 2853/5904/3085 2851/5915/3084
f 2835/5918/3086 2831/5916/3084 2851/5915/3084 2849/5917/3086
f 2837/5920/3087 2835/5918/3086 2849/5917/3086 2847/5919/3087
f 2839/5922/3088 2837/5920/3087 2847/5919/3087 2845/5921/3088
f 2841/5888/3089 2839/5922/3088 2845/5921/3088 2843/5885/3089
f 2855/5923/3090 2856/5924/3090 2857/5925/3091 2858/5926/3091
f 2859/5927/3092 2860/5928/3092 2856/5924/3090 2855/5923/3090
f 2861/5929/3093 2862/5930/3093 2860/5928/3092 2859/5927/3092
f 2863/5931/3094 2864/5932/3094 2862/5930/3093 2861/5929/3093
f 2865/5933/3095 2866/5934/3095 2864/5932/3094 2863/5931/3094
f 2867/5935/3096 2868/5936/3096 2866/5937/3096 2865/5938/3096
f 2868/5941/3098 2867/5942/3098 2869/5939/3097 2870/5940/3097
f 2870/5940/3097 2869/5939/3097 2871/5943/3099 2872/5944/3099
f 2872/5944/3099 2871/5943/3099 2873/5945/3100 2874/5946/3100
f 2874/5946/3100 2873/5945/3100 2875/5947/3101 2876/5948/3101
f 2876/5948/3101 2875/5947/3101 2877/5949/3102 2878/5950/3102
f 2878/5953/3103 2877/5954/3103 2858/5951/3103 2857/5952/3103
f 2856/5955/3104 2876/5956/3104 2878/5953/3105 2857/5952/3105
f 2874/5958/3106 2876/5956/3104 2856/5955/3104 2860/5957/3106
f 2872/5960/3107 2874/5958/3106 2860/5957/3106 2862/5959/3107
f 2870/5962/3108 2872/5960/3107 2862/5959/3107 2864/5961/3108
f 2866/5937/3109 2868/5936/3109 2870/5962/3108 2864/5961/3108
f 2877/5954/3111 2875/5963/3110 2855/5964/3110 2858/5951/3111
f 2875/5963/3110 2873/5965/3112 2859/5966/3112 2855/5964/3110
f 2873/5965/3112 2871/5967/3113 2861/5968/3113 2859/5966/3112
f 2871/5967/3113 2869/5969/3114 2863/5970/3114 2861/5968/3113
f 2869/5969/3114 2867/5971/3115 2865/5972/3115 2863/5970/3114
f 2881/5975/3117 2882/5976/3117 2879/5973/3116 2880/5974/3116
f 2880/5974/3116 2879/5973/3116 2883/5977/3118 2884/5978/3118
f 2884/5978/3118 2883/5977/3118 2885/5979/3119 2886/5980/3119
f 2886/5980/3119 2885/5979/3119 2887/5981/3120 2888/5982/3120
f 2889/5983/3121 2890/5984/3121 2888/5982/3120 2887/5981/3120
f 2891/5985/3122 2892/5986/3122 2890/5987/3122 2889/5988/3122
f 2893/5989/3123 2894/5990/3123 2892/5991/3124 2891/5992/3124
f 2895/5993/3125 2896/5994/3125 2894/5990/3123 2893/5989/3123
f 2897/5995/3126 2898/5996/3126 2896/5994/3125 2895/5993/3125
f 2899/5997/3127 2900/5998/3127 2898/5996/3126 2897/5995/3126
f 2900/5998/3127 2899/5997/3127 2901/5999/3128 2902/6000/3128
f 2902/6003/3129 2901/6004/3129 2882/6001/3129 2881/6002/3129
f 2900/6006/3130 2902/6007/3131 2881/6008/3131 2880/6005/3130
f 2898/6010/3132 2900/6006/3130 2880/6005/3130 2884/6009/3132
f 2896/6012/3133 2898/6010/3132 2884/6009/3132 2886/6011/3133
f 2894/6014/3134 2896/6012/3133 2886/6011/3133 2888/6013/3134
f 2892/5986/3135 2894/6014/3134 2888/6013/3134 2890/5987/3135
f 2901/6004/3137 2899/6015/3136 2879/6016/3136 2882/6001/3137
f 2899/6015/3136 2897/6017/3138 2883/6018/3138 2879/6016/3136
f 2897/6017/3138 2895/6019/3139 2885/6020/3139 2883/6018/3138
f 2895/6019/3139 2893/6021/3140 2887/6022/3140 2885/6020/3139
f 2893/6021/3140 2891/5985/3141 2889/5988/3141 2887/6022/3140
f 2903/6023/3142 2904/6024/3142 2905/6025/3143 2906/6026/3143
f 2904/6024/3142 2903/6023/3142 2907/6027/3144 2908/6028/3144
f 2908/6028/3144 2907/6027/3144 2909/6029/3145 2910/6030/3145
f 2910/6030/3145 2909/6029/3145 2911/6031/3146 2912/6032/3146
f 2912/6032/3146 2911/6031/3146 2913/6033/3147 2914/6034/3147
f 2914/6037/3148 2913/6038/3148 2915/6035/3148 2916/6036/3148
f 2916/6041/3150 2915/6042/3150 2917/6039/3149 2918/6040/3149
f 2918/6040/3149 2917/6039/3149 2919/6043/3151 2920/6044/3151
f 2921/6045/3152 2922/6046/3152 2920/6044/3151 2919/6043/3151
f 2923/6047/3153 2924/6048/3153 2922/6046/3152 2921/6045/3152
f 2925/6049/3154 2926/6050/3154 2924/6048/3153 2923/6047/3153
f 2906/6051/3155 2905/6052/3155 2926/6053/3155 2925/6054/3155
f 2905/6052/3157 2904/6055/3156 2924/6056/3156 2926/6053/3157
f 2904/6055/3156 2908/6057/3158 2922/6058/3158 2924/6056/3156
f 2908/6057/3158 2910/6059/3159 2920/6060/3159 2922/6058/3158
f 2910/6059/3159 2912/6061/3160 2918/6062/3160 2920/6060/3159
f 2912/6061/3160 2914/6063/3161 2916/6064/3161 2918/6062/3160
f 2903/6066/3162 2906/6051/3163 2925/6054/3163 2923/6065/3162
f 2907/6068/3164 2903/6066/3162 2923/6065/3162 2921/6067/3164
f 2909/6070/3165 2907/6068/3164 2921/6067/3164 2919/6069/3165
f 2911/6072/3166 2909/6070/3165 2919/6069/3165 2917/6071/3166
f 2913/6038/3167 2911/6072/3166 2917/6071/3166 2915/6035/3167
f 2927/6073/3168 2928/6074/3168 2929/6075/3169 2930/6076/3169
f 2931/6077/3170 2932/6078/3170 2928/6074/3168 2927/6073/3168
f 2933/6079/3171 2934/6080/3171 2932/6078/3170 2931/6077/3170
f 2935/6081/3172 2936/6082/3172 2934/6080/3171 2933/6079/3171
f 2937/6083/3173 2938/6084/3173 2936/6082/3172 2935/6081/3172
f 2938/6087/3174 2937/6088/3174 2939/6085/3174 2940/6086/3174
f 2940/6091/3176 2939/6092/3176 2941/6089/3175 2942/6090/3175
f 2942/6090/3175 2941/6089/3175 2943/6093/3177 2944/6094/3177
f 2944/6094/3177 2943/6093/3177 2945/6095/3178 2946/6096/3178
f 2946/6096/3178 2945/6095/3178 2947/6097/3179 2948/6098/3179
f 2948/6098/3179 2947/6097/3179 2949/6099/3180 2950/6100/3180
f 2930/6101/3181 2929/6102/3181 2950/6103/3181 2949/6104/3181
f 2928/6105/3182 2948/6106/3182 2950/6103/3183 2929/6102/3183
f 2928/6105/3182 2932/6107/3184 2946/6108/3184 2948/6106/3182
f 2932/6107/3184 2934/6109/3185 2944/6110/3185 2946/6108/3184
f 2934/6109/3185 2936/6111/3186 2942/6112/3186 2944/6110/3185
f 2938/6113/3187 2940/6114/3187 2942/6112/3186 2936/6111/3186
f 2947/6115/3188 2927/6116/3188 2930/6101/3189 2949/6104/3189
f 2931/6118/3190 2927/6116/3188 2947/6115/3188 2945/6117/3190
f 2933/6120/3191 2931/6118/3190 2945/6117/3190 2943/6119/3191
f 2935/6122/3192 2933/6120/3191 2943/6119/3191 2941/6121/3192
f 2939/6085/3193 2937/6088/3193 2935/6122/3192 2941/6121/3192
f 2953/6125/3195 2954/6126/3195 2951/6123/3194 2952/6124/3194
f 2951/6123/3194 2955/6127/3196 2956/6128/3196 2952/6124/3194
f 2957/6129/3197 2958/6130/3197 2956/6128/3196 2955/6127/3196
f 2959/6131/3198 2960/6132/3198 2958/6130/3197 2957/6129/3197
f 2961/6133/3199 2962/6134/3199 2960/6132/3198 2959/6131/3198
f 2963/6135/3200 2964/6136/3200 2962/6137/3200 2961/6138/3200
f 2965/6139/3201 2966/6140/3201 2964/6141/3202 2963/6142/3202
f 2966/6140/3201 2965/6139/3201 2967/6143/3203 2968/6144/3203
f 2968/6144/3203 2967/6143/3203 2969/6145/3204 2970/6146/3204
f 2970/6146/3204 2969/6145/3204 2971/6147/3205 2972/6148/3205
f 2972/6148/3205 2971/6147/3205 2973/6149/3206 2974/6150/3206
f 2974/6153/3207 2973/6154/3207 2954/6151/3207 2953/6152/3207
f 2972/6156/3208 2974/6153/3209 2953/6152/3209 2952/6155/3208
f 2970/6158/3210 2972/6156/3208 2952/6155/3208 2956/6157/3210
f 2968/6160/3211 2970/6158/3210 2956/6157/3210 2958/6159/3211
f 2966/6162/3212 2968/6160/3211 2958/6159/3211 2960/6161/3212
f 2964/6136/3213 2966/6162/3212 2960/6161/3212 2962/6137/3213
f 2973/6154/3215 2971/6163/3214 2951/6164/3214 2954/6151/3215
f 2971/6163/3214 2969/6165/3216 2955/6166/3216 2951/6164/3214
f 2969/6165/3216 2967/6167/3217 2957/6168/3217 2955/6166/3216
f 2967/6167/3217 2965/6169/3218 2959/6170/3218 2957/6168/3217
f 2965/6169/3218 2963/6171/3219 2961/6172/3219 2959/6170/3218
f 2977/6175/3221 2978/6176/3221 2975/6173/3220 2976/6174/3220
f 2976/6174/3220 2975/6173/3220 2979/6177/3222 2980/6178/3222
f 2980/6178/3222 2979/6177/3222 2981/6179/3223 2982/6180/3223
f 2982/6180/3223 2981/6179/3223 2983/6181/3224 2984/6182/3224
f 2985/6183/3225 2986/6184/3225 2984/6182/3224 2983/6181/3224
f 2987/6185/3226 2988/6186/3226 2986/6187/3226 2985/6188/3226
f 2989/6189/3227 2990/6190/3227 2988/6191/3228 2987/6192/3228
f 2991/6193/3229 2992/6194/3229 2990/6190/3227 2989/6189/3227
f 2993/6195/3230 2994/6196/3230 2992/6194/3229 2991/6193/3229
f 2995/6197/3231 2996/6198/3231 2994/6196/3230 2993/6195/3230
f 2997/6199/3232 2998/6200/3232 2996/6198/3231 2995/6197/3231
f 2998/6203/3233 2997/6204/3233 2978/6201/3233 2977/6202/3233
f 2998/6207/3235 2977/6208/3235 2976/6205/3234 2996/6206/3234
f 2994/6210/3236 2996/6206/3234 2976/6205/3234 2980/6209/3236
f 2992/6212/3237 2994/6210/3236 2980/6209/3236 2982/6211/3237
f 2990/6214/3238 2992/6212/3237 2982/6211/3237 2984/6213/3238
f 2988/6186/3239 2990/6214/3238 2984/6213/3238 2986/6187/3239
f 2978/6201/3241 2997/6204/3241 2995/6215/3240 2975/6216/3240
f 2995/6215/3240 2993/6217/3242 2979/6218/3242 2975/6216/3240
f 2993/6217/3242 2991/6219/3243 2981/6220/3243 2979/6218/3242
f 2991/6219/3243 2989/6221/3244 2983/6222/3244 2981/6220/3243
f 2989/6221/3244 2987/6185/3245 2985/6188/3245 2983/6222/3244
f 2999/6223/3246 3000/6224/3246 3001/6225/3247 3002/6226/3247
f 3003/6227/3248 3004/6228/3248 3000/6224/3246 2999/6223/3246
f 3005/6229/3249 3006/6230/3249 3004/6228/3248 3003/6227/3248
f 3006/6230/3249 3005/6229/3249 3007/6231/3250 3008/6232/3250
f 3008/6232/3250 3007/6231/3250 3009/6233/3251 3010/6234/3251
f 3010/6237/3252 3009/6238/3252 3011/6235/3252 3012/6236/3252
f 3012/6241/3254 3011/6242/3254 3013/6239/3253 3014/6240/3253
f 3014/6240/3253 3013/6239/3253 3015/6243/3255 3016/6244/3255
f 3016/6244/3255 3015/6243/3255 3017/6245/3256 3018/6246/3256
f 3019/6247/3257 3020/6248/3257 3018/6246/3256 3017/6245/3256
f 3021/6249/3258 3022/6250/3258 3020/6248/3257 3019/6247/3257
f 3002/6251/3259 3001/6252/3259 3022/6253/3259 3021/6254/3259
f 3001/6258/3261 3000/6255/3260 3020/6256/3260 3022/6257/3261
f 3000/6255/3260 3004/6259/3262 3018/6260/3262 3020/6256/3260
f 3004/6259/3262 3006/6261/3263 3016/6262/3263 3018/6260/3262
f 3006/6261/3263 3008/6263/3264 3014/6264/3264 3016/6262/3263
f 3008/6263/3264 3010/6237/3265 3012/6236/3265 3014/6264/3264
f 2999/6266/3266 3002/6251/3267 3021/6254/3267 3019/6265/3266
f 3003/6268/3268 2999/6266/3266 3019/6265/3266 3017/6267/3268
f 3005/6270/3269 3003/6268/3268 3017/6267/3268 3015/6269/3269
f 3007/6272/3270 3005/6270/3269 3015/6269/3269 3013/6271/3270
f 3009/6238/3271 3007/6272/3270 3013/6271/3270 3011/6235/3271
f 3023/6273/3272 3024/6274/3272 3025/6275/3273 3026/6276/3273
f 3027/6277/3274 3028/6278/3274 3024/6274/3272 3023/6273/3272
f 3029/6279/3275 3030/6280/3275 3028/6278/3274 3027/6277/3274
f 3031/6281/3276 3032/6282/3276 3030/6280/3275 3029/6279/3275
f 3033/6283/3277 3034/6284/3277 3032/6282/3276 3031/6281/3276
f 3036/6286/3278 3034/6287/3278 3033/6288/3278 3035/6285/3278
f 3036/6291/3280 3035/6292/3280 3037/6289/3279 3038/6290/3279
f 3038/6290/3279 3037/6289/3279 3039/6293/3281 3040/6294/3281
f 3040/6294/3281 3039/6293/3281 3041/6295/3282 3042/6296/3282
f 3042/6296/3282 3041/6295/3282 3043/6297/3283 3044/6298/3283
f 3044/6298/3283 3043/6297/3283 3045/6299/3284 3046/6300/3284
f 3045/6304/3285 3026/6301/3285 3025/6302/3285 3046/6303/3285
f 3024/6305/3286 3044/6306/3286 3046/6303/3287 3025/6302/3287
f 3028/6307/3288 3042/6308/3288 3044/6306/3286 3024/6305/3286
f 3030/6309/3289 3040/6310/3289 3042/6308/3288 3028/6307/3288
f 3032/6311/3290 3038/6312/3290 3040/6310/3289 3030/6309/3289
f 3034/6313/3291 3036/6314/3291 3038/6312/3290 3032/6311/3290
f 3043/6315/3292 3023/6316/3292 3026/6301/3293 3045/6304/3293
f 3041/6317/3294 3027/6318/3294 3023/6316/3292 3043/6315/3292
f 3039/6319/3295 3029/6320/3295 3027/6318/3294 3041/6317/3294
f 3037/6321/3296 3031/6322/3296 3029/6320/3295 3039/6319/3295
f 3035/6285/3297 3033/6288/3297 3031/6322/3296 3037/6321/3296
f 3049/6325/3299 3050/6326/3299 3047/6323/3298 3048/6324/3298
f 3048/6324/3298 3047/6323/3298 3051/6327/3300 3052/6328/3300
f 3051/6327/3300 3053/6329/3301 3054/6330/3301 3052/6328/3300
f 3055/6331/3302 3056/6332/3302 3054/6330/3301 3053/6329/3301
f 3057/6333/3303 3058/6334/3303 3056/6332/3302 3055/6331/3302
f 3059/6335/3304 3060/6336/3304 3058/6337/3304 3057/6338/3304
f 3061/6339/3305 3062/6340/3305 3060/6341/3306 3059/6342/3306
f 3063/6343/3307 3064/6344/3307 3062/6340/3305 3061/6339/3305
f 3063/6343/3307 3065/6345/3308 3066/6346/3308 3064/6344/3307
f 3066/6346/3308 3065/6345/3308 3067/6347/3309 3068/6348/3309
f 3068/6348/3309 3067/6347/3309 3069/6349/3310 3070/6350/3310
f 3070/6353/3311 3069/6354/3311 3050/6351/3311 3049/6352/3311
f 3068/6356/3312 3070/6353/3313 3049/6352/3313 3048/6355/3312
f 3066/6358/3314 3068/6356/3312 3048/6355/3312 3052/6357/3314
f 3064/6360/3315 3066/6358/3314 3052/6357/3314 3054/6359/3315
f 3062/6362/3316 3064/6360/3315 3054/6359/3315 3056/6361/3316
f 3060/6336/3317 3062/6362/3316 3056/6361/3316 3058/6337/3317
f 3069/6366/3319 3067/6363/3318 3047/6364/3318 3050/6365/3319
f 3067/6363/3318 3065/6367/3320 3051/6368/3320 3047/6364/3318
f 3065/6367/3320 3063/6369/3321 3053/6370/3321 3051/6368/3320
f 3063/6369/3321 3061/6371/3322 3055/6372/3322 3053/6370/3321
f 3061/6371/3322 3059/6335/3323 3057/6338/3323 3055/6372/3322
f 3073/6375/3325 3074/6376/3325 3071/6373/3324 3072/6374/3324
f 3072/6374/3324 3071/6373/3324 3075/6377/3326 3076/6378/3326
f 3076/6378/3326 3075/6377/3326 3077/6379/3327 3078/6380/3327
f 3078/6380/3327 3077/6379/3327 3079/6381/3328 3080/6382/3328
f 3080/6382/3328 3079/6381/3328 3081/6383/3329 3082/6384/3329
f 3081/6388/3330 3083/6385/3330 3084/6386/3330 3082/6387/3330
f 3085/6389/3331 3086/6390/3331 3084/6391/3332 3083/6392/3332
f 3087/6393/3333 3088/6394/3333 3086/6390/3331 3085/6389/3331
f 3089/6395/3334 3090/6396/3334 3088/6394/3333 3087/6393/3333
f 3091/6397/3335 3092/6398/3335 3090/6396/3334 3089/6395/3334
f 3093/6399/3336 3094/6400/3336 3092/6398/3335 3091/6397/3335
f 3093/6404/3337 3074/6401/3337 3073/6402/3337 3094/6403/3337
f 3094/6403/3339 3073/6402/3339 3072/6405/3338 3092/6406/3338
f 3092/6406/3338 3072/6405/3338 3076/6407/3340 3090/6408/3340
f 3090/6408/3340 3076/6407/3340 3078/6409/3341 3088/6410/3341
f 3088/6410/3341 3078/6409/3341 3080/6411/3342 3086/6412/3342
f 3086/6412/3342 3080/6411/3342 3082/6387/3343 3084/6386/3343
f 3074/6415/3345 3093/6416/3345 3091/6413/3344 3071/6414/3344
f 3071/6414/3344 3091/6413/3344 3089/6417/3346 3075/6418/3346
f 3075/6418/3346 3089/6417/3346 3087/6419/3347 3077/6420/3347
f 3077/6420/3347 3087/6419/3347 3085/6421/3348 3079/6422/3348
f 3079/6422/3348 3085/6421/3348 3083/6385/3349 3081/6388/3349
f 3095/6423/3350 3096/6424/3350 3097/6425/3351 3098/6426/3351
f 3099/6427/3352 3100/6428/3352 3096/6424/3350 3095/6423/3350
f 3101/6429/3353 3102/6430/3353 3100/6428/3352 3099/6427/3352
f 3103/6431/3354 3104/6432/3354 3102/6430/3353 3101/6429/3353
f 3103/6431/3354 3105/6433/3355 3106/6434/3355 3104/6432/3354
f 3106/6437/3356 3105/6438/3356 3107/6435/3356 3108/6436/3356
f 3108/6441/3358 3107/6442/3358 3109/6439/3357 3110/6440/3357
f 3110/6440/3357 3109/6439/3357 3111/6443/3359 3112/6444/3359
f 3112/6444/3359 3111/6443/3359 3113/6445/3360 3114/6446/3360
f 3114/6446/3360 3113/6445/3360 3115/6447/3361 3116/6448/3361
f 3117/6449/3362 3118/6450/3362 3116/6448/3361 3115/6447/3361
f 3098/6451/3363 3097/6452/3363 3118/6453/3363 3117/6454/3363
f 3097/6452/3365 3096/6455/3364 3116/6456/3364 3118/6453/3365
f 3096/6455/3364 3100/6457/3366 3114/6458/3366 3116/6456/3364
f 3100/6457/3366 3102/6459/3367 3112/6460/3367 3114/6458/3366
f 3102/6459/3367 3104/6461/3368 3110/6462/3368 3112/6460/3367
f 3104/6461/3368 3106/6437/3369 3108/6436/3369 3110/6462/3368
f 3095/6464/3370 3098/6451/3371 3117/6454/3371 3115/6463/3370
f 3099/6466/3372 3095/6464/3370 3115/6463/3370 3113/6465/3372
f 3101/6468/3373 3099/6466/3372 3113/6465/3372 3111/6467/3373
f 3103/6470/3374 3101/6468/3373 3111/6467/3373 3109/6469/3374
f 3105/6472/3375 3103/6470/3374 3109/6469/3374 3107/6471/3375
f 3122/6476/3377 3119/6473/3376 3120/6474/3376 3121/6475/3377
f 3123/6477/3378 3124/6478/3378 3120/6474/3376 3119/6473/3376
f 3125/6479/3379 3126/6480/3379 3124/6478/3378 3123/6477/3378
f 3127/6481/3380 3128/6482/3380 3126/6480/3379 3125/6479/3379
f 3129/6483/3381 3130/6484/3381 3128/6482/3380 3127/6481/3380
f 3131/6485/3382 3132/6486/3382 3130/6487/3382 3129/6488/3382
f 3132/6491/3384 3131/6492/3384 3133/6489/3383 3134/6490/3383
f 3134/6490/3383 3133/6489/3383 3135/6493/3385 3136/6494/3385
f 3136/6494/3385 3135/6493/3385 3137/6495/3386 3138/6496/3386
f 3138/6496/3386 3137/6495/3386 3139/6497/3387 3140/6498/3387
f 3140/6498/3387 3139/6497/3387 3141/6499/3388 3142/6500/3388
f 3142/6503/3389 3141/6504/3389 3122/6501/3389 3121/6502/3389
f 3140/6506/3390 3142/6507/3391 3121/6508/3391 3120/6505/3390
f 3138/6510/3392 3140/6506/3390 3120/6505/3390 3124/6509/3392
f 3136/6512/3393 3138/6510/3392 3124/6509/3392 3126/6511/3393
f 3134/6514/3394 3136/6512/3393 3126/6511/3393 3128/6513/3394
f 3130/6487/3395 3132/6486/3395 3134/6514/3394 3128/6513/3394
f 3141/6504/3397 3139/6515/3396 3119/6516/3396 3122/6501/3397
f 3139/6515/3396 3137/6517/3398 3123/6518/3398 3119/6516/3396
f 3137/6517/3398 3135/6519/3399 3125/6520/3399 3123/6518/3398
f 3135/6519/3399 3133/6521/3400 3127/6522/3400 3125/6520/3399
f 3131/6485/3401 3129/6488/3401 3127/6522/3400 3133/6521/3400
f 3145/6525/3403 3146/6526/3403 3143/6523/3402 3144/6524/3402
f 3144/6524/3402 3143/6523/3402 3147/6527/3404 3148/6528/3404
f 3148/6528/3404 3147/6527/3404 3149/6529/3405 3150/6530/3405
f 3149/6529/3405 3151/6531/3406 3152/6532/3406 3150/6530/3405
f 3153/6533/3407 3154/6534/3407 3152/6532/3406 3151/6531/3406
f 3155/6535/3408 3156/6536/3408 3154/6537/3408 3153/6538/3408
f 3157/6539/3409 3158/6540/3409 3156/6541/3410 3155/6542/3410
f 3159/6543/3411 3160/6544/3411 3158/6540/3409 3157/6539/3409
f 3161/6545/3412 3162/6546/3412 3160/6544/3411 3159/6543/3411
f 3163/6547/3413 3164/6548/3413 3162/6546/3412 3161/6545/3412
f 3164/6548/3413 3163/6547/3413 3165/6549/3414 3166/6550/3414
f 3166/6553/3415 3165/6554/3415 3146/6551/3415 3145/6552/3415
f 3164/6556/3416 3166/6553/3417 3145/6552/3417 3144/6555/3416
f 3162/6558/3418 3164/6556/3416 3144/6555/3416 3148/6557/3418
f 3160/6560/3419 3162/6558/3418 3148/6557/3418 3150/6559/3419
f 3158/6562/3420 3160/6560/3419 3150/6559/3419 3152/6561/3420
f 3156/6536/3421 3158/6562/3420 3152/6561/3420 3154/6537/3421
f 3165/6566/3423 3163/6563/3422 3143/6564/3422 3146/6565/3423
f 3163/6563/3422 3161/6567/3424 3147/6568/3424 3143/6564/3422
f 3161/6567/3424 3159/6569/3425 3149/6570/3425 3147/6568/3424
f 3159/6569/3425 3157/6571/3426 3151/6572/3426 3149/6570/3425
f 3157/6571/3426 3155/6535/3427 3153/6538/3427 3151/6572/3426
f 3169/6575/3429 3170/6576/3429 3167/6573/3428 3168/6574/3428
f 3168/6574/3428 3167/6573/3428 3171/6577/3430 3172/6578/3430
f 3172/6578/3430 3171/6577/3430 3173/6579/3431 3174/6580/3431
f 3174/6580/3431 3173/6579/3431 3175/6581/3432 3176/6582/3432
f 3176/6582/3432 3175/6581/3432 3177/6583/3433 3178/6584/3433
f 3178/6587/3434 3177/6588/3434 3179/6585/3434 3180/6586/3434
f 3180/6591/3436 3179/6592/3436 3181/6589/3435 3182/6590/3435
f 3181/6589/3435 3183/6593/3437 3184/6594/3437 3182/6590/3435
f 3185/6595/3438 3186/6596/3438 3184/6594/3437 3183/6593/3437
f 3187/6597/3439 3188/6598/3439 3186/6596/3438 3185/6595/3438
f 3189/6599/3440 3190/6600/3440 3188/6598/3439 3187/6597/3439
f 3170/6601/3441 3169/6602/3441 3190/6603/3441 3189/6604/3441
f 3190/6603/3443 3169/6602/3443 3168/6605/3442 3188/6606/3442
f 3168/6605/3442 3172/6607/3444 3186/6608/3444 3188/6606/3442
f 3172/6607/3444 3174/6609/3445 3184/6610/3445 3186/6608/3444
f 3174/6609/3445 3176/6611/3446 3182/6612/3446 3184/6610/3445
f 3176/6611/3446 3178/6587/3447 3180/6586/3447 3182/6612/3446
f 3170/6615/3449 3189/6616/3449 3187/6613/3448 3167/6614/3448
f 3171/6618/3450 3167/6614/3448 3187/6613/3448 3185/6617/3450
f 3173/6620/3451 3171/6618/3450 3185/6617/3450 3183/6619/3451
f 3175/6622/3452 3173/6620/3451 3183/6619/3451 3181/6621/3452
f 3177/6588/3453 3175/6622/3452 3181/6621/3452 3179/6585/3453
f 3191/6623/3454 3192/6624/3454 3193/6625/3455 3194/6626/3455
f 3195/6627/3456 3196/6628/3456 3192/6624/3454 3191/6623/3454
f 3197/6629/3457 3198/6630/3457 3196/6628/3456 3195/6627/3456
f 3199/6631/3458 3200/6632/3458 3198/6630/3457 3197/6629/3457
f 3201/6633/3459 3202/6634/3459 3200/6632/3458 3199/6631/3458
f 3202/6637/3460 3201/6638/3460 3203/6635/3460 3204/6636/3460
f 3204/6641/3462 3203/6642/3462 3205/6639/3461 3206/6640/3461
f 3206/6640/3461 3205/6639/3461 3207/6643/3463 3208/6644/3463
f 3208/6644/3463 3207/6643/3463 3209/6645/3464 3210/6646/3464
f 3210/6646/3464 3209/6645/3464 3211/6647/3465 3212/6648/3465
f 3212/6648/3465 3211/6647/3465 3213/6649/3466 3214/6650/3466
f 3194/6651/3467 3193/6652/3467 3214/6653/3467 3213/6654/3467
f 3192/6655/3468 3212/6656/3468 3214/6657/3469 3193/6658/3469
f 3192/6655/3468 3196/6659/3470 3210/6660/3470 3212/6656/3468
f 3196/6659/3470 3198/6661/3471 3208/6662/3471 3210/6660/3470
f 3200/6663/3472 3206/6664/3472 3208/6662/3471 3198/6661/3471
f 3202/6637/3473 3204/6636/3473 3206/6664/3472 3200/6663/3472
f 3211/6665/3474 3191/6666/3474 3194/6651/3475 3213/6654/3475
f 3195/6668/3476 3191/6666/3474 3211/6665/3474 3209/6667/3476
f 3197/6670/3477 3195/6668/3476 3209/6667/3476 3207/6669/3477
f 3205/6671/3478 3199/6672/3478 3197/6670/3477 3207/6669/3477
f 3203/6635/3479 3201/6638/3479 3199/6672/3478 3205/6671/3478
f 3217/6675/3481 3218/6676/3481 3215/6673/3480 3216/6674/3480
f 3216/6674/3480 3215/6673/3480 3219/6677/3482 3220/6678/3482
f 3221/6679/3483 3222/6680/3483 3220/6678/3482 3219/6677/3482
f 3223/6681/3484 3224/6682/3484 3222/6680/3483 3221/6679/3483
f 3225/6683/3485 3226/6684/3485 3224/6682/3484 3223/6681/3484
f 3227/6685/3486 3228/6686/3486 3226/6687/3486 3225/6688/3486
f 3229/6689/3487 3230/6690/3487 3228/6691/3488 3227/6692/3488
f 3230/6690/3487 3229/6689/3487 3231/6693/3489 3232/6694/3489
f 3232/6694/3489 3231/6693/3489 3233/6695/3490 3234/6696/3490
f 3234/6696/3490 3233/6695/3490 3235/6697/3491 3236/6698/3491
f 3236/6698/3491 3235/6697/3491 3237/6699/3492 3238/6700/3492
f 3238/6703/3493 3237/6704/3493 3218/6701/3493 3217/6702/3493
f 3236/6706/3494 3238/6703/3495 3217/6702/3495 3216/6705/3494
f 3234/6708/3496 3236/6706/3494 3216/6705/3494 3220/6707/3496
f 3232/6710/3497 3234/6708/3496 3220/6707/3496 3222/6709/3497
f 3230/6712/3498 3232/6710/3497 3222/6709/3497 3224/6711/3498
f 3228/6714/3499 3230/6712/3498 3224/6711/3498 3226/6713/3499
f 3237/6704/3501 3235/6715/3500 3215/6716/3500 3218/6701/3501
f 3235/6715/3500 3233/6717/3502 3219/6718/3502 3215/6716/3500
f 3233/6717/3502 3231/6719/3503 3221/6720/3503 3219/6718/3502
f 3231/6719/3503 3229/6721/3504 3223/6722/3504 3221/6720/3503
f 3229/6721/3504 3227/6685/3505 3225/6688/3505 3223/6722/3504
f 3241/6725/3507 3242/6726/3507 3239/6723/3506 3240/6724/3506
f 3240/6724/3506 3239/6723/3506 3243/6727/3508 3244/6728/3508
f 3244/6728/3508 3243/6727/3508 3245/6729/3509 3246/6730/3509
f 3246/6730/3509 3245/6729/3509 3247/6731/3510 3248/6732/3510
f 3248/6732/3510 3247/6731/3510 3249/6733/3511 3250/6734/3511
f 3251/6735/3512 3252/6736/3512 3250/6737/3512 3249/6738/3512
f 3253/6739/3513 3254/6740/3513 3252/6741/3514 3251/6742/3514
f 3255/6743/3515 3256/6744/3515 3254/6740/3513 3253/6739/3513
f 3257/6745/3516 3258/6746/3516 3256/6744/3515 3255/6743/3515
f 3259/6747/3517 3260/6748/3517 3258/6746/3516 3257/6745/3516
f 3261/6749/3518 3262/6750/3518 3260/6748/3517 3259/6747/3517
f 3262/6753/3519 3261/6754/3519 3242/6751/3519 3241/6752/3519
f 3262/6753/3521 3241/6752/3521 3240/6755/3520 3260/6756/3520
f 3260/6756/3520 3240/6755/3520 3244/6757/3522 3258/6758/3522
f 3256/6760/3523 3258/6758/3522 3244/6757/3522 3246/6759/3523
f 3254/6762/3524 3256/6760/3523 3246/6759/3523 3248/6761/3524
f 3254/6762/3524 3248/6761/3524 3250/6737/3525 3252/6736/3525
f 3242/6751/3527 3261/6754/3527 3259/6763/3526 3239/6764/3526
f 3239/6764/3526 3259/6763/3526 3257/6765/3528 3243/6766/3528
f 3257/6765/3528 3255/6767/3529 3245/6768/3529 3243/6766/3528
f 3255/6767/3529 3253/6769/3530 3247/6770/3530 3245/6768/3529
f 3253/6769/3530 3251/6771/3531 3249/6772/3531 3247/6770/3530
f 3263/6773/3532 3264/6774/3532 3265/6775/3533 3266/6776/3533
f 3267/6777/3534 3268/6778/3534 3264/6774/3532 3263/6773/3532
f 3268/6778/3534 3267/6777/3534 3269/6779/3535 3270/6780/3535
f 3270/6780/3535 3269/6779/3535 3271/6781/3536 3272/6782/3536
f 3272/6782/3536 3271/6781/3536 3273/6783/3537 3274/6784/3537
f 3274/6787/3538 3273/6788/3538 3275/6785/3538 3276/6786/3538
f 3276/6791/3540 3275/6792/3540 3277/6789/3539 3278/6790/3539
f 3278/6790/3539 3277/6789/3539 3279/6793/3541 3280/6794/3541
f 3281/6795/3542 3282/6796/3542 3280/6794/3541 3279/6793/3541
f 3283/6797/3543 3284/6798/3543 3282/6796/3542 3281/6795/3542
f 3285/6799/3544 3286/6800/3544 3284/6798/3543 3283/6797/3543
f 3266/6801/3545 3265/6802/3545 3286/6803/3545 3285/6804/3545
f 3265/6808/3547 3264/6805/3546 3284/6806/3546 3286/6807/3547
f 3264/6805/3546 3268/6809/3548 3282/6810/3548 3284/6806/3546
f 3268/6809/3548 3270/6811/3549 3280/6812/3549 3282/6810/3548
f 3270/6811/3549 3272/6813/3550 3278/6814/3550 3280/6812/3549
f 3272/6813/3550 3274/6787/3551 3276/6786/3551 3278/6814/3550
f 3263/6816/3552 3266/6801/3553 3285/6804/3553 3283/6815/3552
f 3267/6818/3554 3263/6816/3552 3283/6815/3552 3281/6817/3554
f 3269/6820/3555 3267/6818/3554 3281/6817/3554 3279/6819/3555
f 3271/6822/3556 3269/6820/3555 3279/6819/3555 3277/6821/3556
f 3273/6788/3557 3271/6822/3556 3277/6821/3556 3275/6785/3557
f 3287/6823/3558 3288/6824/3558 3289/6825/3558
f 3290/6826/3558 3288/6824/3558 3287/6823/3558
f 3291/6827/3558 3288/6824/3558 3290/6826/3558
f 3292/6828/3558 3288/6824/3558 3291/6827/3558
f 3293/6829/3558 3288/6824/3558 3292/6828/3558
f 3294/6830/3558 3288/6824/3558 3293/6829/3558
f 3295/6831/3558 3288/6824/3558 3294/6830/3558
f 3296/6832/3558 3288/6824/3558 3295/6831/3558
f 3297/6833/3558 3288/6824/3558 3296/6832/3558
f 3298/6834/3558 3288/6824/3558 3297/6833/3558
f 3289/6825/3558 3288/6824/3558 3298/6834/3558
f 3301/6837/3561 3302/6838/3562 3299/6835/3559 3300/6836/3560
f 3304/6840/3564 3301/6837/3561 3300/6836/3560 3303/6839/3563
f 3306/6842/3567 3304/6840/3568 3303/6839/3565 3305/6841/3566
f 3308/6844/3570 3306/6842/3567 3305/6841/3566 3307/6843/3569
f 3310/6846/3572 3308/6844/3570 3307/6843/3569 3309/6845/3571
f 3312/6848/3575 3310/6846/3576 3309/6845/3573 3311/6847/3574
f 3314/6850/3578 3312/6848/3575 3311/6847/3574 3313/6849/3577
f 3316/6852/3580 3314/6850/3578 3313/6849/3577 3315/6851/3579
f 3318/6855/3583 3316/6856/3584 3315/6853/3581 3317/6854/3582
f 3320/6858/3586 3318/6855/3583 3317/6854/3582 3319/6857/3585
f 3322/6860/3588 3320/6858/3586 3319/6857/3585 3321/6859/3587
f 3302/6838/3562 3322/6860/3590 3321/6859/3589 3299/6835/3559
f 3300/6836/3560 3299/6835/3559 3323/6861/3591 3324/6862/3592
f 3303/6839/3563 3300/6836/3560 3324/6862/3592 3325/6863/3593
f 3305/6841/3566 3303/6839/3565 3325/6863/3594 3326/6864/3595
f 3307/6843/3569 3305/6841/3566 3326/6864/3595 3327/6865/3596
f 3309/6845/3571 3307/6843/3569 3327/6865/3596 3328/6866/3597
f 3311/6847/3574 3309/6845/3573 3328/6866/3598 3329/6867/3599
f 3313/6849/3577 3311/6847/3574 3329/6867/3599 3330/6868/3600
f 3315/6851/3579 3313/6849/3577 3330/6868/3600 3331/6869/3601
f 3317/6854/3582 3315/6853/3581 3331/6870/3602 3332/6871/3603
f 3319/6857/3585 3317/6854/3582 3332/6871/3603 3333/6872/3604
f 3321/6859/3587 3319/6857/3585 3333/6872/3604 3334/6873/3605
f 3299/6835/3559 3321/6859/3589 3334/6873/3606 3323/6861/3591
f 3324/6862/3592 3323/6861/3591 3335/6874/3607 3336/6875/3608
f 3325/6863/3593 3324/6862/3592 3336/6875/3608 3337/6876/3609
f 3326/6864/3595 3325/6863/3594 3337/6876/3610 3338/6877/3611
f 3327/6865/3596 3326/6864/3595 3338/6877/3611 3339/6878/3612
f 3328/6866/3597 3327/6865/3596 3339/6878/3612 3340/6879/3613
f 3329/6867/3599 3328/6866/3598 3340/6879/3614 3341/6880/3615
f 3330/6868/3600 3329/6867/3599 3341/6880/3615 3342/6881/3616
f 3331/6869/3601 3330/6868/3600 3342/6881/3616 3343/6882/3617
f 3332/6871/3603 3331/6870/3602 3343/6883/3618 3344/6884/3619
f 3333/6872/3604 3332/6871/3603 3344/6884/3619 3345/6885/3620
f 3334/6873/3605 3333/6872/3604 3345/6885/3620 3346/6886/3621
f 3323/6861/3591 3334/6873/3606 3346/6886/3622 3335/6874/3607
f 3336/6875/3608 3335/6874/3607 3347/6887/3623 3348/6888/3624
f 3337/6876/3609 3336/6875/3608 3348/6888/3624 3349/6889/3625
f 3338/6877/3611 3337/6876/3610 3349/6889/3626 3350/6890/3627
f 3339/6878/3612 3338/6877/3611 3350/6890/3627 3351/6891/3628
f 3340/6879/3613 3339/6878/3612 3351/6891/3628 3352/6892/3629
f 3341/6880/3615 3340/6879/3614 3352/6892/3630 3353/6893/3631
f 3342/6881/3616 3341/6880/3615 3353/6893/3631 3354/6894/3632
f 3343/6882/3617 3342/6881/3616 3354/6894/3632 3355/6895/3633
f 3344/6884/3619 3343/6883/3618 3355/6896/3634 3356/6897/3635
f 3345/6885/3620 3344/6884/3619 3356/6897/3635 3357/6898/3636
f 3346/6886/3621 3345/6885/3620 3357/6898/3636 3358/6899/3637
f 3335/6874/3607 3346/6886/3622 3358/6899/3638 3347/6887/3623
f 3348/6888/3624 3347/6887/3623 3359/6900/3639 3360/6901/3640
f 3349/6889/3625 3348/6888/3624 3360/6901/3640 3361/6902/3641
f 3350/6890/3627 3349/6889/3626 3361/6902/3642 3362/6903/3643
f 3351/6891/3628 3350/6890/3627 3362/6903/3643 3363/6904/3644
f 3352/6892/3629 3351/6891/3628 3363/6904/3644 3364/6905/3645
f 3353/6893/3631 3352/6892/3630 3364/6905/3646 3365/6906/3647
f 3354/6894/3632 3353/6893/3631 3365/6906/3647 3366/6907/3648
f 3355/6895/3633 3354/6894/3632 3366/6907/3648 3367/6908/3649
f 3356/6897/3635 3355/6896/3634 3367/6909/3650 3368/6910/3651
f 3357/6898/3636 3356/6897/3635 3368/6910/3651 3369/6911/3652
f 3358/6899/3637 3357/6898/3636 3369/6911/3652 3370/6912/3653
f 3347/6887/3623 3358/6899/3638 3370/6912/3654 3359/6900/3639
f 3360/6901/3640 3359/6900/3639 3371/6913/3655 3372/6914/3656
f 3361/6902/3641 3360/6901/3640 3372/6914/3656 3373/6915/3657
f 3362/6903/3643 3361/6902/3642 3373/6915/3658 3374/6916/3659
f 3363/6904/3644 3362/6903/3643 3374/6916/3659 3375/6917/3660
f 3364/6905/3645 3363/6904/3644 3375/6917/3660 3376/6918/3661
f 3365/6906/3647 3364/6905/3646 3376/6918/3662 3377/6919/3663
f 3366/6907/3648 3365/6906/3647 3377/6919/3663 3378/6920/3664
f 3367/6908/3649 3366/6907/3648 3378/6920/3664 3379/6921/3665
f 3368/6910/3651 3367/6909/3650 3379/6922/3666 3380/6923/3667
f 3369/6911/3652 3368/6910/3651 3380/6923/3667 3381/6924/3668
f 3370/6912/3653 3369/6911/3652 3381/6924/3668 3382/6925/3669
f 3359/6900/3639 3370/6912/3654 3382/6925/3670 3371/6913/3655
f 3372/6914/3656 3371/6913/3655 3383/6926/3671 3384/6927/3672
f 3373/6915/3657 3372/6914/3656 3384/6927/3672 3385/6928/3673
f 3374/6916/3659 3373/6915/3658 3385/6928/3674 3386/6929/3675
f 3375/6917/3660 3374/6916/3659 3386/6929/3675 3387/6930/3676
f 3376/6918/3661 3375/6917/3660 3387/6930/3676 3388/6931/3677
f 3377/6919/3663 3376/6918/3662 3388/6931/3678 3389/6932/3679
f 3378/6920/3664 3377/6919/3663 3389/6932/3679 3390/6933/3680
f 3379/6921/3665 3378/6920/3664 3390/6933/3680 3391/6934/3681
f 3380/6923/3667 3379/6922/3666 3391/6935/3682 3392/6936/3683
f 3381/6924/3668 3380/6923/3667 3392/6936/3683 3393/6937/3684
f 3382/6925/3669 3381/6924/3668 3393/6937/3684 3394/6938/3685
f 3371/6913/3655 3382/6925/3670 3394/6938/3686 3383/6926/3671
f 3384/6927/3672 3383/6926/3671 3395/6939/3687 3396/6940/3688
f 3385/6928/3673 3384/6927/3672 3396/6940/3688 3397/6941/3689
f 3386/6929/3675 3385/6928/3674 3397/6941/3690 3398/6942/3691
f 3387/6930/3676 3386/6929/3675 3398/6942/3691 3399/6943/3692
f 3388/6931/3677 3387/6930/3676 3399/6943/3692 3400/6944/3693
f 3389/6932/3679 3388/6931/3678 3400/6944/3694 3401/6945/3695
f 3390/6933/3680 3389/6932/3679 3401/6945/3695 3402/6946/3696
f 3391/6934/3681 3390/6933/3680 3402/6946/3696 3403/6947/3697
f 3392/6936/3683 3391/6935/3682 3403/6948/3698 3404/6949/3699
f 3393/6937/3684 3392/6936/3683 3404/6949/3699 3405/6950/3700
f 3394/6938/3685 3393/6937/3684 3405/6950/3700 3406/6951/3701
f 3383/6926/3671 3394/6938/3686 3406/6951/3702 3395/6939/3687
f 3396/6940/3688 3395/6939/3687 3407/6952/3703 3408/6953/3704
f 3397/6941/3689 3396/6940/3688 3408/6953/3704 3409/6954/3705
f 3398/6942/3691 3397/6941/3690 3409/6954/3706 3410/6955/3707
f 3399/6943/3692 3398/6942/3691 3410/6955/3707 3411/6956/3708
f 3400/6944/3693 3399/6943/3692 3411/6956/3708 3412/6957/3709
f 3401/6945/3695 3400/6944/3694 3412/6957/3710 3413/6958/3711
f 3402/6946/3696 3401/6945/3695 3413/6958/3711 3414/6959/3712
f 3403/6947/3697 3402/6946/3696 3414/6959/3712 3415/6960/3713
f 3404/6949/3699 3403/6948/3698 3415/6961/3714 3416/6962/3715
f 3405/6950/3700 3404/6949/3699 3416/6962/3715 3417/6963/3716
f 3406/6951/3701 3405/6950/3700 3417/6963/3716 3418/6964/3717
f 3395/6939/3687 3406/6951/3702 3418/6964/3718 3407/6952/3703
f 3407/6952/3703 3419/6965/3719 3420/6966/3720 3408/6953/3704
f 3408/6953/3704 3420/6966/3720 3421/6967/3721 3409/6954/3705
f 3409/6954/3706 3421/6967/3722 3422/6968/3723 3410/6955/3707
f 3411/6956/3708 3410/6955/3707 3422/6968/3723 3423/6969/3724
f 3424/6970/3725 3412/6957/3709 3411/6956/3708 3423/6969/3724
f 3425/6971/3727 3413/6958/3711 3412/6957/3710 3424/6970/3726
f 3426/6972/3728 3414/6959/3712 3413/6958/3711 3425/6971/3727
f 3427/6973/3729 3415/6960/3713 3414/6959/3712 3426/6972/3728
f 3428/6975/3731 3416/6962/3715 3415/6961/3714 3427/6974/3730
f 3417/6963/3716 3416/6962/3715 3428/6975/3731 3429/6976/3732
f 3417/6963/3716 3429/6976/3732 3430/6977/3733 3418/6964/3717
f 3418/6964/3718 3430/6977/3734 3419/6965/3719 3407/6952/3703
f 3431/6978/3735 3432/6979/3736 3420/6966/3720 3419/6965/3719
f 3432/6979/3736 3433/6980/3737 3421/6967/3721 3420/6966/3720
f 3433/6980/3738 3434/6981/3739 3422/6968/3723 3421/6967/3722
f 3434/6981/3739 3435/6982/3740 3423/6969/3724 3422/6968/3723
f 3435/6982/3740 3436/6983/3741 3424/6970/3725 3423/6969/3724
f 3436/6983/3742 3437/6984/3743 3425/6971/3727 3424/6970/3726
f 3437/6984/3743 3438/6985/3744 3426/6972/3728 3425/6971/3727
f 3438/6985/3744 3439/6986/3745 3427/6973/3729 3426/6972/3728
f 3439/6987/3746 3440/6988/3747 3428/6975/3731 3427/6974/3730
f 3440/6988/3747 3441/6989/3748 3429/6976/3732 3428/6975/3731
f 3441/6989/3748 3442/6990/3749 3430/6977/3733 3429/6976/3732
f 3442/6990/3750 3431/6978/3735 3419/6965/3719 3430/6977/3734
f 3443/6991/3751 3444/6992/3752 3432/6979/3736 3431/6978/3735
f 3444/6992/3752 3445/6993/3753 3433/6980/3737 3432/6979/3736
f 3445/6993/3754 3446/6994/3755 3434/6981/3739 3433/6980/3738
f 3446/6994/3755 3447/6995/3756 3435/6982/3740 3434/6981/3739
f 3447/6995/3756 3448/6996/3757 3436/6983/3741 3435/6982/3740
f 3448/6996/3758 3449/6997/3759 3437/6984/3743 3436/6983/3742
f 3449/6997/3759 3450/6998/3760 3438/6985/3744 3437/6984/3743
f 3450/6998/3760 3451/6999/3761 3439/6986/3745 3438/6985/3744
f 3451/7000/3762 3452/7001/3763 3440/6988/3747 3439/6987/3746
f 3452/7001/3763 3453/7002/3764 3441/6989/3748 3440/6988/3747
f 3453/7002/3764 3454/7003/3765 3442/6990/3749 3441/6989/3748
f 3454/7003/3766 3443/6991/3751 3431/6978/3735 3442/6990/3750
f 3455/7004/3767 3456/7005/3768 3444/6992/3752 3443/6991/3751
f 3456/7005/3768 3457/7006/3769 3445/6993/3753 3444/6992/3752
f 3457/7006/3770 3458/7007/3771 3446/6994/3755 3445/6993/3754
f 3458/7007/3771 3459/7008/3772 3447/6995/3756 3446/6994/3755
f 3459/7008/3772 3460/7009/3773 3448/6996/3757 3447/6995/3756
f 3460/7009/3774 3461/7010/3775 3449/6997/3759 3448/6996/3758
f 3461/7010/3775 3462/7011/3776 3450/6998/3760 3449/6997/3759
f 3462/7011/3776 3463/7012/3777 3451/6999/3761 3450/6998/3760
f 3463/7013/3778 3464/7014/3779 3452/7001/3763 3451/7000/3762
f 3464/7014/3779 3465/7015/3780 3453/7002/3764 3452/7001/3763
f 3465/7015/3780 3466/7016/3781 3454/7003/3765 3453/7002/3764
f 3466/7016/3782 3455/7004/3767 3443/6991/3751 3454/7003/3766
f 3467/7017/3783 3468/7018/3784 3456/7005/3768 3455/7004/3767
f 3468/7018/3784 3469/7019/3785 3457/7006/3769 3456/7005/3768
f 3469/7019/3786 3470/7020/3787 3458/7007/3771 3457/7006/3770
f 3470/7020/3787 3471/7021/3788 3459/7008/3772 3458/7007/3771
f 3471/7021/3788 3472/7022/3789 3460/7009/3773 3459/7008/3772
f 3472/7022/3790 3473/7023/3791 3461/7010/3775 3460/7009/3774
f 3473/7023/3791 3474/7024/3792 3462/7011/3776 3461/7010/3775
f 3474/7024/3792 3475/7025/3793 3463/7012/3777 3462/7011/3776
f 3475/7026/3794 3476/7027/3795 3464/7014/3779 3463/7013/3778
f 3476/7027/3795 3477/7028/3796 3465/7015/3780 3464/7014/3779
f 3477/7028/3796 3478/7029/3797 3466/7016/3781 3465/7015/3780
f 3478/7029/3798 3467/7017/3783 3455/7004/3767 3466/7016/3782
f 3479/7030/3799 3480/7031/3800 3468/7018/3784 3467/7017/3783
f 3480/7031/3800 3481/7032/3801 3469/7019/3785 3468/7018/3784
f 3481/7032/3802 3482/7033/3803 3470/7020/3787 3469/7019/3786
f 3482/7033/3803 3483/7034/3804 3471/7021/3788 3470/7020/3787
f 3483/7034/3804 3484/7035/3805 3472/7022/3789 3471/7021/3788
f 3484/7035/3806 3485/7036/3807 3473/7023/3791 3472/7022/3790
f 3485/7036/3807 3486/7037/3808 3474/7024/3792 3473/7023/3791
f 3486/7037/3808 3487/7038/3809 3475/7025/3793 3474/7024/3792
f 3487/7039/3810 3488/7040/3811 3476/7027/3795 3475/7026/3794
f 3488/7040/3811 3489/7041/3812 3477/7028/3796 3476/7027/3795
f 3489/7041/3812 3490/7042/3813 3478/7029/3797 3477/7028/3796
f 3490/7042/3814 3479/7030/3799 3467/7017/3783 3478/7029/3798
f 3491/7043/3815 3492/7044/3816 3480/7045/3800 3479/7046/3799
f 3492/7044/3816 3493/7047/3817 3481/7048/3801 3480/7045/3800
f 3493/7047/3818 3494/7049/3819 3482/7050/3803 3481/7048/3802
f 3494/7049/3819 3495/7051/3820 3483/7052/3804 3482/7050/3803
f 3495/7051/3820 3496/7053/3821 3484/7054/3805 3483/7052/3804
f 3496/7053/3822 3497/7055/3823 3485/7056/3807 3484/7054/3806
f 3497/7055/3823 3498/7057/3824 3486/7058/3808 3485/7056/3807
f 3498/7057/3824 3499/7059/3825 3487/7060/3809 3486/7058/3808
f 3499/7061/3826 3500/7062/3827 3488/7063/3811 3487/7064/3810
f 3500/7062/3827 3501/7065/3828 3489/7066/3812 3488/7063/3811
f 3501/7065/3828 3502/7067/3829 3490/7068/3813 3489/7066/3812
f 3502/7067/3830 3491/7043/3815 3479/7046/3799 3490/7068/3814
f 3503/7069/3831 3504/7070/3832 3492/7044/3816 3491/7043/3815
f 3504/7070/3832 3505/7071/3833 3493/7047/3817 3492/7044/3816
f 3505/7071/3834 3506/7072/3835 3494/7049/3819 3493/7047/3818
f 3506/7072/3835 3507/7073/3836 3495/7051/3820 3494/7049/3819
f 3507/7073/3836 3508/7074/3837 3496/7053/3821 3495/7051/3820
f 3508/7074/3838 3509/7075/3839 3497/7055/3823 3496/7053/3822
f 3509/7075/3839 3510/7076/3840 3498/7057/3824 3497/7055/3823
f 3510/7076/3840 3511/7077/3841 3499/7059/3825 3498/7057/3824
f 3511/7078/3842 3512/7079/3843 3500/7062/3827 3499/7061/3826
f 3512/7079/3843 3513/7080/3844 3501/7065/3828 3500/7062/3827
f 3513/7080/3844 3514/7081/3845 3502/7067/3829 3501/7065/3828
f 3514/7081/3846 3503/7069/3831 3491/7043/3815 3502/7067/3830
f 3515/7082/3847 3516/7083/3848 3504/7070/3832 3503/7069/3831
f 3516/7083/3848 3517/7084/3849 3505/7071/3833 3504/7070/3832
f 3517/7084/3850 3518/7085/3851 3506/7072/3835 3505/7071/3834
f 3518/7085/3851 3519/7086/3852 3507/7073/3836 3506/7072/3835
f 3519/7086/3852 3520/7087/3853 3508/7074/3837 3507/7073/3836
f 3520/7087/3854 3521/7088/3855 3509/7075/3839 3508/7074/3838
f 3521/7088/3855 3522/7089/3856 3510/7076/3840 3509/7075/3839
f 3522/7089/3856 3523/7090/3857 3511/7077/3841 3510/7076/3840
f 3523/7091/3858 3524/7092/3859 3512/7079/3843 3511/7078/3842
f 3524/7092/3859 3525/7093/3860 3513/7080/3844 3512/7079/3843
f 3525/7093/3860 3526/7094/3861 3514/7081/3845 3513/7080/3844
f 3526/7094/3862 3515/7082/3847 3503/7069/3831 3514/7081/3846
f 3527/7095/3863 3528/7096/3864 3516/7083/3848 3515/7082/3847
f 3528/7096/3864 3529/7097/3865 3517/7084/3849 3516/7083/3848
f 3529/7097/3866 3530/7098/3867 3518/7085/3851 3517/7084/3850
f 3530/7098/3867 3531/7099/3868 3519/7086/3852 3518/7085/3851
f 3531/7099/3868 3532/7100/3869 3520/7087/3853 3519/7086/3852
f 3532/7100/3870 3533/7101/3871 3521/7088/3855 3520/7087/3854
f 3533/7101/3871 3534/7102/3872 3522/7089/3856 3521/7088/3855
f 3534/7102/3872 3535/7103/3873 3523/7090/3857 3522/7089/3856
f 3535/7104/3874 3536/7105/3875 3524/7092/3859 3523/7091/3858
f 3536/7105/3875 3537/7106/3876 3525/7093/3860 3524/7092/3859
f 3537/7106/3876 3538/7107/3877 3526/7094/3861 3525/7093/3860
f 3538/7107/3878 3527/7095/3863 3515/7082/3847 3526/7094/3862
f 3301/6837/3561 3528/7096/3864 3527/7095/3863 3302/6838/3562
f 3304/6840/3564 3529/7097/3865 3528/7096/3864 3301/6837/3561
f 3306/6842/3567 3530/7098/3867 3529/7097/3866 3304/6840/3568
f 3306/6842/3567 3308/6844/3570 3531/7099/3868 3530/7098/3867
f 3531/7099/3868 3308/6844/3570 3310/6846/3572 3532/7100/3869
f 3532/7100/3870 3310/6846/3576 3312/6848/3575 3533/7101/3871
f 3533/7101/3871 3312/6848/3575 3314/6850/3578 3534/7102/3872
f 3534/7102/3872 3314/6850/3578 3316/6852/3580 3535/7103/3873
f 3535/7104/3874 3316/6856/3584 3318/6855/3583 3536/7105/3875
f 3318/6855/3583 3320/6858/3586 3537/7106/3876 3536/7105/3875
f 3322/6860/3588 3538/7107/3877 3537/7106/3876 3320/6858/3586
f 3302/6838/3562 3527/7095/3863 3538/7107/3878 3322/6860/3590
f 3541/7110/3881 3542/7111/3882 3539/7108/3879 3540/7109/3880
f 3544/7113/3884 3541/7110/3881 3540/7109/3880 3543/7112/3883
f 3546/7115/3887 3544/7113/3888 3543/7112/3885 3545/7114/3886
f 3548/7117/3890 3546/7115/3887 3545/7114/3886 3547/7116/3889
f 3550/7119/3892 3548/7117/3890 3547/7116/3889 3549/7118/3891
f 3552/7121/3895 3550/7119/3896 3549/7118/3893 3551/7120/3894
f 3554/7123/3898 3552/7121/3895 3551/7120/3894 3553/7122/3897
f 3556/7125/3900 3554/7123/3898 3553/7122/3897 3555/7124/3899
f 3558/7127/3903 3556/7125/3904 3555/7124/3901 3557/7126/3902
f 3560/7129/3906 3558/7127/3903 3557/7126/3902 3559/7128/3905
f 3562/7131/3908 3560/7129/3906 3559/7128/3905 3561/7130/3907
f 3542/7111/3882 3562/7133/3910 3561/7132/3909 3539/7108/3879
f 3540/7109/3880 3539/7108/3879 3563/7134/3911 3564/7135/3912
f 3543/7112/3883 3540/7109/3880 3564/7135/3912 3565/7136/3913
f 3545/7114/3886 3543/7112/3885 3565/7136/3914 3566/7137/3915
f 3547/7116/3889 3545/7114/3886 3566/7137/3915 3567/7138/3916
f 3549/7118/3891 3547/7116/3889 3567/7138/3916 3568/7139/3917
f 3551/7120/3894 3549/7118/3893 3568/7139/3918 3569/7140/3919
f 3553/7122/3897 3551/7120/3894 3569/7140/3919 3570/7141/3920
f 3555/7124/3899 3553/7122/3897 3570/7141/3920 3571/7142/3921
f 3557/7126/3902 3555/7124/3901 3571/7142/3922 3572/7143/3923
f 3559/7128/3905 3557/7126/3902 3572/7143/3923 3573/7144/3924
f 3561/7130/3907 3559/7128/3905 3573/7144/3924 3574/7145/3925
f 3539/7108/3879 3561/7132/3909 3574/7146/3926 3563/7134/3911
f 3564/7135/3912 3563/7134/3911 3575/7147/3927 3576/7148/3928
f 3565/7136/3913 3564/7135/3912 3576/7148/3928 3577/7149/3929
f 3566/7137/3915 3565/7136/3914 3577/7149/3930 3578/7150/3931
f 3567/7138/3916 3566/7137/3915 3578/7150/3931 3579/7151/3932
f 3568/7139/3917 3567/7138/3916 3579/7151/3932 3580/7152/3933
f 3569/7140/3919 3568/7139/3918 3580/7152/3934 3581/7153/3935
f 3570/7141/3920 3569/7140/3919 3581/7153/3935 3582/7154/3936
f 3571/7142/3921 3570/7141/3920 3582/7154/3936 3583/7155/3937
f 3572/7143/3923 3571/7142/3922 3583/7155/3938 3584/7156/3939
f 3573/7144/3924 3572/7143/3923 3584/7156/3939 3585/7157/3940
f 3574/7145/3925 3573/7144/3924 3585/7157/3940 3586/7158/3941
f 3563/7134/3911 3574/7146/3926 3586/7159/3942 3575/7147/3927
f 3576/7148/3928 3575/7147/3927 3587/7160/3943 3588/7161/3944
f 3577/7149/3929 3576/7148/3928 3588/7161/3944 3589/7162/3945
f 3578/7150/3931 3577/7149/3930 3589/7162/3946 3590/7163/3947
f 3579/7151/3932 3578/7150/3931 3590/7163/3947 3591/7164/3948
f 3580/7152/3933 3579/7151/3932 3591/7164/3948 3592/7165/3949
f 3581/7153/3935 3580/7152/3934 3592/7165/3950 3593/7166/3951
f 3582/7154/3936 3581/7153/3935 3593/7166/3951 3594/7167/3952
f 3583/7155/3937 3582/7154/3936 3594/7167/3952 3595/7168/3953
f 3584/7156/3939 3583/7155/3938 3595/7168/3954 3596/7169/3955
f 3585/7157/3940 3584/7156/3939 3596/7169/3955 3597/7170/3956
f 3586/7158/3941 3585/7157/3940 3597/7170/3956 3598/7171/3957
f 3575/7147/3927 3586/7159/3942 3598/7172/3958 3587/7160/3943
f 3588/7161/3944 3587/7160/3943 3599/7173/3959 3600/7174/3960
f 3589/7162/3945 3588/7161/3944 3600/7174/3960 3601/7175/3961
f 3590/7163/3947 3589/7162/3946 3601/7175/3962 3602/7176/3963
f 3591/7164/3948 3590/7163/3947 3602/7176/3963 3603/7177/3964
f 3592/7165/3949 3591/7164/3948 3603/7177/3964 3604/7178/3965
f 3593/7166/3951 3592/7165/3950 3604/7178/3966 3605/7179/3967
f 3594/7167/3952 3593/7166/3951 3605/7179/3967 3606/7180/3968
f 3595/7168/3953 3594/7167/3952 3606/7180/3968 3607/7181/3969
f 3596/7169/3955 3595/7168/3954 3607/7181/3970 3608/7182/3971
f 3597/7170/3956 3596/7169/3955 3608/7182/3971 3609/7183/3972
f 3598/7171/3957 3597/7170/3956 3609/7183/3972 3610/7184/3973
f 3587/7160/3943 3598/7172/3958 3610/7185/3974 3599/7173/3959
f 3600/7174/3960 3599/7173/3959 3611/7186/3975 3612/7187/3976
f 3601/7175/3961 3600/7174/3960 3612/7187/3976 3613/7188/3977
f 3602/7176/3963 3601/7175/3962 3613/7188/3978 3614/7189/3979
f 3603/7177/3964 3602/7176/3963 3614/7189/3979 3615/7190/3980
f 3604/7178/3965 3603/7177/3964 3615/7190/3980 3616/7191/3981
f 3605/7179/3967 3604/7178/3966 3616/7191/3982 3617/7192/3983
f 3606/7180/3968 3605/7179/3967 3617/7192/3983 3618/7193/3984
f 3607/7181/3969 3606/7180/3968 3618/7193/3984 3619/7194/3985
f 3608/7182/3971 3607/7181/3970 3619/7194/3986 3620/7195/3987
f 3609/7183/3972 3608/7182/3971 3620/7195/3987 3621/7196/3988
f 3610/7184/3973 3609/7183/3972 3621/7196/3988 3622/7197/3989
f 3599/7173/3959 3610/7185/3974 3622/7198/3990 3611/7186/3975
f 3612/7187/3976 3611/7186/3975 3623/7199/3991 3624/7200/3992
f 3613/7188/3977 3612/7187/3976 3624/7200/3992 3625/7201/3993
f 3614/7189/3979 3613/7188/3978 3625/7201/3994 3626/7202/3995
f 3615/7190/3980 3614/7189/3979 3626/7202/3995 3627/7203/3996
f 3616/7191/3981 3615/7190/3980 3627/7203/3996 3628/7204/3997
f 3617/7192/3983 3616/7191/3982 3628/7204/3998 3629/7205/3999
f 3618/7193/3984 3617/7192/3983 3629/7205/3999 3630/7206/4000
f 3619/7194/3985 3618/7193/3984 3630/7206/4000 3631/7207/4001
f 3620/7195/3987 3619/7194/3986 3631/7207/4002 3632/7208/4003
f 3621/7196/3988 3620/7195/3987 3632/7208/4003 3633/7209/4004
f 3622/7197/3989 3621/7196/3988 3633/7209/4004 3634/7210/4005
f 3611/7186/3975 3622/7198/3990 3634/7211/4006 3623/7199/3991
f 3624/7200/3992 3623/7199/3991 3635/7212/4007 3636/7213/4008
f 3625/7201/3993 3624/7200/3992 3636/7213/4008 3637/7214/4009
f 3626/7202/3995 3625/7201/3994 3637/7214/4010 3638/7215/4011
f 3627/7203/3996 3626/7202/3995 3638/7215/4011 3639/7216/4012
f 3628/7204/3997 3627/7203/3996 3639/7216/4012 3640/7217/4013
f 3629/7205/3999 3628/7204/3998 3640/7217/4014 3641/7218/4015
f 3630/7206/4000 3629/7205/3999 3641/7218/4015 3642/7219/4016
f 3631/7207/4001 3630/7206/4000 3642/7219/4016 3643/7220/4017
f 3632/7208/4003 3631/7207/4002 3643/7220/4018 3644/7221/4019
f 3633/7209/4004 3632/7208/4003 3644/7221/4019 3645/7222/4020
f 3634/7210/4005 3633/7209/4004 3645/7222/4020 3646/7223/4021
f 3623/7199/3991 3634/7211/4006 3646/7224/4022 3635/7212/4007
f 3636/7213/4008 3635/7212/4007 3647/7225/4023 3648/7226/4024
f 3637/7214/4009 3636/7213/4008 3648/7226/4024 3649/7227/4025
f 3638/7215/4011 3637/7214/4010 3649/7227/4026 3650/7228/4027
f 3639/7216/4012 3638/7215/4011 3650/7228/4027 3651/7229/4028
f 3640/7217/4013 3639/7216/4012 3651/7229/4028 3652/7230/4029
f 3641/7218/4015 3640/7217/4014 3652/7230/4030 3653/7231/4031
f 3642/7219/4016 3641/7218/4015 3653/7231/4031 3654/7232/4032
f 3643/7220/4017 3642/7219/4016 3654/7232/4032 3655/7233/4033
f 3644/7221/4019 3643/7220/4018 3655/7233/4034 3656/7234/4035
f 3645/7222/4020 3644/7221/4019 3656/7234/4035 3657/7235/4036
f 3646/7223/4021 3645/7222/4020 3657/7235/4036 3658/7236/4037
f 3635/7212/4007 3646/7224/4022 3658/7237/4038 3647/7225/4023
f 3647/7225/4023 3659/7238/4039 3660/7239/4040 3648/7226/4024
f 3648/7226/4024 3660/7239/4040 3661/7240/4041 3649/7227/4025
f 3649/7227/4026 3661/7240/4042 3662/7241/4043 3650/7228/4027
f 3651/7229/4028 3650/7228/4027 3662/7241/4043 3663/7242/4044
f 3664/7243/4045 3652/7230/4029 3651/7229/4028 3663/7242/4044
f 3665/7244/4047 3653/7231/4031 3652/7230/4030 3664/7243/4046
f 3666/7245/4048 3654/7232/4032 3653/7231/4031 3665/7244/4047
f 3667/7246/4049 3655/7233/4033 3654/7232/4032 3666/7245/4048
f 3668/7247/4051 3656/7234/4035 3655/7233/4034 3667/7246/4050
f 3657/7235/4036 3656/7234/4035 3668/7247/4051 3669/7248/4052
f 3657/7235/4036 3669/7248/4052 3670/7249/4053 3658/7236/4037
f 3658/7237/4038 3670/7250/4054 3659/7238/4039 3647/7225/4023
f 3671/7251/4055 3672/7252/4056 3660/7239/4040 3659/7238/4039
f 3672/7252/4056 3673/7253/4057 3661/7240/4041 3660/7239/4040
f 3673/7253/4058 3674/7254/4059 3662/7241/4043 3661/7240/4042
f 3674/7254/4059 3675/7255/4060 3663/7242/4044 3662/7241/4043
f 3675/7255/4060 3676/7256/4061 3664/7243/4045 3663/7242/4044
f 3676/7256/4062 3677/7257/4063 3665/7244/4047 3664/7243/4046
f 3677/7257/4063 3678/7258/4064 3666/7245/4048 3665/7244/4047
f 3678/7258/4064 3679/7259/4065 3667/7246/4049 3666/7245/4048
f 3679/7259/4066 3680/7260/4067 3668/7247/4051 3667/7246/4050
f 3680/7260/4067 3681/7261/4068 3669/7248/4052 3668/7247/4051
f 3681/7261/4068 3682/7262/4069 3670/7249/4053 3669/7248/4052
f 3682/7263/4070 3671/7251/4055 3659/7238/4039 3670/7250/4054
f 3683/7264/4071 3684/7265/4072 3672/7252/4056 3671/7251/4055
f 3684/7265/4072 3685/7266/4073 3673/7253/4057 3672/7252/4056
f 3685/7266/4074 3686/7267/4075 3674/7254/4059 3673/7253/4058
f 3686/7267/4075 3687/7268/4076 3675/7255/4060 3674/7254/4059
f 3687/7268/4076 3688/7269/4077 3676/7256/4061 3675/7255/4060
f 3688/7269/4078 3689/7270/4079 3677/7257/4063 3676/7256/4062
f 3689/7270/4079 3690/7271/4080 3678/7258/4064 3677/7257/4063
f 3690/7271/4080 3691/7272/4081 3679/7259/4065 3678/7258/4064
f 3691/7272/4082 3692/7273/4083 3680/7260/4067 3679/7259/4066
f 3692/7273/4083 3693/7274/4084 3681/7261/4068 3680/7260/4067
f 3693/7274/4084 3694/7275/4085 3682/7262/4069 3681/7261/4068
f 3694/7276/4086 3683/7264/4071 3671/7251/4055 3682/7263/4070
f 3695/7277/4087 3696/7278/4088 3684/7265/4072 3683/7264/4071
f 3696/7278/4088 3697/7279/4089 3685/7266/4073 3684/7265/4072
f 3697/7279/4090 3698/7280/4091 3686/7267/4075 3685/7266/4074
f 3698/7280/4091 3699/7281/4092 3687/7268/4076 3686/7267/4075
f 3699/7281/4092 3700/7282/4093 3688/7269/4077 3687/7268/4076
f 3700/7282/4094 3701/7283/4095 3689/7270/4079 3688/7269/4078
f 3701/7283/4095 3702/7284/4096 3690/7271/4080 3689/7270/4079
f 3702/7284/4096 3703/7285/4097 3691/7272/4081 3690/7271/4080
f 3703/7285/4098 3704/7286/4099 3692/7273/4083 3691/7272/4082
f 3704/7286/4099 3705/7287/4100 3693/7274/4084 3692/7273/4083
f 3705/7287/4100 3706/7288/4101 3694/7275/4085 3693/7274/4084
f 3706/7289/4102 3695/7277/4087 3683/7264/4071 3694/7276/4086
f 3707/7290/4103 3708/7291/4104 3696/7278/4088 3695/7277/4087
f 3708/7291/4104 3709/7292/4105 3697/7279/4089 3696/7278/4088
f 3709/7292/4106 3710/7293/4107 3698/7280/4091 3697/7279/4090
f 3710/7293/4107 3711/7294/4108 3699/7281/4092 3698/7280/4091
f 3711/7294/4108 3712/7295/4109 3700/7282/4093 3699/7281/4092
f 3712/7295/4110 3713/7296/4111 3701/7283/4095 3700/7282/4094
f 3713/7296/4111 3714/7297/4112 3702/7284/4096 3701/7283/4095
f 3714/7297/4112 3715/7298/4113 3703/7285/4097 3702/7284/4096
f 3715/7298/4114 3716/7299/4115 3704/7286/4099 3703/7285/4098
f 3716/7299/4115 3717/7300/4116 3705/7287/4100 3704/7286/4099
f 3717/7300/4116 3718/7301/4117 3706/7288/4101 3705/7287/4100
f 3718/7302/4118 3707/7290/4103 3695/7277/4087 3706/7289/4102
f 3719/7303/4119 3720/7304/4120 3708/7291/4104 3707/7290/4103
f 3720/7304/4120 3721/7305/4121 3709/7292/4105 3708/7291/4104
f 3721/7305/4122 3722/7306/4123 3710/7293/4107 3709/7292/4106
f 3722/7306/4123 3723/7307/4124 3711/7294/4108 3710/7293/4107
f 3723/7307/4124 3724/7308/4125 3712/7295/4109 3711/7294/4108
f 3724/7308/4126 3725/7309/4127 3713/7296/4111 3712/7295/4110
f 3725/7309/4127 3726/7310/4128 3714/7297/4112 3713/7296/4111
f 3726/7310/4128 3727/7311/4129 3715/7298/4113 3714/7297/4112
f 3727/7311/4130 3728/7312/4131 3716/7299/4115 3715/7298/4114
f 3728/7312/4131 3729/7313/4132 3717/7300/4116 3716/7299/4115
f 3729/7313/4132 3730/7314/4133 3718/7301/4117 3717/7300/4116
f 3730/7315/4134 3719/7303/4119 3707/7290/4103 3718/7302/4118
f 3731/7316/4135 3732/7317/4136 3720/7318/4120 3719/7319/4119
f 3732/7317/4136 3733/7320/4137 3721/7321/4121 3720/7318/4120
f 3733/7320/4138 3734/7322/4139 3722/7323/4123 3721/7321/4122
f 3734/7322/4139 3735/7324/4140 3723/7325/4124 3722/7323/4123
f 3735/7324/4140 3736/7326/4141 3724/7327/4125 3723/7325/4124
f 3736/7326/4142 3737/7328/4143 3725/7329/4127 3724/7327/4126
f 3737/7328/4143 3738/7330/4144 3726/7331/4128 3725/7329/4127
f 3738/7330/4144 3739/7332/4145 3727/7333/4129 3726/7331/4128
f 3739/7332/4146 3740/7334/4147 3728/7335/4131 3727/7333/4130
f 3740/7334/4147 3741/7336/4148 3729/7337/4132 3728/7335/4131
f 3741/7336/4148 3742/7338/4149 3730/7339/4133 3729/7337/4132
f 3742/7340/4150 3731/7316/4135 3719/7319/4119 3730/7341/4134
f 3743/7342/4151 3744/7343/4152 3732/7317/4136 3731/7316/4135
f 3744/7343/4152 3745/7344/4153 3733/7320/4137 3732/7317/4136
f 3745/7344/4154 3746/7345/4155 3734/7322/4139 3733/7320/4138
f 3746/7345/4155 3747/7346/4156 3735/7324/4140 3734/7322/4139
f 3747/7346/4156 3748/7347/4157 3736/7326/4141 3735/7324/4140
f 3748/7347/4158 3749/7348/4159 3737/7328/4143 3736/7326/4142
f 3749/7348/4159 3750/7349/4160 3738/7330/4144 3737/7328/4143
f 3750/7349/4160 3751/7350/4161 3739/7332/4145 3738/7330/4144
f 3751/7350/4162 3752/7351/4163 3740/7334/4147 3739/7332/4146
f 3752/7351/4163 3753/7352/4164 3741/7336/4148 3740/7334/4147
f 3753/7352/4164 3754/7353/4165 3742/7338/4149 3741/7336/4148
f 3754/7354/4166 3743/7342/4151 3731/7316/4135 3742/7340/4150
f 3755/7355/4167 3756/7356/4168 3744/7343/4152 3743/7342/4151
f 3756/7356/4168 3757/7357/4169 3745/7344/4153 3744/7343/4152
f 3757/7357/4170 3758/7358/4171 3746/7345/4155 3745/7344/4154
f 3758/7358/4171 3759/7359/4172 3747/7346/4156 3746/7345/4155
f 3759/7359/4172 3760/7360/4173 3748/7347/4157 3747/7346/4156
f 3760/7360/4174 3761/7361/4175 3749/7348/4159 3748/7347/4158
f 3761/7361/4175 3762/7362/4176 3750/7349/4160 3749/7348/4159
f 3762/7362/4176 3763/7363/4177 3751/7350/4161 3750/7349/4160
f 3763/7363/4178 3764/7364/4179 3752/7351/4163 3751/7350/4162
f 3764/7364/4179 3765/7365/4180 3753/7352/4164 3752/7351/4163
f 3765/7365/4180 3766/7366/4181 3754/7353/4165 3753/7352/4164
f 3766/7367/4182 3755/7355/4167 3743/7342/4151 3754/7354/4166
f 3767/7368/4183 3768/7369/4184 3756/7356/4168 3755/7355/4167
f 3768/7369/4184 3769/7370/4185 3757/7357/4169 3756/7356/4168
f 3769/7370/4186 3770/7371/4187 3758/7358/4171 3757/7357/4170
f 3770/7371/4187 3771/7372/4188 3759/7359/4172 3758/7358/4171
f 3771/7372/4188 3772/7373/4189 3760/7360/4173 3759/7359/4172
f 3772/7373/4190 3773/7374/4191 3761/7361/4175 3760/7360/4174
f 3773/7374/4191 3774/7375/4192 3762/7362/4176 3761/7361/4175
f 3774/7375/4192 3775/7376/4193 3763/7363/4177 3762/7362/4176
f 3775/7376/4194 3776/7377/4195 3764/7364/4179 3763/7363/4178
f 3776/7377/4195 3777/7378/4196 3765/7365/4180 3764/7364/4179
f 3777/7378/4196 3778/7379/4197 3766/7366/4181 3765/7365/4180
f 3778/7380/4198 3767/7368/4183 3755/7355/4167 3766/7367/4182
f 3541/7110/3881 3768/7369/4184 3767/7368/4183 3542/7111/3882
f 3544/7113/3884 3769/7370/4185 3768/7369/4184 3541/7110/3881
f 3546/7115/3887 3770/7371/4187 3769/7370/4186 3544/7113/3888
f 3546/7115/3887 3548/7117/3890 3771/7372/4188 3770/7371/4187
f 3771/7372/4188 3548/7117/3890 3550/7119/3892 3772/7373/4189
f 3772/7373/4190 3550/7119/3896 3552/7121/3895 3773/7374/4191
f 3773/7374/4191 3552/7121/3895 3554/7123/3898 3774/7375/4192
f 3774/7375/4192 3554/7123/3898 3556/7125/3900 3775/7376/4193
f 3775/7376/4194 3556/7125/3904 3558/7127/3903 3776/7377/4195
f 3558/7127/3903 3560/7129/3906 3777/7378/4196 3776/7377/4195
f 3562/7131/3908 3778/7379/4197 3777/7378/4196 3560/7129/3906
f 3542/7111/3882 3767/7368/4183 3778/7380/4198 3562/7133/3910
f 3780/7383/4200 17/7384/17 16/7381/16 3779/7382/4199
f 3782/7386/4203 3780/7383/4204 3779/7382/4201 3781/7385/4202
f 3784/7388/4206 3782/7386/4203 3781/7385/4202 3783/7387/4205
f 3786/7390/4208 3784/7388/4206 3783/7387/4205 3785/7389/4207
f 10/7392/10 3786/7390/4210 3785/7389/4209 11/7391/11
f 3787/7393/4211 3788/7394/4212 3789/7395/4213 3790/7396/4214
f 3779/7382/4199 16/7381/16 15/7397/15 3791/7398/4215
f 3781/7385/4202 3779/7382/4201 3791/7398/4216 3792/7399/4217
f 3783/7387/4205 3781/7385/4202 3792/7399/4217 3793/7400/4218
f 3785/7389/4207 3783/7387/4205 3793/7400/4218 3794/7401/4219
f 11/7391/11 3785/7389/4209 3794/7401/4220 1/7402/1
f 3786/7390/4210 10/7392/10 9/7403/9 3795/7404/4221
f 3796/7405/4222 3787/7393/4211 3790/7396/4214 3797/7406/4223
f 3791/7398/4215 15/7397/15 14/7407/14 3798/7408/4224
f 3792/7399/4217 3791/7398/4216 3798/7408/4225 3799/7409/4226
f 3793/7400/4218 3792/7399/4217 3799/7409/4226 3800/7410/4227
f 3794/7401/4219 3793/7400/4218 3800/7410/4227 3801/7411/4228
f 1/7402/1 3794/7401/4220 3801/7411/4229 2/7412/2
f 3784/7388/4206 3786/7390/4208 3795/7404/4230 3788/7394/4212
f 18/7413/18 3796/7405/4231 3797/7406/4232 19/7414/19
f 3798/7408/4224 14/7407/14 13/7415/13 3802/7416/4233
f 3799/7409/4226 3798/7408/4225 3802/7416/4234 3803/7417/4235
f 3800/7410/4227 3799/7409/4226 3803/7417/4235 3804/7418/4236
f 3801/7411/4228 3800/7410/4227 3804/7418/4236 3805/7419/4237
f 2/7412/2 3801/7411/4229 3805/7419/4238 3/7420/3
f 3782/7386/4203 3784/7388/4206 3788/7394/4212 3787/7393/4211
f 3788/7394/4212 3795/7404/4230 3806/7421/4239 3789/7395/4213
f 3802/7416/4233 13/7415/13 12/7422/12 3807/7423/4240
f 3803/7417/4235 3802/7416/4234 3807/7423/4241 3808/7424/4242
f 3804/7418/4236 3803/7417/4235 3808/7424/4242 3809/7425/4243
f 3805/7419/4237 3804/7418/4236 3809/7425/4243 3810/7426/4244
f 3/7420/3 3805/7419/4238 3810/7426/4245 4/7427/4
f 3780/7383/4204 3782/7386/4203 3787/7393/4211 3796/7405/4222
f 3806/7421/4246 8/7428/8 7/7429/7 3811/7430/4247
f 22/7431/22 3812/7432/4248 3807/7423/4240 12/7422/12
f 3812/7432/4249 3813/7433/4250 3808/7424/4242 3807/7423/4241
f 3813/7433/4250 3814/7434/4251 3809/7425/4243 3808/7424/4242
f 3814/7434/4251 3815/7435/4252 3810/7426/4244 3809/7425/4243
f 3815/7435/4253 5/7436/5 4/7427/4 3810/7426/4245
f 17/7384/17 3780/7383/4200 3796/7405/4231 18/7413/18
f 3789/7395/4213 3806/7421/4239 3811/7430/4254 3816/7437/4255
f 21/7438/21 3817/7439/4256 3812/7432/4248 22/7431/22
f 3817/7439/4257 3818/7440/4258 3813/7433/4250 3812/7432/4249
f 3818/7440/4258 3819/7441/4259 3814/7434/4251 3813/7433/4250
f 3819/7441/4259 3820/7442/4260 3815/7435/4252 3814/7434/4251
f 3820/7442/4261 6/7443/6 5/7436/5 3815/7435/4253
f 3790/7396/4214 3789/7395/4213 3816/7437/4255 3821/7444/4262
f 3797/7406/4223 3790/7396/4214 3821/7444/4262 3822/7445/4263
f 20/7446/20 3822/7447/4264 3817/7439/4256 21/7438/21
f 3822/7447/4263 3821/7448/4262 3818/7440/4258 3817/7439/4257
f 3821/7448/4262 3816/7449/4255 3819/7441/4259 3818/7440/4258
f 3816/7449/4255 3811/7450/4254 3820/7442/4260 3819/7441/4259
f 3811/7450/4247 7/7451/7 6/7443/6 3820/7442/4261
f 3795/7404/4221 9/7403/9 8/7428/8 3806/7421/4246
f 19/7414/19 3797/7406/4232 3822/7445/4264 20/7452/20
f 3824/7454/4266 3825/7455/4267 3826/7456/4268 3823/7453/4265
f 3827/7457/4270 3828/7458/4271 3825/7455/4272 3824/7454/4269
f 3829/7459/4273 3830/7460/4274 3828/7458/4271 3827/7457/4270
f 3830/7460/4274 3829/7459/4273 3831/7461/4275 3832/7462/4276
f 3832/7462/4280 3831/7461/4277 3833/7463/4278 3834/7464/4279
f 3835/7465/4281 3824/7454/4266 3823/7453/4265
f 3836/7466/4283 3827/7457/4270 3824/7454/4269 3835/7465/4282
f 3829/7459/4273 3827/7457/4270 3836/7466/4283 3837/7467/4284
f 3831/7461/4275 3829/7459/4273 3837/7467/4284 3838/7468/4285
f 3838/7468/4286 3833/7463/4278 3831/7461/4277
f 3839/7469/4287 3835/7465/4281 3823/7453/4265
f 3836/7466/4283 3835/7465/4282 3839/7469/4288 3840/7470/4289
f 3837/7467/4284 3836/7466/4283 3840/7470/4289 3841/7471/4290
f 3838/7468/4285 3837/7467/4284 3841/7471/4290 3842/7472/4291
f 3842/7472/4292 3833/7463/4278 3838/7468/4286
f 3839/7469/4287 3823/7453/4265 3843/7473/4293 3844/7474/4294
f 3840/7470/4289 3839/7469/4288 3844/7474/4295 3845/7475/4296
f 3841/7471/4290 3840/7470/4289 3845/7475/4296 3846/7476/4297
f 3842/7472/4291 3841/7471/4290 3846/7476/4297 3847/7477/4298
f 3833/7463/4278 3842/7472/4292 3847/7477/4299 3848/7478/4300
f 3849/7479/4301 3844/7474/4294 3843/7473/4293
f 3845/7475/4296 3844/7474/4295 3849/7479/4302 3850/7480/4303
f 3846/7476/4297 3845/7475/4296 3850/7480/4303 3851/7481/4304
f 3847/7477/4298 3846/7476/4297 3851/7481/4304 3852/7482/4305
f 3852/7482/4306 3848/7478/4300 3847/7477/4299
f 3853/7483/4307 3849/7479/4301 3843/7473/4293
f 3850/7480/4303 3849/7479/4302 3853/7483/4308 3854/7484/4309
f 3851/7481/4304 3850/7480/4303 3854/7484/4309 3855/7485/4310
f 3856/7486/4311 3852/7482/4305 3851/7481/4304 3855/7485/4310
f 3856/7486/4312 3848/7478/4300 3852/7482/4306
f 3843/7473/4293 3857/7487/4313 3858/7488/4314 3853/7483/4307
f 3853/7483/4308 3858/7488/4315 3859/7489/4316 3854/7484/4309
f 3860/7490/4317 3855/7485/4310 3854/7484/4309 3859/7489/4316
f 3861/7491/4318 3856/7486/4311 3855/7485/4310 3860/7490/4317
f 3862/7492/4320 3848/7478/4300 3856/7486/4312 3861/7491/4319
f 3863/7493/4321 3858/7488/4314 3857/7487/4313
f 3863/7493/4322 3864/7494/4323 3859/7489/4316 3858/7488/4315
f 3864/7494/4323 3865/7495/4324 3860/7490/4317 3859/7489/4316
f 3866/7496/4325 3861/7491/4318 3860/7490/4317 3865/7495/4324
f 3866/7496/4326 3862/7492/4320 3861/7491/4319
f 3867/7497/4327 3863/7493/4321 3857/7487/4313
f 3867/7498/4328 3868/7499/4329 3864/7500/4323 3863/7501/4322
f 3868/7499/4329 3869/7502/4330 3865/7503/4324 3864/7500/4323
f 3869/7502/4330 3870/7504/4331 3866/7505/4325 3865/7503/4324
f 3870/7506/4332 3862/7492/4320 3866/7496/4326
f 3826/7456/4268 3871/7507/4333 3867/7497/4327 3857/7487/4313
f 3871/7508/4334 3872/7509/4335 3868/7499/4329 3867/7498/4328
f 3872/7509/4335 3873/7510/4336 3869/7502/4330 3868/7499/4329
f 3873/7510/4336 3874/7511/4337 3870/7504/4331 3869/7502/4330
f 3874/7512/4338 3834/7464/4279 3862/7492/4320 3870/7506/4332
f 3875/7513/4339 3871/7507/4333 3826/7456/4268
f 3875/7514/4340 3876/7515/4341 3872/7509/4335 3871/7508/4334
f 3876/7515/4341 3877/7516/4342 3873/7510/4336 3872/7509/4335
f 3877/7516/4342 3878/7517/4343 3874/7511/4337 3873/7510/4336
f 3878/7518/4344 3834/7464/4279 3874/7512/4338
f 3825/7455/4267 3875/7513/4339 3826/7456/4268
f 3828/7458/4271 3876/7519/4341 3875/7513/4340 3825/7455/4272
f 3828/7458/4271 3830/7460/4274 3877/7520/4342 3876/7519/4341
f 3830/7460/4274 3832/7462/4276 3878/7518/4343 3877/7520/4342
f 3832/7462/4280 3834/7464/4279 3878/7518/4344
f 3834/7464/4279 3833/7463/4278 3848/7478/4300 3862/7492/4320
f 3823/7453/4265 3826/7456/4268 3857/7487/4313 3843/7473/4293
f 3879/7521/4345 3880/7522/4346 3881/7523/4347 3882/7524/4348
f 3880/7525/4349 3883/7526/4350 3884/7527/4351 3881/7528/4352
f 3883/7526/4350 3885/7529/4353 3886/7530/4354 3884/7527/4351
f 3885/7529/4353 3887/7531/4355 3888/7532/4356 3886/7530/4354
f 3887/7533/4357 3889/7534/4358 3890/7535/4359 3888/7536/4360
f 3891/7537/4361 3880/7522/4346 3879/7521/4345
f 3892/7539/4363 3883/7526/4350 3880/7525/4349 3891/7538/4362
f 3892/7539/4363 3893/7540/4364 3885/7529/4353 3883/7526/4350
f 3885/7529/4353 3893/7540/4364 3894/7541/4365 3887/7531/4355
f 3894/7542/4366 3889/7534/4358 3887/7533/4357
f 3895/7543/4367 3891/7537/4361 3879/7521/4345
f 3892/7546/4363 3891/7547/4362 3895/7544/4368 3896/7545/4369
f 3893/7549/4364 3892/7546/4363 3896/7545/4369 3897/7548/4370
f 3894/7551/4365 3893/7549/4364 3897/7548/4370 3898/7550/4371
f 3898/7552/4372 3889/7534/4358 3894/7542/4366
f 3895/7544/4367 3879/7555/4345 3899/7553/4373 3900/7554/4374
f 3896/7545/4369 3895/7544/4368 3900/7554/4375 3901/7556/4376
f 3897/7548/4370 3896/7545/4369 3901/7556/4376 3902/7557/4377
f 3898/7550/4371 3897/7548/4370 3902/7557/4377 3903/7558/4378
f 3889/7534/4358 3898/7552/4372 3903/7559/4379 3904/7560/4380
f 3905/7561/4381 3900/7554/4374 3899/7553/4373
f 3901/7556/4376 3900/7554/4375 3905/7561/4382 3906/7562/4383
f 3902/7557/4377 3901/7556/4376 3906/7562/4383 3907/7563/4384
f 3903/7558/4378 3902/7557/4377 3907/7563/4384 3908/7564/4385
f 3908/7565/4386 3904/7560/4380 3903/7559/4379
f 3909/7566/4387 3905/7561/4381 3899/7553/4373
f 3906/7562/4383 3905/7561/4382 3909/7566/4388 3910/7567/4389
f 3907/7563/4384 3906/7562/4383 3910/7567/4389 3911/7568/4390
f 3908/7564/4385 3907/7563/4384 3911/7568/4390 3912/7569/4391
f 3912/7570/4392 3904/7560/4380 3908/7565/4386
f 3909/7566/4387 3899/7553/4373 3913/7571/4393 3914/7572/4394
f 3910/7567/4389 3909/7566/4388 3914/7572/4395 3915/7573/4396
f 3911/7568/4390 3910/7567/4389 3915/7573/4396 3916/7574/4397
f 3912/7577/4391 3911/7578/4390 3916/7575/4397 3917/7576/4398
f 3904/7580/4380 3912/7577/4392 3917/7576/4399 3918/7579/4400
f 3919/7581/4401 3914/7572/4394 3913/7571/4393
f 3914/7572/4395 3919/7581/4402 3920/7582/4403 3915/7573/4396
f 3916/7574/4397 3915/7573/4396 3920/7582/4403 3921/7583/4404
f 3922/7585/4405 3917/7576/4398 3916/7575/4397 3921/7584/4404
f 3922/7585/4406 3918/7579/4400 3917/7576/4399
f 3923/7586/4407 3919/7581/4401 3913/7571/4393
f 3923/7587/4408 3924/7588/4409 3920/7589/4403 3919/7590/4402
f 3924/7591/4409 3925/7592/4410 3921/7583/4404 3920/7582/4403
f 3925/7593/4410 3926/7594/4411 3922/7585/4405 3921/7584/4404
f 3926/7594/4412 3918/7579/4400 3922/7585/4406
f 3882/7595/4348 3927/7596/4413 3923/7597/4407 3913/7598/4393
f 3927/7596/4414 3928/7599/4415 3924/7600/4409 3923/7597/4408
f 3928/7601/4415 3929/7602/4416 3925/7603/4410 3924/7604/4409
f 3929/7602/4416 3930/7605/4417 3926/7606/4411 3925/7603/4410
f 3930/7605/4418 3890/7535/4359 3918/7607/4400 3926/7606/4412
f 3931/7608/4419 3927/7609/4413 3882/7610/4348
f 3931/7608/4420 3932/7611/4421 3928/7601/4415 3927/7609/4414
f 3932/7611/4421 3933/7612/4422 3929/7602/4416 3928/7601/4415
f 3933/7612/4422 3934/7613/4423 3930/7605/4417 3929/7602/4416
f 3934/7613/4424 3890/7535/4359 3930/7605/4418
f 3881/7614/4347 3931/7608/4419 3882/7610/4348
f 3881/7528/4352 3884/7527/4351 3932/7615/4421 3931/7616/4420
f 3884/7527/4351 3886/7530/4354 3933/7617/4422 3932/7615/4421
f 3886/7530/4354 3888/7532/4356 3934/7618/4423 3933/7617/4422
f 3888/7536/4360 3890/7535/4359 3934/7613/4424
f 3890/7535/4359 3889/7534/4358 3904/7560/4380 3918/7607/4400
f 3879/7555/4345 3882/7619/4348 3913/7571/4393 3899/7553/4373
f 3935/7620/4425 3936/7621/4426 3937/7622/4427 3938/7623/4428
f 3936/7621/4429 3939/7624/4430 3940/7625/4431 3937/7622/4432
f 3939/7624/4430 3941/7626/4433 3942/7627/4434 3940/7625/4431
f 3941/7626/4433 3943/7628/4435 3944/7629/4436 3942/7627/4434
f 3943/7628/4437 3945/7630/4438 3946/7631/4439 3944/7629/4440
f 3947/7632/4441 3936/7621/4426 3935/7620/4425
f 3947/7632/4442 3948/7633/4443 3939/7624/4430 3936/7621/4429
f 3948/7633/4443 3949/7634/4444 3941/7626/4433 3939/7624/4430
f 3949/7634/4444 3950/7635/4445 3943/7628/4435 3941/7626/4433
f 3950/7635/4446 3945/7630/4438 3943/7628/4437
f 3951/7636/4447 3947/7632/4441 3935/7620/4425
f 3952/7637/4449 3948/7633/4443 3947/7632/4442 3951/7636/4448
f 3949/7634/4444 3948/7633/4443 3952/7637/4449 3953/7638/4450
f 3949/7634/4444 3953/7638/4450 3954/7639/4451 3950/7635/4445
f 3954/7639/4452 3945/7630/4438 3950/7635/4446
f 3951/7636/4447 3935/7620/4425 3955/7640/4453 3956/7641/4454
f 3952/7637/4449 3951/7636/4448 3956/7641/4455 3957/7642/4456
f 3953/7638/4450 3952/7637/4449 3957/7642/4456 3958/7643/4457
f 3954/7639/4451 3953/7638/4450 3958/7643/4457 3959/7644/4458
f 3945/7630/4438 3954/7639/4452 3959/7644/4459 3960/7645/4460
f 3961/7646/4461 3956/7641/4454 3955/7640/4453
f 3957/7642/4456 3956/7641/4455 3961/7646/4462 3962/7647/4463
f 3958/7643/4457 3957/7642/4456 3962/7647/4463 3963/7648/4464
f 3959/7644/4458 3958/7643/4457 3963/7648/4464 3964/7649/4465
f 3964/7649/4466 3960/7645/4460 3959/7644/4459
f 3965/7650/4467 3961/7646/4461 3955/7640/4453
f 3962/7647/4463 3961/7646/4462 3965/7650/4468 3966/7651/4469
f 3963/7648/4464 3962/7647/4463 3966/7651/4469 3967/7652/4470
f 3964/7649/4465 3963/7648/4464 3967/7652/4470 3968/7653/4471
f 3968/7653/4472 3960/7645/4460 3964/7649/4466
f 3965/7650/4467 3955/7640/4453 3969/7654/4473 3970/7655/4474
f 3966/7651/4469 3965/7650/4468 3970/7655/4475 3971/7656/4476
f 3967/7652/4470 3966/7651/4469 3971/7656/4476 3972/7657/4477
f 3968/7653/4471 3967/7652/4470 3972/7657/4477 3973/7658/4478
f 3960/7645/4460 3968/7653/4472 3973/7658/4479 3974/7659/4480
f 3975/7660/4481 3970/7661/4474 3969/7662/4473
f 3971/7664/4476 3970/7661/4475 3975/7660/4482 3976/7663/4483
f 3972/7666/4477 3971/7664/4476 3976/7663/4483 3977/7665/4484
f 3973/7668/4478 3972/7666/4477 3977/7665/4484 3978/7667/4485
f 3978/7667/4486 3974/7669/4480 3973/7668/4479
f 3979/7670/4487 3975/7660/4481 3969/7662/4473
f 3975/7660/4482 3979/7670/4488 3980/7671/4489 3976/7663/4483
f 3980/7671/4489 3981/7672/4490 3977/7665/4484 3976/7663/4483
f 3982/7673/4491 3978/7667/4485 3977/7665/4484 3981/7672/4490
f 3982/7673/4492 3974/7669/4480 3978/7667/4486
f 3938/7674/4428 3983/7675/4493 3979/7670/4487 3969/7662/4473
f 3983/7675/4494 3984/7676/4495 3980/7671/4489 3979/7670/4488
f 3984/7676/4495 3985/7677/4496 3981/7672/4490 3980/7671/4489
f 3985/7677/4496 3986/7678/4497 3982/7673/4491 3981/7672/4490
f 3986/7678/4498 3946/7679/4439 3974/7669/4480 3982/7673/4492
f 3987/7680/4499 3983/7675/4493 3938/7674/4428
f 3987/7680/4500 3988/7681/4501 3984/7676/4495 3983/7675/4494
f 3988/7681/4501 3989/7682/4502 3985/7677/4496 3984/7676/4495
f 3989/7682/4502 3990/7683/4503 3986/7678/4497 3985/7677/4496
f 3990/7683/4504 3946/7679/4439 3986/7678/4498
f 3937/7684/4427 3987/7680/4499 3938/7674/4428
f 3937/7684/4432 3940/7685/4431 3988/7681/4501 3987/7680/4500
f 3940/7685/4431 3942/7686/4434 3989/7682/4502 3988/7681/4501
f 3942/7686/4434 3944/7687/4436 3990/7683/4503 3989/7682/4502
f 3944/7687/4440 3946/7679/4439 3990/7683/4504
f 3946/7631/4439 3945/7630/4438 3960/7645/4460 3974/7659/4480
f 3935/7620/4425 3938/7623/4428 3969/7654/4473 3955/7640/4453
f 3991/7688/4505 3992/7689/4506 3993/7690/4507 3994/7691/4508
f 3992/7689/4509 3995/7692/4510 3996/7693/4511 3993/7690/4512
f 3995/7692/4510 3997/7694/4513 3998/7695/4514 3996/7693/4511
f 3997/7694/4513 3999/7696/4515 4000/7697/4516 3998/7695/4514
f 3999/7696/4517 4001/7698/4518 4002/7699/4519 4000/7697/4520
f 4003/7700/4521 3992/7689/4506 3991/7688/4505
f 4003/7700/4522 4004/7701/4523 3995/7692/4510 3992/7689/4509
f 4004/7701/4523 4005/7702/4524 3997/7694/4513 3995/7692/4510
f 4005/7702/4524 4006/7703/4525 3999/7696/4515 3997/7694/4513
f 4006/7703/4526 4001/7698/4518 3999/7696/4517
f 4007/7704/4527 4003/7700/4521 3991/7688/4505
f 4007/7704/4528 4008/7705/4529 4004/7701/4523 4003/7700/4522
f 4008/7705/4529 4009/7706/4530 4005/7702/4524 4004/7701/4523
f 4009/7706/4530 4010/7707/4531 4006/7703/4525 4005/7702/4524
f 4010/7707/4532 4001/7698/4518 4006/7703/4526
f 4011/7708/4533 4012/7709/4534 4007/7704/4527 3991/7688/4505
f 4012/7709/4535 4013/7710/4536 4008/7705/4529 4007/7704/4528
f 4013/7710/4536 4014/7711/4537 4009/7706/4530 4008/7705/4529
f 4014/7711/4537 4015/7712/4538 4010/7707/4531 4009/7706/4530
f 4015/7712/4539 4016/7713/4540 4001/7698/4518 4010/7707/4532
f 4017/7714/4541 4012/7709/4534 4011/7708/4533
f 4018/7715/4543 4013/7710/4536 4012/7709/4535 4017/7714/4542
f 4014/7711/4537 4013/7710/4536 4018/7715/4543 4019/7716/4544
f 4014/7711/4537 4019/7716/4544 4020/7717/4545 4015/7712/4538
f 4020/7717/4546 4016/7713/4540 4015/7712/4539
f 4021/7718/4547 4017/7714/4541 4011/7708/4533
f 4018/7715/4543 4017/7714/4542 4021/7718/4548 4022/7719/4549
f 4019/7716/4544 4018/7715/4543 4022/7719/4549 4023/7720/4550
f 4020/7717/4545 4019/7716/4544 4023/7720/4550 4024/7721/4551
f 4024/7721/4552 4016/7713/4540 4020/7717/4546
f 4021/7718/4547 4011/7708/4533 4025/7722/4553 4026/7723/4554
f 4022/7719/4549 4021/7718/4548 4026/7723/4555 4027/7724/4556
f 4023/7720/4550 4022/7719/4549 4027/7724/4556 4028/7725/4557
f 4024/7721/4551 4023/7720/4550 4028/7725/4557 4029/7726/4558
f 4016/7713/4540 4024/7721/4552 4029/7726/4559 4030/7727/4560
f 4031/7728/4561 4026/7723/4554 4025/7722/4553
f 4027/7724/4556 4026/7723/4555 4031/7728/4562 4032/7729/4563
f 4028/7725/4557 4027/7724/4556 4032/7729/4563 4033/7730/4564
f 4029/7726/4558 4028/7725/4557 4033/7730/4564 4034/7731/4565
f 4034/7731/4566 4030/7727/4560 4029/7726/4559
f 4035/7732/4567 4031/7728/4561 4025/7722/4553
f 4032/7735/4563 4031/7736/4562 4035/7733/4568 4036/7734/4569
f 4033/7738/4564 4032/7735/4563 4036/7734/4569 4037/7737/4570
f 4034/7740/4565 4033/7738/4564 4037/7737/4570 4038/7739/4571
f 4038/7741/4572 4030/7727/4560 4034/7731/4566
f 4035/7732/4567 4025/7722/4553 3994/7691/4508 4039/7742/4573
f 4036/7734/4569 4035/7733/4568 4039/7743/4574 4040/7744/4575
f 4037/7737/4570 4036/7734/4569 4040/7744/4575 4041/7745/4576
f 4038/7739/4571 4037/7737/4570 4041/7745/4576 4042/7746/4577
f 4030/7727/4560 4038/7741/4572 4042/7747/4578 4002/7699/4519
f 4043/7748/4579 4039/7742/4573 3994/7691/4508
f 4039/7743/4574 4043/7749/4580 4044/7750/4581 4040/7744/4575
f 4044/7750/4581 4045/7751/4582 4041/7745/4576 4040/7744/4575
f 4046/7752/4583 4042/7746/4577 4041/7745/4576 4045/7751/4582
f 4046/7753/4584 4002/7699/4519 4042/7747/4578
f 3993/7690/4507 4043/7748/4579 3994/7691/4508
f 3993/7690/4512 3996/7693/4511 4044/7754/4581 4043/7748/4580
f 3996/7693/4511 3998/7695/4514 4045/7755/4582 4044/7754/4581
f 3998/7695/4514 4000/7697/4516 4046/7753/4583 4045/7755/4582
f 4000/7697/4520 4002/7699/4519 4046/7753/4584
f 4001/7698/4518 4016/7713/4540 4030/7727/4560 4002/7699/4519
f 4011/7708/4533 3991/7688/4505 3994/7691/4508 4025/7722/4553
f 4047/7756/4585 4048/7757/4586 4049/7758/4587 4050/7759/4588
f 4048/7757/4589 4051/7760/4590 4052/7761/4591 4049/7758/4592
f 4051/7760/4590 4053/7762/4593 4054/7763/4594 4052/7761/4591
f 4053/7762/4593 4055/7764/4595 4056/7765/4596 4054/7763/4594
f 4055/7764/4597 4057/7766/4598 4058/7767/4599 4056/7765/4600
f 4059/7768/4601 4048/7757/4586 4047/7756/4585
f 4059/7768/4602 4060/7769/4603 4051/7760/4590 4048/7757/4589
f 4060/7769/4603 4061/7770/4604 4053/7762/4593 4051/7760/4590
f 4061/7770/4604 4062/7771/4605 4055/7764/4595 4053/7762/4593
f 4062/7771/4606 4057/7766/4598 4055/7764/4597
f 4063/7772/4607 4059/7768/4601 4047/7756/4585
f 4063/7772/4608 4064/7773/4609 4060/7769/4603 4059/7768/4602
f 4064/7773/4609 4065/7774/4610 4061/7770/4604 4060/7769/4603
f 4065/7774/4610 4066/7775/4611 4062/7771/4605 4061/7770/4604
f 4066/7775/4612 4057/7766/4598 4062/7771/4606
f 4067/7776/4613 4068/7777/4614 4063/7772/4607 4047/7756/4585
f 4068/7777/4615 4069/7778/4616 4064/7773/4609 4063/7772/4608
f 4069/7778/4616 4070/7779/4617 4065/7774/4610 4064/7773/4609
f 4070/7779/4617 4071/7780/4618 4066/7775/4611 4065/7774/4610
f 4071/7780/4619 4072/7781/4620 4057/7766/4598 4066/7775/4612
f 4073/7782/4621 4068/7777/4614 4067/7776/4613
f 4074/7783/4623 4069/7778/4616 4068/7777/4615 4073/7782/4622
f 4074/7783/4623 4075/7784/4624 4070/7779/4617 4069/7778/4616
f 4070/7779/4617 4075/7784/4624 4076/7785/4625 4071/7780/4618
f 4076/7785/4626 4072/7781/4620 4071/7780/4619
f 4077/7786/4627 4073/7782/4621 4067/7776/4613
f 4074/7783/4623 4073/7782/4622 4077/7786/4628 4078/7787/4629
f 4075/7784/4624 4074/7783/4623 4078/7787/4629 4079/7788/4630
f 4076/7785/4625 4075/7784/4624 4079/7788/4630 4080/7789/4631
f 4080/7789/4632 4072/7781/4620 4076/7785/4626
f 4077/7786/4627 4067/7776/4613 4081/7790/4633 4082/7791/4634
f 4078/7787/4629 4077/7786/4628 4082/7791/4635 4083/7792/4636
f 4079/7788/4630 4078/7787/4629 4083/7792/4636 4084/7793/4637
f 4080/7789/4631 4079/7788/4630 4084/7793/4637 4085/7794/4638
f 4072/7781/4620 4080/7789/4632 4085/7794/4639 4086/7795/4640
f 4087/7796/4641 4082/7797/4634 4081/7798/4633
f 4083/7800/4636 4082/7797/4635 4087/7796/4642 4088/7799/4643
f 4084/7802/4637 4083/7800/4636 4088/7799/4643 4089/7801/4644
f 4085/7804/4638 4084/7802/4637 4089/7801/4644 4090/7803/4645
f 4090/7803/4646 4086/7805/4640 4085/7804/4639
f 4091/7806/4647 4087/7796/4641 4081/7798/4633
f 4088/7799/4643 4087/7796/4642 4091/7806/4648 4092/7807/4649
f 4089/7801/4644 4088/7799/4643 4092/7807/4649 4093/7808/4650
f 4090/7803/4645 4089/7801/4644 4093/7808/4650 4094/7809/4651
f 4094/7809/4652 4086/7805/4640 4090/7803/4646
f 4091/7806/4647 4081/7798/4633 4050/7810/4588 4095/7811/4653
f 4092/7807/4649 4091/7806/4648 4095/7811/4654 4096/7812/4655
f 4093/7808/4650 4092/7807/4649 4096/7812/4655 4097/7813/4656
f 4094/7809/4651 4093/7808/4650 4097/7813/4656 4098/7814/4657
f 4086/7805/4640 4094/7809/4652 4098/7814/4658 4058/7815/4599
f 4099/7816/4659 4095/7811/4653 4050/7810/4588
f 4095/7811/4654 4099/7816/4660 4100/7817/4661 4096/7812/4655
f 4097/7813/4656 4096/7812/4655 4100/7817/4661 4101/7818/4662
f 4102/7819/4663 4098/7814/4657 4097/7813/4656 4101/7818/4662
f 4102/7819/4664 4058/7815/4599 4098/7814/4658
f 4049/7820/4587 4099/7816/4659 4050/7810/4588
f 4049/7820/4592 4052/7821/4591 4100/7817/4661 4099/7816/4660
f 4052/7821/4591 4054/7822/4594 4101/7818/4662 4100/7817/4661
f 4054/7822/4594 4056/7823/4596 4102/7819/4663 4101/7818/4662
f 4056/7823/4600 4058/7815/4599 4102/7819/4664
f 4072/7781/4620 4086/7795/4640 4058/7767/4599 4057/7766/4598
f 4081/7790/4633 4067/7776/4613 4047/7756/4585 4050/7759/4588
f 4103/7824/4665 4104/7825/4666 4105/7826/4667 4106/7827/4668
f 4104/7825/4669 4107/7828/4670 4108/7829/4671 4105/7826/4672
f 4107/7828/4670 4109/7830/4673 4110/7831/4674 4108/7829/4671
f 4109/7830/4673 4111/7832/4675 4112/7833/4676 4110/7831/4674
f 4111/7832/4677 4113/7834/4678 4114/7835/4679 4112/7833/4680
f 4115/7836/4681 4104/7825/4666 4103/7824/4665
f 4115/7836/4682 4116/7837/4683 4107/7828/4670 4104/7825/4669
f 4116/7837/4683 4117/7838/4684 4109/7830/4673 4107/7828/4670
f 4117/7838/4684 4118/7839/4685 4111/7832/4675 4109/7830/4673
f 4118/7839/4686 4113/7834/4678 4111/7832/4677
f 4119/7840/4687 4115/7836/4681 4103/7824/4665
f 4119/7840/4688 4120/7841/4689 4116/7837/4683 4115/7836/4682
f 4120/7841/4689 4121/7842/4690 4117/7838/4684 4116/7837/4683
f 4121/7842/4690 4122/7843/4691 4118/7839/4685 4117/7838/4684
f 4122/7843/4692 4113/7834/4678 4118/7839/4686
f 4123/7844/4693 4124/7845/4694 4119/7840/4687 4103/7824/4665
f 4124/7845/4695 4125/7846/4696 4120/7841/4689 4119/7840/4688
f 4125/7846/4696 4126/7847/4697 4121/7842/4690 4120/7841/4689
f 4126/7847/4697 4127/7848/4698 4122/7843/4691 4121/7842/4690
f 4127/7848/4699 4128/7849/4700 4113/7834/4678 4122/7843/4692
f 4129/7850/4701 4124/7845/4694 4123/7844/4693
f 4129/7850/4702 4130/7851/4703 4125/7846/4696 4124/7845/4695
f 4130/7851/4703 4131/7852/4704 4126/7847/4697 4125/7846/4696
f 4131/7852/4704 4132/7853/4705 4127/7848/4698 4126/7847/4697
f 4132/7853/4706 4128/7849/4700 4127/7848/4699
f 4133/7854/4707 4129/7850/4701 4123/7844/4693
f 4134/7855/4709 4130/7851/4703 4129/7850/4702 4133/7854/4708
f 4134/7855/4709 4135/7856/4710 4131/7852/4704 4130/7851/4703
f 4131/7852/4704 4135/7856/4710 4136/7857/4711 4132/7853/4705
f 4136/7857/4712 4128/7849/4700 4132/7853/4706
f 4133/7854/4707 4123/7844/4693 4137/7858/4713 4138/7859/4714
f 4134/7855/4709 4133/7854/4708 4138/7859/4715 4139/7860/4716
f 4135/7856/4710 4134/7855/4709 4139/7860/4716 4140/7861/4717
f 4136/7857/4711 4135/7856/4710 4140/7861/4717 4141/7862/4718
f 4128/7849/4700 4136/7857/4712 4141/7862/4719 4142/7863/4720
f 4143/7864/4721 4138/7859/4714 4137/7858/4713
f 4139/7860/4716 4138/7859/4715 4143/7864/4722 4144/7865/4723
f 4140/7861/4717 4139/7860/4716 4144/7865/4723 4145/7866/4724
f 4141/7862/4718 4140/7861/4717 4145/7866/4724 4146/7867/4725
f 4146/7867/4726 4142/7863/4720 4141/7862/4719
f 4147/7868/4727 4143/7864/4721 4137/7858/4713
f 4144/7871/4723 4143/7872/4722 4147/7869/4728 4148/7870/4729
f 4145/7874/4724 4144/7871/4723 4148/7870/4729 4149/7873/4730
f 4146/7876/4725 4145/7874/4724 4149/7873/4730 4150/7875/4731
f 4150/7877/4732 4142/7863/4720 4146/7867/4726
f 4147/7868/4727 4137/7858/4713 4106/7827/4668 4151/7878/4733
f 4148/7870/4729 4147/7869/4728 4151/7879/4734 4152/7880/4735
f 4149/7873/4730 4148/7870/4729 4152/7880/4735 4153/7881/4736
f 4150/7875/4731 4149/7873/4730 4153/7881/4736 4154/7882/4737
f 4142/7863/4720 4150/7877/4732 4154/7883/4738 4114/7835/4679
f 4155/7884/4739 4151/7878/4733 4106/7827/4668
f 4152/7880/4735 4151/7879/4734 4155/7885/4740 4156/7886/4741
f 4153/7881/4736 4152/7880/4735 4156/7886/4741 4157/7887/4742
f 4154/7882/4737 4153/7881/4736 4157/7887/4742 4158/7888/4743
f 4158/7889/4744 4114/7835/4679 4154/7883/4738
f 4105/7826/4667 4155/7884/4739 4106/7827/4668
f 4155/7884/4740 4105/7826/4672 4108/7829/4671 4156/7890/4741
f 4157/7891/4742 4156/7890/4741 4108/7829/4671 4110/7831/4674
f 4112/7833/4676 4158/7889/4743 4157/7891/4742 4110/7831/4674
f 4112/7833/4680 4114/7835/4679 4158/7889/4744
f 4128/7849/4700 4142/7863/4720 4114/7835/4679 4113/7834/4678
f 4137/7858/4713 4123/7844/4693 4103/7824/4665 4106/7827/4668
f 4161/7894/4747 4162/7895/4748 4159/7892/4745 4160/7893/4746
f 4164/7897/4751 4161/7894/4752 4160/7893/4749 4163/7896/4750
f 4166/7899/4754 4164/7897/4751 4163/7896/4750 4165/7898/4753
f 4168/7901/4756 4166/7899/4754 4165/7898/4753 4167/7900/4755
f 4170/7903/4759 4168/7901/4760 4167/7900/4757 4169/7902/4758
f 4171/7904/4761 4160/7893/4746 4159/7892/4745
f 4160/7893/4749 4171/7904/4762 4172/7905/4763 4163/7896/4750
f 4172/7905/4763 4173/7906/4764 4165/7898/4753 4163/7896/4750
f 4174/7907/4765 4167/7900/4755 4165/7898/4753 4173/7906/4764
f 4174/7907/4766 4169/7902/4758 4167/7900/4757
f 4175/7908/4767 4171/7904/4761 4159/7892/4745
f 4175/7908/4768 4176/7909/4769 4172/7905/4763 4171/7904/4762
f 4176/7909/4769 4177/7910/4770 4173/7906/4764 4172/7905/4763
f 4177/7910/4770 4178/7911/4771 4174/7907/4765 4173/7906/4764
f 4178/7911/4772 4169/7902/4758 4174/7907/4766
f 4179/7912/4773 4180/7913/4774 4175/7908/4767 4159/7892/4745
f 4180/7913/4775 4181/7914/4776 4176/7909/4769 4175/7908/4768
f 4181/7914/4776 4182/7915/4777 4177/7910/4770 4176/7909/4769
f 4182/7915/4777 4183/7916/4778 4178/7911/4771 4177/7910/4770
f 4183/7916/4779 4184/7917/4780 4169/7902/4758 4178/7911/4772
f 4185/7918/4781 4180/7913/4774 4179/7912/4773
f 4185/7918/4782 4186/7919/4783 4181/7914/4776 4180/7913/4775
f 4186/7919/4783 4187/7920/4784 4182/7915/4777 4181/7914/4776
f 4187/7920/4784 4188/7921/4785 4183/7916/4778 4182/7915/4777
f 4188/7921/4786 4184/7917/4780 4183/7916/4779
f 4189/7922/4787 4185/7918/4781 4179/7912/4773
f 4189/7922/4788 4190/7923/4789 4186/7919/4783 4185/7918/4782
f 4190/7923/4789 4191/7924/4790 4187/7920/4784 4186/7919/4783
f 4191/7924/4790 4192/7925/4791 4188/7921/4785 4187/7920/4784
f 4192/7925/4792 4184/7917/4780 4188/7921/4786
f 4193/7926/4793 4194/7927/4794 4189/7922/4787 4179/7912/4773
f 4194/7927/4795 4195/7928/4796 4190/7923/4789 4189/7922/4788
f 4195/7928/4796 4196/7929/4797 4191/7924/4790 4190/7923/4789
f 4196/7929/4797 4197/7930/4798 4192/7925/4791 4191/7924/4790
f 4197/7930/4799 4198/7931/4800 4184/7917/4780 4192/7925/4792
f 4199/7932/4801 4194/7927/4794 4193/7926/4793
f 4200/7933/4803 4195/7928/4796 4194/7927/4795 4199/7932/4802
f 4196/7929/4797 4195/7928/4796 4200/7933/4803 4201/7934/4804
f 4196/7929/4797 4201/7934/4804 4202/7935/4805 4197/7930/4798
f 4202/7935/4806 4198/7931/4800 4197/7930/4799
f 4203/7936/4807 4199/7932/4801 4193/7926/4793
f 4200/7939/4803 4199/7940/4802 4203/7937/4808 4204/7938/4809
f 4201/7942/4804 4200/7939/4803 4204/7938/4809 4205/7941/4810
f 4202/7944/4805 4201/7942/4804 4205/7941/4810 4206/7943/4811
f 4206/7945/4812 4198/7931/4800 4202/7935/4806
f 4203/7936/4807 4193/7926/4793 4162/7895/4748 4207/7946/4813
f 4204/7938/4809 4203/7937/4808 4207/7947/4814 4208/7948/4815
f 4205/7941/4810 4204/7938/4809 4208/7948/4815 4209/7949/4816
f 4206/7943/4811 4205/7941/4810 4209/7949/4816 4210/7950/4817
f 4198/7931/4800 4206/7945/4812 4210/7951/4818 4170/7903/4759
f 4211/7952/4819 4207/7946/4813 4162/7895/4748
f 4208/7948/4815 4207/7947/4814 4211/7953/4820 4212/7954/4821
f 4209/7949/4816 4208/7948/4815 4212/7954/4821 4213/7955/4822
f 4210/7950/4817 4209/7949/4816 4213/7955/4822 4214/7956/4823
f 4214/7957/4824 4170/7903/4759 4210/7951/4818
f 4161/7894/4747 4211/7952/4819 4162/7895/4748
f 4212/7958/4821 4211/7952/4820 4161/7894/4752 4164/7897/4751
f 4213/7959/4822 4212/7958/4821 4164/7897/4751 4166/7899/4754
f 4214/7957/4823 4213/7959/4822 4166/7899/4754 4168/7901/4756
f 4168/7901/4760 4170/7903/4759 4214/7957/4824
f 4184/7917/4780 4198/7931/4800 4170/7903/4759 4169/7902/4758
f 4193/7926/4793 4179/7912/4773 4159/7892/4745 4162/7895/4748
f 4217/7962/4827 4218/7963/4828 4215/7960/4825 4216/7961/4826
f 4220/7965/4831 4217/7962/4832 4216/7961/4829 4219/7964/4830
f 4222/7967/4834 4220/7965/4831 4219/7964/4830 4221/7966/4833
f 4224/7969/4836 4222/7967/4834 4221/7966/4833 4223/7968/4835
f 4226/7971/4839 4224/7969/4840 4223/7968/4837 4225/7970/4838
f 4227/7972/4841 4216/7961/4826 4215/7960/4825
f 4219/7964/4830 4216/7961/4829 4227/7972/4842 4228/7973/4843
f 4221/7966/4833 4219/7964/4830 4228/7973/4843 4229/7974/4844
f 4223/7968/4835 4221/7966/4833 4229/7974/4844 4230/7975/4845
f 4230/7975/4846 4225/7970/4838 4223/7968/4837
f 4231/7976/4847 4227/7972/4841 4215/7960/4825
f 4227/7972/4842 4231/7976/4848 4232/7977/4849 4228/7973/4843
f 4232/7977/4849 4233/7978/4850 4229/7974/4844 4228/7973/4843
f 4234/7979/4851 4230/7975/4845 4229/7974/4844 4233/7978/4850
f 4234/7979/4852 4225/7970/4838 4230/7975/4846
f 4235/7980/4853 4236/7981/4854 4231/7976/4847 4215/7960/4825
f 4236/7981/4855 4237/7982/4856 4232/7977/4849 4231/7976/4848
f 4237/7982/4856 4238/7983/4857 4233/7978/4850 4232/7977/4849
f 4238/7983/4857 4239/7984/4858 4234/7979/4851 4233/7978/4850
f 4239/7984/4859 4240/7985/4860 4225/7970/4838 4234/7979/4852
f 4241/7986/4861 4236/7981/4854 4235/7980/4853
f 4241/7986/4862 4242/7987/4863 4237/7982/4856 4236/7981/4855
f 4242/7987/4863 4243/7988/4864 4238/7983/4857 4237/7982/4856
f 4243/7988/4864 4244/7989/4865 4239/7984/4858 4238/7983/4857
f 4244/7989/4866 4240/7985/4860 4239/7984/4859
f 4245/7990/4867 4241/7986/4861 4235/7980/4853
f 4245/7990/4868 4246/7991/4869 4242/7987/4863 4241/7986/4862
f 4246/7991/4869 4247/7992/4870 4243/7988/4864 4242/7987/4863
f 4247/7992/4870 4248/7993/4871 4244/7989/4865 4243/7988/4864
f 4248/7993/4872 4240/7985/4860 4244/7989/4866
f 4249/7994/4873 4250/7995/4874 4245/7990/4867 4235/7980/4853
f 4250/7995/4875 4251/7996/4876 4246/7991/4869 4245/7990/4868
f 4251/7996/4876 4252/7997/4877 4247/7992/4870 4246/7991/4869
f 4252/7997/4877 4253/7998/4878 4248/7993/4871 4247/7992/4870
f 4253/7998/4879 4254/7999/4880 4240/7985/4860 4248/7993/4872
f 4255/8000/4881 4250/8001/4874 4249/8002/4873
f 4255/8000/4882 4256/8003/4883 4251/8004/4876 4250/8001/4875
f 4256/8003/4883 4257/8005/4884 4252/8006/4877 4251/8004/4876
f 4257/8005/4884 4258/8007/4885 4253/8008/4878 4252/8006/4877
f 4258/8007/4886 4254/8009/4880 4253/8008/4879
f 4259/8010/4887 4255/8000/4881 4249/8002/4873
f 4260/8011/4889 4256/8003/4883 4255/8000/4882 4259/8010/4888
f 4257/8005/4884 4256/8003/4883 4260/8011/4889 4261/8012/4890
f 4257/8005/4884 4261/8012/4890 4262/8013/4891 4258/8007/4885
f 4262/8013/4892 4254/8009/4880 4258/8007/4886
f 4259/8010/4887 4249/8002/4873 4218/8014/4828 4263/8015/4893
f 4260/8011/4889 4259/8010/4888 4263/8015/4894 4264/8016/4895
f 4261/8012/4890 4260/8011/4889 4264/8016/4895 4265/8017/4896
f 4262/8013/4891 4261/8012/4890 4265/8017/4896 4266/8018/4897
f 4254/8009/4880 4262/8013/4892 4266/8018/4898 4226/8019/4839
f 4267/8020/4899 4263/8015/4893 4218/8014/4828
f 4264/8016/4895 4263/8015/4894 4267/8020/4900 4268/8021/4901
f 4265/8017/4896 4264/8016/4895 4268/8021/4901 4269/8022/4902
f 4266/8018/4897 4265/8017/4896 4269/8022/4902 4270/8023/4903
f 4270/8023/4904 4226/8019/4839 4266/8018/4898
f 4217/8024/4827 4267/8020/4899 4218/8014/4828
f 4268/8021/4901 4267/8020/4900 4217/8024/4832 4220/8025/4831
f 4269/8022/4902 4268/8021/4901 4220/8025/4831 4222/8026/4834
f 4270/8023/4903 4269/8022/4902 4222/8026/4834 4224/8027/4836
f 4224/8027/4840 4226/8019/4839 4270/8023/4904
f 4240/7985/4860 4254/7999/4880 4226/7971/4839 4225/7970/4838
f 4249/7994/4873 4235/7980/4853 4215/7960/4825 4218/7963/4828
f 4273/8030/4907 4274/8031/4908 4271/8028/4905 4272/8029/4906
f 4276/8033/4911 4273/8030/4912 4272/8029/4909 4275/8032/4910
f 4278/8035/4914 4276/8033/4911 4275/8032/4910 4277/8034/4913
f 4280/8037/4916 4278/8035/4914 4277/8034/4913 4279/8036/4915
f 4282/8039/4919 4280/8037/4920 4279/8036/4917 4281/8038/4918
f 4283/8040/4921 4272/8029/4906 4271/8028/4905
f 4275/8032/4910 4272/8029/4909 4283/8040/4922 4284/8041/4923
f 4277/8034/4913 4275/8032/4910 4284/8041/4923 4285/8042/4924
f 4279/8036/4915 4277/8034/4913 4285/8042/4924 4286/8043/4925
f 4286/8043/4926 4281/8038/4918 4279/8036/4917
f 4287/8044/4927 4283/8040/4921 4271/8028/4905
f 4283/8040/4922 4287/8044/4928 4288/8045/4929 4284/8041/4923
f 4285/8042/4924 4284/8041/4923 4288/8045/4929 4289/8046/4930
f 4290/8047/4931 4286/8043/4925 4285/8042/4924 4289/8046/4930
f 4290/8047/4932 4281/8038/4918 4286/8043/4926
f 4291/8048/4933 4292/8049/4934 4287/8044/4927 4271/8028/4905
f 4292/8049/4935 4293/8050/4936 4288/8045/4929 4287/8044/4928
f 4293/8050/4936 4294/8051/4937 4289/8046/4930 4288/8045/4929
f 4294/8051/4937 4295/8052/4938 4290/8047/4931 4289/8046/4930
f 4295/8052/4939 4296/8053/4940 4281/8038/4918 4290/8047/4932
f 4297/8054/4941 4292/8049/4934 4291/8048/4933
f 4297/8054/4942 4298/8055/4943 4293/8050/4936 4292/8049/4935
f 4298/8055/4943 4299/8056/4944 4294/8051/4937 4293/8050/4936
f 4299/8056/4944 4300/8057/4945 4295/8052/4938 4294/8051/4937
f 4300/8057/4946 4296/8053/4940 4295/8052/4939
f 4301/8058/4947 4297/8054/4941 4291/8048/4933
f 4301/8058/4948 4302/8059/4949 4298/8055/4943 4297/8054/4942
f 4302/8059/4949 4303/8060/4950 4299/8056/4944 4298/8055/4943
f 4303/8060/4950 4304/8061/4951 4300/8057/4945 4299/8056/4944
f 4304/8061/4952 4296/8053/4940 4300/8057/4946
f 4305/8062/4953 4306/8063/4954 4301/8058/4947 4291/8048/4933
f 4306/8063/4955 4307/8064/4956 4302/8059/4949 4301/8058/4948
f 4307/8064/4956 4308/8065/4957 4303/8060/4950 4302/8059/4949
f 4308/8065/4957 4309/8066/4958 4304/8061/4951 4303/8060/4950
f 4309/8066/4959 4310/8067/4960 4296/8053/4940 4304/8061/4952
f 4311/8068/4961 4306/8063/4954 4305/8062/4953
f 4311/8068/4962 4312/8069/4963 4307/8064/4956 4306/8063/4955
f 4312/8069/4963 4313/8070/4964 4308/8065/4957 4307/8064/4956
f 4313/8070/4964 4314/8071/4965 4309/8066/4958 4308/8065/4957
f 4314/8071/4966 4310/8067/4960 4309/8066/4959
f 4315/8072/4967 4311/8068/4961 4305/8062/4953
f 4316/8074/4969 4312/8075/4963 4311/8076/4962 4315/8073/4968
f 4316/8074/4969 4317/8077/4970 4313/8078/4964 4312/8075/4963
f 4313/8078/4964 4317/8077/4970 4318/8079/4971 4314/8080/4965
f 4318/8081/4972 4310/8067/4960 4314/8071/4966
f 4315/8072/4967 4305/8062/4953 4274/8031/4908 4319/8082/4973
f 4316/8074/4969 4315/8073/4968 4319/8083/4974 4320/8084/4975
f 4317/8077/4970 4316/8074/4969 4320/8084/4975 4321/8085/4976
f 4318/8079/4971 4317/8077/4970 4321/8085/4976 4322/8086/4977
f 4310/8067/4960 4318/8081/4972 4322/8087/4978 4282/8039/4919
f 4323/8088/4979 4319/8082/4973 4274/8031/4908
f 4320/8084/4975 4319/8083/4974 4323/8089/4980 4324/8090/4981
f 4321/8085/4976 4320/8084/4975 4324/8090/4981 4325/8091/4982
f 4322/8086/4977 4321/8085/4976 4325/8091/4982 4326/8092/4983
f 4326/8093/4984 4282/8039/4919 4322/8087/4978
f 4273/8030/4907 4323/8088/4979 4274/8031/4908
f 4324/8094/4981 4323/8088/4980 4273/8030/4912 4276/8033/4911
f 4325/8095/4982 4324/8094/4981 4276/8033/4911 4278/8035/4914
f 4326/8093/4983 4325/8095/4982 4278/8035/4914 4280/8037/4916
f 4280/8037/4920 4282/8039/4919 4326/8093/4984
f 4310/8067/4960 4282/8039/4919 4281/8038/4918 4296/8053/4940
f 4274/8031/4908 4305/8062/4953 4291/8048/4933 4271/8028/4905
f 4329/8098/4987 4330/8099/4988 4327/8096/4985 4328/8097/4986
f 4332/8101/4991 4329/8098/4992 4328/8097/4989 4331/8100/4990
f 4334/8103/4994 4332/8101/4991 4331/8100/4990 4333/8102/4993
f 4336/8105/4996 4334/8103/4994 4333/8102/4993 4335/8104/4995
f 4338/8107/4999 4336/8105/5000 4335/8104/4997 4337/8106/4998
f 4339/8108/5001 4328/8097/4986 4327/8096/4985
f 4331/8100/4990 4328/8097/4989 4339/8108/5002 4340/8109/5003
f 4333/8102/4993 4331/8100/4990 4340/8109/5003 4341/8110/5004
f 4335/8104/4995 4333/8102/4993 4341/8110/5004 4342/8111/5005
f 4342/8111/5006 4337/8106/4998 4335/8104/4997
f 4343/8112/5007 4339/8108/5001 4327/8096/4985
f 4340/8109/5003 4339/8108/5002 4343/8112/5008 4344/8113/5009
f 4341/8110/5004 4340/8109/5003 4344/8113/5009 4345/8114/5010
f 4342/8111/5005 4341/8110/5004 4345/8114/5010 4346/8115/5011
f 4346/8115/5012 4337/8106/4998 4342/8111/5006
f 4343/8112/5007 4327/8096/4985 4347/8116/5013 4348/8117/5014
f 4344/8113/5009 4343/8112/5008 4348/8117/5015 4349/8118/5016
f 4345/8114/5010 4344/8113/5009 4349/8118/5016 4350/8119/5017
f 4346/8115/5011 4345/8114/5010 4350/8119/5017 4351/8120/5018
f 4337/8106/4998 4346/8115/5012 4351/8120/5019 4352/8121/5020
f 4353/8122/5021 4348/8117/5014 4347/8116/5013
f 4348/8117/5015 4353/8122/5022 4354/8123/5023 4349/8118/5016
f 4350/8119/5017 4349/8118/5016 4354/8123/5023 4355/8124/5024
f 4356/8125/5025 4351/8120/5018 4350/8119/5017 4355/8124/5024
f 4356/8125/5026 4352/8121/5020 4351/8120/5019
f 4357/8126/5027 4353/8122/5021 4347/8116/5013
f 4357/8126/5028 4358/8127/5029 4354/8123/5023 4353/8122/5022
f 4358/8127/5029 4359/8128/5030 4355/8124/5024 4354/8123/5023
f 4359/8128/5030 4360/8129/5031 4356/8125/5025 4355/8124/5024
f 4360/8129/5032 4352/8121/5020 4356/8125/5026
f 4361/8130/5033 4362/8131/5034 4357/8126/5027 4347/8116/5013
f 4362/8131/5035 4363/8132/5036 4358/8127/5029 4357/8126/5028
f 4363/8132/5036 4364/8133/5037 4359/8128/5030 4358/8127/5029
f 4364/8133/5037 4365/8134/5038 4360/8129/5031 4359/8128/5030
f 4365/8134/5039 4366/8135/5040 4352/8121/5020 4360/8129/5032
f 4367/8136/5041 4362/8137/5034 4361/8138/5033
f 4367/8136/5042 4368/8139/5043 4363/8140/5036 4362/8137/5035
f 4368/8139/5043 4369/8141/5044 4364/8142/5037 4363/8140/5036
f 4369/8141/5044 4370/8143/5045 4365/8144/5038 4364/8142/5037
f 4370/8143/5046 4366/8145/5040 4365/8144/5039
f 4371/8146/5047 4367/8136/5041 4361/8138/5033
f 4371/8146/5048 4372/8147/5049 4368/8139/5043 4367/8136/5042
f 4372/8147/5049 4373/8148/5050 4369/8141/5044 4368/8139/5043
f 4373/8148/5050 4374/8149/5051 4370/8143/5045 4369/8141/5044
f 4374/8149/5052 4366/8145/5040 4370/8143/5046
f 4330/8150/4988 4375/8151/5053 4371/8146/5047 4361/8138/5033
f 4375/8151/5054 4376/8152/5055 4372/8147/5049 4371/8146/5048
f 4376/8152/5055 4377/8153/5056 4373/8148/5050 4372/8147/5049
f 4377/8153/5056 4378/8154/5057 4374/8149/5051 4373/8148/5050
f 4378/8154/5058 4338/8155/4999 4366/8145/5040 4374/8149/5052
f 4379/8156/5059 4375/8151/5053 4330/8150/4988
f 4380/8157/5061 4376/8152/5055 4375/8151/5054 4379/8156/5060
f 4380/8157/5061 4381/8158/5062 4377/8153/5056 4376/8152/5055
f 4377/8153/5056 4381/8158/5062 4382/8159/5063 4378/8154/5057
f 4382/8159/5064 4338/8155/4999 4378/8154/5058
f 4329/8160/4987 4379/8156/5059 4330/8150/4988
f 4380/8157/5061 4379/8156/5060 4329/8160/4992 4332/8161/4991
f 4381/8158/5062 4380/8157/5061 4332/8161/4991 4334/8162/4994
f 4382/8159/5063 4381/8158/5062 4334/8162/4994 4336/8163/4996
f 4336/8163/5000 4338/8155/4999 4382/8159/5064
f 4338/8107/4999 4337/8106/4998 4352/8121/5020 4366/8135/5040
f 4327/8096/4985 4330/8099/4988 4361/8130/5033 4347/8116/5013
f 4385/8166/5067 4386/8167/5068 4383/8164/5065 4384/8165/5066
f 4388/8169/5071 4385/8166/5072 4384/8165/5069 4387/8168/5070
f 4390/8171/5074 4388/8169/5071 4387/8168/5070 4389/8170/5073
f 4392/8173/5076 4390/8171/5074 4389/8170/5073 4391/8172/5075
f 4394/8175/5079 4392/8173/5080 4391/8172/5077 4393/8174/5078
f 4395/8176/5081 4384/8165/5066 4383/8164/5065
f 4387/8168/5070 4384/8165/5069 4395/8176/5082 4396/8177/5083
f 4389/8170/5073 4387/8168/5070 4396/8177/5083 4397/8178/5084
f 4391/8172/5075 4389/8170/5073 4397/8178/5084 4398/8179/5085
f 4398/8179/5086 4393/8174/5078 4391/8172/5077
f 4399/8180/5087 4395/8176/5081 4383/8164/5065
f 4396/8177/5083 4395/8176/5082 4399/8180/5088 4400/8181/5089
f 4397/8178/5084 4396/8177/5083 4400/8181/5089 4401/8182/5090
f 4398/8179/5085 4397/8178/5084 4401/8182/5090 4402/8183/5091
f 4402/8183/5092 4393/8174/5078 4398/8179/5086
f 4399/8180/5087 4383/8164/5065 4403/8184/5093 4404/8185/5094
f 4400/8181/5089 4399/8180/5088 4404/8185/5095 4405/8186/5096
f 4401/8182/5090 4400/8181/5089 4405/8186/5096 4406/8187/5097
f 4402/8183/5091 4401/8182/5090 4406/8187/5097 4407/8188/5098
f 4393/8174/5078 4402/8183/5092 4407/8188/5099 4408/8189/5100
f 4409/8190/5101 4404/8185/5094 4403/8184/5093
f 4405/8186/5096 4404/8185/5095 4409/8190/5102 4410/8191/5103
f 4406/8187/5097 4405/8186/5096 4410/8191/5103 4411/8192/5104
f 4407/8188/5098 4406/8187/5097 4411/8192/5104 4412/8193/5105
f 4412/8193/5106 4408/8189/5100 4407/8188/5099
f 4413/8194/5107 4409/8190/5101 4403/8184/5093
f 4409/8190/5102 4413/8194/5108 4414/8195/5109 4410/8191/5103
f 4414/8195/5109 4415/8196/5110 4411/8192/5104 4410/8191/5103
f 4416/8197/5111 4412/8193/5105 4411/8192/5104 4415/8196/5110
f 4416/8197/5112 4408/8189/5100 4412/8193/5106
f 4417/8198/5113 4418/8199/5114 4413/8194/5107 4403/8184/5093
f 4418/8199/5115 4419/8200/5116 4414/8195/5109 4413/8194/5108
f 4419/8200/5116 4420/8201/5117 4415/8196/5110 4414/8195/5109
f 4420/8201/5117 4421/8202/5118 4416/8197/5111 4415/8196/5110
f 4421/8202/5119 4422/8203/5120 4408/8189/5100 4416/8197/5112
f 4423/8204/5121 4418/8205/5114 4417/8206/5113
f 4423/8204/5122 4424/8207/5123 4419/8208/5116 4418/8205/5115
f 4424/8207/5123 4425/8209/5124 4420/8210/5117 4419/8208/5116
f 4425/8209/5124 4426/8211/5125 4421/8212/5118 4420/8210/5117
f 4426/8211/5126 4422/8213/5120 4421/8212/5119
f 4427/8214/5127 4423/8204/5121 4417/8206/5113
f 4427/8214/5128 4428/8215/5129 4424/8207/5123 4423/8204/5122
f 4428/8215/5129 4429/8216/5130 4425/8209/5124 4424/8207/5123
f 4429/8216/5130 4430/8217/5131 4426/8211/5125 4425/8209/5124
f 4430/8217/5132 4422/8213/5120 4426/8211/5126
f 4386/8218/5068 4431/8219/5133 4427/8214/5127 4417/8206/5113
f 4431/8219/5134 4432/8220/5135 4428/8215/5129 4427/8214/5128
f 4432/8220/5135 4433/8221/5136 4429/8216/5130 4428/8215/5129
f 4433/8221/5136 4434/8222/5137 4430/8217/5131 4429/8216/5130
f 4434/8222/5138 4394/8223/5079 4422/8213/5120 4430/8217/5132
f 4435/8224/5139 4431/8219/5133 4386/8218/5068
f 4435/8224/5140 4436/8225/5141 4432/8220/5135 4431/8219/5134
f 4436/8225/5141 4437/8226/5142 4433/8221/5136 4432/8220/5135
f 4437/8226/5142 4438/8227/5143 4434/8222/5137 4433/8221/5136
f 4438/8227/5144 4394/8223/5079 4434/8222/5138
f 4385/8228/5067 4435/8224/5139 4386/8218/5068
f 4388/8229/5071 4436/8225/5141 4435/8224/5140 4385/8228/5072
f 4437/8226/5142 4436/8225/5141 4388/8229/5071 4390/8230/5074
f 4437/8226/5142 4390/8230/5074 4392/8231/5076 4438/8227/5143
f 4392/8231/5080 4394/8223/5079 4438/8227/5144
f 4394/8175/5079 4393/8174/5078 4408/8189/5100 4422/8203/5120
f 4383/8164/5065 4386/8167/5068 4417/8198/5113 4403/8184/5093
